name	opus_mondo_id	opus_mondo_label	valid	effective_mondo_id	oak_ids	oak_resolved	agrees	confidence
13q deletion syndrome	MONDO:0019564	partial deletion of the long arm of chromosome 13	false	no match		false		low
15q Duplication Syndrome	MONDO:0012147	chromosome 15q11-q13 duplication syndrome	false	no match		false		low
15q duplication syndrome	MONDO:0012147	chromosome 15q11-q13 duplication syndrome	false	no match		false		low
15q11-q13 Duplication Syndrome	MONDO:0012147	chromosome 15q11-q13 duplication syndrome	false	no match	MONDO:0012081	true	false	low
15q11.2 Duplication Syndrome	MONDO:0012147	chromosome 15q11-q13 duplication syndrome	false	no match		false		low
15q11.2-13.1 duplication syndrome	MONDO:0012147	chromosome 15q11-q13 duplication syndrome	false	no match		false		low
15q11.2-q13.1 duplication syndrome	MONDO:0012147	chromosome 15q11-q13 duplication syndrome	false	no match		false		low
15q13.3 microdeletion syndrome	MONDO:0012780	chromosome 15q13.3 microdeletion syndrome	false	no match	MONDO:0012774	true	false	low
16p11.2 Deletion Syndrome	MONDO:0012741	chromosome 16p11.2 deletion syndrome	false	no match	MONDO:0012756	true	false	low
16p11.2 Duplication Syndrome	MONDO:0013854	chromosome 16p11.2 duplication syndrome	false	no match	MONDO:0013847	true	false	low
16p11.2 Microdeletion Syndrome	MONDO:0012741	chromosome 16p11.2 deletion syndrome	false	no match		false		low
16p11.2 deletion syndrome	MONDO:0012741	chromosome 16p11.2 deletion syndrome	false	no match	MONDO:0012756	true	false	low
16p11.2 duplication syndrome	MONDO:0013854	chromosome 16p11.2 duplication syndrome	false	no match	MONDO:0013847	true	false	low
16p11.2 microdeletion syndrome	MONDO:0012741	chromosome 16p11.2 deletion syndrome	false	no match		false		low
16p11.2 microduplication syndrome	MONDO:0013854	chromosome 16p11.2 duplication syndrome	false	no match	MONDO:0016834	true	false	low
17q12 microdeletion syndrome	MONDO:0013800	chromosome 17q12 deletion syndrome	false	no match	MONDO:0013797	true	false	low
18q- deletion syndrome	MONDO:0016912	partial deletion of the long arm of chromosome 18	false	no match		false		low
1p36 Deletion Syndrome	MONDO:0012088	chromosome 1p36 deletion syndrome	false	no match	MONDO:0011929	true	false	low
1p36 Deletion syndrome	MONDO:0012088	chromosome 1p36 deletion syndrome	false	no match	MONDO:0011929	true	false	low
1p36 deletion syndrome	MONDO:0012088	chromosome 1p36 deletion syndrome	false	no match	MONDO:0011929	true	false	low
1q21.1 Microdeletion Syndrome	MONDO:0012898	chromosome 1q21.1 deletion syndrome	false	no match	MONDO:0012914	true	false	low
1q21.1 deletion syndrome	MONDO:0012898	chromosome 1q21.1 deletion syndrome	false	no match		false		low
1q21.1 microdeletion syndrome	MONDO:0012898	chromosome 1q21.1 deletion syndrome	false	no match	MONDO:0012914	true	false	low
1q43q44 deletion syndrome	MONDO:0012853	chromosome 1q43-q44 deletion syndrome	false	no match		false		low
2-Hydroxyglutaric Aciduria	MONDO:0017868	2-hydroxyglutaric aciduria	false	no match	MONDO:0016001	true	false	low
22q11.2 Deletion Syndrome	MONDO:0008644	22q11.2 deletion syndrome	false	no match	MONDO:0008564;MONDO:0018923	true	false	medium
22q11.2 Deletion Syndrome (DiGeorge Syndrome)	MONDO:0008644	22q11.2 deletion syndrome	false	no match		false		medium
22q11.2 Deletion Syndrome (DiGeorge syndrome)	MONDO:0008644	22q11.2 deletion syndrome	false	no match		false		medium
22q11.2 Deletion syndrome	MONDO:0008644	22q11.2 deletion syndrome	false	no match	MONDO:0008564;MONDO:0018923	true	false	medium
22q11.2 Deletion syndrome (DiGeorge syndrome)	MONDO:0008644	22q11.2 deletion syndrome	false	no match		false		medium
22q11.2 deletion syndrome	MONDO:0008644	22q11.2 deletion syndrome	false	no match	MONDO:0008564;MONDO:0018923	true	false	medium
22q11.2 deletion syndrome (DiGeorge syndrome)	MONDO:0008644	22q11.2 deletion syndrome	false	no match		false		medium
22q11.2 deletion syndrome (DiGeorge syndrome/Velocardiofacial syndrome)	MONDO:0008644	22q11.2 deletion syndrome	false	no match		false		medium
22q11.2 deletion syndrome (DiGeorge syndrome/velocardiofacial syndrome)	MONDO:0008644	22q11.2 deletion syndrome	false	no match		false		medium
22q11.2 deletion syndrome (Velocardiofacial syndrome)	MONDO:0008644	22q11.2 deletion syndrome	false	no match		false		medium
22q11.2 deletion syndrome (velocardiofacial syndrome)	MONDO:0008644	22q11.2 deletion syndrome	false	no match		false		medium
22q11.2 duplication syndrome	MONDO:0012127	chromosome 22q11.2 duplication syndrome	false	no match	MONDO:0012020	true	false	low
2p15p16.1 microdeletion syndrome	MONDO:0012917	chromosome 2p16.1-p15 deletion syndrome	false	no match	MONDO:0012916	true	false	low
2q23.1 Microdeletion Syndrome	MONDO:0013264	chromosome 2q23.1 deletion syndrome	false	no match	MONDO:0016459	true	false	low
2q23.1 deletion syndrome	MONDO:0013264	chromosome 2q23.1 deletion syndrome	false	no match		false		low
2q23.1 microdeletion syndrome	MONDO:0013264	chromosome 2q23.1 deletion syndrome	false	no match	MONDO:0016459	true	false	low
2q33.1 deletion syndrome	MONDO:0012840	chromosome 2q32-q33 deletion syndrome	false	no match		false		low
3-M syndrome	MONDO:0016029	3-M syndrome	false	no match	MONDO:0007477	true	false	low
3-Methylglutaconic aciduria	MONDO:0018911	3-methylglutaconic aciduria	false	no match	MONDO:0017359	true	false	low
3-Methylglutaconic aciduria type I	MONDO:0009610	3-methylglutaconic aciduria type 1	true	MONDO:0009610		false		low
3-Methylglutaconic aciduria type III (Costeff syndrome)	MONDO:0009823	3-methylglutaconic aciduria type 3	false	no match		false		low
3-Phosphoglycerate dehydrogenase deficiency	MONDO:0011090	3-phosphoglycerate dehydrogenase deficiency	false	no match	MONDO:0018491	true	false	low
3-beta-hydroxysteroid dehydrogenase deficiency	MONDO:0008729	congenital adrenal hyperplasia due to 3-beta-hydroxysteroid dehydrogenase deficiency	false	no match		false		low
3M syndrome	MONDO:0016029	3-M syndrome	false	no match	MONDO:0007477	true	false	low
3q29 microdeletion syndrome	MONDO:0012275	chromosome 3q29 microdeletion syndrome	false	no match	MONDO:0012269	true	false	low
47,XYY syndrome	MONDO:0019486	47,XYY syndrome	false	no match	MONDO:0019339	true	false	low
47,XYY syndrome (Jacob's syndrome)	MONDO:0019486	47,XYY syndrome	false	no match		false		low
4H Leukodystrophy	MONDO:0013278	hypomyelinating leukodystrophy 7 with or without oligodontia and/or hypogonadotropic hypogonadism	false	no match	MONDO:0100605	true	false	low
4H leukodystrophy	MONDO:0013278	hypomyelinating leukodystrophy 7 with or without oligodontia and/or hypogonadotropic hypogonadism	false	no match	MONDO:0100605	true	false	low
4H leukodystrophy (POLR3-related leukodystrophy)	MONDO:0013278	hypomyelinating leukodystrophy 7 with or without oligodontia and/or hypogonadotropic hypogonadism	false	no match		false		low
4H syndrome (Hypomyelination, Hypogonadotropic hypogonadism, and Hypodontia)	MONDO:0013278	hypomyelinating leukodystrophy 7 with or without oligodontia and/or hypogonadotropic hypogonadism	false	no match		false		low
4H syndrome (POLR3-related leukodystrophy)	MONDO:0013278	hypomyelinating leukodystrophy 7 with or without oligodontia and/or hypogonadotropic hypogonadism	false	no match		false		low
5-alpha reductase deficiency	MONDO:0009979	5-alpha-reductase 2 deficiency	false	no match	MONDO:0009923	true	false	low
7q11.23 Duplication Syndrome	MONDO:0012741	7q11.23 duplication syndrome	false	no match	MONDO:0012342	true	false	low
7q11.23 duplication syndrome	MONDO:0012741	7q11.23 duplication syndrome	false	no match	MONDO:0012342	true	false	low
8p23.1 deletion syndrome	MONDO:0017226	8p23.1 microdeletion syndrome	false	no match		false		low
8q24.3 microdeletion syndrome	no match		false	no match	MONDO:0014263	true	false	low
9p deletion syndrome	MONDO:0007971	chromosome 9p deletion syndrome	false	no match	MONDO:0008013	true	false	low
9p deletion syndrome (Alfi's syndrome)	MONDO:0007971	chromosome 9p deletion syndrome	false	no match		false		low
A20 haploinsufficiency (TNFAIP3 mutations)	MONDO:0014811	autoinflammatory syndrome, familial, Behcet-like 1	false	no match		false		low
ACTA2-related vascular disorders	MONDO:0013294	multisystemic smooth muscle dysfunction syndrome	false	no match		false		low
ACTA2-related vasculopathy	MONDO:0013294	multisystemic smooth muscle dysfunction syndrome	false	no match		false		low
ACTN1-related thrombocytopenia	MONDO:0014076	platelet-type bleeding disorder 15	false	no match		false		low
ADAMTSL4-Related Ectopia Lentis	MONDO:0009158	ectopia lentis 2, isolated, autosomal recessive	false	no match		false		low
ADAMTSL4-related Ectopia Lentis	MONDO:0009158	ectopia lentis 2, isolated, autosomal recessive	false	no match		false		low
ADAMTSL4-related ectopia lentis	MONDO:0009158	ectopia lentis 2, isolated, autosomal recessive	false	no match		false		low
ADCY5-related dyskinesia	MONDO:0013857	ADCY5-related dyskinesia	false	no match	MONDO:0031115;MONDO:0800028	true	false	low
ADNP Syndrome	MONDO:0014379	Helsmoortel-van der Aa syndrome	true	MONDO:0014379	MONDO:0014379	true	true	medium
ADNP syndrome	MONDO:0014379	Helsmoortel-van der Aa syndrome	true	MONDO:0014379	MONDO:0014379	true	true	medium
ADNP syndrome (Helsmoortel-Van der Aa syndrome)	MONDO:0014379	Helsmoortel-van der Aa syndrome	true	MONDO:0014379		false		medium
ADNP syndrome (Helsmoortel-van der Aa syndrome)	MONDO:0014379	Helsmoortel-van der Aa syndrome	true	MONDO:0014379		false		medium
ADNP syndrome (Helsmoortel–Van der Aa syndrome)	MONDO:0014379	Helsmoortel-van der Aa syndrome	true	MONDO:0014379		false		medium
AEC Syndrome (Hay-Wells Syndrome)	MONDO:0007105	ankyloblepharon-ectodermal defects-cleft lip/palate syndrome	false	no match		false		low
AEC syndrome (Ankyloblepharon-Ectodermal Dysplasia–Clefting Syndrome)	MONDO:0007105	ankyloblepharon-ectodermal defects-cleft lip/palate syndrome	false	no match		false		low
AEC syndrome (Ankyloblepharon-Ectodermal defects-Cleft lip/palate syndrome)	MONDO:0007105	ankyloblepharon-ectodermal defects-cleft lip/palate syndrome	false	no match		false		low
AEC syndrome (Ankyloblepharon-ectodermal defects-cleft lip/palate syndrome)	MONDO:0007105	ankyloblepharon-ectodermal defects-cleft lip/palate syndrome	false	no match		false		low
ALDH18A1-related Cutis Laxa Type III	MONDO:0014651	autosomal dominant cutis laxa type 3	false	no match		false		low
ALG1-CDG (Congenital Disorder of Glycosylation Type Ik)	MONDO:0012436	ALG1-CDG	false	no match		false		low
ALG6-CDG (Congenital Disorder of Glycosylation Type Ic)	MONDO:0011286	ALG6-CDG	false	no match		false		low
ANKRD26-related thrombocytopenia	MONDO:0012299	thrombocytopenia 2	false	no match	MONDO:0008555	true	false	low
APECED (Autoimmune Polyendocrinopathy-Candidiasis-Ectodermal Dystrophy)	MONDO:0009864	autoimmune polyendocrine syndrome type 1	false	no match		false		low
APECED syndrome (Autoimmune Polyendocrinopathy-Candidiasis-Ectodermal Dystrophy)	MONDO:0009864	autoimmune polyendocrine syndrome type 1	false	no match		false		low
ARX-Related Disorders	MONDO:0010353	developmental and epileptic encephalopathy 1	false	no match		false		low
ARX-Related Epilepsy	MONDO:0010353	developmental and epileptic encephalopathy 1	false	no match		false		low
ARX-Related Epileptic Encephalopathies	MONDO:0010353	developmental and epileptic encephalopathy 1	false	no match		false		low
ARX-Related Epileptic Encephalopathy	MONDO:0010353	developmental and epileptic encephalopathy 1	false	no match		false		low
ARX-related Epilepsy	MONDO:0010353	developmental and epileptic encephalopathy 1	false	no match		false		low
ARX-related Epileptic Encephalopathy	MONDO:0010353	developmental and epileptic encephalopathy 1	false	no match		false		low
ARX-related developmental and epileptic encephalopathy	MONDO:0010353	developmental and epileptic encephalopathy 1	false	no match		false		low
ARX-related developmental epileptic encephalopathy	MONDO:0010353	developmental and epileptic encephalopathy 1	false	no match		false		low
ARX-related disorders	MONDO:0010353	developmental and epileptic encephalopathy 1	false	no match		false		low
ARX-related disorders (e.g., X-linked lissencephaly with abnormal genitalia)	MONDO:0010353	developmental and epileptic encephalopathy 1	false	no match		false		low
ARX-related epilepsy	MONDO:0010353	developmental and epileptic encephalopathy 1	false	no match		false		low
ARX-related epilepsy and intellectual disability	MONDO:0010353	developmental and epileptic encephalopathy 1	false	no match		false		low
ARX-related epilepsy syndrome	MONDO:0010353	developmental and epileptic encephalopathy 1	false	no match		false		low
ARX-related epilepsy syndromes	MONDO:0010375	developmental and epileptic encephalopathy, 1	false	no match		false		low
ARX-related epileptic encephalopathy	MONDO:0010375	developmental and epileptic encephalopathy, 1	false	no match		false		low
ARX-related infantile epileptic encephalopathy	MONDO:0010375	developmental and epileptic encephalopathy, 1	false	no match		false		low
ARX-related infantile spasms syndrome	MONDO:0010375	developmental and epileptic encephalopathy, 1	false	no match		false		low
ARX-related intellectual disability	MONDO:0010375	developmental and epileptic encephalopathy, 1	false	no match	MONDO:0010317	true	false	low
ARX-related intellectual disability with epilepsy	MONDO:0010375	developmental and epileptic encephalopathy, 1	false	no match		false		low
ARX-related intellectual disability with infantile spasms	MONDO:0010375	developmental and epileptic encephalopathy, 1	false	no match		false		low
ARX-related intellectual disability with seizures	MONDO:0010375	developmental and epileptic encephalopathy, 1	false	no match		false		low
ARX-related neurological disorder	MONDO:0010375	developmental and epileptic encephalopathy, 1	false	no match		false		low
ARX-related pediatric developmental and epileptic encephalopathy	MONDO:0010375	developmental and epileptic encephalopathy, 1	false	no match		false		low
ATP6AP1-CDG (ATP6AP1 deficiency)	MONDO:0014949	immunodeficiency 47	false	no match		false		low
ATP6V0A2-CDG (Congenital Disorder of Glycosylation Type IIe)	MONDO:0009018	cutis laxa, autosomal recessive, type IIA	false	no match		false		low
ATP6V0A2-related Cutis Laxa Type IIA	MONDO:0009018	cutis laxa, autosomal recessive, type IIA	false	no match		false		low
ATR-X Syndrome	MONDO:0010519	alpha thalassemia-X-linked intellectual disability syndrome	true	MONDO:0010519	MONDO:0010519	true	true	high
ATR-X syndrome	MONDO:0010519	alpha thalassemia-X-linked intellectual disability syndrome	true	MONDO:0010519	MONDO:0010519	true	true	high
ATR-X syndrome (Alpha-thalassemia X-linked intellectual disability syndrome)	MONDO:0010519	alpha thalassemia-X-linked intellectual disability syndrome	true	MONDO:0010519		false		high
Aarskog Syndrome	MONDO:0010528	Aarskog-Scott syndrome, X-linked	false	no match	MONDO:0010589;MONDO:0021005	true	false	low
Aarskog syndrome	MONDO:0010528	Aarskog-Scott syndrome, X-linked	false	no match	MONDO:0010589;MONDO:0021005	true	false	low
Aarskog syndrome (Aarskog–Scott syndrome)	MONDO:0010528	Aarskog-Scott syndrome, X-linked	false	no match		false		low
Aarskog-Scott Syndrome	MONDO:0010528	Aarskog-Scott syndrome, X-linked	false	no match	MONDO:0010589;MONDO:0021005	true	false	low
Aarskog-Scott syndrome	MONDO:0010528	Aarskog-Scott syndrome, X-linked	false	no match	MONDO:0010589;MONDO:0021005	true	false	low
Aase syndrome	MONDO:0009196	Aase-Smith syndrome	false	no match	MONDO:0015253	true	false	low
Abetalipoproteinemia	MONDO:0008692	abetalipoproteinemia	true	MONDO:0008692	MONDO:0008692	true	true	high
Aceruloplasminemia	MONDO:0011426	aceruloplasminemia	true	MONDO:0011426	MONDO:0011426	true	true	medium
Achondrogenesis	MONDO:0019705	achondrogenesis	false	no match	MONDO:0019648	true	false	low
Achondroplasia	MONDO:0007037	achondroplasia	true	MONDO:0007037	MONDO:0007037	true	true	high
Achromatopsia	MONDO:0018852	achromatopsia	true	MONDO:0018852	MONDO:0018852	true	true	medium
Acquired Generalized Lipodystrophy (AGL)	MONDO:0006609	acquired generalized lipodystrophy	false	no match		false		low
Acquired Generalized Lipodystrophy (Lawrence Syndrome)	MONDO:0006609	acquired generalized lipodystrophy	false	no match		false		low
Acquired Partial Lipodystrophy	MONDO:0007909	acquired partial lipodystrophy	false	no match	MONDO:0012104	true	false	low
Acquired Partial Lipodystrophy (Barraquer-Simons Syndrome)	MONDO:0007909	acquired partial lipodystrophy	false	no match		false		low
Acquired Partial Lipodystrophy (Barraquer-Simons syndrome)	MONDO:0007909	acquired partial lipodystrophy	false	no match		false		low
Acquired generalized lipodystrophy	MONDO:0006609	acquired generalized lipodystrophy	false	no match	MONDO:0019193	true	false	low
Acquired palmoplantar keratoderma	MONDO:0006616	acquired palmoplantar keratoderma	false	no match		false		low
Acquired partial lipodystrophy (Barraquer-Simons syndrome)	MONDO:0007909	acquired partial lipodystrophy	false	no match		false		low
Acquired punctate palmoplantar keratoderma	MONDO:0006616	acquired palmoplantar keratoderma	false	no match		false		low
Acrocallosal syndrome	MONDO:0009159	acrocallosal syndrome	false	no match	MONDO:0008708	true	false	low
Acrodysostosis	MONDO:0019290	acrodysostosis	false	no match	MONDO:0019797	true	false	low
Acromegaloid Facial Appearance Syndrome	MONDO:0007036	acromegaloid facial appearance syndrome	false	no match	MONDO:0007051	true	false	low
Acromegaly	MONDO:0019933	acromegaly	true	MONDO:0019933	MONDO:0019933	true	true	medium
Acromelic frontonasal dysostosis	MONDO:0011906	acromelic frontonasal dysostosis	false	no match	MONDO:0011359	true	false	low
Acromesomelic dysplasia	MONDO:0019688	acromesomelic dysplasia	false	no match	MONDO:0019696	true	false	low
Acromicric dysplasia	MONDO:0007038	acromicric dysplasia	false	no match	MONDO:0007055	true	false	low
Acute intermittent porphyria	MONDO:0008294	acute intermittent porphyria	true	MONDO:0008294	MONDO:0008294	true	true	high
Acute lymphoblastic leukemia	MONDO:0004967	acute lymphoblastic leukemia	true	MONDO:0004967	MONDO:0004967	true	true	high
Acute zonal occult outer retinopathy	MONDO:0017337	acute zonal occult outer retinopathy	false	no match	MONDO:0017298	true	false	low
Adams-Oliver syndrome	MONDO:0007034	Adams-Oliver syndrome	true	MONDO:0007034	MONDO:0007034	true	true	medium
Adenosine Deaminase (ADA) Deficiency	MONDO:0007064	adenosine deaminase deficiency	true	MONDO:0007064		false		medium
Adenosine Deaminase Deficiency	MONDO:0007064	adenosine deaminase deficiency	true	MONDO:0007064	MONDO:0007064	true	true	medium
Adenosine deaminase (ADA) deficiency	MONDO:0007064	adenosine deaminase deficiency	true	MONDO:0007064		false		medium
Adenosine deaminase deficiency	MONDO:0007064	adenosine deaminase deficiency	true	MONDO:0007064	MONDO:0007064	true	true	medium
Adenosine deaminase deficiency (ADA-SCID)	MONDO:0007064	adenosine deaminase deficiency	true	MONDO:0007064		false		medium
Adenosine kinase deficiency	MONDO:0013676	hypermethioninemia due to adenosine kinase deficiency	false	no match	MONDO:0100255	true	false	low
Adenylosuccinate lyase deficiency	MONDO:0007068	adenylosuccinate lyase deficiency	true	MONDO:0007068	MONDO:0007068	true	true	medium
Adrenoleukodystrophy	MONDO:0018544	X-linked adrenoleukodystrophy	true	MONDO:0018544	MONDO:0010247;MONDO:0018544	true	true	medium
Adrenoleukodystrophy (X-linked)	MONDO:0018544	X-linked adrenoleukodystrophy	true	MONDO:0018544		false		medium
Adrenoleukodystrophy (adult-onset)	MONDO:0018544	X-linked adrenoleukodystrophy	true	MONDO:0018544		false		low
Adrenomyeloneuropathy	MONDO:0018543	adrenomyeloneuropathy	false	no match	MONDO:0015339	true	false	low
Adrenomyeloneuropathy (AMN variant of adrenoleukodystrophy)	MONDO:0018543	adrenomyeloneuropathy	false	no match		false		low
Adrenomyeloneuropathy (AMN)	MONDO:0018543	adrenomyeloneuropathy	false	no match		false		low
Adult-Onset Krabbe Disease	MONDO:0009499	Krabbe disease	true	MONDO:0009499		false		medium
Adult-onset Huntington's disease	MONDO:0007739	Huntington disease	true	MONDO:0007739		false		high
Adult-onset Krabbe disease	MONDO:0009499	Krabbe disease	true	MONDO:0009499		false		medium
Adult-onset Leukodystrophy	MONDO:0019046	leukodystrophy	true	MONDO:0019046		false		medium
Adult-onset Metachromatic Leukodystrophy	MONDO:0018868	metachromatic leukodystrophy	true	MONDO:0018868		false		medium
Adult-onset Metachromatic Leukodystrophy (MLD)	MONDO:0018868	metachromatic leukodystrophy	true	MONDO:0018868		false		medium
Adult-onset Niemann-Pick disease type C	MONDO:0018982	Niemann-Pick disease type C	true	MONDO:0018982		false		medium
Adult-onset Pompe disease	MONDO:0009290	glycogen storage disease II	true	MONDO:0009290		false		medium
Adult-onset Tay-Sachs disease	MONDO:0010100	Tay-Sachs disease	true	MONDO:0010100		false		medium
Adult-onset hereditary hemochromatosis	MONDO:0006507	hereditary hemochromatosis	true	MONDO:0006507		false		medium
Adult-onset leukodystrophies	MONDO:0019046	leukodystrophy	true	MONDO:0019046		false		medium
Adult-onset leukodystrophy	MONDO:0019046	leukodystrophy	true	MONDO:0019046		false		medium
Adult-onset metachromatic leukodystrophy	MONDO:0018868	metachromatic leukodystrophy	true	MONDO:0018868		false		medium
Adult-onset mitochondrial disorders	MONDO:0044970	mitochondrial disease	true	MONDO:0044970		false		medium
Adult-onset neuronal ceroid lipofuscinosis	MONDO:0016295	neuronal ceroid lipofuscinosis	true	MONDO:0016295		false		low
Adult-onset neuronal ceroid lipofuscinosis (Kufs disease)	MONDO:0016295	neuronal ceroid lipofuscinosis	true	MONDO:0016295		false		low
Adult-onset spinal muscular atrophy	MONDO:0001516	spinal muscular atrophy	true	MONDO:0001516	MONDO:0010056	true	false	low
Adult-onset spinocerebellar ataxia	MONDO:0021002	spinocerebellar ataxia	false	no match		false		low
Agammaglobulinemia (non-Bruton types)	MONDO:0015977	agammaglobulinemia	true	MONDO:0015977		false		low
Age-related macular degeneration	MONDO:0005150	age related macular degeneration	false	no match	MONDO:0005150	true	false	high
Agenesis of the Corpus Callosum due to genetic anomalies	MONDO:0006034	agenesis of the corpus callosum	false	no match		false		low
Agenesis of the Corpus Callosum with Epilepsy	MONDO:0006034	agenesis of the corpus callosum	false	no match		false		low
Agenesis of the corpus callosum	MONDO:0006034	agenesis of the corpus callosum	false	no match	MONDO:0009022	true	false	low
Aicardi Syndrome	MONDO:0010568	Aicardi syndrome	true	MONDO:0010568	MONDO:0010568	true	true	high
Aicardi syndrome	MONDO:0010568	Aicardi syndrome	true	MONDO:0010568	MONDO:0010568	true	true	high
Aicardi-Goutières Syndrome	MONDO:0018866	Aicardi-Goutieres syndrome	true	MONDO:0018866	MONDO:0018866	true	true	high
Aicardi-Goutières syndrome	MONDO:0018866	Aicardi-Goutieres syndrome	true	MONDO:0018866	MONDO:0018866	true	true	high
Alagille Syndrome	MONDO:0016862	Alagille syndrome	false	no match	MONDO:0007318	true	false	high
Alagille syndrome	MONDO:0016862	Alagille syndrome	false	no match	MONDO:0007318	true	false	high
Aland Island Eye Disease	MONDO:0010529	Aland Island eye disease	false	no match	MONDO:0010371	true	false	low
Albinism	MONDO:0021095	albinism	false	no match	MONDO:0043209	true	false	low
Albright hereditary osteodystrophy	MONDO:0007090	pseudohypoparathyroidism type 1A	false	no match	MONDO:0007078	true	false	low
Albright hereditary osteodystrophy (AHO)	MONDO:0007090	pseudohypoparathyroidism type 1A	false	no match		false		low
Albright hereditary osteodystrophy (pseudopseudohypoparathyroidism)	MONDO:0008281	pseudopseudohypoparathyroidism	false	no match		false		low
Alexander Disease	MONDO:0008752	Alexander disease	true	MONDO:0008752	MONDO:0008752	true	true	high
Alexander disease	MONDO:0008752	Alexander disease	true	MONDO:0008752	MONDO:0008752	true	true	high
Alkaptonuria	MONDO:0008753	alkaptonuria	true	MONDO:0008753	MONDO:0008753	true	true	high
Allan-Herndon-Dudley syndrome	MONDO:0010364	Allan-Herndon-Dudley syndrome	false	no match	MONDO:0010354	true	false	medium
Allan-Herndon-Dudley syndrome (MCT8 deficiency)	MONDO:0010364	Allan-Herndon-Dudley syndrome	false	no match		false		medium
Allgrove syndrome (Triple A syndrome)	MONDO:0009279	triple-A syndrome	true	MONDO:0009279		false		low
Allgrove syndrome (Triple-A syndrome)	MONDO:0009279	triple-A syndrome	true	MONDO:0009279		false		medium
Alpers Disease	MONDO:0008758	Alpers-Huttenlocher syndrome	true	MONDO:0008758	MONDO:0008758	true	true	medium
Alpers disease	MONDO:0008758	Alpers-Huttenlocher syndrome	true	MONDO:0008758	MONDO:0008758	true	true	medium
Alpers' disease	MONDO:0008758	Alpers-Huttenlocher syndrome	true	MONDO:0008758		false		medium
Alpers' disease (Alpers-Huttenlocher syndrome)	MONDO:0008758	Alpers-Huttenlocher syndrome	true	MONDO:0008758		false		medium
Alpers-Huttenlocher Syndrome	MONDO:0008758	Alpers-Huttenlocher syndrome	true	MONDO:0008758	MONDO:0008758	true	true	medium
Alpers-Huttenlocher syndrome	MONDO:0008758	Alpers-Huttenlocher syndrome	true	MONDO:0008758	MONDO:0008758	true	true	medium
Alpers-Huttenlocher syndrome (POLG-related disorder)	MONDO:0008758	Alpers-Huttenlocher syndrome	true	MONDO:0008758		false		medium
Alpers-Huttenlocher syndrome (a mitochondrial disorder)	MONDO:0008758	Alpers-Huttenlocher syndrome	true	MONDO:0008758		false		medium
Alpha-1 Antitrypsin Deficiency	MONDO:0013282	alpha 1-antitrypsin deficiency	true	MONDO:0013282	MONDO:0013282	true	true	high
Alpha-1 antitrypsin deficiency	MONDO:0013282	alpha 1-antitrypsin deficiency	true	MONDO:0013282	MONDO:0013282	true	true	high
Alpha-Dystroglycanopathies (e.g., Fukuyama Congenital Muscular Dystrophy)	MONDO:0018276	muscular dystrophy-dystroglycanopathy	true	MONDO:0018276		false		low
Alpha-aminolevulinic acid dehydratase deficiency porphyria	MONDO:0012513	porphyria due to ALA dehydratase deficiency	false	no match		false		low
Alpha-mannosidosis	MONDO:0009561	alpha-mannosidosis	true	MONDO:0009561	MONDO:0009561	true	true	high
Alpha-thalassemia X-linked intellectual disability syndrome (ATR-X syndrome)	MONDO:0010519	alpha thalassemia-X-linked intellectual disability syndrome	true	MONDO:0010519		false		high
Alpha-thalassemia major (Hb Bart's disease)	MONDO:0011399	alpha thalassemia	false	no match		false		low
Alport Syndrome	MONDO:0018965	Alport syndrome	true	MONDO:0018965	MONDO:0018965	true	true	high
Alport syndrome	MONDO:0018965	Alport syndrome	true	MONDO:0018965	MONDO:0018965	true	true	high
Alstrom syndrome	MONDO:0008763	Alstrom syndrome	true	MONDO:0008763	MONDO:0008763	true	true	high
Alström Syndrome	MONDO:0008763	Alstrom syndrome	true	MONDO:0008763	MONDO:0008763	true	true	high
Alström syndrome	MONDO:0008763	Alstrom syndrome	true	MONDO:0008763	MONDO:0008763	true	true	high
Alternating Hemiplegia of Childhood	MONDO:0000232	alternating hemiplegia of childhood	false	no match	MONDO:0016241	true	false	medium
Alternating hemiplegia of childhood	MONDO:0000232	alternating hemiplegia of childhood	false	no match	MONDO:0016241	true	false	medium
Alveolar capillary dysplasia with misalignment of pulmonary veins	MONDO:0009316	alveolar capillary dysplasia with pulmonary venous misalignment	false	no match	MONDO:0009934	true	false	medium
Amblyopia	MONDO:0001020	amblyopia	true	MONDO:0001020	MONDO:0001020	true	true	high
Amelogenesis Imperfecta with Nephrocalcinosis	MONDO:0009165	amelogenesis imperfecta and nephrocalcinosis	false	no match		false		low
Amelogenesis imperfecta with developmental delay	MONDO:0019507	amelogenesis imperfecta	true	MONDO:0019507		false		low
Amyloidosis	MONDO:0019065	amyloidosis	true	MONDO:0019065	MONDO:0019065	true	true	high
Amyotrophic Lateral Sclerosis	MONDO:0004976	amyotrophic lateral sclerosis	true	MONDO:0004976	MONDO:0004976	true	true	high
Amyotrophic Lateral Sclerosis (ALS)	MONDO:0004976	amyotrophic lateral sclerosis	true	MONDO:0004976		false		high
Amyotrophic Lateral Sclerosis with Cognitive Impairment	MONDO:0004976	amyotrophic lateral sclerosis	true	MONDO:0004976		false		medium
Amyotrophic lateral sclerosis	MONDO:0004976	amyotrophic lateral sclerosis	true	MONDO:0004976	MONDO:0004976	true	true	high
Amyotrophic lateral sclerosis (ALS)	MONDO:0004976	amyotrophic lateral sclerosis	true	MONDO:0004976		false		high
Amyotrophic lateral sclerosis-parkinsonism-dementia complex	MONDO:0008798	amyotrophic lateral sclerosis-parkinsonism/dementia complex 1	false	no match	MONDO:0007104	true	false	low
Anauxetic dysplasia	MONDO:0011366	anauxetic dysplasia	false	no match	MONDO:0011773	true	false	low
Andermann Syndrome (Agenesis of the Corpus Callosum with Peripheral Neuropathy)	MONDO:0009140	agenesis of the corpus callosum with peripheral neuropathy	false	no match		false		low
Andermann syndrome	MONDO:0009140	agenesis of the corpus callosum with peripheral neuropathy	false	no match	MONDO:0000902	true	false	low
Andersen-Tawil Syndrome	MONDO:0008828	Andersen-Tawil syndrome	false	no match	MONDO:0008222	true	false	medium
Andersen-Tawil Syndrome (Long QT Syndrome Type 7)	MONDO:0008828	Andersen-Tawil syndrome	false	no match		false		medium
Andersen-Tawil syndrome	MONDO:0008828	Andersen-Tawil syndrome	false	no match	MONDO:0008222	true	false	medium
Anderson-Fabry disease	MONDO:0010526	Fabry disease	true	MONDO:0010526	MONDO:0010526	true	true	high
Aneurysm-osteoarthritis syndrome	MONDO:0013398	Loeys-Dietz syndrome 3	false	no match	MONDO:0013426	true	false	medium
Aneurysms-Osteoarthritis Syndrome	MONDO:0013398	Loeys-Dietz syndrome 3	false	no match		false		medium
Aneurysms-Osteoarthritis Syndrome (AOS)	MONDO:0013398	Loeys-Dietz syndrome 3	false	no match		false		medium
Aneurysms-Osteoarthritis Syndrome (SMAD3-related)	MONDO:0013398	Loeys-Dietz syndrome 3	false	no match		false		medium
Aneurysms-osteoarthritis syndrome	MONDO:0013398	Loeys-Dietz syndrome 3	false	no match		false		medium
Aneurysms-osteoarthritis syndrome (SMAD3 mutation)	MONDO:0013398	Loeys-Dietz syndrome 3	false	no match		false		medium
Aneurysms–Osteoarthritis Syndrome	MONDO:0013398	Loeys-Dietz syndrome 3	false	no match		false		medium
Angelman Syndrome	MONDO:0007113	Angelman syndrome	true	MONDO:0007113	MONDO:0007113	true	true	high
Angelman syndrome	MONDO:0007113	Angelman syndrome	true	MONDO:0007113	MONDO:0007113	true	true	high
Angelman syndrome (less likely due to absence of seizures)	MONDO:0007113	Angelman syndrome	true	MONDO:0007113		false		high
Angle-closure glaucoma	MONDO:0005012	angle-closure glaucoma	false	no match	MONDO:0001744	true	false	low
Anhidrotic ectodermal dysplasia with immunodeficiency (EDA-ID)	MONDO:0010631	hypohidrotic ectodermal dysplasia with immunodeficiency	false	no match		false		low
Anhidrotic ectodermal dysplasia with immunodeficiency (HED-ID)	MONDO:0010631	hypohidrotic ectodermal dysplasia with immunodeficiency	false	no match		false		low
Aniridia	MONDO:0019172	aniridia	true	MONDO:0019172	MONDO:0019172;MONDO:0024507	true	true	medium
Anonychia Congenita	MONDO:0009468	anonychia congenita	false	no match		false		low
Anophthalmia/microphthalmia	MONDO:0021129	anophthalmia-microphthalmia syndrome	false	no match		false		low
Anorexia nervosa	MONDO:0005351	anorexia nervosa	true	MONDO:0005351	MONDO:0005351	true	true	medium
Antiphospholipid syndrome	MONDO:0008628	antiphospholipid syndrome	false	no match	MONDO:8000010	true	false	low
Antisperm antibody-induced infertility	MONDO:0005372	male infertility	true	MONDO:0005372		false		low
Antley-Bixler Syndrome	MONDO:0007121	Antley-Bixler syndrome	false	no match	MONDO:0008803	true	false	low
Antley-Bixler syndrome	MONDO:0007121	Antley-Bixler syndrome	false	no match	MONDO:0008803	true	false	low
Apert syndrome	MONDO:0007041	Apert syndrome	true	MONDO:0007041	MONDO:0007041	true	true	high
Aplastic anemia	MONDO:0015909	aplastic anemia	true	MONDO:0015909	MONDO:0013879;MONDO:0015909	true	true	high
Aqueductal stenosis	MONDO:0010568	X-linked hydrocephalus with stenosis of the aqueduct of Sylvius	false	no match		false		low
Arachnoid cyst	MONDO:0006643	arachnoid cyst	false	no match	MONDO:0008813	true	false	low
Arginase deficiency (Argininemia)	MONDO:0008772	arginase-1 deficiency	false	no match		false		low
Arginine:glycine amidinotransferase (AGAT) deficiency	MONDO:0012996	AGAT deficiency	true	MONDO:0012996		false		low
Argininosuccinic Aciduria	MONDO:0008815	argininosuccinic aciduria	true	MONDO:0008815	MONDO:0008815	true	true	low
Argininosuccinic aciduria	MONDO:0008815	argininosuccinic aciduria	true	MONDO:0008815	MONDO:0008815	true	true	low
Argininosuccinic aciduria (ASL deficiency)	MONDO:0008815	argininosuccinic aciduria	true	MONDO:0008815		false		low
Argininosuccinic aciduria (Argininosuccinate lyase deficiency)	MONDO:0008815	argininosuccinic aciduria	true	MONDO:0008815		false		low
Arnold-Chiari malformation	MONDO:0000115	Arnold-Chiari malformation	true	MONDO:0000115	MONDO:0000115	true	true	low
Aromatic L-amino acid decarboxylase (AADC) deficiency	MONDO:0012084	aromatic L-amino acid decarboxylase deficiency	true	MONDO:0012084		false		low
Aromatic L-amino acid decarboxylase deficiency	MONDO:0012084	aromatic L-amino acid decarboxylase deficiency	true	MONDO:0012084	MONDO:0012084	true	true	low
Arrhythmogenic Right Ventricular Cardiomyopathy	MONDO:0016587	arrhythmogenic right ventricular cardiomyopathy	true	MONDO:0016587	MONDO:0016587	true	true	low
Arrhythmogenic cardiomyopathy	MONDO:0016587	arrhythmogenic right ventricular cardiomyopathy	true	MONDO:0016587		false		low
Arrhythmogenic cardiomyopathy due to desmosomal mutations (e.g., DSG2 or JUP mutations)	MONDO:0016587	arrhythmogenic right ventricular cardiomyopathy	true	MONDO:0016587		false		low
Arrhythmogenic right ventricular cardiomyopathy	MONDO:0016587	arrhythmogenic right ventricular cardiomyopathy	true	MONDO:0016587	MONDO:0016587	true	true	low
Arrhythmogenic right ventricular cardiomyopathy (ARVC)	MONDO:0016587	arrhythmogenic right ventricular cardiomyopathy	true	MONDO:0016587		false		low
Arsenic keratosis	no match		false	no match		false		low
Arsenic-induced palmoplantar keratosis	no match		false	no match		false		low
Arterial Tortuosity Syndrome	MONDO:0009624	arterial tortuosity syndrome	false	no match	MONDO:0008818	true	false	low
Arterial Tortuosity syndrome	MONDO:0009624	arterial tortuosity syndrome	false	no match	MONDO:0008818	true	false	low
Arterial tortuosity syndrome	MONDO:0009624	arterial tortuosity syndrome	false	no match	MONDO:0008818	true	false	low
Arthrochalasia type Ehlers-Danlos syndrome	MONDO:0020539	arthrochalasia Ehlers-Danlos syndrome	false	no match		false		low
Arthrogryposis Multiplex Congenita	MONDO:0015168	arthrogryposis multiplex congenita	true	MONDO:0015168	MONDO:0007157;MONDO:0015168	true	true	low
Arthrogryposis multiplex congenita	MONDO:0015168	arthrogryposis multiplex congenita	true	MONDO:0015168	MONDO:0007157;MONDO:0015168	true	true	low
Arthrogryposis multiplex congenita (amyoplasia type)	MONDO:0008837	amyoplasia	false	no match		false		low
Arthrogryposis with hypopigmentation	no match		false	no match		false		low
Arthrogryposis-Renal dysfunction-Cholestasis (ARC) syndrome	MONDO:0009640	arthrogryposis-renal dysfunction-cholestasis syndrome	false	no match		false		low
Asphyxiating thoracic dystrophy (Jeune syndrome)	MONDO:0018770	Jeune syndrome	true	MONDO:0018770		false		low
Asplenia syndrome	MONDO:0009481	Ivemark syndrome	false	no match	MONDO:0008832	true	false	low
Ataxia Neuropathy Spectrum due to POLG mutations	MONDO:0044970	POLG-related ataxia neuropathy spectrum	false	no match		false		low
Ataxia Pancytopenia Syndrome	MONDO:0010891	ataxia-pancytopenia syndrome	false	no match		false		low
Ataxia Telangiectasia	MONDO:0008840	ataxia telangiectasia	true	MONDO:0008840	MONDO:0008840	true	true	low
Ataxia telangiectasia	MONDO:0008840	ataxia telangiectasia	true	MONDO:0008840	MONDO:0008840	true	true	low
Ataxia with Oculomotor Apraxia	MONDO:0100073	ataxia with oculomotor apraxia	false	no match		false		low
Ataxia with Oculomotor Apraxia (AOA)	MONDO:0100073	ataxia with oculomotor apraxia	false	no match		false		low
Ataxia with Oculomotor Apraxia Type 1	MONDO:0008853	ataxia-oculomotor apraxia type 1	false	no match		false		low
Ataxia with Oculomotor Apraxia Type 1 (AOA1)	MONDO:0008841	ataxia-oculomotor apraxia type 1	false	no match		false		medium
Ataxia with Oculomotor Apraxia Type 2	MONDO:0011523	ataxia-oculomotor apraxia type 2	false	no match	MONDO:0018996	true	false	low
Ataxia with Oculomotor Apraxia Type 2 (AOA2)	MONDO:0011523	ataxia-oculomotor apraxia type 2	false	no match		false		low
Ataxia with Vitamin E deficiency	MONDO:0010188	familial isolated deficiency of vitamin E	true	MONDO:0010188	MONDO:0010188	true	true	high
Ataxia with oculomotor apraxia	no match		false	no match		false		low
Ataxia with oculomotor apraxia (AOA)	no match		false	no match		false		low
Ataxia with oculomotor apraxia type 1 (AOA1)	MONDO:0008841	ataxia-oculomotor apraxia type 1	false	no match		false		medium
Ataxia with oculomotor apraxia type 2	MONDO:0011523	ataxia-oculomotor apraxia type 2	false	no match	MONDO:0018996	true	false	low
Ataxia with oculomotor apraxia type 2 (AOA2)	MONDO:0011523	ataxia-oculomotor apraxia type 2	false	no match		false		low
Ataxia with vitamin E deficiency	MONDO:0010188	familial isolated deficiency of vitamin E	true	MONDO:0010188	MONDO:0010188	true	true	high
Ataxia with vitamin E deficiency (AVED)	MONDO:0010188	familial isolated deficiency of vitamin E	true	MONDO:0010188		false		high
Ataxia-Pancytopenia syndrome	MONDO:0007979	ataxia-pancytopenia syndrome	false	no match	MONDO:0008038	true	false	low
Ataxia-Telangiectasia	MONDO:0008840	ataxia telangiectasia	true	MONDO:0008840		false		high
Ataxia-pancytopenia syndrome	MONDO:0007979	ataxia-pancytopenia syndrome	false	no match	MONDO:0008038	true	false	low
Ataxia-telangiectasia	MONDO:0008840	ataxia telangiectasia	true	MONDO:0008840		false		high
Ataxia-telangiectasia variant	MONDO:0008840	ataxia telangiectasia	true	MONDO:0008840		false		low
Ataxic cerebral palsy	MONDO:0006497	cerebral palsy	true	MONDO:0006497	MONDO:0000397;MONDO:0011548	true	false	low
Atopic Dermatitis	MONDO:0004980	atopic eczema	true	MONDO:0004980	MONDO:0004980	true	true	high
Atopic dermatitis	MONDO:0004980	atopic eczema	true	MONDO:0004980	MONDO:0004980	true	true	high
Atransferrinemia	MONDO:0008855	atransferrinemia	false	no match	MONDO:0008846	true	false	low
Atrial amyloidosis	MONDO:0019065	amyloidosis	true	MONDO:0019065		false		low
Atrichia with Papular Lesions	MONDO:0008858	atrichia with papular lesions	false	no match	MONDO:0008847	true	false	low
Atrichia with papular lesions	MONDO:0008858	atrichia with papular lesions	false	no match	MONDO:0008847	true	false	low
Attention Deficit Hyperactivity Disorder	MONDO:0007743	attention deficit hyperactivity disorder	true	MONDO:0007743	MONDO:0007743	true	true	high
Atypical Progeroid Syndrome	no match		false	no match	MONDO:0019321	true	false	low
Au-Kline syndrome	MONDO:0014719	Au-Kline syndrome	false	no match	MONDO:0014700	true	false	low
Auditory neuropathy due to OTOF mutations	MONDO:0011002	autosomal recessive nonsyndromic hearing loss 9	false	no match		false		low
Auditory neuropathy spectrum disorder	MONDO:0005474	auditory neuropathy	false	no match	MONDO:0021944	true	false	low
Auditory neuropathy spectrum disorder (ANSD)	MONDO:0005474	auditory neuropathy	false	no match		false		low
Auriculo-Condylar Syndrome	MONDO:0017247	auriculocondylar syndrome	false	no match	MONDO:0000107	true	false	low
Auriculo-condylar syndrome	MONDO:0017247	auriculocondylar syndrome	false	no match	MONDO:0000107	true	false	low
Auriculocondylar syndrome	MONDO:0017247	auriculocondylar syndrome	false	no match	MONDO:0000107	true	false	low
Autism Spectrum Disorder	MONDO:0005258	autism spectrum disorder	true	MONDO:0005258	MONDO:0005258;MONDO:0005260	true	true	high
Autism Spectrum Disorder (ASD)	MONDO:0005258	autism spectrum disorder	true	MONDO:0005258		false		high
Autism Spectrum Disorder (without intellectual disability or language impairment)	MONDO:0005258	autism spectrum disorder	true	MONDO:0005258		false		medium
Autism Spectrum Disorder (without intellectual disability)	MONDO:0005258	autism spectrum disorder	true	MONDO:0005258		false		medium
Autism Spectrum Disorder with Macrocephaly	MONDO:0005258	autism spectrum disorder	true	MONDO:0005258		false		low
Autism Spectrum Disorder with comorbid Epilepsy	MONDO:0005258	autism spectrum disorder	true	MONDO:0005258		false		medium
Autism spectrum disorder	MONDO:0005258	autism spectrum disorder	true	MONDO:0005258	MONDO:0005258;MONDO:0005260	true	true	high
Autism spectrum disorder due to CHD8 mutation	MONDO:0005258	autism spectrum disorder	true	MONDO:0005258		false		low
Autism spectrum disorder due to unknown genetic factors	MONDO:0005258	autism spectrum disorder	true	MONDO:0005258		false		medium
Autism spectrum disorder with associated epilepsy	MONDO:0005258	autism spectrum disorder	true	MONDO:0005258		false		medium
Autism spectrum disorder with intellectual disability	MONDO:0005258	autism spectrum disorder	true	MONDO:0005258		false		medium
Autism spectrum disorder with language delay	MONDO:0005258	autism spectrum disorder	true	MONDO:0005258		false		medium
Autoimmune Cerebellar Ataxia	MONDO:0000437	cerebellar ataxia	true	MONDO:0000437		false		low
Autoimmune Lymphoproliferative Syndrome	MONDO:0018861	autoimmune lymphoproliferative syndrome	false	no match	MONDO:0011158;MONDO:0017979	true	false	low
Autoimmune Lymphoproliferative Syndrome (ALPS)	MONDO:0018861	autoimmune lymphoproliferative syndrome	false	no match		false		low
Autoimmune Neutropenia	MONDO:0003431	autoimmune neutropenia	false	no match		false		low
Autoimmune Polyendocrine Syndrome Type 1 (APS Type 1)	MONDO:0009846	autoimmune polyendocrine syndrome type 1	false	no match		false		low
Autoimmune Polyendocrine Syndrome Type 1 (APS-1)	MONDO:0009846	autoimmune polyendocrine syndrome type 1	false	no match		false		low
Autoimmune Polyendocrine Syndrome Type 1 (APS-1) / APECED	MONDO:0009093	autoimmune polyendocrine syndrome type 1	false	no match		false		medium
Autoimmune Polyendocrine Syndrome Type 1 (APS1)	MONDO:0009093	autoimmune polyendocrine syndrome type 1	false	no match		false		medium
Autoimmune Polyendocrine Syndrome Type I (APS I)	MONDO:0009093	autoimmune polyendocrine syndrome type 1	false	no match		false		medium
Autoimmune Polyendocrine Syndrome Type I (APS-1)	MONDO:0009093	autoimmune polyendocrine syndrome type 1	false	no match		false		medium
Autoimmune Polyendocrine Syndrome Type II	MONDO:0019106	autoimmune polyendocrine syndrome type 2	false	no match	MONDO:0010012	true	false	low
Autoimmune Polyendocrinopathy-Candidiasis-Ectodermal Dystrophy (APECED)	MONDO:0009093	autoimmune polyendocrine syndrome type 1	false	no match	MONDO:0009411	true	false	medium
Autoimmune Polyglandular Syndrome Type 1 (APS-1 or APECED)	MONDO:0009093	autoimmune polyendocrine syndrome type 1	false	no match		false		high
Autoimmune Polyglandular Syndrome Type 1 (APS-1)	MONDO:0009093	autoimmune polyendocrine syndrome type 1	false	no match		false		high
Autoimmune Polyglandular Syndrome Type 2	MONDO:0019106	autoimmune polyendocrine syndrome type 2	false	no match	MONDO:0010012	true	false	low
Autoimmune Polyglandular Syndrome Type I (APS I)	MONDO:0009093	autoimmune polyendocrine syndrome type 1	false	no match		false		medium
Autoimmune encephalitis	MONDO:0019110	autoimmune encephalitis	false	no match	MONDO:0020640	true	false	low
Autoimmune hemolytic anemia	MONDO:0016244	autoimmune hemolytic anemia	false	no match	MONDO:0020108	true	false	low
Autoimmune hemolytic anemia (warm autoimmune type)	MONDO:0015906	warm autoimmune hemolytic anemia	false	no match		false		low
Autoimmune inner ear disease	MONDO:0011393	autoimmune inner ear disease	false	no match	MONDO:0022518	true	false	low
Autoimmune lymphoproliferative syndrome	MONDO:0018840	autoimmune lymphoproliferative syndrome	false	no match	MONDO:0011158;MONDO:0017979	true	false	low
Autoimmune lymphoproliferative syndrome (ALPS)	MONDO:0018840	autoimmune lymphoproliferative syndrome	false	no match		false		low
Autoimmune oophoritis	MONDO:0005432	autoimmune oophoritis	false	no match	MONDO:0021950	true	false	low
Autoimmune polyendocrine syndrome type 1 (APS-1)	MONDO:0009093	autoimmune polyendocrine syndrome type 1	false	no match		false		medium
Autoimmune polyendocrine syndrome type I (APS-1/APECED)	MONDO:0009093	autoimmune polyendocrine syndrome type 1	false	no match		false		medium
Autoimmune polyendocrinopathy-candidiasis-ectodermal dystrophy (APECED)	MONDO:0009093	autoimmune polyendocrine syndrome type 1	false	no match	MONDO:0009411	true	false	medium
Autoimmune polyglandular syndrome type 1 (APS1)	MONDO:0009093	autoimmune polyendocrine syndrome type 1	false	no match		false		high
Autoimmune retinopathy	MONDO:0017342	autoimmune retinopathy	false	no match	MONDO:0100014	true	false	low
Autosomal Dominant Cutis Laxa Type I	MONDO:0007406	cutis laxa, autosomal dominant 1	false	no match		false		low
Autosomal Dominant Hyper IgE Syndrome	MONDO:0007818	hyper-IgE recurrent infection syndrome 1, autosomal dominant	true	MONDO:0007818	MONDO:0007818	true	true	low
Autosomal Dominant Hyper IgE Syndrome (STAT3 deficiency)	MONDO:0007818	hyper-IgE recurrent infection syndrome 1, autosomal dominant	true	MONDO:0007818		false		low
Autosomal Dominant Hypocalcemia (ADH)	MONDO:0008154	autosomal dominant hypocalcemia 1	false	no match		false		low
Autosomal Dominant Hypocalcemia with Hypercalciuria	MONDO:0008154	autosomal dominant hypocalcemia 1	false	no match		false		low
Autosomal Dominant Lateral Temporal Lobe Epilepsy (ADLTE)	MONDO:0011245	autosomal dominant epilepsy with auditory features	false	no match		false		low
Autosomal Dominant Nocturnal Frontal Lobe Epilepsy	MONDO:0017103	sleep-related hypermotor epilepsy	false	no match	MONDO:0000030	true	false	low
Autosomal Dominant Nocturnal Frontal Lobe Epilepsy (ADNFLE)	MONDO:0017103	sleep-related hypermotor epilepsy	false	no match		false		low
Autosomal Dominant Optic Atrophy	MONDO:0008134	autosomal dominant optic atrophy classic form	false	no match	MONDO:0020250	true	false	low
Autosomal Dominant Optic Atrophy Plus Syndrome	MONDO:0011181	autosomal dominant optic atrophy plus syndrome	false	no match	MONDO:0014720	true	false	low
Autosomal Dominant Polycystic Kidney Disease	MONDO:0004691	autosomal dominant polycystic kidney disease	true	MONDO:0004691	MONDO:0004691	true	true	high
Autosomal Recessive Agammaglobulinemia	MONDO:0015977	autosomal recessive agammaglobulinemia	false	no match		false		low
Autosomal Recessive Cutis Laxa Type 2A	MONDO:0009489	cutis laxa, autosomal recessive, type IIA	false	no match	MONDO:0018163	true	false	low
Autosomal Recessive Cutis Laxa Type I	MONDO:0017350	autosomal recessive cutis laxa type 1	false	no match		false		low
Autosomal Recessive Primary Microcephaly	MONDO:0016660	autosomal recessive primary microcephaly	true	MONDO:0016660	MONDO:0016660	true	true	low
Autosomal Recessive Primary Microcephaly (MCPH)	MONDO:0016660	autosomal recessive primary microcephaly	true	MONDO:0016660		false		low
Autosomal Recessive Spastic Ataxia of Charlevoix-Saguenay (ARSACS)	MONDO:0009428	autosomal recessive spastic ataxia of Charlevoix-Saguenay	false	no match		false		medium
Autosomal dominant Hyper IgE syndrome	MONDO:0007818	hyper-IgE recurrent infection syndrome 1, autosomal dominant	true	MONDO:0007818	MONDO:0007818	true	true	low
Autosomal dominant Hyper IgE syndrome (Job syndrome)	MONDO:0007818	hyper-IgE recurrent infection syndrome 1, autosomal dominant	true	MONDO:0007818		false		low
Autosomal dominant Hyper IgE syndrome (Job's syndrome)	MONDO:0007818	hyper-IgE recurrent infection syndrome 1, autosomal dominant	true	MONDO:0007818		false		low
Autosomal dominant Hyper IgE syndrome (STAT3 deficiency)	MONDO:0007818	hyper-IgE recurrent infection syndrome 1, autosomal dominant	true	MONDO:0007818		false		low
Autosomal dominant Progressive External Ophthalmoplegia (adPEO)	MONDO:0017269	autosomal dominant progressive external ophthalmoplegia	false	no match		false		low
Autosomal dominant cerebellar ataxia	MONDO:0020380	autosomal dominant cerebellar ataxia	true	MONDO:0020380	MONDO:0020380	true	true	low
Autosomal dominant distal RTA due to SLC4A1 mutations	MONDO:0008037	distal renal tubular acidosis 1	false	no match		false		low
Autosomal dominant distal renal tubular acidosis	MONDO:0008037	distal renal tubular acidosis 1	false	no match	MONDO:0008368	true	false	low
Autosomal dominant distal renal tubular acidosis (SLC4A1 mutation)	MONDO:0008037	distal renal tubular acidosis 1	false	no match		false		low
Autosomal dominant hyper-IgE syndrome (Job syndrome)	MONDO:0007818	hyper-IgE recurrent infection syndrome 1, autosomal dominant	true	MONDO:0007818		false		low
Autosomal dominant hyper-IgE syndrome (STAT3 deficiency)	MONDO:0007818	hyper-IgE recurrent infection syndrome 1, autosomal dominant	true	MONDO:0007818		false		low
Autosomal dominant hypocalcemia	MONDO:0018428	autosomal dominant hypocalcemia	false	no match	MONDO:0018543	true	false	low
Autosomal dominant hypocalcemia with hypercalciuria	MONDO:0011014	hypocalcemia, autosomal dominant 1	false	no match		false		low
Autosomal dominant hypocalcemia with hypercalciuria (ADHH)	MONDO:0011014	hypocalcemia, autosomal dominant 1	false	no match		false		low
Autosomal dominant hypophosphatemic rickets	MONDO:0008660	autosomal dominant hypophosphatemic rickets	true	MONDO:0008660	MONDO:0008660	true	true	medium
Autosomal dominant nocturnal frontal lobe epilepsy	MONDO:0019000	autosomal dominant nocturnal frontal lobe epilepsy	false	no match	MONDO:0000030	true	false	low
Autosomal dominant nocturnal frontal lobe epilepsy (ADNFLE)	MONDO:0019000	autosomal dominant nocturnal frontal lobe epilepsy	false	no match		false		low
Autosomal dominant non-syndromic hearing loss (DFNA3) due to GJB2 mutations	MONDO:0011021	autosomal dominant nonsyndromic hearing loss 3A	false	no match		false		low
Autosomal dominant non-syndromic hearing loss due to KCNQ4 mutations	MONDO:0010823	autosomal dominant nonsyndromic hearing loss 2A	false	no match		false		low
Autosomal dominant nonsyndromic hearing loss (DFNA)	MONDO:0019587	autosomal dominant nonsyndromic hearing loss	true	MONDO:0019587		false		medium
Autosomal dominant nonsyndromic hearing loss (GJB3-related)	MONDO:0012948	autosomal dominant nonsyndromic hearing loss 2B	false	no match		false		low
Autosomal dominant nonsyndromic sensorineural hearing loss	MONDO:0019587	autosomal dominant nonsyndromic hearing loss	true	MONDO:0019587		false		medium
Autosomal dominant optic atrophy	MONDO:0008134	optic atrophy 1	true	MONDO:0008134	MONDO:0020250	true	false	medium
Autosomal dominant optic atrophy plus syndrome (OPA1 mutations)	MONDO:0011249	autosomal dominant optic atrophy plus syndrome	false	no match		false		low
Autosomal dominant osteopetrosis (Albers-Schönberg disease)	MONDO:0008209	autosomal dominant osteopetrosis 2	false	no match		false		low
Autosomal dominant polycystic kidney disease	MONDO:0004691	autosomal dominant polycystic kidney disease	true	MONDO:0004691	MONDO:0004691	true	true	high
Autosomal dominant polycystic kidney disease (ADPKD)	MONDO:0004691	autosomal dominant polycystic kidney disease	true	MONDO:0004691		false		high
Autosomal dominant telomere-related pulmonary fibrosis (TERT or TERC mutations)	MONDO:0013898	pulmonary fibrosis and/or bone marrow failure syndrome, telomere-related, 1	false	no match		false		low
Autosomal dominant tubulointerstitial kidney disease (ADTKD)	MONDO:0021138	autosomal dominant tubulointerstitial kidney disease	false	no match		false		low
Autosomal dominant tubulointerstitial kidney disease due to MUC1 mutation (ADTKD-MUC1)	MONDO:0007993	autosomal dominant tubulointerstitial kidney disease, MUC1-related	false	no match		false		low
Autosomal dominant tubulointerstitial kidney disease due to UMOD mutation (ADTKD-UMOD)	MONDO:0008173	autosomal dominant tubulointerstitial kidney disease, UMOD-related	false	no match		false		low
Autosomal recessive CARD9 deficiency	MONDO:0009003	candidiasis, familial, 2	false	no match		false		low
Autosomal recessive Chronic Granulomatous Disease	MONDO:0020690	autosomal recessive chronic granulomatous disease	false	no match		false		low
Autosomal recessive Hyper IgE syndrome (DOCK8 deficiency)	MONDO:0009441	hyper-IgE recurrent infection syndrome 2, autosomal recessive	false	no match		false		low
Autosomal recessive agammaglobulinemia	MONDO:0015753	autosomal recessive agammaglobulinemia	false	no match		false		low
Autosomal recessive congenital ichthyosis	MONDO:0019268	autosomal recessive congenital ichthyosis	false	no match	MONDO:0017265	true	false	medium
Autosomal recessive cutis laxa type I	MONDO:0016003	autosomal recessive cutis laxa type 1	false	no match		false		low
Autosomal recessive cutis laxa type II	MONDO:0009002	autosomal recessive cutis laxa type 2A	false	no match		false		low
Autosomal recessive cutis laxa type II (ATP6V0A2-related cutis laxa)	MONDO:0009002	autosomal recessive cutis laxa type 2A	false	no match		false		low
Autosomal recessive cutis laxa type IIA	MONDO:0009002	autosomal recessive cutis laxa type 2A	false	no match		false		low
Autosomal recessive distal RTA due to ATP6V0A4 mutations	MONDO:0011241	distal renal tubular acidosis 3	false	no match		false		low
Autosomal recessive distal renal tubular acidosis	MONDO:0015827	autosomal recessive distal renal tubular acidosis	false	no match	MONDO:0018440	true	false	low
Autosomal recessive distal renal tubular acidosis (ATP6V0A4 mutation)	MONDO:0011241	distal renal tubular acidosis 3	false	no match		false		low
Autosomal recessive distal renal tubular acidosis with hearing loss (ATP6V1B1 mutation)	MONDO:0009994	distal renal tubular acidosis 2 with progressive sensorineural hearing loss	false	no match		false		low
Autosomal recessive distal renal tubular acidosis with preserved hearing (ATP6V0A4 mutation)	MONDO:0011241	distal renal tubular acidosis 3	false	no match		false		low
Autosomal recessive juvenile Parkinsonism (PARK2 gene mutations)	MONDO:0010820	autosomal recessive juvenile Parkinson disease 2	true	MONDO:0010820		false		low
Autosomal recessive non-syndromic hearing loss (DFNB1) due to GJB2 mutations	MONDO:0009076	autosomal recessive nonsyndromic hearing loss 1A	true	MONDO:0009076		false		medium
Autosomal recessive non-syndromic sensorineural hearing loss (GJB2 mutation)	MONDO:0009076	autosomal recessive nonsyndromic hearing loss 1A	true	MONDO:0009076		false		medium
Autosomal recessive nonsyndromic hearing loss (GJB2-related)	MONDO:0009076	autosomal recessive nonsyndromic hearing loss 1A	true	MONDO:0009076		false		medium
Autosomal recessive nonsyndromic sensorineural hearing loss (GJB2-related)	MONDO:0009076	autosomal recessive nonsyndromic hearing loss 1A	true	MONDO:0009076		false		medium
Autosomal recessive polycystic kidney disease (ARPKD)	MONDO:0009889	autosomal recessive polycystic kidney disease	true	MONDO:0009889		false		medium
Autosomal recessive primary microcephaly	MONDO:0016660	autosomal recessive primary microcephaly	true	MONDO:0016660	MONDO:0016660	true	true	low
Autosomal recessive primary microcephaly (MCPH)	MONDO:0016660	autosomal recessive primary microcephaly	true	MONDO:0016660		false		low
Autosomal recessive spastic ataxia of Charlevoix-Saguenay (ARSACS)	MONDO:0009468	autosomal recessive spastic ataxia of Charlevoix-Saguenay	false	no match		false		low
Autosomal recessive spastic paraplegia type 11 (SPG11)	MONDO:0011204	hereditary spastic paraplegia 11	false	no match		false		low
Autosomal recessive spastic paraplegia type 15 (SPG15)	MONDO:0009469	hereditary spastic paraplegia 15	false	no match		false		low
Axenfeld-Rieger syndrome	MONDO:0019002	Axenfeld-Rieger syndrome	false	no match	MONDO:0019187	true	false	low
BAG3-related dilated cardiomyopathy	MONDO:0013381	dilated cardiomyopathy 1HH	false	no match		false		low
BAP1 Tumor Predisposition Syndrome	MONDO:0013692	BAP1-related tumor predisposition syndrome	true	MONDO:0013692	MONDO:0013692	true	true	medium
BAP1 tumor predisposition syndrome	MONDO:0013692	BAP1-related tumor predisposition syndrome	true	MONDO:0013692	MONDO:0013692	true	true	medium
BMP15 gene mutation	MONDO:0010459	premature ovarian failure 4	false	no match		false		low
BRCA-related hereditary breast and ovarian cancer syndrome	MONDO:0003582	hereditary breast ovarian cancer syndrome	true	MONDO:0003582		false		medium
BRCA1 or BRCA2 mutation-related cancer predisposition	MONDO:0003582	hereditary breast ovarian cancer syndrome	true	MONDO:0003582		false		medium
BRCA1/2-related hereditary breast and ovarian cancer syndrome	MONDO:0003582	hereditary breast ovarian cancer syndrome	true	MONDO:0003582		false		medium
BRCA1/BRCA2 Mutation Carrier	MONDO:0003582	hereditary breast ovarian cancer syndrome	true	MONDO:0003582		false		low
BRCA1/BRCA2 Mutation Syndromes	MONDO:0003582	hereditary breast ovarian cancer syndrome	true	MONDO:0003582		false		medium
BRCA1/BRCA2 Mutation-Associated Cancers	MONDO:0003582	hereditary breast ovarian cancer syndrome	true	MONDO:0003582		false		low
BRCA1/BRCA2 mutation-associated cancers	MONDO:0003582	hereditary breast ovarian cancer syndrome	true	MONDO:0003582		false		low
BRCA1/BRCA2 mutation-related cancers	MONDO:0003582	hereditary breast ovarian cancer syndrome	true	MONDO:0003582		false		low
BRCA1/BRCA2-Associated Hereditary Breast and Ovarian Cancer Syndrome	MONDO:0003582	hereditary breast ovarian cancer syndrome	true	MONDO:0003582		false		medium
BRCA1/BRCA2-associated Hereditary Breast and Ovarian Cancer Syndrome	MONDO:0003582	hereditary breast ovarian cancer syndrome	true	MONDO:0003582		false		medium
BRCA1/BRCA2-associated hereditary cancer syndromes	MONDO:0003582	hereditary breast ovarian cancer syndrome	true	MONDO:0003582		false		medium
BRCA1/BRCA2-related Hereditary Breast and Ovarian Cancer Syndrome	MONDO:0003582	hereditary breast ovarian cancer syndrome	true	MONDO:0003582		false		medium
BRCA1/BRCA2-related hereditary breast and ovarian cancer syndrome	MONDO:0003582	hereditary breast ovarian cancer syndrome	true	MONDO:0003582		false		medium
BSCL2-Related Hereditary Neuropathy with Predisposition to Lipodystrophy	MONDO:0010020	congenital generalized lipodystrophy type 2	true	MONDO:0010020		false		low
Baller-Gerold syndrome	MONDO:0009109	Baller-Gerold syndrome	false	no match	MONDO:0009039	true	false	medium
Bamforth-Lazarus syndrome	MONDO:0009493	Bamforth-Lazarus syndrome	false	no match	MONDO:0009437	true	false	medium
Bannayan-Riley-Ruvalcaba syndrome	MONDO:0008749	Bannayan-Riley-Ruvalcaba syndrome	false	no match	MONDO:0007924	true	false	medium
Bannayan-Riley-Ruvalcaba syndrome (PTEN hamartoma tumor syndrome)	MONDO:0008749	Bannayan-Riley-Ruvalcaba syndrome	false	no match		false		medium
Bannayan–Riley–Ruvalcaba syndrome	MONDO:0008749	Bannayan-Riley-Ruvalcaba syndrome	false	no match		false		medium
Baraitser-Winter Cerebral Dysgenesis	MONDO:0016554	Baraitser-Winter cerebrofrontofacial syndrome	false	no match		false		medium
Baraitser-Winter cerebrofrontofacial syndrome	MONDO:0016554	Baraitser-Winter cerebrofrontofacial syndrome	false	no match	MONDO:0017579	true	false	medium
Baraitser-Winter syndrome	MONDO:0016554	Baraitser-Winter cerebrofrontofacial syndrome	false	no match	MONDO:0017579	true	false	medium
Barakat syndrome	MONDO:0007777	hypoparathyroidism-deafness-renal disease syndrome	false	no match	MONDO:0007797	true	false	medium
Barakat syndrome (HDR syndrome)	MONDO:0007777	hypoparathyroidism-deafness-renal disease syndrome	false	no match		false		medium
Bardet-Biedl Syndrome	MONDO:0015229	Bardet-Biedl syndrome	true	MONDO:0015229	MONDO:0014432;MONDO:0015229	true	true	high
Bardet-Biedl syndrome	MONDO:0015229	Bardet-Biedl syndrome	true	MONDO:0015229	MONDO:0014432;MONDO:0015229	true	true	high
Bardet–Biedl syndrome	MONDO:0015229	Bardet-Biedl syndrome	true	MONDO:0015229		false		high
Bare Lymphocyte Syndrome	MONDO:0009597	MHC class II deficiency	false	no match	MONDO:0008855	true	false	low
Bare Lymphocyte Syndrome Type II (MHC Class II Deficiency)	MONDO:0009597	MHC class II deficiency	false	no match		false		medium
Barth Syndrome	MONDO:0010526	Barth syndrome	false	no match	MONDO:0010543	true	false	high
Barth syndrome	MONDO:0010526	Barth syndrome	false	no match	MONDO:0010543	true	false	high
Bartter Syndrome	MONDO:0015286	Bartter syndrome	false	no match	MONDO:0015231	true	false	high
Bartter syndrome	MONDO:0015286	Bartter syndrome	false	no match	MONDO:0015231	true	false	high
Bartter syndrome (Type V)	MONDO:0010597	Bartter syndrome type 5	false	no match		false		low
Bartter syndrome type V	MONDO:0010597	Bartter syndrome type 5	false	no match	MONDO:0016983	true	false	low
Basal cell nevus syndrome (Gorlin syndrome)	MONDO:0007187	nevoid basal cell carcinoma syndrome	true	MONDO:0007187		false		high
Batten disease	MONDO:0008767	CLN3 disease	false	no match	MONDO:0019262	true	false	medium
Batten disease (neuronal ceroid lipofuscinoses)	MONDO:0016295	neuronal ceroid lipofuscinosis	true	MONDO:0016295		false		medium
Batten disease (neuronal ceroid lipofuscinosis)	MONDO:0016295	neuronal ceroid lipofuscinosis	true	MONDO:0016295		false		medium
Bazex-Dupré-Christol Syndrome	MONDO:0010545	Bazex-Dupré-Christol syndrome	false	no match	MONDO:0010535	true	false	medium
Bazex-Dupré-Christol syndrome	MONDO:0010545	Bazex-Dupré-Christol syndrome	false	no match	MONDO:0010535	true	false	medium
Beals Syndrome (Congenital Contractural Arachnodactyly)	MONDO:0007084	congenital contractural arachnodactyly	false	no match		false		medium
Beals syndrome	MONDO:0007084	congenital contractural arachnodactyly	false	no match	MONDO:0007363	true	false	medium
Beals syndrome (Congenital Contractural Arachnodactyly)	MONDO:0007084	congenital contractural arachnodactyly	false	no match		false		medium
Beals syndrome (Congenital contractural arachnodactyly)	MONDO:0007084	congenital contractural arachnodactyly	false	no match		false		medium
Beals syndrome (congenital contractural arachnodactyly)	MONDO:0007084	congenital contractural arachnodactyly	false	no match		false		medium
Beare-Stevenson cutis gyrata syndrome	MONDO:0008841	Beare-Stevenson cutis gyrata syndrome	false	no match	MONDO:0007412	true	false	medium
Becker Muscular Dystrophy	MONDO:0010311	Becker muscular dystrophy	true	MONDO:0010311	MONDO:0010311	true	true	high
Becker muscular dystrophy	MONDO:0010311	Becker muscular dystrophy	true	MONDO:0010311	MONDO:0010311	true	true	high
Becker muscular dystrophy (manifesting carrier)	MONDO:0010311	Becker muscular dystrophy	true	MONDO:0010311		false		medium
Beckwith-Wiedemann Syndrome	MONDO:0007534	Beckwith-Wiedemann syndrome	true	MONDO:0007534	MONDO:0007534	true	true	high
Beckwith-Wiedemann syndrome	MONDO:0007534	Beckwith-Wiedemann syndrome	true	MONDO:0007534	MONDO:0007534	true	true	high
Behr Syndrome	MONDO:0008748	Behr syndrome	false	no match	MONDO:0008858	true	false	low
Behr syndrome	MONDO:0008748	Behr syndrome	false	no match	MONDO:0008858	true	false	low
Behçet's Disease	MONDO:0007186	Behcet disease	false	no match	MONDO:0007191	true	false	high
Behçet's disease	MONDO:0007186	Behcet disease	false	no match	MONDO:0007191	true	false	high
Benign Childhood Epilepsy with Centrotemporal Spikes (Rolandic Epilepsy)	MONDO:0007267	childhood epilepsy with centrotemporal spikes	false	no match		false		low
Benign Congenital Hypotonia	MONDO:0017364	benign congenital hypotonia	false	no match		false		low
Benign Epilepsy of Infancy with Focal Seizures	MONDO:0017364	benign familial infantile epilepsy	false	no match		false		low
Benign Epilepsy with Centrotemporal Spikes (BECTS)	MONDO:0007267	childhood epilepsy with centrotemporal spikes	false	no match		false		low
Benign Epilepsy with Centrotemporal Spikes (Rolandic Epilepsy)	MONDO:0007267	childhood epilepsy with centrotemporal spikes	false	no match		false		low
Benign Familial Infantile Epilepsy	MONDO:0017364	benign familial infantile epilepsy	false	no match	MONDO:0017615	true	false	low
Benign Familial Infantile Seizures	MONDO:0017364	benign familial infantile epilepsy	false	no match	MONDO:0017615	true	false	low
Benign Familial Infantile Seizures (BFIS)	MONDO:0017364	benign familial infantile epilepsy	false	no match		false		low
Benign Familial Neonatal Epilepsy	MONDO:0021009	benign familial neonatal epilepsy	false	no match	MONDO:0016027	true	false	low
Benign Familial Neonatal Seizures	MONDO:0021009	benign familial neonatal epilepsy	false	no match	MONDO:0016027	true	false	low
Benign Familial Neonatal Seizures (BFNS)	MONDO:0021009	benign familial neonatal epilepsy	false	no match		false		low
Benign Familial Neonatal-Infantile Seizures	MONDO:0011833	benign familial neonatal-infantile seizures	false	no match	MONDO:0011904	true	false	low
Benign Familial Neonatal-Infantile Seizures (BFNIS)	MONDO:0011833	benign familial neonatal-infantile seizures	false	no match		false		low
Benign Febrile Seizures	MONDO:0005432	febrile seizure (within the age range of 3 months to 6 years)	false	no match		false		low
Benign Idiopathic Neonatal Convulsions	MONDO:0021009	benign familial neonatal epilepsy	false	no match		false		low
Benign Infantile Epilepsy	MONDO:0017364	benign familial infantile epilepsy	false	no match		false		low
Benign Myoclonic Epilepsy in Infancy	MONDO:0009697	myoclonic epilepsy of infancy	false	no match		false		low
Benign Myoclonic Epilepsy of Infancy	MONDO:0009697	myoclonic epilepsy of infancy	false	no match	MONDO:0100566	true	false	low
Benign Neonatal Convulsions	MONDO:0021009	benign familial neonatal epilepsy	false	no match		false		low
Benign Neonatal Convulsions (BNC)	MONDO:0021009	benign familial neonatal epilepsy	false	no match		false		low
Benign Neonatal Epilepsy	MONDO:0021009	benign familial neonatal epilepsy	false	no match		false		low
Benign Neonatal Seizures	MONDO:0021009	benign familial neonatal epilepsy	false	no match	MONDO:0016027	true	false	low
Benign Occipital Epilepsy of Infancy	MONDO:0017364	benign familial infantile epilepsy	false	no match		false		low
Benign Rolandic Epilepsy (Benign Epilepsy with Centrotemporal Spikes)	MONDO:0007267	childhood epilepsy with centrotemporal spikes	false	no match		false		low
Benign epilepsy with centrotemporal spikes (BECTS)	MONDO:0007267	childhood epilepsy with centrotemporal spikes	false	no match		false		low
Benign familial infantile epilepsy	MONDO:0017364	benign familial infantile epilepsy	false	no match	MONDO:0017615	true	false	low
Benign familial infantile epilepsy (BFIE)	MONDO:0017364	benign familial infantile epilepsy	false	no match		false		low
Benign familial infantile seizures	MONDO:0017364	benign familial infantile epilepsy	false	no match	MONDO:0017615	true	false	low
Benign familial infantile seizures (BFIS)	MONDO:0017364	benign familial infantile epilepsy	false	no match		false		low
Benign familial neonatal epilepsy	MONDO:0021009	benign familial neonatal epilepsy	false	no match	MONDO:0016027	true	false	low
Benign familial neonatal seizures	MONDO:0021009	benign familial neonatal epilepsy	false	no match	MONDO:0016027	true	false	low
Benign familial neonatal seizures (BFNS)	MONDO:0021009	benign familial neonatal epilepsy	false	no match		false		low
Benign familial neonatal seizures (KCNQ2/KCNQ3 mutations)	MONDO:0021009	benign familial neonatal epilepsy	false	no match		false		low
Benign familial neonatal-infantile seizures	MONDO:0011833	benign familial neonatal-infantile seizures	false	no match	MONDO:0011904	true	false	low
Benign idiopathic neonatal seizures	MONDO:0021009	benign familial neonatal epilepsy	false	no match	MONDO:0018981	true	false	low
Benign infantile epilepsy	MONDO:0017364	benign familial infantile epilepsy	false	no match		false		low
Benign infantile seizures	MONDO:0017364	benign familial infantile epilepsy	false	no match		false		low
Benign myoclonic epilepsy in infancy	MONDO:0009697	myoclonic epilepsy of infancy	false	no match		false		low
Benign myoclonic epilepsy of infancy	MONDO:0009697	myoclonic epilepsy of infancy	false	no match	MONDO:0100566	true	false	low
Benign neonatal seizures	MONDO:0021009	benign familial neonatal epilepsy	false	no match	MONDO:0016027	true	false	low
Benign partial epilepsy with frontal spikes	no match		false	no match		false		low
Berardinelli-Seip Congenital Lipodystrophy	MONDO:0015895	Berardinelli-Seip congenital lipodystrophy	false	no match	MONDO:0018883	true	false	low
Berardinelli-Seip Congenital Lipodystrophy (BSCL)	MONDO:0015895	Berardinelli-Seip congenital lipodystrophy	false	no match		false		low
Berardinelli-Seip Congenital Lipodystrophy (Type 2)	MONDO:0009165	congenital generalized lipodystrophy type 2	false	no match		false		low
Berardinelli-Seip congenital lipodystrophy	MONDO:0015924	congenital generalized lipodystrophy	false	no match	MONDO:0018883	true	false	low
Berardinelli-Seip congenital lipodystrophy (congenital generalized lipodystrophy)	MONDO:0015924	congenital generalized lipodystrophy	false	no match		false		low
Berardinelli-Seip congenital lipodystrophy type 2	MONDO:0010020	congenital generalized lipodystrophy type 2	true	MONDO:0010020		false		medium
Bernard-Soulier syndrome	MONDO:0009276	Bernard-Soulier syndrome	true	MONDO:0009276	MONDO:0009276	true	true	medium
Best Disease (Vitelliform Macular Dystrophy)	MONDO:0007931	Best vitelliform macular dystrophy	true	MONDO:0007931		false		medium
Best Vitelliform Macular Dystrophy	MONDO:0007931	Best vitelliform macular dystrophy	true	MONDO:0007931	MONDO:0007931	true	true	medium
Best disease (vitelliform macular dystrophy)	MONDO:0007931	Best vitelliform macular dystrophy	true	MONDO:0007931		false		medium
Best vitelliform macular dystrophy	MONDO:0007931	Best vitelliform macular dystrophy	true	MONDO:0007931	MONDO:0007931	true	true	medium
Beta-Propeller Protein-Associated Neurodegeneration (BPAN)	MONDO:0010476	beta-propeller protein-associated neurodegeneration	true	MONDO:0010476		false		low
Beta-Thalassemia	MONDO:0019402	beta thalassemia	true	MONDO:0019402		false		medium
Beta-Thalassemia Major	MONDO:0017328	beta-thalassemia major	false	no match	MONDO:0016486	true	false	low
Beta-ketothiolase deficiency	MONDO:0008760	beta-ketothiolase deficiency	true	MONDO:0008760	MONDO:0008760	true	true	medium
Beta-propeller protein-associated neurodegeneration	MONDO:0010476	beta-propeller protein-associated neurodegeneration	true	MONDO:0010476	MONDO:0010476	true	true	low
Beta-propeller protein-associated neurodegeneration (BPAN)	MONDO:0010476	beta-propeller protein-associated neurodegeneration	true	MONDO:0010476		false		low
Beta-thalassemia major	MONDO:0017328	beta-thalassemia major	false	no match	MONDO:0016486	true	false	low
Bethlem Myopathy	MONDO:0008029	Bethlem myopathy	true	MONDO:0008029	MONDO:0008029	true	true	medium
Bethlem myopathy	MONDO:0008029	Bethlem myopathy	true	MONDO:0008029	MONDO:0008029	true	true	medium
Bethlem myopathy (Collagen VI-related muscular dystrophy)	MONDO:0008029	Bethlem myopathy	true	MONDO:0008029		false		medium
Bethlem myopathy (Collagen VI-related myopathy)	MONDO:0008029	Bethlem myopathy	true	MONDO:0008029		false		medium
Bethlem myopathy (collagen VI-related myopathy)	MONDO:0008029	Bethlem myopathy	true	MONDO:0008029		false		medium
Bicuspid Aortic Valve Disease	MONDO:0005847	bicuspid aortic valve	false	no match		false		low
Bicuspid Aortic Valve with Associated Aortopathy	MONDO:0005847	bicuspid aortic valve	false	no match		false		low
Bicuspid Aortic Valve-associated Aortopathy	MONDO:0005847	bicuspid aortic valve	false	no match		false		low
Bicuspid aortic valve-associated aortopathy	MONDO:0005847	bicuspid aortic valve	false	no match		false		low
Bietti Crystalline Dystrophy	MONDO:0008856	Bietti crystalline corneoretinal dystrophy	false	no match		false		medium
Bietti crystalline dystrophy	MONDO:0008856	Bietti crystalline corneoretinal dystrophy	false	no match		false		medium
Bilateral Frontoparietal Polymicrogyria	MONDO:0011244	bilateral frontoparietal polymicrogyria	false	no match	MONDO:0011738	true	false	low
Bilateral Frontoparietal Polymicrogyria (BFPP)	MONDO:0011244	bilateral frontoparietal polymicrogyria	false	no match		false		low
Bilateral frontoparietal polymicrogyria (GPR56-related)	MONDO:0011244	bilateral frontoparietal polymicrogyria	false	no match		false		low
Bilateral perisylvian polymicrogyria due to TUBB2B mutations	MONDO:0010345	bilateral perisylvian polymicrogyria	false	no match		false		low
Bilateral perisylvian polymicrogyria syndrome	MONDO:0010345	bilateral perisylvian polymicrogyria	false	no match		false		low
Biliary atresia	MONDO:0008828	biliary atresia	false	no match	MONDO:0008867	true	false	medium
Biotinidase Deficiency	MONDO:0009665	biotinidase deficiency	true	MONDO:0009665	MONDO:0009665	true	true	medium
Biotinidase deficiency	MONDO:0009665	biotinidase deficiency	true	MONDO:0009665	MONDO:0009665	true	true	medium
Birt-Hogg-Dube syndrome	MONDO:0007234	Birt-Hogg-Dube syndrome	false	no match	MONDO:0800444	true	false	medium
Birt-Hogg-Dubé Syndrome	MONDO:0007234	Birt-Hogg-Dube syndrome	false	no match	MONDO:0800444	true	false	medium
Birt-Hogg-Dubé syndrome	MONDO:0007234	Birt-Hogg-Dube syndrome	false	no match	MONDO:0800444	true	false	medium
Björnstad Syndrome	MONDO:0009910	Bjornstad syndrome	false	no match	MONDO:0009872	true	false	low
Björnstad syndrome	MONDO:0009910	Bjornstad syndrome	false	no match	MONDO:0009872	true	false	low
Blau syndrome	MONDO:0008523	Blau syndrome	true	MONDO:0008523	MONDO:0008523	true	true	medium
Blepharocheilodontic syndrome	MONDO:0007209	blepharocheilodontic syndrome	false	no match	MONDO:0007339	true	false	low
Blepharophimosis Ptosis Epicanthus Inversus Syndrome (BPES)	MONDO:0007211	blepharophimosis, ptosis, and epicanthus inversus syndrome	false	no match		false		low
Blepharophimosis Ptosis Epicanthus Inversus Syndrome Type I	MONDO:0007211	blepharophimosis, ptosis, and epicanthus inversus syndrome	false	no match		false		low
Blepharophimosis Ptosis Epicanthus Inversus syndrome (BPES)	MONDO:0007211	blepharophimosis, ptosis, and epicanthus inversus syndrome	false	no match		false		low
Blepharophimosis ptosis epicanthus inversus syndrome type I (BPES type I)	MONDO:0007211	blepharophimosis, ptosis, and epicanthus inversus syndrome	false	no match		false		low
Blepharophimosis-Ptosis-Epicanthus Inversus Syndrome (BPES)	MONDO:0007211	blepharophimosis, ptosis, and epicanthus inversus syndrome	false	no match		false		low
Blepharophimosis-Ptosis-Epicanthus Inversus syndrome	MONDO:0007211	blepharophimosis, ptosis, and epicanthus inversus syndrome	false	no match		false		low
Blepharophimosis-Ptosis-Epicanthus Inversus syndrome (BPES)	MONDO:0007211	blepharophimosis, ptosis, and epicanthus inversus syndrome	false	no match		false		low
Blepharophimosis-ptosis-epicanthus inversus syndrome Type I	MONDO:0007211	blepharophimosis, ptosis, and epicanthus inversus syndrome	false	no match		false		low
Bloom Syndrome	MONDO:0008876	Bloom syndrome	true	MONDO:0008876	MONDO:0008876	true	true	high
Bloom syndrome	MONDO:0008876	Bloom syndrome	true	MONDO:0008876	MONDO:0008876	true	true	medium
Blue cone monochromacy	MONDO:0010546	blue cone monochromacy	false	no match	MONDO:0010563	true	false	low
Bohring-Opitz Syndrome	MONDO:0011507	Bohring-Opitz syndrome	false	no match	MONDO:0011510	true	false	low
Bohring-Opitz syndrome	MONDO:0011507	Bohring-Opitz syndrome	false	no match	MONDO:0011510	true	false	low
Borjeson-Forssman-Lehmann syndrome	MONDO:0010532	Borjeson-Forssman-Lehmann syndrome	false	no match	MONDO:0010537	true	false	low
Boston-type craniosynostosis	MONDO:0011446	craniosynostosis 2	false	no match		false		low
Boucher-Neuhauser syndrome	MONDO:0009889	Boucher-Neuhauser syndrome	false	no match	MONDO:0008980	true	false	low
Boucher-Neuhäuser syndrome	MONDO:0009889	Boucher-Neuhauser syndrome	false	no match	MONDO:0008980	true	false	low
Brachio-oto-renal (BOR) syndrome	MONDO:0019481	branchiootorenal syndrome	false	no match		false		low
Brachio-oto-renal syndrome	MONDO:0019481	branchiootorenal syndrome	false	no match		false		low
Brachydactyly Type D	MONDO:0007217	brachydactyly type D	false	no match	MONDO:0007222	true	false	low
Brachydactyly type A1	MONDO:0007213	brachydactyly type A1	false	no match	MONDO:0007215	true	false	low
Brachydactyly type A2	MONDO:0007214	brachydactyly type A2	false	no match	MONDO:0007216	true	false	low
Brachydactyly type C	MONDO:0007216	brachydactyly type C	false	no match	MONDO:0007221	true	false	low
Brachydactyly type D	MONDO:0007217	brachydactyly type D	false	no match	MONDO:0007222	true	false	low
Brachydactyly type E	MONDO:0007218	brachydactyly type E	false	no match	MONDO:0019677	true	false	low
Brachydactyly-mental retardation syndrome	MONDO:0010059	brachydactyly-intellectual disability syndrome	false	no match	MONDO:0010886	true	false	low
Brachydactyly-short stature syndrome	MONDO:0010059	brachydactyly-intellectual disability syndrome	false	no match		false		low
Bradyopsia	MONDO:0012047	bradyopsia	false	no match	MONDO:0012033	true	false	low
Bradyopsia (RGS9 or R9AP deficiency)	MONDO:0012047	bradyopsia	false	no match		false		low
Bradyopsia (RGS9 or R9AP gene mutations)	MONDO:0012047	bradyopsia	false	no match		false		low
Branched-Chain Amino Acid Deficiency Disorder	MONDO:0013895	branched-chain keto acid dehydrogenase kinase deficiency	false	no match		false		low
Branchio-Oculo-Facial syndrome	MONDO:0007220	branchiooculofacial syndrome	false	no match	MONDO:0007235	true	false	medium
Branchio-Oto-Renal (BOR) Syndrome	MONDO:0019481	branchiootorenal syndrome	false	no match		false		low
Branchio-Oto-Renal (BOR) syndrome	MONDO:0019481	branchiootorenal syndrome	false	no match		false		low
Branchio-oculo-facial syndrome	MONDO:0007220	branchiooculofacial syndrome	false	no match	MONDO:0007235	true	false	medium
Branchio-oto-renal (BOR) syndrome	MONDO:0019481	branchiootorenal syndrome	false	no match		false		low
Branchio-oto-renal syndrome	MONDO:0019481	branchiootorenal syndrome	false	no match	MONDO:0007029	true	false	low
Branchiooculofacial syndrome	MONDO:0007220	branchiooculofacial syndrome	false	no match	MONDO:0007235	true	false	medium
Branchiootorenal syndrome	MONDO:0019481	branchiootorenal syndrome	false	no match	MONDO:0007029	true	false	low
Breath-holding spells	no match		false	no match	MONDO:0011861	true	false	low
Brittle Cornea Syndrome	MONDO:0017294	brittle cornea syndrome	false	no match	MONDO:0009242	true	false	low
Brittle cornea syndrome	MONDO:0017294	brittle cornea syndrome	false	no match	MONDO:0009242	true	false	low
Brody disease	MONDO:0011029	Brody myopathy	false	no match	MONDO:0010977	true	false	low
Brooke-Spiegler Syndrome	MONDO:0011509	Brooke-Spiegler syndrome	false	no match	MONDO:0011512	true	false	low
Brooke-Spiegler syndrome	MONDO:0011509	Brooke-Spiegler syndrome	false	no match	MONDO:0011512	true	false	low
Bruck Syndrome	MONDO:0009889	Bruck syndrome	false	no match	MONDO:0017195	true	false	low
Bruck syndrome	MONDO:0009889	Bruck syndrome	false	no match	MONDO:0017195	true	false	low
Brugada Syndrome	MONDO:0015263	Brugada syndrome	true	MONDO:0015263	MONDO:0015263	true	true	medium
Brugada syndrome	MONDO:0015263	Brugada syndrome	true	MONDO:0015263	MONDO:0015263	true	true	medium
Bulbar palsy	MONDO:0020728	progressive bulbar palsy	false	no match		false		low
C1r or C1s deficiency	MONDO:0013418	C1s deficiency	false	no match		false		low
CACNA1A-related Episodic Ataxia Type 2	MONDO:0007141	episodic ataxia type 2	false	no match		false		low
CACNA1A-related disorders (e.g., Episodic Ataxia Type 2)	MONDO:0007141	episodic ataxia type 2	false	no match		false		low
CADASIL	MONDO:0000914	cerebral autosomal dominant arteriopathy with subcortical infarcts and leukoencephalopathy	true	MONDO:0000914	MONDO:0000914;MONDO:0007432	true	true	low
CADASIL (Cerebral Autosomal Dominant Arteriopathy with Subcortical Infarcts and Leukoencephalopathy)	MONDO:0000914	cerebral autosomal dominant arteriopathy with subcortical infarcts and leukoencephalopathy	true	MONDO:0000914		false		low
CARD14-mediated psoriasis	MONDO:0011269	psoriasis 2	true	MONDO:0011269		false		low
CARD9 Deficiency	MONDO:0013087	CARD9 deficiency	false	no match	MONDO:0008905	true	false	low
CARD9 deficiency	MONDO:0013087	CARD9 deficiency	false	no match	MONDO:0008905	true	false	low
CASK-related disorder	MONDO:0100143	CASK-related disorder	false	no match	MONDO:1060192	true	false	low
CASK-related disorder (CASK gene mutation)	MONDO:0010458	intellectual developmental disorder and microcephaly with pontine and cerebellar hypoplasia	false	no match		false		low
CASK-related disorder (Microcephaly with Pontine and Cerebellar Hypoplasia)	MONDO:0010458	intellectual developmental disorder and microcephaly with pontine and cerebellar hypoplasia	false	no match		false		low
CASK-related disorders	MONDO:0010458	intellectual developmental disorder and microcephaly with pontine and cerebellar hypoplasia	false	no match		false		low
CASK-related disorders (e.g., MICPCH)	MONDO:0010458	intellectual developmental disorder and microcephaly with pontine and cerebellar hypoplasia	false	no match		false		low
CASK-related microcephaly with pontine and cerebellar hypoplasia (MICPCH)	MONDO:0010458	intellectual developmental disorder and microcephaly with pontine and cerebellar hypoplasia	false	no match		false		low
CATSPER gene mutations causing asthenozoospermia	MONDO:0012738	spermatogenic failure 7	false	no match		false		low
CATSPER-related male infertility	MONDO:0012738	spermatogenic failure 7	false	no match		false		low
CAV1-Associated Congenital Generalized Lipodystrophy	MONDO:0012919	congenital generalized lipodystrophy type 3	false	no match		false		low
CBL syndrome	MONDO:0013196	Noonan syndrome-like disorder with or without juvenile myelomonocytic leukemia	false	no match	MONDO:0013308	true	false	low
CCDC115-CDG (CCDC115 deficiency)	MONDO:0014859	CCDC115-CDG	false	no match		false		low
CD19 deficiency	MONDO:0012645	immunodeficiency, common variable, 3	false	no match		false		low
CD3 deficiency	MONDO:0015131	immunodeficiency due to CD3 deficiency	false	no match	MONDO:0014276	true	false	low
CD45 deficiency	MONDO:0013297	severe combined immunodeficiency due to CD45 deficiency	false	no match	MONDO:0015702	true	false	low
CDKL5 Deficiency Disorder	MONDO:0100039	CDKL5 disorder	true	MONDO:0100039	MONDO:0100039	true	true	medium
CDKL5 deficiency disorder	MONDO:0100039	CDKL5 disorder	true	MONDO:0100039	MONDO:0100039	true	true	medium
CDKL5-related Disorder	MONDO:0100039	CDKL5 disorder	true	MONDO:0100039	MONDO:0100039	true	true	low
CDKL5-related Epileptic Encephalopathy	MONDO:0010383	developmental and epileptic encephalopathy, 2	false	no match		false		low
CDKL5-related disorder	MONDO:0100039	CDKL5 disorder	true	MONDO:0100039	MONDO:0100039	true	true	low
CDKL5-related epileptic encephalopathy	MONDO:0010383	developmental and epileptic encephalopathy, 2	false	no match		false		low
CEDNIK syndrome	MONDO:0012279	CEDNIK syndrome	false	no match	MONDO:0012290	true	false	low
CEL-MODY (MODY 8)	MONDO:0012348	maturity-onset diabetes of the young type 8	true	MONDO:0012348		false		low
CHARGE Syndrome	MONDO:0008965	CHARGE syndrome	true	MONDO:0008965	MONDO:0008965	true	true	high
CHARGE syndrome	MONDO:0008965	CHARGE syndrome	true	MONDO:0008965	MONDO:0008965	true	true	high
CHD2-Related Epilepsy	MONDO:0014178	epileptic encephalopathy, childhood-onset	false	no match		false		low
CHD2-related disorder	MONDO:0014178	epileptic encephalopathy, childhood-onset	false	no match		false		low
CHD2-related epileptic encephalopathy	MONDO:0014178	epileptic encephalopathy, childhood-onset	false	no match		false		low
CHD8 Mutation	MONDO:0013898	autism, susceptibility to, 18	false	no match		false		low
CHD8 Mutation-associated Autism Spectrum Disorder	MONDO:0013898	autism, susceptibility to, 18	false	no match		false		low
CHD8 Mutation-related Autism	MONDO:0013898	autism, susceptibility to, 18	false	no match		false		low
CHD8 gene mutation	MONDO:0013898	autism, susceptibility to, 18	false	no match		false		low
CHD8 mutation-associated autism	MONDO:0013898	autism, susceptibility to, 18	false	no match		false		low
CHD8 mutation-associated autism spectrum disorder	MONDO:0013898	autism, susceptibility to, 18	false	no match		false		low
CHD8-Related Autism Spectrum Disorder	MONDO:0013898	autism, susceptibility to, 18	false	no match		false		low
CHD8-related Autism Spectrum Disorder	MONDO:0013898	autism, susceptibility to, 18	false	no match		false		low
CHD8-related autism spectrum disorder	MONDO:0013898	autism, susceptibility to, 18	false	no match		false		low
CHD8-related disorder	MONDO:0013898	autism, susceptibility to, 18	false	no match		false		low
CHILD syndrome	MONDO:0010565	CHILD syndrome	false	no match	MONDO:0010621;MONDO:0017014	true	false	low
CLOVES syndrome (Congenital Lipomatous Overgrowth, Vascular malformations, Epidermal nevi, and Spinal anomalies)	MONDO:0013183	CLOVES syndrome	false	no match		false		low
CNKSR2-related intellectual disability and epilepsy	MONDO:0010643	Houge type X-linked syndromic intellectual disability	false	no match		false		low
CNTNAP2 mutation-associated Autism Spectrum Disorder	MONDO:0012513	cortical dysplasia-focal epilepsy syndrome	false	no match		false		low
CNTNAP2 mutation-associated autism spectrum disorder	MONDO:0012513	cortical dysplasia-focal epilepsy syndrome	false	no match		false		low
CNTNAP2-Related Autism	MONDO:0012513	cortical dysplasia-focal epilepsy syndrome	false	no match		false		low
CNTNAP2-Related Disorder	MONDO:0012513	cortical dysplasia-focal epilepsy syndrome	false	no match		false		low
CNTNAP2-related autism	MONDO:0012513	cortical dysplasia-focal epilepsy syndrome	false	no match		false		low
CNTNAP2-related autism spectrum disorder	MONDO:0012513	cortical dysplasia-focal epilepsy syndrome	false	no match		false		low
CNTNAP2-related disorder	MONDO:0012513	cortical dysplasia-focal epilepsy syndrome	false	no match		false		low
COACH syndrome	MONDO:0018772	Joubert syndrome with hepatic defect	false	no match	MONDO:0100349	true	false	low
COASY protein-associated neurodegeneration	MONDO:0014446	COASY protein-associated neurodegeneration	false	no match		false		low
COG4-CDG (Congenital Disorder of Glycosylation Type IIj)	MONDO:0013066	COG4-CDG	false	no match		false		low
COL4A1-related cerebrovascular disease	MONDO:0007591	brain small vessel disease 1 with or without ocular anomalies	false	no match		false		low
COL4A1-related cerebrovascular disorder	MONDO:0007653	brain small vessel disease 1 with or without ocular anomalies	false	no match		false		low
COL4A1-related disorder	MONDO:0007653	brain small vessel disease 1 with or without ocular anomalies	false	no match	MONDO:0800461	true	false	low
COL4A1-related disorders	MONDO:0007653	brain small vessel disease 1 with or without ocular anomalies	false	no match	MONDO:0800461	true	false	low
COPA Syndrome	MONDO:0014670	autoimmune interstitial lung, joint, and kidney disease	false	no match	MONDO:0014629	true	false	medium
COX10 deficiency	MONDO:0012926	mitochondrial complex IV deficiency, nuclear type 3	false	no match		false		low
COX15 deficiency	MONDO:0012924	mitochondrial complex IV deficiency, nuclear type 6	false	no match		false		low
CTLA-4 Haploinsufficiency	MONDO:0014527	autoimmune lymphoproliferative syndrome due to CTLA4 haploinsuffiency	false	no match		false		medium
CTLA-4 deficiency	MONDO:0014527	autoimmune lymphoproliferative syndrome due to CTLA4 haploinsuffiency	false	no match		false		medium
CTLA4 Deficiency	MONDO:0014527	autoimmune lymphoproliferative syndrome due to CTLA4 haploinsuffiency	false	no match		false		medium
CTLA4 Haploinsufficiency	MONDO:0014527	autoimmune lymphoproliferative syndrome due to CTLA4 haploinsuffiency	false	no match	MONDO:0014493	true	false	medium
CTLA4 haploinsufficiency	MONDO:0014527	autoimmune lymphoproliferative syndrome due to CTLA4 haploinsuffiency	false	no match	MONDO:0014493	true	false	medium
CTNNB1-related neurodevelopmental disorder	MONDO:0013883	neurodevelopmental disorder with spastic diplegia and visual defects	false	no match		false		low
Callosal agenesis with intellectual disability	MONDO:0006038	agenesis of the corpus callosum	false	no match		false		low
Calmodulinopathy (CALM gene mutations)	MONDO:0014368	long QT syndrome 14	false	no match		false		low
Calpainopathy (Limb-Girdle Muscular Dystrophy type 2A)	MONDO:0009676	autosomal recessive limb-girdle muscular dystrophy type 2A	false	no match		false		medium
Campomelic dysplasia	MONDO:0007251	campomelic dysplasia	true	MONDO:0007251	MONDO:0007251	true	true	high
Camurati-Engelmann disease	MONDO:0007254	Camurati-Engelmann disease	false	no match	MONDO:0007542	true	false	high
Canavan Disease	MONDO:0010079	Canavan disease	true	MONDO:0010079	MONDO:0010079	true	true	high
Canavan disease	MONDO:0010079	Canavan disease	true	MONDO:0010079	MONDO:0010079	true	true	high
Cantu syndrome	MONDO:0009406	hypertrichotic osteochondrodysplasia Cantu type	true	MONDO:0009406	MONDO:0009406	true	true	medium
Cantú syndrome	MONDO:0009406	hypertrichotic osteochondrodysplasia Cantu type	true	MONDO:0009406		false		medium
Carbamoyl phosphate synthetase I deficiency	MONDO:0011002	carbamoyl-phosphate synthetase 1 deficiency	false	no match		false		medium
Carbonic anhydrase II deficiency	MONDO:0009810	osteopetrosis, autosomal recessive 3	false	no match	MONDO:0009818	true	false	low
Carbonic anhydrase II deficiency syndrome	MONDO:0009810	osteopetrosis, autosomal recessive 3	false	no match		false		low
Cardiac Sarcoidosis	MONDO:0005300	cardiac sarcoidosis	false	no match	MONDO:0001707	true	false	low
Cardiac amyloidosis	MONDO:0019381	cardiac amyloidosis	false	no match		false		low
Cardiac hemochromatosis	MONDO:0006507	hereditary hemochromatosis	true	MONDO:0006507		false		low
Cardiac sarcoidosis	MONDO:0005300	cardiac sarcoidosis	false	no match	MONDO:0001707	true	false	low
Cardiac variant of Fabry disease	MONDO:0010526	Fabry disease	true	MONDO:0010526		false		medium
Cardio-Facio-Cutaneous (CFC) syndrome	MONDO:0015280	cardiofaciocutaneous syndrome	true	MONDO:0015280		false		high
Cardio-facio-cutaneous syndrome	MONDO:0015280	cardiofaciocutaneous syndrome	true	MONDO:0015280	MONDO:0015280	true	true	high
Cardioencephalomyopathy due to SCO2 deficiency	MONDO:0012179	mitochondrial complex IV deficiency, nuclear type 2	false	no match		false		low
Cardiofaciocutaneous (CFC) syndrome	MONDO:0015280	cardiofaciocutaneous syndrome	true	MONDO:0015280	MONDO:0015280	true	true	high
Cardiofaciocutaneous Syndrome	MONDO:0015280	cardiofaciocutaneous syndrome	true	MONDO:0015280	MONDO:0007265;MONDO:0015280	true	true	high
Cardiofaciocutaneous syndrome	MONDO:0015280	cardiofaciocutaneous syndrome	true	MONDO:0015280	MONDO:0007265;MONDO:0015280	true	true	high
Carney complex	MONDO:0019382	Carney complex	false	no match	MONDO:0015285	true	false	medium
Carnitine Palmitoyltransferase I (CPT I) deficiency	MONDO:0009864	carnitine palmitoyltransferase 1A deficiency	false	no match		false		medium
Carnitine Palmitoyltransferase II Deficiency	MONDO:0017265	carnitine palmitoyl transferase II deficiency	false	no match	MONDO:0015515	true	false	medium
Carnitine Palmitoyltransferase II Deficiency (CPT II deficiency)	MONDO:0017265	carnitine palmitoyl transferase II deficiency	false	no match		false		medium
Carnitine Uptake Deficiency	MONDO:0008919	systemic primary carnitine deficiency disease	true	MONDO:0008919	MONDO:0008919	true	true	medium
Carnitine deficiency	MONDO:0008919	systemic primary carnitine deficiency disease	true	MONDO:0008919	MONDO:0008919	true	true	low
Carnitine palmitoyltransferase I (CPT I) deficiency	MONDO:0009864	carnitine palmitoyltransferase 1A deficiency	false	no match		false		medium
Carnitine palmitoyltransferase I deficiency	MONDO:0009864	carnitine palmitoyltransferase 1A deficiency	false	no match	MONDO:0009705	true	false	medium
Carnitine palmitoyltransferase I deficiency (CPT I deficiency)	MONDO:0009864	carnitine palmitoyltransferase 1A deficiency	false	no match		false		medium
Carnitine palmitoyltransferase II (CPT II) deficiency	MONDO:0017265	carnitine palmitoyl transferase II deficiency	false	no match	MONDO:0015515	true	false	medium
Carnitine palmitoyltransferase II deficiency	MONDO:0017265	carnitine palmitoyl transferase II deficiency	false	no match	MONDO:0015515	true	false	medium
Carnitine palmitoyltransferase II deficiency (CPT II deficiency)	MONDO:0017265	carnitine palmitoyl transferase II deficiency	false	no match		false		medium
Carnitine transport deficiency	MONDO:0008919	systemic primary carnitine deficiency disease	true	MONDO:0008919		false		medium
Carnitine transporter deficiency	MONDO:0008919	systemic primary carnitine deficiency disease	true	MONDO:0008919	MONDO:0008919	true	true	medium
Carnitine transporter deficiency (Primary carnitine deficiency)	MONDO:0008919	systemic primary carnitine deficiency disease	true	MONDO:0008919		false		medium
Carnitine transporter deficiency (primary carnitine deficiency)	MONDO:0008919	systemic primary carnitine deficiency disease	true	MONDO:0008919		false		medium
Carpal tunnel syndrome	MONDO:0005320	carpal tunnel syndrome	false	no match	MONDO:0007275;MONDO:0020730	true	false	low
Carpenter Syndrome	MONDO:0009907	Carpenter syndrome 1	false	no match	MONDO:0008710;MONDO:0019012	true	false	medium
Carpenter syndrome	MONDO:0009907	Carpenter syndrome 1	false	no match	MONDO:0008710;MONDO:0019012	true	false	medium
Carpenter syndrome (Acrocephalopolysyndactyly type II)	MONDO:0009907	Carpenter syndrome 1	false	no match		false		medium
Carpenter syndrome (acrocephalopolysyndactyly type II)	MONDO:0009907	Carpenter syndrome 1	false	no match		false		medium
Cartilage-Hair Hypoplasia	MONDO:0009910	cartilage-hair hypoplasia	false	no match	MONDO:0009595	true	false	low
Cartilage-Hair Hypoplasia (CHH)	MONDO:0009910	cartilage-hair hypoplasia	false	no match		false		low
Cartilage-hair hypoplasia	MONDO:0009910	cartilage-hair hypoplasia	false	no match	MONDO:0009595	true	false	low
Carvajal syndrome	MONDO:0011123	Carvajal syndrome	false	no match	MONDO:0011581	true	false	low
Castleman Disease	MONDO:0015564	Castleman disease	true	MONDO:0015564	MONDO:0015564	true	true	medium
Cat Eye Syndrome	MONDO:0007257	cat eye syndrome	false	no match	MONDO:0007276	true	false	low
Cat Eye syndrome	MONDO:0007257	cat eye syndrome	false	no match	MONDO:0007276	true	false	low
Cat eye syndrome	MONDO:0007257	cat eye syndrome	false	no match	MONDO:0007276	true	false	low
Cat's Eye syndrome	MONDO:0007257	cat eye syndrome	false	no match		false		low
Cat-eye syndrome	MONDO:0007257	cat eye syndrome	false	no match	MONDO:0007276	true	false	low
Cataracts	MONDO:0005129	cataract	true	MONDO:0005129		false		high
Catecholaminergic Polymorphic Ventricular Tachycardia	MONDO:0017990	catecholaminergic polymorphic ventricular tachycardia	true	MONDO:0017990	MONDO:0017990	true	true	medium
Catecholaminergic Polymorphic Ventricular Tachycardia (CPVT)	MONDO:0017990	catecholaminergic polymorphic ventricular tachycardia	true	MONDO:0017990		false		medium
Catecholaminergic polymorphic ventricular tachycardia	MONDO:0017990	catecholaminergic polymorphic ventricular tachycardia	true	MONDO:0017990	MONDO:0017990	true	true	medium
Catecholaminergic polymorphic ventricular tachycardia (CPVT)	MONDO:0017990	catecholaminergic polymorphic ventricular tachycardia	true	MONDO:0017990		false		medium
Caudal regression syndrome	MONDO:0006037	caudal regression syndrome	false	no match	MONDO:0017607	true	false	low
Celiac Disease	MONDO:0005130	celiac disease	true	MONDO:0005130	MONDO:0005130	true	true	high
Cenani-Lenz syndactylism	MONDO:0008925	Cenani-Lenz syndactyly syndrome	false	no match		false		low
Cenani-Lenz syndactyly syndrome	MONDO:0008925	Cenani-Lenz syndactyly syndrome	false	no match	MONDO:0008931	true	false	low
Central Core Disease	MONDO:0008097	central core myopathy	false	no match	MONDO:0007294	true	false	low
Central core disease	MONDO:0008097	central core myopathy	false	no match	MONDO:0007294	true	false	low
Centronuclear (myotubular) myopathy	MONDO:0018947	centronuclear myopathy	true	MONDO:0018947		false		medium
Centronuclear Myopathy	MONDO:0018947	centronuclear myopathy	true	MONDO:0018947	MONDO:0018947	true	true	medium
Centronuclear myopathy	MONDO:0018947	centronuclear myopathy	true	MONDO:0018947	MONDO:0018947	true	true	medium
Centronuclear myopathy (myotubular myopathy)	MONDO:0018947	centronuclear myopathy	true	MONDO:0018947		false		medium
Cerebral Autosomal Dominant Arteriopathy with Subcortical Infarcts and Leukoencephalopathy (CADASIL)	MONDO:0000914	cerebral autosomal dominant arteriopathy with subcortical infarcts and leukoencephalopathy	true	MONDO:0000914		false		medium
Cerebral Palsy	MONDO:0006497	cerebral palsy	true	MONDO:0006497	MONDO:0006497	true	true	high
Cerebral Palsy (spastic diplegia)	MONDO:0006497	cerebral palsy	true	MONDO:0006497		false		medium
Cerebral palsy	MONDO:0006497	cerebral palsy	true	MONDO:0006497	MONDO:0006497	true	true	high
Cerebral palsy (due to periventricular leukomalacia)	MONDO:0006497	cerebral palsy	true	MONDO:0006497		false		medium
Cerebral palsy (spastic diplegia subtype)	MONDO:0006497	cerebral palsy	true	MONDO:0006497		false		medium
Cerebral palsy (spastic diplegia type)	MONDO:0006497	cerebral palsy	true	MONDO:0006497		false		medium
Cerebral palsy (spastic diplegia)	MONDO:0006497	cerebral palsy	true	MONDO:0006497		false		medium
Cerebro-oculo-facio-skeletal (COFS) syndrome	MONDO:0016006	cerebro-oculo-facio-skeletal syndrome	false	no match		false		low
Cerebrooculofacioskeletal syndrome	MONDO:0016006	cerebro-oculo-facio-skeletal syndrome	false	no match	MONDO:0008926	true	false	low
Cerebrotendinous Xanthomatosis	MONDO:0008948	cerebrotendinous xanthomatosis	true	MONDO:0008948	MONDO:0008948	true	true	medium
Cerebrotendinous xanthomatosis	MONDO:0008948	cerebrotendinous xanthomatosis	true	MONDO:0008948	MONDO:0008948	true	true	medium
Cervical Spondylotic Myelopathy	no match		false	no match		false		low
Cervical spondylotic myelopathy	no match		false	no match		false		low
Chanarin-Dorfman syndrome	MONDO:0009796	Chanarin-Dorfman syndrome	false	no match	MONDO:0010155;MONDO:0015611	true	false	low
Chanarin-Dorfman syndrome (Neutral lipid storage disease with ichthyosis)	MONDO:0009796	Chanarin-Dorfman syndrome	false	no match		false		low
Char syndrome	MONDO:0007305	Char syndrome	false	no match	MONDO:0008209	true	false	low
Charcot-Marie-Tooth Disease	MONDO:0015626	Charcot-Marie-Tooth disease	true	MONDO:0015626	MONDO:0015626	true	true	medium
Charcot-Marie-Tooth Disease (Certain Subtypes)	MONDO:0015626	Charcot-Marie-Tooth disease	true	MONDO:0015626		false		low
Charcot-Marie-Tooth Disease (Severe Early-Onset Form)	MONDO:0015626	Charcot-Marie-Tooth disease	true	MONDO:0015626		false		low
Charcot-Marie-Tooth Disease Type 2	MONDO:0018993	Charcot-Marie-Tooth disease type 2	true	MONDO:0018993	MONDO:0018993	true	true	medium
Charcot-Marie-Tooth Disease Type 2 (CMT2)	MONDO:0018993	Charcot-Marie-Tooth disease type 2	true	MONDO:0018993		false		medium
Charcot-Marie-Tooth Disease Type 3 (Dejerine-Sottas Disease)	MONDO:0007150	Dejerine-Sottas disease	false	no match		false		low
Charcot-Marie-Tooth Disease Type 4	MONDO:0018995	Charcot-Marie-Tooth disease type 4	true	MONDO:0018995	MONDO:0018995	true	true	medium
Charcot-Marie-Tooth disease	MONDO:0015626	Charcot-Marie-Tooth disease	true	MONDO:0015626	MONDO:0015626	true	true	high
Charcot-Marie-Tooth disease (CMT)	MONDO:0015626	Charcot-Marie-Tooth disease	true	MONDO:0015626		false		high
Charcot-Marie-Tooth disease Type 4C	MONDO:0011463	Charcot-Marie-Tooth disease type 4C	false	no match	MONDO:0011113	true	false	medium
Charcot-Marie-Tooth disease type 2	MONDO:0018993	Charcot-Marie-Tooth disease type 2	true	MONDO:0018993	MONDO:0018993	true	true	medium
Charcot-Marie-Tooth disease type 2 (CMT2)	MONDO:0018993	Charcot-Marie-Tooth disease type 2	true	MONDO:0018993		false		medium
Charcot-Marie-Tooth disease type 4	MONDO:0018995	Charcot-Marie-Tooth disease type 4	true	MONDO:0018995	MONDO:0018995	true	true	medium
Charcot-Marie-Tooth disease type 4C	MONDO:0011463	Charcot-Marie-Tooth disease type 4C	false	no match	MONDO:0011113	true	false	medium
Chediak-Higashi Syndrome	MONDO:0008962	Chediak-Higashi syndrome	false	no match	MONDO:0008963	true	false	medium
Chediak-Higashi syndrome	MONDO:0008962	Chediak-Higashi syndrome	false	no match	MONDO:0008963	true	false	medium
Chiari II malformation	MONDO:0018086	Chiari malformation type II	false	no match		false		low
Chiari Malformation Type I	MONDO:0000115	Chiari malformation type I	false	no match	MONDO:0007316	true	false	low
Chiari malformation	MONDO:0000115	Chiari malformation type I	false	no match	MONDO:0000115	true	false	low
Childhood disintegrative disorder	MONDO:0005372	childhood disintegrative disorder	false	no match	MONDO:0015681	true	false	low
Cholesterol ester storage disease (lysosomal acid lipase deficiency)	MONDO:0009498	lysosomal acid lipase deficiency	false	no match		false		medium
Cholesteryl ester storage disease (Lysosomal acid lipase deficiency)	MONDO:0009498	lysosomal acid lipase deficiency	false	no match		false		medium
Chondrodysplasia Punctata	MONDO:0019662	chondrodysplasia punctata	false	no match	MONDO:0019701	true	false	low
Chondrodysplasia punctata	MONDO:0019662	chondrodysplasia punctata	false	no match	MONDO:0019701	true	false	low
Chondrodysplasia punctata (rhizomelic type)	MONDO:0018300	rhizomelic chondrodysplasia punctata	false	no match		false		low
Chondrodysplasia punctata type II (Conradi-Hünermann syndrome)	MONDO:0010565	X-linked dominant chondrodysplasia punctata 2	false	no match		false		low
Chorea-Acanthocytosis	MONDO:0008993	chorea-acanthocytosis	false	no match	MONDO:0008695	true	false	medium
Chorea-acanthocytosis	MONDO:0008993	chorea-acanthocytosis	false	no match	MONDO:0008695	true	false	medium
Choroid plexus papilloma	MONDO:0016726	choroid plexus papilloma	false	no match	MONDO:0009837	true	false	low
Choroideremia	MONDO:0010564	choroideremia	false	no match	MONDO:0010557	true	false	low
Christianson Syndrome	MONDO:0010308	Christianson syndrome	false	no match	MONDO:0010278	true	false	low
Christianson syndrome	MONDO:0010308	Christianson syndrome	false	no match	MONDO:0010278	true	false	low
Christianson syndrome (SLC9A6 mutations)	MONDO:0010308	Christianson syndrome	false	no match		false		low
Chromosomal abnormalities (e.g., agenesis of the corpus callosum associated with genetic syndromes)	MONDO:0019040	chromosomal disorder	true	MONDO:0019040		false		low
Chromosomal anomalies involving 3q duplication	MONDO:0019040	chromosomal disorder	true	MONDO:0019040		false		low
Chromosomal microdeletion syndrome	MONDO:0019040	chromosomal disorder	true	MONDO:0019040		false		low
Chromosome 16p11.2 deletion syndrome	MONDO:0013266	chromosome 16p11.2 deletion syndrome	false	no match	MONDO:0012756	true	false	low
Chromosome 16p13.3 duplication syndrome	MONDO:0013632	chromosome 16p13.3 duplication syndrome	false	no match	MONDO:0013273	true	false	low
Chromosome 18p deletion syndrome	MONDO:0008935	chromosome 18p deletion syndrome	false	no match	MONDO:0007800	true	false	low
Chromosome 1p36 deletion syndrome	MONDO:0013720	1p36 deletion syndrome	false	no match	MONDO:0011929	true	false	low
Chromosome 2q37 deletion syndrome	MONDO:0009621	2q37 microdeletion syndrome	false	no match		false		low
Chromosome 3p deletion syndrome	MONDO:0013331	chromosome 3p deletion syndrome	false	no match		false		low
Chromosome 8p23.1 deletion syndrome	MONDO:0013603	chromosome 8p23.1 deletion syndrome	false	no match		false		low
Chromosome 9p Deletion Syndrome	MONDO:0008829	chromosome 9p deletion syndrome	false	no match	MONDO:0008013	true	false	low
Chromosome 9p deletion syndrome	MONDO:0008829	chromosome 9p deletion syndrome	false	no match	MONDO:0008013	true	false	low
Chronic Granulomatous Disease	MONDO:0018305	chronic granulomatous disease	true	MONDO:0018305	MONDO:0018305	true	true	medium
Chronic Granulomatous Disease (CGD)	MONDO:0018305	chronic granulomatous disease	true	MONDO:0018305		false		medium
Chronic Inflammatory Demyelinating Polyneuropathy	MONDO:0005302	chronic inflammatory demyelinating polyneuropathy	false	no match	MONDO:0006702;MONDO:0016169	true	false	low
Chronic Mucocutaneous Candidiasis	MONDO:0015964	chronic mucocutaneous candidiasis	false	no match	MONDO:0015279	true	false	low
Chronic Mucocutaneous Candidiasis (CMC)	MONDO:0015964	chronic mucocutaneous candidiasis	false	no match		false		low
Chronic Mucocutaneous Candidiasis (CMC) due to STAT1 Mutation	MONDO:0013599	candidiasis, familial, 7	false	no match		false		low
Chronic Mucocutaneous Candidiasis (Familial Type)	MONDO:0017293	familial chronic mucocutaneous candidiasis	false	no match		false		low
Chronic Mucocutaneous Candidiasis due to IL-17 Pathway Defects	MONDO:0015969	chronic mucocutaneous candidiasis	false	no match		false		low
Chronic Progressive External Ophthalmoplegia	MONDO:0000232	chronic progressive external ophthalmoplegia	false	no match		false		low
Chronic Progressive External Ophthalmoplegia (CPEO)	MONDO:0000232	chronic progressive external ophthalmoplegia	false	no match		false		low
Chronic granulomatous disease	MONDO:0018305	chronic granulomatous disease	true	MONDO:0018305	MONDO:0018305	true	true	medium
Chronic granulomatous disease (CGD)	MONDO:0018305	chronic granulomatous disease	true	MONDO:0018305		false		medium
Chronic idiopathic axonal neuropathy	MONDO:0005244	peripheral neuropathy	true	MONDO:0005244		false		low
Chronic inflammatory demyelinating polyneuropathy	MONDO:0005346	chronic inflammatory demyelinating polyneuropathy	false	no match	MONDO:0006702;MONDO:0016169	true	false	low
Chronic inflammatory demyelinating polyneuropathy (CIDP)	MONDO:0005346	chronic inflammatory demyelinating polyneuropathy	false	no match		false		low
Chronic mucocutaneous candidiasis	MONDO:0015969	chronic mucocutaneous candidiasis	false	no match	MONDO:0015279	true	false	low
Chronic mucocutaneous candidiasis (CMC disease)	MONDO:0015969	chronic mucocutaneous candidiasis	false	no match		false		low
Chronic mucocutaneous candidiasis (CMC)	MONDO:0015969	chronic mucocutaneous candidiasis	false	no match		false		low
Chronic mucocutaneous candidiasis disease	MONDO:0015969	chronic mucocutaneous candidiasis	false	no match		false		low
Chronic myeloid leukemia	MONDO:0011996	chronic myelogenous leukemia, BCR-ABL1 positive	true	MONDO:0011996	MONDO:0011996	true	true	medium
Chronic progressive external ophthalmoplegia	MONDO:0000232	chronic progressive external ophthalmoplegia	false	no match		false		low
Chronic progressive external ophthalmoplegia (CPEO)	MONDO:0000232	chronic progressive external ophthalmoplegia	false	no match		false		low
Chudley-McCullough syndrome	MONDO:0009910	Chudley-McCullough syndrome	false	no match	MONDO:0011411	true	false	low
Chédiak-Higashi Syndrome	MONDO:0008963	Chediak-Higashi syndrome	true	MONDO:0008963	MONDO:0008963	true	true	medium
Chédiak-Higashi syndrome	MONDO:0008963	Chediak-Higashi syndrome	true	MONDO:0008963	MONDO:0008963	true	true	medium
Citrin Deficiency (Type II Citrullinemia)	MONDO:0017260	citrin deficiency	false	no match		false		low
Citrin deficiency (Neonatal intrahepatic cholestasis caused by citrin deficiency)	MONDO:0012427	neonatal intrahepatic cholestasis due to citrin deficiency	false	no match		false		low
Citrin deficiency (Type II citrullinemia)	MONDO:0017260	citrin deficiency	false	no match		false		low
Citrin deficiency (neonatal intrahepatic cholestasis caused by citrin deficiency)	MONDO:0012427	neonatal intrahepatic cholestasis due to citrin deficiency	false	no match		false		low
Citrullinemia Type I	MONDO:0011200	citrullinemia type I	false	no match	MONDO:0008988	true	false	low
Citrullinemia Type I (Argininosuccinate synthetase deficiency)	MONDO:0011200	citrullinemia type I	false	no match		false		low
Citrullinemia Type II (Citrin Deficiency)	MONDO:0017260	citrin deficiency	false	no match		false		low
Citrullinemia type I	MONDO:0011200	citrullinemia type I	false	no match	MONDO:0008988	true	false	low
Citrullinemia type I (Argininosuccinate synthetase deficiency)	MONDO:0011200	citrullinemia type I	false	no match		false		low
Citrullinemia type II (Citrin deficiency)	MONDO:0017260	citrin deficiency	false	no match		false		low
Citrullinemia type II (citrin deficiency)	MONDO:0017260	citrin deficiency	false	no match		false		low
Classic Autism (Kanner's Autism)	MONDO:0005260	autism	true	MONDO:0005260		false		medium
Classic Ehlers-Danlos Syndrome	MONDO:0007522	Ehlers-Danlos syndrome, classic type	true	MONDO:0007522	MONDO:0007522	true	true	low
Classic homocystinuria (cystathionine beta-synthase deficiency)	MONDO:0009352	classic homocystinuria	true	MONDO:0009352		false		medium
Classical Ehlers-Danlos Syndrome	MONDO:0007522	Ehlers-Danlos syndrome, classic type	true	MONDO:0007522	MONDO:0007522	true	true	low
Classical Ehlers-Danlos syndrome	MONDO:0007522	Ehlers-Danlos syndrome, classic type	true	MONDO:0007522	MONDO:0007522	true	true	low
Classical Ehlers-Danlos syndrome (EDS Type I/II)	MONDO:0007522	Ehlers-Danlos syndrome, classic type	true	MONDO:0007522		false		low
Classical homocystinuria (cystathionine beta-synthase deficiency)	MONDO:0009352	classic homocystinuria	true	MONDO:0009352		false		medium
Classical-like Ehlers-Danlos Syndrome	MONDO:0009220	classical-like Ehlers-Danlos syndrome type 1	false	no match	MONDO:0011670	true	false	low
Cleidocranial dysostosis	MONDO:0007340	cleidocranial dysplasia	true	MONDO:0007340	MONDO:0007340	true	true	medium
Cleidocranial dysplasia	MONDO:0007340	cleidocranial dysplasia	true	MONDO:0007340	MONDO:0007340	true	true	medium
Clouston Syndrome (Hidrotic Ectodermal Dysplasia 2)	MONDO:0007728	hidrotic ectodermal dysplasia 2	false	no match		false		low
Clouston Syndrome (Hidrotic Ectodermal Dysplasia type 2)	MONDO:0007728	hidrotic ectodermal dysplasia 2	false	no match		false		low
Clouston Syndrome (Hidrotic Ectodermal Dysplasia)	MONDO:0007728	hidrotic ectodermal dysplasia 2	false	no match		false		low
Clouston syndrome (Hidrotic ectodermal dysplasia type 2)	MONDO:0007728	hidrotic ectodermal dysplasia 2	false	no match		false		low
Coats plus syndrome	MONDO:0012983	cerebroretinal microangiopathy with calcifications and cysts 1	false	no match	MONDO:0012815	true	false	low
Cobalamin C deficiency (combined methylmalonic aciduria and homocystinuria)	MONDO:0010184	methylmalonic aciduria and homocystinuria type cblC	true	MONDO:0010184		false		medium
Cobblestone lissencephaly spectrum disorders	MONDO:0018898	cobblestone lissencephaly	false	no match		false		low
Cobblestone lissencephaly syndromes	MONDO:0018898	cobblestone lissencephaly	false	no match		false		low
Cochlear otosclerosis	MONDO:0005359	otosclerosis	false	no match		false		low
Cockayne Syndrome	MONDO:0016006	Cockayne syndrome	true	MONDO:0016006	MONDO:0016006	true	true	medium
Cockayne syndrome	MONDO:0016006	Cockayne syndrome	true	MONDO:0016006	MONDO:0016006	true	true	medium
Cockayne syndrome Type II	MONDO:0016006	Cockayne syndrome	true	MONDO:0016006	MONDO:0019570	true	false	low
Coenzyme Q10 deficiency	MONDO:0018151	primary coenzyme Q10 deficiency	false	no match	MONDO:0018151	true	false	low
Coffin-Lowry Syndrome	MONDO:0010561	Coffin-Lowry syndrome	true	MONDO:0010561	MONDO:0010561	true	true	high
Coffin-Lowry syndrome	MONDO:0010561	Coffin-Lowry syndrome	true	MONDO:0010561	MONDO:0010561	true	true	high
Coffin-Siris Syndrome	MONDO:0015452	Coffin-Siris syndrome	true	MONDO:0015452	MONDO:0007617;MONDO:0015452	true	true	medium
Coffin-Siris syndrome	MONDO:0015452	Coffin-Siris syndrome	true	MONDO:0015452	MONDO:0007617;MONDO:0015452	true	true	medium
Coffin–Siris syndrome	MONDO:0015452	Coffin-Siris syndrome	true	MONDO:0015452		false		medium
Cohen Syndrome	MONDO:0008999	Cohen syndrome	true	MONDO:0008999	MONDO:0008999	true	true	high
Cohen syndrome	MONDO:0008999	Cohen syndrome	true	MONDO:0008999	MONDO:0008999	true	true	high
Cole-Carpenter syndrome	MONDO:0007347	Cole-Carpenter syndrome	false	no match	MONDO:0016085	true	false	low
Collagen Type III deficiency	MONDO:0017314	Ehlers-Danlos syndrome, vascular type	true	MONDO:0017314		false		low
Collagen VI-Related Myopathies	MONDO:0100150	collagen 6-related myopathy	false	no match		false		low
Collagen VI-Related Myopathy	MONDO:0100150	collagen 6-related myopathy	false	no match	MONDO:0100225	true	false	low
Collagen VI-related Myopathy (Bethlem Myopathy)	MONDO:0100150	collagen 6-related myopathy	false	no match		false		low
Collagen VI-related congenital muscular dystrophy	MONDO:0100150	collagen 6-related myopathy	false	no match		false		low
Collagen VI-related congenital muscular dystrophy (Ullrich CMD)	MONDO:0100150	collagen 6-related myopathy	false	no match		false		low
Collagen VI-related muscular dystrophy	MONDO:0100150	collagen 6-related myopathy	false	no match	MONDO:0100225	true	false	low
Collagen VI-related muscular dystrophy (e.g., Ullrich congenital muscular dystrophy)	MONDO:0100150	collagen 6-related myopathy	false	no match		false		low
Collagen VI-related myopathies (e.g., Bethlem myopathy, Ullrich congenital muscular dystrophy)	MONDO:0100150	collagen 6-related myopathy	false	no match		false		low
Collagen VI-related myopathy	MONDO:0100150	collagen 6-related myopathy	false	no match	MONDO:0100225	true	false	low
Collagen VI-related myopathy (Bethlem Myopathy or Ullrich Congenital Muscular Dystrophy)	MONDO:0100150	collagen 6-related myopathy	false	no match		false		low
Collagen VI-related myopathy (Bethlem Myopathy)	MONDO:0100150	collagen 6-related myopathy	false	no match		false		low
Collagen VI-related myopathy (Bethlem myopathy)	MONDO:0100150	collagen 6-related myopathy	false	no match		false		low
Collagen VI-related myopathy (Ullrich congenital muscular dystrophy)	MONDO:0100150	collagen 6-related myopathy	false	no match		false		low
Combined Immunodeficiency	MONDO:0015131	combined immunodeficiency	true	MONDO:0015131	MONDO:0015131	true	true	medium
Combined Immunodeficiency with Autoimmune Features	MONDO:0015131	combined immunodeficiency	true	MONDO:0015131		false		low
Combined hereditary multiple exostoses and enchondromatosis	MONDO:0008014	metachondromatosis	false	no match		false		low
Combined oxidative phosphorylation deficiency	MONDO:0000732	combined oxidative phosphorylation defect	false	no match	MONDO:0000732	true	false	low
Combined oxidative phosphorylation deficiency 1	MONDO:0012321	combined oxidative phosphorylation defect type 1	false	no match	MONDO:0012191	true	false	low
Combined oxidative phosphorylation deficiency disorders	MONDO:0000732	combined oxidative phosphorylation defect	false	no match		false		low
Common Variable Immunodeficiency	MONDO:0015517	common variable immunodeficiency	true	MONDO:0015517	MONDO:0015517	true	true	high
Common Variable Immunodeficiency (CVID)	MONDO:0015517	common variable immunodeficiency	true	MONDO:0015517		false		high
Common variable immunodeficiency	MONDO:0015517	common variable immunodeficiency	true	MONDO:0015517	MONDO:0015517	true	true	high
Common variable immunodeficiency (CVID)	MONDO:0015517	common variable immunodeficiency	true	MONDO:0015517		false		high
Complement component C1q deficiency	MONDO:0013280	C1q deficiency	false	no match		false		low
Complement component C2 deficiency	MONDO:0013918	complement component 2 deficiency	false	no match		false		low
Complement component C4 deficiency	MONDO:0017479	complement component 4 deficiency	false	no match		false		low
Complement component deficiency (C1q, C2, or C4 deficiency)	MONDO:0002401	complement deficiency	false	no match		false		low
Complete STAT1 deficiency	MONDO:0012566	immunodeficiency 31B	false	no match		false		low
Complicated Hereditary Spastic Paraplegia	MONDO:0015091	complex hereditary spastic paraplegia	false	no match	MONDO:0015150	true	false	low
Complicated hereditary spastic paraplegia	MONDO:0015091	complex hereditary spastic paraplegia	false	no match	MONDO:0015150	true	false	low
Conduction system disease associated with HCN4 gene mutations	MONDO:0011890	sick sinus syndrome 2	false	no match		false		low
Cone Dystrophy	MONDO:0000455	cone dystrophy	true	MONDO:0000455	MONDO:0000455	true	true	medium
Cone dystrophy	MONDO:0000455	cone dystrophy	true	MONDO:0000455	MONDO:0000455	true	true	medium
Cone-Rod Dystrophy	MONDO:0015993	cone-rod dystrophy	true	MONDO:0015993	MONDO:0011458;MONDO:0015993;MONDO:0100438	true	true	high
Cone-rod dystrophy	MONDO:0015993	cone-rod dystrophy	true	MONDO:0015993	MONDO:0011458;MONDO:0015993;MONDO:0100438	true	true	high
Congenital Alopecia Universalis	MONDO:0009345	alopecia universalis congenita	false	no match		false		low
Congenital Amegakaryocytic Thrombocytopenia	MONDO:0011385	congenital amegakaryocytic thrombocytopenia	false	no match	MONDO:0800451	true	false	low
Congenital Aplasia of the Breast and Nipple	MONDO:0007083	amastia	false	no match		false		low
Congenital Bilateral Perisylvian Polymicrogyria (CBPP)	MONDO:0010647	bilateral perisylvian polymicrogyria	false	no match		false		low
Congenital Cataract	MONDO:0018194	early-onset cataract	false	no match		false		low
Congenital Cataracts	MONDO:0018194	early-onset cataract	false	no match		false		low
Congenital Contractural Arachnodactyly	MONDO:0007193	congenital contractural arachnodactyly	false	no match	MONDO:0007363	true	false	medium
Congenital Contractural Arachnodactyly (Beals Syndrome)	MONDO:0007193	congenital contractural arachnodactyly	false	no match		false		medium
Congenital Contractural Arachnodactyly (Beals syndrome)	MONDO:0007193	congenital contractural arachnodactyly	false	no match		false		medium
Congenital Cytomegalovirus (CMV) infection	MONDO:0005132	cytomegalovirus infection	true	MONDO:0005132		false		low
Congenital Disorder of Glycosylation	MONDO:0015286	congenital disorder of glycosylation	true	MONDO:0015286	MONDO:0015286	true	true	high
Congenital Disorder of Glycosylation (CDG)	MONDO:0015286	congenital disorder of glycosylation	true	MONDO:0015286		false		high
Congenital Disorder of Glycosylation (CDG) Type I	MONDO:0015287	congenital disorder of glycosylation type I	false	no match		false		low
Congenital Disorder of Glycosylation (CDG) Type Ia (PMM2-CDG)	MONDO:0011033	PMM2-congenital disorder of glycosylation	false	no match		false		medium
Congenital Disorder of Glycosylation (PMM2-CDG)	MONDO:0011033	PMM2-congenital disorder of glycosylation	false	no match		false		medium
Congenital Disorder of Glycosylation (e.g., PMM2-CDG)	MONDO:0015286	congenital disorder of glycosylation	true	MONDO:0015286		false		medium
Congenital Disorder of Glycosylation Type II	MONDO:0015288	congenital disorder of glycosylation type II	false	no match	MONDO:0005501;MONDO:0011933	true	false	low
Congenital Disorder of Glycosylation Type IIe (COG7-CDG)	MONDO:0012125	COG7-congenital disorder of glycosylation	false	no match		false		low
Congenital Disorder of Glycosylation Type IIh (TMEM199-CDG)	MONDO:0014800	TMEM199-congenital disorder of glycosylation	false	no match		false		low
Congenital Disorder of Glycosylation Type Ia (PMM2-CDG)	MONDO:0011033	PMM2-congenital disorder of glycosylation	false	no match		false		medium
Congenital Disorder of Glycosylation type 1A (PMM2-CDG)	MONDO:0011033	PMM2-congenital disorder of glycosylation	false	no match		false		medium
Congenital Disorder of Glycosylation type Ia (PMM2-CDG)	MONDO:0011033	PMM2-congenital disorder of glycosylation	false	no match		false		medium
Congenital Disorders of Glycosylation	MONDO:0015286	congenital disorder of glycosylation	true	MONDO:0015286	MONDO:0015286	true	true	high
Congenital Disorders of Glycosylation (CDG Syndromes)	MONDO:0015286	congenital disorder of glycosylation	true	MONDO:0015286		false		high
Congenital Disorders of Glycosylation (CDG)	MONDO:0015286	congenital disorder of glycosylation	true	MONDO:0015286		false		high
Congenital Disorders of Glycosylation (CDG) syndrome	MONDO:0015286	congenital disorder of glycosylation	true	MONDO:0015286		false		high
Congenital Distal Spinal Muscular Atrophy	MONDO:0010943	congenital distal spinal muscular atrophy	false	no match		false		low
Congenital Fiber-Type Disproportion Myopathy	MONDO:0009011	congenital fiber-type disproportion myopathy	false	no match	MONDO:0009711	true	false	low
Congenital Generalized Lipodystrophy	MONDO:0015464	congenital generalized lipodystrophy	false	no match	MONDO:0006536	true	false	low
Congenital Generalized Lipodystrophy (Berardinelli-Seip Syndrome)	MONDO:0015464	congenital generalized lipodystrophy	false	no match		false		low
Congenital Generalized Lipodystrophy Type 1	MONDO:0008804	congenital generalized lipodystrophy type 1	false	no match	MONDO:0012071	true	false	low
Congenital Generalized Lipodystrophy Type 2	MONDO:0009019	congenital generalized lipodystrophy type 2	false	no match	MONDO:0010020	true	false	low
Congenital Hypomyelinating Neuropathy	MONDO:0018087	congenital hypomyelinating neuropathy	false	no match		false		low
Congenital Hypothyroidism	MONDO:0018612	congenital hypothyroidism	true	MONDO:0018612	MONDO:0018612	true	true	medium
Congenital Lactic Acidosis	MONDO:0006221	lactic acidosis	false	no match		false		low
Congenital Long QT Syndrome	MONDO:0002442	long QT syndrome	true	MONDO:0002442	MONDO:0019171	true	false	medium
Congenital Long QT Syndrome (LQTS)	MONDO:0002442	long QT syndrome	true	MONDO:0002442		false		medium
Congenital Long QT Syndrome Type 3 (LQT3)	MONDO:0011377	long QT syndrome 3	true	MONDO:0011377		false		medium
Congenital Muscular Dystrophies	MONDO:0019950	congenital muscular dystrophy	true	MONDO:0019950		false		high
Congenital Muscular Dystrophy	MONDO:0019950	congenital muscular dystrophy	true	MONDO:0019950	MONDO:0019950	true	true	high
Congenital Muscular Dystrophy (CMD)	MONDO:0019950	congenital muscular dystrophy	true	MONDO:0019950		false		high
Congenital Muscular Dystrophy Type 1A (Merosin-Deficient CMD)	MONDO:0011963	LAMA2-related muscular dystrophy	false	no match		false		low
Congenital Muscular Dystrophy with Brain Malformations	MONDO:0019950	congenital muscular dystrophy	true	MONDO:0019950		false		low
Congenital Muscular Dystrophy with Central Nervous System Involvement	MONDO:0019950	congenital muscular dystrophy	true	MONDO:0019950		false		low
Congenital Myasthenic Syndrome	MONDO:0018940	congenital myasthenic syndrome	true	MONDO:0018940	MONDO:0018940	true	true	high
Congenital Myasthenic Syndromes	MONDO:0018940	congenital myasthenic syndrome	true	MONDO:0018940	MONDO:0018940	true	true	high
Congenital Myasthenic Syndromes (CMS)	MONDO:0018940	congenital myasthenic syndrome	true	MONDO:0018940		false		high
Congenital Myopathies	MONDO:0019952	congenital myopathy	true	MONDO:0019952		false		high
Congenital Myopathy	MONDO:0019952	congenital myopathy	true	MONDO:0019952	MONDO:0019952	true	true	high
Congenital Myotonic Dystrophy	MONDO:0008056	myotonic dystrophy type 1	true	MONDO:0008056	MONDO:0023595	true	false	low
Congenital Myotonic Dystrophy (Type 1)	MONDO:0008056	myotonic dystrophy type 1	true	MONDO:0008056		false		low
Congenital Myotonic Dystrophy Type 1	MONDO:0008056	myotonic dystrophy type 1	true	MONDO:0008056		false		low
Congenital Nephrotic Syndrome (Finnish Type)	MONDO:0009742	nephrotic syndrome, type 1	false	no match		false		low
Congenital Rubella Syndrome	MONDO:0005396	congenital rubella syndrome	false	no match	MONDO:0017361	true	false	low
Congenital Rubella syndrome	MONDO:0005887	congenital rubella	false	no match	MONDO:0017361	true	false	low
Congenital Sick Sinus Syndrome	MONDO:0012113	sick sinus syndrome 1	false	no match		false		low
Congenital Stationary Night Blindness	MONDO:0019126	congenital stationary night blindness	false	no match	MONDO:0016293	true	false	low
Congenital achromatopsia	MONDO:0018852	achromatopsia	true	MONDO:0018852		false		medium
Congenital adrenal hyperplasia	MONDO:0018479	congenital adrenal hyperplasia	true	MONDO:0018479	MONDO:0015898;MONDO:0018479	true	true	medium
Congenital amegakaryocytic thrombocytopenia	MONDO:0011466	congenital amegakaryocytic thrombocytopenia	false	no match	MONDO:0800451	true	false	low
Congenital amegakaryocytic thrombocytopenia (CAMT)	MONDO:0011466	congenital amegakaryocytic thrombocytopenia	false	no match		false		low
Congenital cataract	MONDO:0019214	early-onset non-syndromic cataract	false	no match		false		low
Congenital cataracts	MONDO:0019214	early-onset non-syndromic cataract	false	no match		false		low
Congenital cerebellar ataxia	MONDO:0000437	cerebellar ataxia	true	MONDO:0000437		false		low
Congenital cerebellar hypoplasia	MONDO:0000226	cerebellar hypoplasia	false	no match	MONDO:0008939	true	false	low
Congenital combined pituitary hormone deficiency	MONDO:0019116	combined pituitary hormone deficiencies, genetic form	false	no match	MONDO:0018762	true	false	low
Congenital contractural arachnodactyly	MONDO:0007542	congenital contractural arachnodactyly	false	no match	MONDO:0007363	true	false	medium
Congenital contractural arachnodactyly (Beals syndrome)	MONDO:0007542	congenital contractural arachnodactyly	false	no match		false		medium
Congenital cytomegalovirus (CMV) infection	MONDO:0009069	congenital cytomegalovirus infection	false	no match		false		low
Congenital cytomegalovirus infection	MONDO:0009069	congenital cytomegalovirus infection	false	no match		false		low
Congenital disorder of glycosylation	MONDO:0015286	congenital disorder of glycosylation	true	MONDO:0015286	MONDO:0015286	true	true	medium
Congenital disorder of glycosylation (CDG)	MONDO:0015286	congenital disorder of glycosylation	true	MONDO:0015286		false		medium
Congenital disorder of glycosylation (CDG) type Ia	MONDO:0008907	PMM2-CDG	true	MONDO:0008907		false		low
Congenital disorder of glycosylation (PMM2-CDG)	MONDO:0008907	PMM2-CDG	true	MONDO:0008907		false		low
Congenital disorder of glycosylation type I	MONDO:0019142	congenital disorder of glycosylation type I	false	no match	MONDO:0005500	true	false	low
Congenital disorder of glycosylation type II	MONDO:0019143	congenital disorder of glycosylation type II	false	no match	MONDO:0005501;MONDO:0011933	true	false	low
Congenital disorder of glycosylation type II (CDG-II)	MONDO:0019143	congenital disorder of glycosylation type II	false	no match		false		low
Congenital disorder of glycosylation type Ia (PMM2-CDG)	MONDO:0008907	PMM2-CDG	true	MONDO:0008907		false		low
Congenital disorders of glycosylation	MONDO:0015286	congenital disorder of glycosylation	true	MONDO:0015286	MONDO:0015286	true	true	medium
Congenital disorders of glycosylation (CDG syndromes)	MONDO:0015286	congenital disorder of glycosylation	true	MONDO:0015286		false		medium
Congenital disorders of glycosylation (CDG)	MONDO:0015286	congenital disorder of glycosylation	true	MONDO:0015286		false		medium
Congenital disorders of glycosylation (CDG) syndromes	MONDO:0015286	congenital disorder of glycosylation	true	MONDO:0015286		false		medium
Congenital disorders of glycosylation (CDG) type Ia	MONDO:0008907	PMM2-CDG	true	MONDO:0008907		false		low
Congenital disorders of glycosylation (PMM2-CDG)	MONDO:0008907	PMM2-CDG	true	MONDO:0008907		false		low
Congenital disorders of glycosylation type Ia (PMM2-CDG)	MONDO:0008907	PMM2-CDG	true	MONDO:0008907		false		low
Congenital disorders of glycosylation type Ib (MPI-CDG)	MONDO:0011293	MPI-CDG	false	no match		false		low
Congenital distal spinal muscular atrophy	MONDO:0010878	congenital distal spinal muscular atrophy	false	no match		false		low
Congenital dyserythropoietic anemia	MONDO:0016041	congenital dyserythropoietic anemia	false	no match	MONDO:0019403	true	false	low
Congenital fiber type disproportion	MONDO:0008919	congenital fiber-type disproportion myopathy	false	no match	MONDO:0009711	true	false	low
Congenital fiber type disproportion myopathy	MONDO:0008919	congenital fiber-type disproportion myopathy	false	no match		false		low
Congenital fiber-type disproportion myopathy	MONDO:0008919	congenital fiber-type disproportion myopathy	false	no match	MONDO:0009711	true	false	low
Congenital generalized lipodystrophy	MONDO:0018121	congenital generalized lipodystrophy	false	no match	MONDO:0006536	true	false	low
Congenital generalized lipodystrophy (Berardinelli-Seip congenital lipodystrophy)	MONDO:0018121	congenital generalized lipodystrophy	false	no match		false		low
Congenital generalized lipodystrophy type 1	MONDO:0012071	congenital generalized lipodystrophy type 1	true	MONDO:0012071	MONDO:0012071	true	true	low
Congenital generalized lipodystrophy type 2	MONDO:0009192	congenital generalized lipodystrophy type 2	false	no match	MONDO:0010020	true	false	low
Congenital generalized lipodystrophy type 4	MONDO:0013262	congenital generalized lipodystrophy type 4	false	no match	MONDO:0013225	true	false	low
Congenital glaucoma	MONDO:0020364	primary congenital glaucoma	false	no match	MONDO:0020366	true	false	low
Congenital heart defect	MONDO:0005453	congenital heart disease	true	MONDO:0005453	MONDO:0005453	true	true	medium
Congenital hereditary endothelial dystrophy	MONDO:0009018	congenital hereditary endothelial dystrophy of cornea	false	no match		false		low
Congenital high myopia	MONDO:0020519	high myopia	false	no match		false		low
Congenital hypomyelinating neuropathy	MONDO:0015131	congenital hypomyelinating neuropathy	false	no match		false		low
Congenital hypopituitarism	MONDO:0005152	hypopituitarism	true	MONDO:0005152	MONDO:0018762	true	false	low
Congenital hypothyroidism	MONDO:0018612	congenital hypothyroidism	true	MONDO:0018612	MONDO:0018612	true	true	medium
Congenital hypothyroidism due to PAX8 mutations	MONDO:0009109	hypothyroidism, congenital, nongoitrous, 2	false	no match		false		low
Congenital hypothyroidism due to thyroglobulin gene mutations	MONDO:0010118	thyroid dyshormonogenesis 3	false	no match		false		low
Congenital ichthyosiform erythroderma	MONDO:0019266	autosomal recessive congenital ichthyosis	false	no match	MONDO:0019306	true	false	low
Congenital ichthyosiform erythroderma (CIE)	MONDO:0019266	autosomal recessive congenital ichthyosis	false	no match		false		low
Congenital insensitivity to pain (HSAN Type V)	MONDO:0012031	hereditary sensory and autonomic neuropathy type 5	false	no match		false		low
Congenital insensitivity to pain with anhidrosis (CIPA)	MONDO:0009746	hereditary sensory and autonomic neuropathy type 4	true	MONDO:0009746		false		low
Congenital lactic acidosis	MONDO:0017337	congenital lactic acidosis	false	no match		false		low
Congenital methemoglobinemia	MONDO:0001117	methemoglobinemia	true	MONDO:0001117	MONDO:0018963	true	false	low
Congenital muscular dystrophy	MONDO:0019950	congenital muscular dystrophy	true	MONDO:0019950	MONDO:0019950	true	true	high
Congenital muscular dystrophy with cardiomyopathy	MONDO:0019950	congenital muscular dystrophy	true	MONDO:0019950		false		low
Congenital muscular dystrophy with rigid spine	MONDO:0011432	rigid spine muscular dystrophy 1	false	no match		false		low
Congenital myasthenic syndrome	MONDO:0018940	congenital myasthenic syndrome	true	MONDO:0018940	MONDO:0018940	true	true	high
Congenital myasthenic syndrome (AChE deficiency)	MONDO:0018940	congenital myasthenic syndrome	true	MONDO:0018940		false		low
Congenital myasthenic syndrome (CHRNE mutation)	MONDO:0018940	congenital myasthenic syndrome	true	MONDO:0018940		false		low
Congenital myasthenic syndrome (RAPSN mutation)	MONDO:0018940	congenital myasthenic syndrome	true	MONDO:0018940		false		low
Congenital myasthenic syndromes	MONDO:0018940	congenital myasthenic syndrome	true	MONDO:0018940	MONDO:0018940	true	true	medium
Congenital myopathy	MONDO:0019952	congenital myopathy	true	MONDO:0019952	MONDO:0019952	true	true	high
Congenital myotonic dystrophy	MONDO:0008056	myotonic dystrophy type 1	true	MONDO:0008056	MONDO:0023595	true	false	low
Congenital nephrotic syndrome (Finnish type)	MONDO:0009732	Finnish congenital nephrotic syndrome	false	no match		false		low
Congenital nephrotic syndrome of the Finnish type	MONDO:0009732	Finnish congenital nephrotic syndrome	false	no match		false		low
Congenital optic atrophy	MONDO:0008134	optic atrophy 1	true	MONDO:0008134		false		low
Congenital optic nerve hypoplasia	MONDO:0008213	optic nerve hypoplasia	false	no match		false		low
Congenital retinal dystrophy	MONDO:0019118	inherited retinal dystrophy	true	MONDO:0019118		false		low
Congenital rubella syndrome	MONDO:0005323	congenital rubella	false	no match	MONDO:0017361	true	false	medium
Congenital sideroblastic anemia	MONDO:0019326	congenital sideroblastic anemia	false	no match	MONDO:0016828	true	false	low
Congenital stationary night blindness	MONDO:0018969	congenital stationary night blindness	false	no match	MONDO:0016293	true	false	low
Congenital stationary night blindness (Riggs type)	MONDO:0018969	congenital stationary night blindness	false	no match		false		low
Congenital toxoplasmosis	MONDO:0005325	congenital toxoplasmosis	false	no match	MONDO:0005715	true	false	low
Conotruncal anomaly face syndrome	MONDO:0008644	DiGeorge syndrome	false	no match	MONDO:0018923	true	false	low
Conradi-Hünermann-Happle syndrome	MONDO:0010591	X-linked dominant chondrodysplasia punctata	false	no match	MONDO:0020603	true	false	low
Conradi-Hünermann-Happle syndrome (CDPX2)	MONDO:0010591	X-linked dominant chondrodysplasia punctata	false	no match		false		low
Constitutional Mismatch Repair Deficiency (CMMRD) syndrome	MONDO:0010159	mismatch repair cancer syndrome 1	true	MONDO:0010159		false		low
Constitutional Mismatch Repair Deficiency Syndrome	MONDO:0010159	mismatch repair cancer syndrome 1	true	MONDO:0010159	MONDO:0031219	true	false	low
Constitutional mismatch repair deficiency (CMMRD) syndrome	MONDO:0010159	mismatch repair cancer syndrome 1	true	MONDO:0010159		false		low
Constitutional mismatch repair deficiency syndrome (CMMRD)	MONDO:0010159	mismatch repair cancer syndrome 1	true	MONDO:0010159		false		low
Copper Deficiency Myelopathy	no match		false	no match		false		low
Cornelia de Lange Syndrome	MONDO:0016033	Cornelia de Lange syndrome	true	MONDO:0016033	MONDO:0016033	true	true	medium
Cornelia de Lange syndrome	MONDO:0016033	Cornelia de Lange syndrome	true	MONDO:0016033	MONDO:0016033	true	true	medium
Corpus callosum agenesis-intellectual disability syndrome	MONDO:0016021	agenesis of the corpus callosum with intellectual disability	false	no match		false		low
Cortical Dysplasia-Focal Epilepsy Syndrome	MONDO:0012323	cortical dysplasia-focal epilepsy syndrome	false	no match	MONDO:0012400	true	false	low
Cortical dysplasia	MONDO:0019273	focal cortical dysplasia	false	no match	MONDO:0017094	true	false	low
Cortical malformations (e.g., focal cortical dysplasia)	MONDO:0019273	focal cortical dysplasia	false	no match		false		low
Corticobasal Degeneration	MONDO:0018867	corticobasal degeneration	false	no match	MONDO:0022308	true	false	medium
Corticobasal degeneration	MONDO:0018867	corticobasal degeneration	false	no match	MONDO:0022308	true	false	medium
Costello Syndrome	MONDO:0009026	Costello syndrome	true	MONDO:0009026	MONDO:0009026	true	true	high
Costello syndrome	MONDO:0009026	Costello syndrome	true	MONDO:0009026	MONDO:0009026	true	true	high
Cowden Syndrome	MONDO:0016063	Cowden disease	true	MONDO:0016063	MONDO:0016063	true	true	medium
Cowden syndrome	MONDO:0016063	Cowden disease	true	MONDO:0016063	MONDO:0016063	true	true	medium
Cowden syndrome (PTEN hamartoma tumor syndrome)	MONDO:0016063	Cowden disease	true	MONDO:0016063		false		medium
Craniodiaphyseal dysplasia	MONDO:0007378	craniodiaphyseal dysplasia	false	no match	MONDO:0009031	true	false	low
Cranioectodermal Dysplasia	MONDO:0015461	cranioectodermal dysplasia	false	no match	MONDO:0009032	true	false	low
Cranioectodermal Dysplasia (Sensenbrenner Syndrome)	MONDO:0015470	cranioectodermal dysplasia	false	no match		false		low
Cranioectodermal dysplasia (Sensenbrenner syndrome)	MONDO:0015470	cranioectodermal dysplasia	false	no match		false		low
Craniofacial microsomia	MONDO:0015398	craniofacial microsomia	false	no match	MONDO:0015397	true	false	low
Craniofrontonasal dysplasia	MONDO:0010286	craniofrontonasal syndrome	false	no match	MONDO:0010570	true	false	medium
Craniofrontonasal syndrome	MONDO:0010286	craniofrontonasal syndrome	false	no match	MONDO:0010570	true	false	medium
Craniometaphyseal dysplasia	MONDO:0015469	craniometaphyseal dysplasia	false	no match	MONDO:0015465	true	false	low
Creatine transporter deficiency	MONDO:0010305	creatine transporter deficiency	true	MONDO:0010305	MONDO:0010305	true	true	medium
Creatine transporter deficiency (SLC6A8 deficiency)	MONDO:0010305	creatine transporter deficiency	true	MONDO:0010305		false		medium
Creutzfeldt-Jakob Disease	MONDO:0005239	Creutzfeldt-Jakob disease	false	no match	MONDO:0007403	true	false	low
Creutzfeldt-Jakob disease	MONDO:0005239	Creutzfeldt-Jakob disease	false	no match	MONDO:0007403	true	false	low
Cri du Chat Syndrome	MONDO:0007352	cri-du-chat syndrome	false	no match	MONDO:0007404	true	false	medium
Cri du Chat syndrome	MONDO:0007352	cri-du-chat syndrome	false	no match	MONDO:0007404	true	false	medium
Cri du Chat syndrome (5p deletion syndrome)	MONDO:0007352	cri-du-chat syndrome	false	no match		false		medium
Cri du Chat syndrome (Chromosome 5p deletion)	MONDO:0007352	cri-du-chat syndrome	false	no match		false		medium
Cri du chat syndrome	MONDO:0007352	cri-du-chat syndrome	false	no match	MONDO:0007404	true	false	medium
Cri-du-Chat syndrome	MONDO:0007352	cri-du-chat syndrome	false	no match	MONDO:0007404	true	false	medium
Cri-du-chat Syndrome	MONDO:0007352	cri-du-chat syndrome	false	no match	MONDO:0007404	true	false	medium
Cri-du-chat syndrome	MONDO:0007352	cri-du-chat syndrome	false	no match	MONDO:0007404	true	false	medium
Cri-du-chat syndrome (5p deletion syndrome)	MONDO:0007352	cri-du-chat syndrome	false	no match		false		medium
Cri-du-chat syndrome (5p minus syndrome)	MONDO:0007352	cri-du-chat syndrome	false	no match		false		medium
Crossed polydactyly (Type II)	MONDO:0021004	polydactyly	false	no match		false		low
Crossed polydactyly (Type IV)	MONDO:0021004	polydactyly	false	no match		false		low
Crouzon syndrome	MONDO:0007354	Crouzon syndrome	false	no match	MONDO:0007405	true	false	low
Currarino syndrome	MONDO:0007819	Currarino syndrome	false	no match	MONDO:0008305	true	false	low
Cushing's Syndrome	MONDO:0005292	Cushing syndrome	false	no match	MONDO:0018912	true	false	low
Cushing's syndrome	MONDO:0005292	Cushing syndrome	false	no match	MONDO:0018912	true	false	low
Cutis Laxa	MONDO:0019571	cutis laxa	false	no match	MONDO:0016175	true	false	medium
Cutis Laxa Type 1	MONDO:0016313	autosomal recessive cutis laxa type 1	false	no match		false		low
Cutis laxa	MONDO:0019571	cutis laxa	false	no match	MONDO:0016175	true	false	medium
Cutis laxa syndrome	MONDO:0019571	cutis laxa	false	no match		false		medium
Cutis laxa syndrome type I	MONDO:0016313	autosomal recessive cutis laxa type 1	false	no match		false		low
Cutis laxa type II	MONDO:0016314	autosomal recessive cutis laxa type 2	false	no match		false		low
Cutis laxa, autosomal recessive type II (ATP6V0A2-related cutis laxa)	MONDO:0009049	autosomal recessive cutis laxa type 2A	false	no match		false		low
Cutis marmorata telangiectatica congenita	MONDO:0009050	cutis marmorata telangiectatica congenita	false	no match	MONDO:0009055	true	false	low
Cystathioninuria	MONDO:0009053	cystathioninuria	false	no match	MONDO:0009058	true	false	low
Cystic Fibrosis	MONDO:0009061	cystic fibrosis	true	MONDO:0009061	MONDO:0009061	true	true	high
Cystic fibrosis	MONDO:0009061	cystic fibrosis	true	MONDO:0009061	MONDO:0009061	true	true	high
Cystinosis	MONDO:0016434	cystinosis	false	no match	MONDO:0016239	true	false	low
Cytochrome c oxidase (complex IV) deficiency	MONDO:0000987	mitochondrial complex IV deficiency	false	no match		false		low
Cytochrome c oxidase deficiency	MONDO:0000987	mitochondrial complex IV deficiency	false	no match	MONDO:0033885	true	false	low
DCX-related lissencephaly	MONDO:0010375	lissencephaly, X-linked, 1	false	no match		false		low
DDX3X syndrome	MONDO:0010472	intellectual disability, X-linked 102	false	no match		false		low
DDX3X-related intellectual disability	MONDO:0010472	intellectual disability, X-linked 102	false	no match	MONDO:0010497	true	false	low
DEND syndrome (developmental delay, epilepsy, neonatal diabetes)	MONDO:0016391	DEND syndrome	false	no match		false		low
DEPDC5-related epilepsy	MONDO:0012830	familial focal epilepsy with variable foci 1	false	no match		false		low
DEPDC5-related focal cortical dysplasia and epilepsy	MONDO:0012830	familial focal epilepsy with variable foci 1	false	no match		false		low
DEPDC5-related focal epilepsy	MONDO:0012830	familial focal epilepsy with variable foci 1	false	no match		false		low
DES-related cardiomyopathy	MONDO:0011152	dilated cardiomyopathy 1I	false	no match		false		low
DES-related dilated cardiomyopathy	MONDO:0011152	dilated cardiomyopathy 1I	false	no match		false		low
DFNA3 nonsyndromic sensorineural hearing loss	MONDO:0010950	autosomal dominant nonsyndromic hearing loss 3A	false	no match		false		low
DFNB1 nonsyndromic sensorineural hearing loss	MONDO:0009076	autosomal recessive nonsyndromic hearing loss 1A	true	MONDO:0009076		false		medium
DFNB9 nonsyndromic sensorineural hearing loss	MONDO:0011073	autosomal recessive nonsyndromic hearing loss 9	false	no match		false		low
DGUOK-related mitochondrial DNA depletion syndrome	MONDO:0009660	mitochondrial DNA depletion syndrome 3	false	no match		false		low
DICER1 syndrome	MONDO:0017288	DICER1-related tumor predisposition	false	no match	MONDO:0100216	true	false	low
DISC1 Gene Mutation	no match		false	no match		false		low
DISC1 gene mutation	no match		false	no match		false		low
DNAH1-related Multiple Morphological Abnormalities of the Sperm Flagella (MMAF)	MONDO:0014540	spermatogenic failure 18	false	no match		false		low
DNASE1 deficiency	MONDO:0007915	systemic lupus erythematosus	true	MONDO:0007915		false		low
DNASE1L3 deficiency	MONDO:0014106	systemic lupus erythematosus 16	false	no match		false		low
DNM2-related Centronuclear Myopathy	MONDO:0008049	centronuclear myopathy 1	false	no match	MONDO:0008048	true	false	low
DOCK8 deficiency	MONDO:0009458	hyper-IgE recurrent infection syndrome 2, autosomal recessive	false	no match	MONDO:0009478	true	false	low
DOCK8 deficiency (autosomal recessive Hyper IgE syndrome)	MONDO:0009458	hyper-IgE recurrent infection syndrome 2, autosomal recessive	false	no match		false		low
DOCK8 deficiency (autosomal recessive hyper-IgE syndrome)	MONDO:0009458	hyper-IgE recurrent infection syndrome 2, autosomal recessive	false	no match		false		low
DOLK-CDG	MONDO:0012553	DOLK-congenital disorder of glycosylation	false	no match		false		low
DOOR syndrome	MONDO:0009125	DOORS syndrome	false	no match	MONDO:0009079	true	false	low
DOORS Syndrome	MONDO:0009125	DOORS syndrome	false	no match	MONDO:0009079	true	false	low
DYRK1A-related intellectual disability syndrome	MONDO:0014490	intellectual disability, autosomal dominant 7	false	no match	MONDO:0013578	true	false	low
DYT1 Early-Onset Primary Dystonia	MONDO:0007490	early-onset generalized limb-onset dystonia	false	no match		false		low
DYT1 dystonia (TOR1A-related dystonia)	MONDO:0007490	early-onset generalized limb-onset dystonia	false	no match		false		low
Dandy-Walker Malformation	MONDO:0010011	Dandy-Walker syndrome	false	no match		false		low
Dandy-Walker malformation	MONDO:0010011	Dandy-Walker syndrome	false	no match		false		low
Danon disease	MONDO:0010281	Danon disease	true	MONDO:0010281	MONDO:0010281	true	true	medium
Danon disease (LAMP2 deficiency)	MONDO:0010281	Danon disease	true	MONDO:0010281		false		medium
De Barsy Syndrome	MONDO:0009078	De Barsy syndrome	false	no match	MONDO:0017569	true	false	low
De Barsy syndrome	MONDO:0009078	De Barsy syndrome	false	no match	MONDO:0017569	true	false	low
Dectin-1 deficiency	MONDO:0013155	candidiasis, familial, 4	false	no match		false		low
Dectin-1 deficiency (CLEC7A deficiency)	MONDO:0013155	candidiasis, familial, 4	false	no match		false		low
Deficiency of Adenosine Deaminase 2 (DADA2)	MONDO:0014306	adenosine deaminase 2 deficiency	true	MONDO:0014306		false		medium
Deficiency of adenosine deaminase 2 (DADA2)	MONDO:0014306	adenosine deaminase 2 deficiency	true	MONDO:0014306		false		medium
Deficiency of complement factor I (CFI deficiency)	MONDO:0013124	complement factor I deficiency	false	no match		false		low
Deficiency of interleukin-36 receptor antagonist (DITRA)	MONDO:0013640	psoriasis 14, pustular	false	no match		false		low
Deficiency of the IL-1 receptor antagonist (DIRA)	MONDO:0013041	sterile multifocal osteomyelitis with periostitis and pustulosis	false	no match		false		low
Dejerine-Sottas Disease (CMT Type 3)	MONDO:0007509	Dejerine-Sottas disease	false	no match		false		low
Dejerine-Sottas disease	MONDO:0007509	Dejerine-Sottas disease	false	no match	MONDO:0007790	true	false	low
Dejerine-Sottas disease (Charcot-Marie-Tooth disease type 3)	MONDO:0007509	Dejerine-Sottas disease	false	no match		false		low
Deletion 18p syndrome	MONDO:0019472	chromosome 18p deletion syndrome	false	no match	MONDO:0007800	true	false	low
Dementia with Lewy bodies	MONDO:0007488	Lewy body dementia	true	MONDO:0007488	MONDO:0007488	true	true	medium
Dent Disease	MONDO:0018050	Dent disease	false	no match	MONDO:0015612	true	false	low
Dent disease	MONDO:0018050	Dent disease	false	no match	MONDO:0015612	true	false	low
Dentatorubral-Pallidoluysian Atrophy (DRPLA)	MONDO:0007492	dentatorubral-pallidoluysian atrophy	false	no match		false		medium
Dentatorubral-pallidoluysian atrophy	MONDO:0007492	dentatorubral-pallidoluysian atrophy	false	no match	MONDO:0007435	true	false	medium
Dentatorubral-pallidoluysian atrophy (DRPLA)	MONDO:0007492	dentatorubral-pallidoluysian atrophy	false	no match		false		medium
Denys-Drash Syndrome	MONDO:0009093	Denys-Drash syndrome	false	no match	MONDO:0008682	true	false	low
Denys-Drash syndrome	MONDO:0009093	Denys-Drash syndrome	false	no match	MONDO:0008682	true	false	low
Dercum's disease (Adiposis dolorosa)	MONDO:0007070	adiposis dolorosa	true	MONDO:0007070		false		low
Dermatomyositis	MONDO:0016367	dermatomyositis	true	MONDO:0016367	MONDO:0016367	true	true	high
Dermatosparaxis Ehlers-Danlos Syndrome	MONDO:0009161	Ehlers-Danlos syndrome, dermatosparaxis type	true	MONDO:0009161	MONDO:0009161	true	true	low
Desbuquois dysplasia	MONDO:0009088	Desbuquois dysplasia	false	no match	MONDO:0015426	true	false	low
Desmin-related cardiomyopathy	MONDO:0008084	desmin-related myopathy	false	no match		false		low
Desmin-related cardiomyopathy (DES gene mutations)	MONDO:0008084	desmin-related myopathy	false	no match		false		low
Desmin-related cardiomyopathy (DES mutations)	MONDO:0008049	myofibrillar myopathy 1	false	no match		false		low
Desmin-related myopathy	MONDO:0008049	myofibrillar myopathy 1	false	no match		false		medium
Desminopathy	MONDO:0008049	myofibrillar myopathy 1	false	no match	MONDO:0011076	true	false	medium
Desminopathy (DES gene mutation)	MONDO:0008049	myofibrillar myopathy 1	false	no match		false		medium
Desmoplakin cardiomyopathy	MONDO:0011831	arrhythmogenic right ventricular dysplasia 8	true	MONDO:0011831		false		low
Desmoplakin-related dilated cardiomyopathy with ectodermal features	MONDO:0011290	Carvajal syndrome	false	no match		false		low
Developmental Coordination Disorder (Dyspraxia)	MONDO:0000714	developmental coordination disorder	false	no match		false		low
Developmental Delay, Epilepsy, and Neonatal Diabetes mellitus (DEND) syndrome	MONDO:0012531	DEND syndrome	false	no match		false		low
Developmental Language Disorder	no match		false	no match	MONDO:0010821	true	false	low
Developmental coordination disorder	MONDO:0000714	developmental coordination disorder	false	no match	MONDO:0004922	true	false	low
DiGeorge Syndrome	MONDO:0008644	DiGeorge syndrome	false	no match	MONDO:0008564;MONDO:0018923	true	false	high
DiGeorge Syndrome (22q11.2 Deletion Syndrome)	MONDO:0008644	DiGeorge syndrome	false	no match		false		medium
DiGeorge Syndrome (22q11.2 deletion syndrome)	MONDO:0008644	DiGeorge syndrome	false	no match		false		medium
DiGeorge syndrome	MONDO:0008644	DiGeorge syndrome	false	no match	MONDO:0008564;MONDO:0018923	true	false	high
DiGeorge syndrome (22q11.2 deletion syndrome)	MONDO:0008644	DiGeorge syndrome	false	no match		false		medium
DiGeorge syndrome (22q11.2 deletion)	MONDO:0008644	DiGeorge syndrome	false	no match		false		medium
Diabetes mellitus	MONDO:0005015	diabetes mellitus	true	MONDO:0005015	MONDO:0005015	true	true	high
Diabetic retinopathy	MONDO:0005266	diabetic retinopathy	true	MONDO:0005266	MONDO:0005266	true	true	high
Diamond-Blackfan Anemia	MONDO:0015253	Diamond-Blackfan anemia	true	MONDO:0015253	MONDO:0015253	true	true	high
Diamond-Blackfan anemia	MONDO:0015253	Diamond-Blackfan anemia	true	MONDO:0015253	MONDO:0015253	true	true	high
Diastrophic dysplasia	MONDO:0009107	diastrophic dysplasia	true	MONDO:0009107	MONDO:0009107	true	true	medium
Diffuse Mesangial Sclerosis	no match		false	no match	MONDO:0009733	true	false	low
Digoxin Effect	no match		false	no match		false		low
Digoxin toxicity	no match		false	no match		false		low
Dihydrolipoamide dehydrogenase deficiency	MONDO:0009022	pyruvate dehydrogenase E3 deficiency	false	no match	MONDO:0009529	true	false	low
Dihydropteridine reductase deficiency	MONDO:0009863	BH4-deficient hyperphenylalaninemia C	false	no match	MONDO:0009862	true	false	low
Dilated Cardiomyopathy with Ataxia Syndrome (DCMA syndrome)	MONDO:0012435	3-methylglutaconic aciduria type 5	true	MONDO:0012435		false		low
Dilated Cardiomyopathy with Ataxia Syndrome (DCMA)	MONDO:0012435	3-methylglutaconic aciduria type 5	true	MONDO:0012435		false		low
Dilated cardiomyopathy due to LMNA gene mutations	MONDO:0007269	dilated cardiomyopathy 1A	true	MONDO:0007269		false		low
Dilated cardiomyopathy due to SCN5A mutations	MONDO:0011013	dilated cardiomyopathy 1E	false	no match		false		low
Dilated cardiomyopathy with ataxia (DCMA) syndrome	MONDO:0012435	3-methylglutaconic aciduria type 5	true	MONDO:0012435		false		low
Diminished Ovarian Reserve (DOR)	no match		false	no match		false		low
Disorders of taurine metabolism	no match		false	no match		false		low
Distal Arthrogryposis Type 1	MONDO:0008782	arthrogryposis, distal, type 1A	false	no match	MONDO:0015240	true	false	low
Distal Arthrogryposis Type 1 (DA1)	MONDO:0008782	arthrogryposis, distal, type 1A	false	no match		false		low
Distal Arthrogryposis Type 5 (DA5)	MONDO:0008785	distal arthrogryposis type 5	false	no match		false		low
Distal Arthrogryposis type 1 (DA1)	MONDO:0008782	arthrogryposis, distal, type 1A	false	no match		false		low
Distal Hereditary Motor Neuropathy	MONDO:0018894	distal hereditary motor neuropathy	true	MONDO:0018894	MONDO:0018894	true	true	low
Distal Muscular Dystrophy	MONDO:0018949	distal myopathy	true	MONDO:0018949	MONDO:0018949	true	true	low
Distal Spinal Muscular Atrophy	MONDO:0018894	distal hereditary motor neuropathy	true	MONDO:0018894	MONDO:0018894	true	true	low
Distal arthrogryposis	MONDO:0019942	distal arthrogryposis	true	MONDO:0019942	MONDO:0019942	true	true	low
Distal arthrogryposis type 1	MONDO:0008782	arthrogryposis, distal, type 1A	false	no match	MONDO:0015240	true	false	low
Distal arthrogryposis type 1 (DA1)	MONDO:0008782	arthrogryposis, distal, type 1A	false	no match		false		low
Distal arthrogryposis type 2B (Sheldon-Hall syndrome)	MONDO:0008784	Sheldon-Hall syndrome	false	no match		false		low
Distal arthrogryposis type 5	MONDO:0008785	distal arthrogryposis type 5	false	no match	MONDO:0007158	true	false	low
Distal hereditary motor neuropathy	MONDO:0018894	distal hereditary motor neuropathy	true	MONDO:0018894	MONDO:0018894	true	true	low
Distal hereditary motor neuropathy (dHMN)	MONDO:0018894	distal hereditary motor neuropathy	true	MONDO:0018894		false		low
Distal hereditary motor neuropathy with pyramidal signs	MONDO:0018894	distal hereditary motor neuropathy	true	MONDO:0018894		false		low
Distal muscular dystrophy	MONDO:0018949	distal myopathy	true	MONDO:0018949	MONDO:0018949	true	true	low
Distal myopathy	MONDO:0018949	distal myopathy	true	MONDO:0018949	MONDO:0018949	true	true	medium
Distal renal tubular acidosis	MONDO:0015827	distal renal tubular acidosis	true	MONDO:0015827	MONDO:0015827	true	true	medium
Distal renal tubular acidosis (Type 1 RTA)	MONDO:0015827	distal renal tubular acidosis	true	MONDO:0015827		false		medium
Distal renal tubular acidosis (Type 1)	MONDO:0015827	distal renal tubular acidosis	true	MONDO:0015827		false		medium
Distal renal tubular acidosis (Type I RTA)	MONDO:0015827	distal renal tubular acidosis	true	MONDO:0015827		false		medium
Distal renal tubular acidosis (Type I)	MONDO:0015827	distal renal tubular acidosis	true	MONDO:0015827		false		medium
Distal renal tubular acidosis (dRTA)	MONDO:0015827	distal renal tubular acidosis	true	MONDO:0015827		false		medium
Distal renal tubular acidosis associated with hereditary elliptocytosis (SLC4A1 mutation)	MONDO:0015827	distal renal tubular acidosis	true	MONDO:0015827		false		low
Distal spinal muscular atrophy	MONDO:0018894	distal hereditary motor neuropathy	true	MONDO:0018894	MONDO:0018894	true	true	low
Distal spinal muscular atrophy (DSMA)	MONDO:0018894	distal hereditary motor neuropathy	true	MONDO:0018894		false		low
Distal spinal muscular atrophy type 1	MONDO:0011297	neuronopathy, distal hereditary motor, type 6	false	no match		false		low
Dominant Optic Atrophy	MONDO:0008134	optic atrophy 1	true	MONDO:0008134	MONDO:0020250	true	false	low
Dominant Optic Atrophy (DOA)	MONDO:0008134	optic atrophy 1	true	MONDO:0008134		false		low
Dominant optic atrophy	MONDO:0008134	optic atrophy 1	true	MONDO:0008134	MONDO:0020250	true	false	low
Donnai-Barrow syndrome	MONDO:0009233	Donnai-Barrow syndrome	false	no match	MONDO:0009104	true	false	medium
Donohue syndrome	MONDO:0009547	Donohue syndrome	false	no match	MONDO:0009517	true	false	medium
Donohue syndrome (leprechaunism)	MONDO:0009547	Donohue syndrome	false	no match		false		medium
Doose syndrome (Myoclonic-Astatic Epilepsy)	MONDO:0017128	epilepsy with myoclonic-atonic seizures	false	no match		false		low
Doose syndrome (Myoclonic-astatic epilepsy)	MONDO:0017128	epilepsy with myoclonic-atonic seizures	false	no match		false		low
Doose syndrome (myoclonic-astatic epilepsy)	MONDO:0017128	epilepsy with myoclonic-atonic seizures	false	no match		false		low
Doose syndrome (myoclonic-atonic epilepsy)	MONDO:0017128	epilepsy with myoclonic-atonic seizures	false	no match		false		low
Dopa-responsive dystonia	MONDO:0018199	dopa-responsive dystonia	false	no match	MONDO:0016812	true	false	low
Dopa-responsive dystonia (Segawa disease)	MONDO:0018199	dopa-responsive dystonia	false	no match		false		low
Dopamine transporter deficiency syndrome	MONDO:0013150	parkinsonism-dystonia, infantile, 1	false	no match	MONDO:0013150;MONDO:0700117	true	false	low
Down Syndrome	MONDO:0008608	Down syndrome	true	MONDO:0008608	MONDO:0008608	true	true	high
Down Syndrome (Trisomy 21)	MONDO:0008608	Down syndrome	true	MONDO:0008608		false		high
Down syndrome	MONDO:0008608	Down syndrome	true	MONDO:0008608	MONDO:0008608	true	true	high
Down syndrome (Trisomy 21)	MONDO:0008608	Down syndrome	true	MONDO:0008608		false		high
Dravet Syndrome	MONDO:0100135	Dravet syndrome	true	MONDO:0100135	MONDO:0100135	true	true	high
Dravet Syndrome (SCN1A mutations)	MONDO:0100135	Dravet syndrome	true	MONDO:0100135		false		high
Dravet syndrome	MONDO:0100135	Dravet syndrome	true	MONDO:0100135	MONDO:0100135	true	true	high
Dravet syndrome (SCN1A mutation)	MONDO:0100135	Dravet syndrome	true	MONDO:0100135		false		high
Dravet syndrome (SCN1A mutations)	MONDO:0100135	Dravet syndrome	true	MONDO:0100135		false		high
Dravet syndrome (SCN1A-related epileptic encephalopathy)	MONDO:0100135	Dravet syndrome	true	MONDO:0100135		false		high
Dravet syndrome (SCN1A-related)	MONDO:0100135	Dravet syndrome	true	MONDO:0100135		false		high
Dravet syndrome (Severe Myoclonic Epilepsy of Infancy)	MONDO:0100135	Dravet syndrome	true	MONDO:0100135		false		high
Duane-Radial Ray Syndrome (Okihiro Syndrome)	MONDO:0011879	Duane-radial ray syndrome	false	no match		false		low
Duane-Radial Ray syndrome	MONDO:0011879	Duane-radial ray syndrome	false	no match	MONDO:0011812	true	false	low
Duane-Radial Ray syndrome (Okihiro syndrome)	MONDO:0011879	Duane-radial ray syndrome	false	no match		false		low
Duane-radial ray syndrome	MONDO:0011879	Duane-radial ray syndrome	false	no match	MONDO:0011812	true	false	low
Duane-radial ray syndrome (Okihiro syndrome)	MONDO:0011879	Duane-radial ray syndrome	false	no match		false		low
Dubowitz Syndrome	MONDO:0009134	Dubowitz syndrome	false	no match	MONDO:0009124	true	false	low
Dubowitz syndrome	MONDO:0009134	Dubowitz syndrome	false	no match	MONDO:0009124	true	false	low
Duchenne Muscular Dystrophy	MONDO:0010679	Duchenne muscular dystrophy	true	MONDO:0010679	MONDO:0010679	true	true	high
Duchenne muscular dystrophy	MONDO:0010679	Duchenne muscular dystrophy	true	MONDO:0010679	MONDO:0010679	true	true	high
Duchenne muscular dystrophy (less likely due to later onset and survival to 39 years)	MONDO:0010679	Duchenne muscular dystrophy	true	MONDO:0010679		false		high
Dunnigan-Type Familial Partial Lipodystrophy	MONDO:0008034	familial partial lipodystrophy, Dunnigan type	false	no match		false		low
Dunnigan-type familial partial lipodystrophy (FPLD type 2)	MONDO:0008034	familial partial lipodystrophy, Dunnigan type	false	no match		false		low
Duplication 15q11.2-q13.1 syndrome (Dup15q syndrome)	MONDO:0014979	chromosome 15q11.2-q13.1 duplication syndrome	false	no match		false		low
Duplication 7q11.23 syndrome	MONDO:0013425	chromosome 7q11.23 duplication syndrome	false	no match		false		low
Dyggve-Melchior-Clausen Syndrome	MONDO:0009137	Dyggve-Melchior-Clausen disease	false	no match	MONDO:0009130	true	false	low
Dyggve-Melchior-Clausen syndrome	MONDO:0009125	Dyggve-Melchior-Clausen disease	false	no match	MONDO:0009130	true	false	medium
Dysferlinopathy (Limb-Girdle Muscular Dystrophy type 2B)	MONDO:0009676	autosomal recessive limb-girdle muscular dystrophy type 2B	true	MONDO:0009676		false		medium
Dyskeratosis Congenita	MONDO:0015780	dyskeratosis congenita	true	MONDO:0015780	MONDO:0015780	true	true	high
Dyskeratosis congenita	MONDO:0015780	dyskeratosis congenita	true	MONDO:0015780	MONDO:0015780	true	true	high
Dysosteosclerosis	MONDO:0009131	dysosteosclerosis	false	no match	MONDO:0009138	true	false	low
Dysplasia of the Fibrous Sheath (DFS)	no match		false	no match		false		low
Dystroglycanopathy	MONDO:0018276	muscular dystrophy-dystroglycanopathy	true	MONDO:0018276	MONDO:0018282	true	false	low
Dystrophinopathies (e.g., Duchenne Muscular Dystrophy)	MONDO:0010679	Duchenne muscular dystrophy	true	MONDO:0010679		false		low
Dystrophinopathy (Duchenne Muscular Dystrophy)	MONDO:0010679	Duchenne muscular dystrophy	true	MONDO:0010679		false		medium
EEC Syndrome (Ectrodactyly-Ectodermal Dysplasia-Cleft Lip/Palate Syndrome)	MONDO:0019281	ectrodactyly-ectodermal dysplasia-cleft lip/palate syndrome	false	no match		false		low
EEC syndrome (Ectrodactyly-Ectodermal Dysplasia-Clefting syndrome)	MONDO:0019281	ectrodactyly-ectodermal dysplasia-cleft lip/palate syndrome	false	no match		false		low
EEC syndrome (Ectrodactyly-ectodermal dysplasia-cleft lip/palate syndrome)	MONDO:0019281	ectrodactyly-ectodermal dysplasia-cleft lip/palate syndrome	false	no match		false		low
ERF-related craniosynostosis	MONDO:0010950	craniosynostosis 4	false	no match	MONDO:0010929	true	false	low
Early Infantile Epileptic Encephalopathy	MONDO:0016021	early infantile epileptic encephalopathy	false	no match	MONDO:0800491	true	false	medium
Early Infantile Epileptic Encephalopathy (EIEE)	MONDO:0016021	early infantile epileptic encephalopathy	false	no match		false		medium
Early Infantile Epileptic Encephalopathy (EIEE) due to other genetic mutations	MONDO:0100062	developmental and epileptic encephalopathy	true	MONDO:0100062		false		low
Early Infantile Epileptic Encephalopathy (KCNQ2-related epileptic encephalopathy)	MONDO:0013294	developmental and epileptic encephalopathy, 7	false	no match		false		medium
Early Infantile Epileptic Encephalopathy (KCNQ2-related)	MONDO:0013294	developmental and epileptic encephalopathy, 7	false	no match		false		medium
Early Infantile Epileptic Encephalopathy (Ohtahara Syndrome)	MONDO:0016021	early infantile epileptic encephalopathy	false	no match		false		medium
Early Infantile Epileptic Encephalopathy (Ohtahara syndrome)	MONDO:0016021	early infantile epileptic encephalopathy	false	no match		false		medium
Early Infantile Epileptic Encephalopathy (STXBP1-related)	MONDO:0012812	developmental and epileptic encephalopathy, 4	true	MONDO:0012812		false		medium
Early Infantile Epileptic Encephalopathy Type 7 (KCNQ2 encephalopathy)	MONDO:0013294	developmental and epileptic encephalopathy, 7	false	no match		false		medium
Early Infantile Epileptic Encephalopathy due to ARX Mutation	MONDO:0010356	developmental and epileptic encephalopathy, 1	false	no match		false		low
Early Infantile Epileptic Encephalopathy due to ARX mutations	MONDO:0010356	developmental and epileptic encephalopathy, 1	false	no match		false		low
Early Infantile Epileptic Encephalopathy due to STXBP1 mutation	MONDO:0012812	developmental and epileptic encephalopathy, 4	true	MONDO:0012812		false		medium
Early Infantile Epileptic Encephalopathy due to STXBP1 mutations	MONDO:0012812	developmental and epileptic encephalopathy, 4	true	MONDO:0012812		false		medium
Early Infantile Epileptic Encephalopathy of unknown etiology	MONDO:0016021	early infantile epileptic encephalopathy	false	no match		false		low
Early Myoclonic Encephalopathy	MONDO:0016022	early myoclonic encephalopathy	false	no match	MONDO:0800491	true	false	low
Early Myoclonic Encephalopathy (EME)	MONDO:0016022	early myoclonic encephalopathy	false	no match		false		low
Early infantile epileptic encephalopathy	MONDO:0016021	early infantile epileptic encephalopathy	false	no match	MONDO:0800491	true	false	medium
Early infantile epileptic encephalopathy (EIEE)	MONDO:0016021	early infantile epileptic encephalopathy	false	no match		false		medium
Early infantile epileptic encephalopathy (Ohtahara syndrome)	MONDO:0016021	early infantile epileptic encephalopathy	false	no match		false		medium
Early infantile epileptic encephalopathy due to CDKL5 mutations	MONDO:0010375	developmental and epileptic encephalopathy, 2	false	no match		false		low
Early infantile epileptic encephalopathy due to KCNT1 mutations	MONDO:0013980	developmental and epileptic encephalopathy, 14	false	no match		false		low
Early infantile epileptic encephalopathy due to STXBP1 mutation	MONDO:0012812	developmental and epileptic encephalopathy, 4	true	MONDO:0012812		false		medium
Early infantile epileptic encephalopathy due to STXBP1 mutations	MONDO:0012812	developmental and epileptic encephalopathy, 4	true	MONDO:0012812		false		medium
Early infantile epileptic encephalopathy of unknown etiology	MONDO:0016021	early infantile epileptic encephalopathy	false	no match		false		low
Early infantile epileptic encephalopathy type 7 (KCNQ2-related epileptic encephalopathy)	MONDO:0013294	developmental and epileptic encephalopathy, 7	false	no match		false		medium
Early myoclonic encephalopathy	MONDO:0016022	early myoclonic encephalopathy	false	no match	MONDO:0800491	true	false	low
Early myoclonic encephalopathy (EME)	MONDO:0016022	early myoclonic encephalopathy	false	no match		false		low
Early repolarization syndrome	MONDO:0012233	early repolarization syndrome	false	no match		false		low
Early-Onset Absence Epilepsy	MONDO:0005300	childhood absence epilepsy	false	no match		false		low
Early-Onset Focal Epilepsy due to SCN2A Mutation	MONDO:0013573	developmental and epileptic encephalopathy, 11	false	no match		false		low
Early-Onset Osteoarthritis and Osteochondritis Dissecans (COL9A3-related)	MONDO:0011271	multiple epiphyseal dysplasia 3	false	no match		false		low
Early-Onset Retinitis Pigmentosa	MONDO:0019200	retinitis pigmentosa	true	MONDO:0019200		false		medium
Early-Onset Spinocerebellar Ataxia	MONDO:0020380	hereditary ataxia	false	no match		false		low
Early-onset Alzheimer's disease (familial type)	MONDO:0011913	familial Alzheimer disease	false	no match		false		low
Early-onset Hereditary Spastic Paraplegia	MONDO:0019064	hereditary spastic paraplegia	true	MONDO:0019064		false		medium
Early-onset Parkinson disease (PARK2 mutations)	MONDO:0008199	Parkinson disease 2	false	no match		false		low
Early-onset Parkinson's disease	MONDO:0005180	Parkinson disease	true	MONDO:0005180		false		low
Early-onset Parkinson's disease (PARK2 mutations)	MONDO:0005180	Parkinson disease	true	MONDO:0005180		false		low
Early-onset Parkinsonism due to PARK2 mutations	MONDO:0005180	Parkinson disease	true	MONDO:0005180		false		low
Early-onset Spinocerebellar Ataxia (SCA)	MONDO:0020380	autosomal dominant cerebellar ataxia	true	MONDO:0020380		false		low
Early-onset familial Alzheimer's disease	MONDO:0015140	early-onset autosomal dominant Alzheimer disease	true	MONDO:0015140		false		medium
Early-onset monogenic SLE due to PRKCD mutation	MONDO:0007915	systemic lupus erythematosus	true	MONDO:0007915		false		low
Early-onset multiple sclerosis	MONDO:0005301	multiple sclerosis	true	MONDO:0005301		false		medium
Early-onset neuronal ceroid lipofuscinosis	MONDO:0016295	neuronal ceroid lipofuscinosis	true	MONDO:0016295		false		medium
Early-onset osteoarthritis due to COL2A1 mutation	MONDO:0005178	osteoarthritis	true	MONDO:0005178		false		low
Early-onset retinitis pigmentosa	MONDO:0019200	retinitis pigmentosa	true	MONDO:0019200		false		medium
Early-onset spinocerebellar ataxia	MONDO:0020380	autosomal dominant cerebellar ataxia	true	MONDO:0020380		false		low
Early-stage retinitis pigmentosa	MONDO:0019200	retinitis pigmentosa	true	MONDO:0019200		false		high
Ectodermal Dysplasia	MONDO:0019287	ectodermal dysplasia syndrome	true	MONDO:0019287	MONDO:0009773;MONDO:0019287	true	true	high
Ectodermal Dysplasia (e.g., Clouston syndrome)	MONDO:0019287	ectodermal dysplasia syndrome	true	MONDO:0019287		false		medium
Ectodermal Dysplasia with Aplasia of the Nipple	MONDO:0019287	ectodermal dysplasia syndrome	true	MONDO:0019287		false		low
Ectodermal Dysplasia, Hair/Nail Type	MONDO:0019287	ectodermal dysplasia syndrome	true	MONDO:0019287		false		low
Ectodermal dysplasia	MONDO:0019287	ectodermal dysplasia syndrome	true	MONDO:0019287	MONDO:0009773;MONDO:0019287	true	true	high
Ectodermal dysplasia syndromes	MONDO:0019287	ectodermal dysplasia syndrome	true	MONDO:0019287		false		high
Ectodermal dysplasia with cardiomyopathy	MONDO:0019287	ectodermal dysplasia syndrome	true	MONDO:0019287		false		low
Ectopia Lentis et Pupillae	MONDO:0009158	ectopia lentis et pupillae	false	no match	MONDO:0009153	true	false	low
Ectopia Lentis syndrome	MONDO:0007546	ectopia lentis, isolated	false	no match	MONDO:0015998	true	false	low
Ectopia lentis et pupillae	MONDO:0009158	ectopia lentis et pupillae	false	no match	MONDO:0009153	true	false	low
Ectopia lentis syndrome	MONDO:0007546	ectopia lentis, isolated	false	no match	MONDO:0015998	true	false	low
Ectrodactyly-Ectodermal Dysplasia-Cleft Lip/Palate (EEC) Syndrome	MONDO:0016622	ectrodactyly-ectodermal dysplasia-cleft lip/palate syndrome	false	no match		false		low
Ectrodactyly-Ectodermal Dysplasia-Cleft Lip/Palate (EEC) syndrome	MONDO:0016622	ectrodactyly-ectodermal dysplasia-cleft lip/palate syndrome	false	no match		false		low
Ectrodactyly-Ectodermal Dysplasia-Clefting syndrome (EEC syndrome)	MONDO:0016622	ectrodactyly-ectodermal dysplasia-cleft lip/palate syndrome	false	no match		false		low
Ectrodactyly-ectodermal dysplasia-cleft syndrome	MONDO:0016622	ectrodactyly-ectodermal dysplasia-cleft lip/palate syndrome	false	no match	MONDO:0010004	true	false	low
Edwards syndrome	MONDO:0018071	Edwards syndrome	true	MONDO:0018071	MONDO:0018071	true	true	medium
Edwards syndrome (Trisomy 18)	MONDO:0018071	Edwards syndrome	true	MONDO:0018071		false		medium
Ehlers-Danlos Syndrome	MONDO:0020066	Ehlers-Danlos syndrome	true	MONDO:0020066	MONDO:0020066	true	true	high
Ehlers-Danlos Syndrome (Classical Type)	MONDO:0007522	classic Ehlers-Danlos syndrome	true	MONDO:0007522		false		medium
Ehlers-Danlos Syndrome (Vascular Type)	MONDO:0017314	Ehlers-Danlos syndrome, vascular type	true	MONDO:0017314		false		medium
Ehlers-Danlos Syndrome (hypermobility type)	MONDO:0007523	hypermobile Ehlers-Danlos syndrome	true	MONDO:0007523		false		medium
Ehlers-Danlos Syndrome (vascular type)	MONDO:0017314	Ehlers-Danlos syndrome, vascular type	true	MONDO:0017314		false		medium
Ehlers-Danlos Syndrome, Vascular Type	MONDO:0017314	Ehlers-Danlos syndrome, vascular type	true	MONDO:0017314	MONDO:0007524;MONDO:0017314	true	true	medium
Ehlers-Danlos Syndrome, hypermobility type	MONDO:0007523	hypermobile Ehlers-Danlos syndrome	true	MONDO:0007523	MONDO:0007523	true	true	medium
Ehlers-Danlos syndrome	MONDO:0020066	Ehlers-Danlos syndrome	true	MONDO:0020066	MONDO:0020066	true	true	high
Ehlers-Danlos syndrome (Classical type)	MONDO:0007522	classic Ehlers-Danlos syndrome	true	MONDO:0007522		false		medium
Ehlers-Danlos syndrome (EDS), classical type	MONDO:0007522	classic Ehlers-Danlos syndrome	true	MONDO:0007522		false		medium
Ehlers-Danlos syndrome (EDS), hypermobile type	MONDO:0007523	hypermobile Ehlers-Danlos syndrome	true	MONDO:0007523		false		medium
Ehlers-Danlos syndrome (Hypermobility type)	MONDO:0007523	hypermobile Ehlers-Danlos syndrome	true	MONDO:0007523		false		medium
Ehlers-Danlos syndrome (certain subtypes)	MONDO:0020066	Ehlers-Danlos syndrome	true	MONDO:0020066		false		medium
Ehlers-Danlos syndrome (certain types)	MONDO:0020066	Ehlers-Danlos syndrome	true	MONDO:0020066		false		medium
Ehlers-Danlos syndrome (classical or hypermobility types)	MONDO:0020066	Ehlers-Danlos syndrome	true	MONDO:0020066		false		medium
Ehlers-Danlos syndrome (classical type)	MONDO:0007522	classic Ehlers-Danlos syndrome	true	MONDO:0007522		false		medium
Ehlers-Danlos syndrome (dermatosparaxis type)	MONDO:0009161	Ehlers-Danlos syndrome, dermatosparaxis type	true	MONDO:0009161		false		low
Ehlers-Danlos syndrome (hypermobile type)	MONDO:0007523	hypermobile Ehlers-Danlos syndrome	true	MONDO:0007523		false		medium
Ehlers-Danlos syndrome (hypermobility type)	MONDO:0007523	hypermobile Ehlers-Danlos syndrome	true	MONDO:0007523		false		medium
Ehlers-Danlos syndrome (kyphoscoliotic type)	MONDO:0016002	kyphoscoliotic Ehlers-Danlos syndrome	true	MONDO:0016002		false		low
Ehlers-Danlos syndrome (vascular type)	MONDO:0017314	Ehlers-Danlos syndrome, vascular type	true	MONDO:0017314		false		medium
Ehlers-Danlos syndrome type VIII (periodontal type)	MONDO:0007525	periodontal Ehlers-Danlos syndrome	false	no match		false		low
Ehlers-Danlos syndrome vascular type	MONDO:0017314	Ehlers-Danlos syndrome, vascular type	true	MONDO:0017314		false		medium
Ehlers-Danlos syndrome, Arthrochalasia type	MONDO:0017312	arthrochalasia Ehlers-Danlos syndrome	false	no match	MONDO:0007525	true	false	low
Ehlers-Danlos syndrome, Classical type	MONDO:0007522	Ehlers-Danlos syndrome, classic type	true	MONDO:0007522		false		medium
Ehlers-Danlos syndrome, Hypermobile type	MONDO:0007523	Ehlers-Danlos syndrome, hypermobility type	true	MONDO:0007523	MONDO:0007523	true	true	medium
Ehlers-Danlos syndrome, arthrochalasia type	MONDO:0017312	arthrochalasia Ehlers-Danlos syndrome	false	no match	MONDO:0007525	true	false	low
Ehlers-Danlos syndrome, classical type	MONDO:0007522	Ehlers-Danlos syndrome, classic type	true	MONDO:0007522		false		medium
Ehlers-Danlos syndrome, hypermobile type	MONDO:0007523	Ehlers-Danlos syndrome, hypermobility type	true	MONDO:0007523	MONDO:0007523	true	true	medium
Ehlers-Danlos syndrome, hypermobility type	MONDO:0007523	Ehlers-Danlos syndrome, hypermobility type	true	MONDO:0007523	MONDO:0007523	true	true	medium
Ehlers-Danlos syndrome, hypermobility type (EDS Type III)	MONDO:0007523	Ehlers-Danlos syndrome, hypermobility type	true	MONDO:0007523		false		medium
Ehlers-Danlos syndrome, kyphoscoliosis type (Type VI)	MONDO:0017313	kyphoscoliotic Ehlers-Danlos syndrome	false	no match		false		low
Ehlers-Danlos syndrome, kyphoscoliotic type	MONDO:0017313	kyphoscoliotic Ehlers-Danlos syndrome	false	no match	MONDO:0016002	true	false	low
Ehlers-Danlos syndrome, kyphoscoliotic type (EDS type VI)	MONDO:0017313	kyphoscoliotic Ehlers-Danlos syndrome	false	no match		false		low
Ehlers-Danlos syndrome, progeroid type	MONDO:0007526	Ehlers-Danlos syndrome, spondylodysplastic type, 1	true	MONDO:0007526		false		low
Ehlers-Danlos syndrome, vascular type	MONDO:0017314	Ehlers-Danlos syndrome, vascular type	true	MONDO:0017314	MONDO:0007524;MONDO:0017314	true	true	medium
Ehlers-Danlos syndrome, vascular type (EDS Type IV)	MONDO:0017314	Ehlers-Danlos syndrome, vascular type	true	MONDO:0017314		false		medium
Ehlers-Danlos syndrome, vascular type (Type IV)	MONDO:0017314	Ehlers-Danlos syndrome, vascular type	true	MONDO:0017314		false		medium
Electrical Status Epilepticus in Sleep (ESES)	MONDO:0017140	epileptic encephalopathy with continuous spike-and-wave during sleep	false	no match		false		low
Ellis-van Creveld Syndrome	MONDO:0009162	Ellis-van Creveld syndrome	true	MONDO:0009162	MONDO:0009162	true	true	medium
Ellis-van Creveld syndrome	MONDO:0009162	Ellis-van Creveld syndrome	true	MONDO:0009162	MONDO:0009162	true	true	medium
Ellis–van Creveld syndrome	MONDO:0009162	Ellis-van Creveld syndrome	true	MONDO:0009162		false		medium
Emanuel syndrome	MONDO:0012214	Emanuel syndrome	false	no match	MONDO:0012176	true	false	low
Emery-Dreifuss Muscular Dystrophy	MONDO:0016830	Emery-Dreifuss muscular dystrophy	true	MONDO:0016830	MONDO:0016830	true	true	medium
Emery-Dreifuss Muscular Dystrophy (EDMD)	MONDO:0016830	Emery-Dreifuss muscular dystrophy	true	MONDO:0016830		false		medium
Emery-Dreifuss muscular dystrophy	MONDO:0016830	Emery-Dreifuss muscular dystrophy	true	MONDO:0016830	MONDO:0016830	true	true	medium
Emery-Dreifuss muscular dystrophy (EDMD)	MONDO:0016830	Emery-Dreifuss muscular dystrophy	true	MONDO:0016830		false		medium
Enamel Renal Syndrome	MONDO:0009165	enamel-renal syndrome	false	no match	MONDO:0008771	true	false	low
Enamel-Renal Syndrome	MONDO:0009165	enamel-renal syndrome	false	no match	MONDO:0008771	true	false	low
Enamel-Renal Syndrome (ERS)	MONDO:0009165	enamel-renal syndrome	false	no match		false		low
Enamel-renal syndrome (Amelogenesis imperfecta-nephrocalcinosis syndrome)	MONDO:0009165	enamel-renal syndrome	false	no match		false		low
Encephalitis	MONDO:0019956	encephalitis	true	MONDO:0019956	MONDO:0019956	true	true	high
Enhanced S-Cone Syndrome	MONDO:0009192	enhanced S-cone syndrome	false	no match	MONDO:0100288	true	false	low
Enhanced S-cone Syndrome	MONDO:0009192	enhanced S-cone syndrome	false	no match	MONDO:0100288	true	false	low
Enhanced S-cone syndrome	MONDO:0009192	enhanced S-cone syndrome	false	no match	MONDO:0100288	true	false	low
Enhanced S-cone syndrome (Goldmann-Favre syndrome)	MONDO:0009192	enhanced S-cone syndrome	false	no match		false		low
Eosinophilic Fasciitis (Shulman's Disease)	MONDO:0019178	eosinophilic fasciitis	false	no match		false		low
Eosinophilic fasciitis	MONDO:0019178	eosinophilic fasciitis	false	no match	MONDO:0009175	true	false	low
Eosinophilic granulomatosis with polyangiitis	MONDO:0005042	eosinophilic granulomatosis with polyangiitis	false	no match	MONDO:0015943	true	false	medium
Epidermolysis bullosa	MONDO:0006541	epidermolysis bullosa	true	MONDO:0006541	MONDO:0006541	true	true	medium
Epidermolysis bullosa simplex	MONDO:0017610	epidermolysis bullosa simplex	true	MONDO:0017610	MONDO:0017610	true	true	medium
Epidermolytic ichthyosis	MONDO:0017275	epidermolytic ichthyosis	false	no match	MONDO:0007239	true	false	low
Epilepsy	MONDO:0005027	epilepsy	true	MONDO:0005027	MONDO:0005027	true	true	high
Epilepsy of Infancy with Migrating Focal Seizures	MONDO:0017381	epilepsy of infancy with migrating focal seizures	false	no match	MONDO:0017385	true	false	low
Epilepsy of infancy with migrating focal seizures (KCNT1 mutations)	MONDO:0017381	epilepsy of infancy with migrating focal seizures	false	no match		false		low
Epilepsy with Continuous Spike and Wave during Slow Sleep (CSWS)	MONDO:0017140	epileptic encephalopathy with continuous spike-and-wave during sleep	false	no match		false		low
Epilepsy with Eyelid Myoclonia (Jeavons Syndrome)	MONDO:0016532	eyelid myoclonia with absences	false	no match		false		low
Epilepsy with Myoclonic Absences	MONDO:0017117	epilepsy with myoclonic absences	false	no match	MONDO:0019487	true	false	low
Epilepsy with Myoclonic-Astatic Seizures (Doose Syndrome)	MONDO:0011004	epilepsy with myoclonic-atonic seizures	false	no match		false		low
Epilepsy with Myoclonic-Atonic Seizures (Doose Syndrome)	MONDO:0011004	epilepsy with myoclonic-atonic seizures	false	no match		false		low
Epilepsy with continuous spike and wave during slow sleep	MONDO:0017140	epileptic encephalopathy with continuous spike-and-wave during sleep	false	no match		false		low
Epilepsy with continuous spike-and-wave during sleep (CSWS)	MONDO:0017140	epileptic encephalopathy with continuous spike-and-wave during sleep	false	no match		false		low
Epilepsy with continuous spike-waves during slow sleep (CSWS)	MONDO:0017140	epileptic encephalopathy with continuous spike-and-wave during sleep	false	no match		false		low
Epilepsy with myoclonic-atonic seizures	MONDO:0017134	epilepsy with myoclonic-atonic seizures	false	no match	MONDO:0014633	true	false	low
Epileptic Encephalopathy with Continuous Spike-and-Wave during Sleep (CSWS syndrome)	MONDO:0017140	epileptic encephalopathy with continuous spike-and-wave during sleep	false	no match		false		low
Epileptic Encephalopathy with Continuous Spike-and-Wave during Slow Sleep (CSWS)	MONDO:0017140	epileptic encephalopathy with continuous spike-and-wave during sleep	false	no match		false		low
Epileptic encephalopathy	MONDO:0100062	developmental and epileptic encephalopathy	true	MONDO:0100062		false		medium
Epileptic encephalopathy due to CDKL5 mutations	MONDO:0100039	CDKL5 disorder	true	MONDO:0100039		false		medium
Epileptic encephalopathy with continuous spike-and-wave during slow sleep (CSWS)	MONDO:0017140	epileptic encephalopathy with continuous spike-and-wave during sleep	false	no match		false		low
Epileptic encephalopathy, early infantile (EIEE)	MONDO:0016021	early infantile epileptic encephalopathy	false	no match		false		medium
Episodic Ataxia	MONDO:0020616	episodic ataxia	false	no match	MONDO:0016227	true	false	low
Episodic Ataxia Type 1	MONDO:0008168	episodic ataxia type 1	false	no match	MONDO:0008047	true	false	low
Episodic Ataxia Type 2	MONDO:0007803	episodic ataxia type 2	false	no match	MONDO:0007163	true	false	low
Episodic ataxia type 1	MONDO:0008168	episodic ataxia type 1	false	no match	MONDO:0008047	true	false	low
Episodic ataxia type 2	MONDO:0007803	episodic ataxia type 2	false	no match	MONDO:0007163	true	false	low
Episodic ataxia type 6	MONDO:0012990	episodic ataxia type 6	false	no match	MONDO:0012982	true	false	low
Erythrokeratodermia variabilis	MONDO:0019275	erythrokeratodermia variabilis	false	no match	MONDO:0017851	true	false	low
Erythropoietic protoporphyria	MONDO:0019180	erythropoietic protoporphyria	false	no match	MONDO:0001676;MONDO:0008319	true	false	low
Esophageal atresia	MONDO:0001044	esophageal atresia	true	MONDO:0001044	MONDO:0001044	true	true	medium
Essential Myoclonus	no match		false	no match		false		low
Essential thrombocythemia	MONDO:0005029	essential thrombocythemia	true	MONDO:0005029	MONDO:0005029	true	true	high
Evans Syndrome	MONDO:0009198	Evans syndrome	false	no match	MONDO:0016030	true	false	low
Evans syndrome	MONDO:0009198	Evans syndrome	false	no match	MONDO:0016030	true	false	low
Expressive language disorder	MONDO:0004812	expressive language disorder	false	no match	MONDO:0001276	true	false	low
FBXL4-related mitochondrial DNA depletion syndrome	MONDO:0014186	mitochondrial DNA depletion syndrome 13	false	no match		false		low
FBXL4-related mitochondrial disease	MONDO:0014186	mitochondrial DNA depletion syndrome 13	false	no match		false		low
FG Syndrome	MONDO:0010591	FG syndrome 1	false	no match	MONDO:0002010	true	false	low
FG Syndrome (Opitz–Kaveggia Syndrome)	MONDO:0010591	FG syndrome 1	false	no match		false		low
FG Syndrome (Opitz–Kaveggia syndrome)	MONDO:0010591	FG syndrome 1	false	no match		false		low
FG syndrome	MONDO:0010591	FG syndrome 1	false	no match	MONDO:0002010	true	false	low
FG syndrome (Opitz-Kaveggia syndrome)	MONDO:0010591	FG syndrome 1	false	no match		false		low
FG syndrome (Opitz–Kaveggia syndrome)	MONDO:0010591	FG syndrome 1	false	no match		false		low
FHONDA syndrome (Foveal Hypoplasia with Optic Nerve Decussation Defects and Anterior Nystagmus)	MONDO:0014090	foveal hypoplasia-optic nerve decussation defect-anterior segment dysgenesis syndrome	false	no match		false		low
FKRP-related congenital muscular dystrophy	MONDO:0011791	muscular dystrophy-dystroglycanopathy (congenital with or without impaired intellectual development), type B5	false	no match		false		low
FLNA Mutation-Related Disorders	no match		false	no match		false		low
FLNA-related Disorder	no match		false	no match		false		low
FLNA-related periventricular nodular heterotopia	MONDO:0010345	periventricular nodular heterotopia 1	false	no match		false		low
FLNC-related cardiomyopathy	MONDO:0014972	familial restrictive cardiomyopathy 5	false	no match		false		low
FLNC-related dilated cardiomyopathy	MONDO:0014972	familial restrictive cardiomyopathy 5	false	no match		false		low
FMR1 premutation-associated conditions	MONDO:0010383	fragile X-associated tremor/ataxia syndrome	false	no match		false		low
FOXE1 deficiency	MONDO:0009816	Bamforth-Lazarus syndrome	false	no match		false		low
FOXG1 Syndrome	MONDO:0012869	Rett syndrome, congenital variant	false	no match	MONDO:0100040	true	false	low
FOXG1 syndrome	MONDO:0012869	Rett syndrome, congenital variant	false	no match	MONDO:0100040	true	false	low
FOXL2 gene mutation	MONDO:0007209	blepharophimosis-ptosis-epicanthus inversus syndrome	false	no match		false		low
FOXN1 Deficiency	MONDO:0011075	T-cell immunodeficiency, congenital alopecia, and nail dystrophy	false	no match	MONDO:0011132	true	false	low
FOXP1 syndrome	MONDO:0013224	intellectual developmental disorder with language impairment and with or without autistic features	false	no match	MONDO:0013352	true	false	low
FOXP1-related intellectual disability syndrome	MONDO:0013224	intellectual developmental disorder with language impairment and with or without autistic features	false	no match		false		low
FOXP2-related speech and language disorder	MONDO:0011479	speech-language disorder 1	false	no match		false		low
FREM1-related craniosynostosis	MONDO:0013779	trigonocephaly 2	false	no match		false		low
Fabry Disease	MONDO:0010526	Fabry disease	true	MONDO:0010526	MONDO:0010526	true	true	high
Fabry disease	MONDO:0010526	Fabry disease	true	MONDO:0010526	MONDO:0010526	true	true	high
Facioscapulohumeral Muscular Dystrophy	MONDO:0018149	facioscapulohumeral muscular dystrophy	false	no match	MONDO:0001347	true	false	low
Facioscapulohumeral Muscular Dystrophy (FSHD)	MONDO:0019218	facioscapulohumeral muscular dystrophy	false	no match		false		medium
Facioscapulohumeral muscular dystrophy	MONDO:0019218	facioscapulohumeral muscular dystrophy	false	no match	MONDO:0001347	true	false	medium
Facioscapuloperoneal muscular dystrophy	MONDO:0019218	facioscapulohumeral muscular dystrophy	false	no match		false		low
Factor V Leiden Thrombophilia	MONDO:0008560	thrombophilia due to activated protein C resistance	true	MONDO:0008560		false		medium
Factor V Leiden thrombophilia	MONDO:0008560	thrombophilia due to activated protein C resistance	true	MONDO:0008560		false		medium
Factor V deficiency	MONDO:0009209	factor V deficiency	false	no match	MONDO:0020586	true	false	medium
Factor VII deficiency	MONDO:0009210	factor VII deficiency	false	no match	MONDO:0002244	true	false	low
Factor XI deficiency (Hemophilia C)	MONDO:0012908	factor XI deficiency	false	no match		false		low
Factor XIII deficiency	MONDO:0018228	congenital factor XIII deficiency	false	no match	MONDO:0002241	true	false	low
Fahr's disease	MONDO:0017806	primary familial brain calcification	false	no match		false		low
Fahr's disease (Familial Idiopathic Basal Ganglia Calcification)	MONDO:0017806	primary familial brain calcification	false	no match		false		low
Familial Atrial Fibrillation	MONDO:0018002	familial atrial fibrillation	false	no match	MONDO:0018054	true	false	low
Familial Atrial Septal Defect (GATA4 mutation)	MONDO:0007178	atrial septal defect 2	false	no match		false		low
Familial Creutzfeldt-Jakob disease	MONDO:0017407	genetic Creutzfeldt-Jakob disease	false	no match		false		low
Familial Dysautonomia	MONDO:0009131	familial dysautonomia	true	MONDO:0009131	MONDO:0009131	true	true	medium
Familial Dysautonomia (Riley-Day syndrome)	MONDO:0009131	familial dysautonomia	true	MONDO:0009131		false		medium
Familial Ectopia Lentis	MONDO:0007446	ectopia lentis 1, isolated, autosomal dominant	false	no match	MONDO:0015998	true	false	low
Familial Exudative Vitreoretinopathy	MONDO:0019516	familial exudative vitreoretinopathy	true	MONDO:0019516	MONDO:0019516	true	true	low
Familial Focal Epilepsy with Variable Foci	MONDO:0012469	familial focal epilepsy with variable foci	false	no match	MONDO:0020310	true	false	low
Familial Focal Epilepsy with Variable Foci (FFEVF)	MONDO:0012469	familial focal epilepsy with variable foci	false	no match		false		low
Familial Hemiplegic Migraine	MONDO:0018818	familial hemiplegic migraine	false	no match	MONDO:0000700	true	false	low
Familial Hemophagocytic Lymphohistiocytosis	MONDO:0015541	familial hemophagocytic lymphohistiocytosis	true	MONDO:0015541	MONDO:0009974;MONDO:0015540;MONDO:0015541	true	true	high
Familial Hiatal Hernia	MONDO:0007733	hiatal hernia, familial	false	no match		false		low
Familial High Hypermetropia (Hyperopia 1)	MONDO:0009404	hyperopia, high	false	no match		false		low
Familial Hypercholesterolemia	MONDO:0005439	familial hypercholesterolemia	true	MONDO:0005439	MONDO:0005439	true	true	high
Familial Hyperopia	MONDO:0009404	hyperopia, high	false	no match		false		low
Familial Hypomagnesemia with Hypercalciuria and Nephrocalcinosis	MONDO:0009368	familial hypomagnesemia with hypercalciuria and nephrocalcinosis	false	no match		false		low
Familial Hypomagnesemia with Hypercalciuria and Nephrocalcinosis (FHHNC)	MONDO:0009368	familial hypomagnesemia with hypercalciuria and nephrocalcinosis	false	no match		false		low
Familial Hypoparathyroidism	MONDO:0009386	familial isolated hypoparathyroidism	false	no match	MONDO:0016390	true	false	low
Familial Isolated Hypoparathyroidism	MONDO:0009386	familial isolated hypoparathyroidism	false	no match	MONDO:0016390	true	false	low
Familial Isolated Mitral Valve Prolapse	MONDO:0008001	mitral valve prolapse, familial	false	no match		false		low
Familial Mediterranean fever	MONDO:0018088	familial Mediterranean fever	true	MONDO:0018088	MONDO:0009572;MONDO:0018088	true	true	high
Familial Multiple Lipomatosis	MONDO:0007895	familial multiple lipomatosis	false	no match	MONDO:0007909	true	false	low
Familial Osteochondritis Dissecans (ACAN-related)	MONDO:0011278	osteochondritis dissecans, short stature, and early-onset osteoarthritis	false	no match		false		low
Familial Partial Lipodystrophy (Dunnigan Type)	MONDO:0007974	familial partial lipodystrophy, Dunnigan type	false	no match		false		low
Familial Partial Lipodystrophy (Dunnigan type)	MONDO:0007974	familial partial lipodystrophy, Dunnigan type	false	no match		false		low
Familial Partial Lipodystrophy Type 1 (Köbberling Type)	MONDO:0010993	familial partial lipodystrophy, Köbberling type	false	no match		false		low
Familial Partial Lipodystrophy Type 2	MONDO:0007974	familial partial lipodystrophy, Dunnigan type	false	no match	MONDO:0007906	true	false	low
Familial Partial Lipodystrophy Type 2 (Dunnigan Disease)	MONDO:0007974	familial partial lipodystrophy, Dunnigan type	false	no match		false		low
Familial Partial Lipodystrophy Type 2 (Dunnigan Variety)	MONDO:0007974	familial partial lipodystrophy, Dunnigan type	false	no match		false		low
Familial Partial Lipodystrophy Type 2 (Dunnigan-Type)	MONDO:0007974	familial partial lipodystrophy, Dunnigan type	false	no match		false		low
Familial Partial Lipodystrophy Type 2 (Dunnigan-type)	MONDO:0007974	familial partial lipodystrophy, Dunnigan type	false	no match		false		low
Familial Partial Lipodystrophy Type 3	MONDO:0011448	familial partial lipodystrophy due to PPARG mutations	false	no match	MONDO:0011448	true	false	low
Familial Partial Lipodystrophy Type 3 (PPARG Mutation)	MONDO:0011448	familial partial lipodystrophy due to PPARG mutations	false	no match		false		low
Familial Partial Lipodystrophy due to PPARG mutations	MONDO:0011448	familial partial lipodystrophy due to PPARG mutations	false	no match		false		low
Familial Partial Lipodystrophy type 2 (Dunnigan-type)	MONDO:0007974	familial partial lipodystrophy, Dunnigan type	false	no match		false		low
Familial Partial Lipodystrophy type 2 (FPLD2)	MONDO:0007974	familial partial lipodystrophy, Dunnigan type	false	no match		false		low
Familial Partial Lipodystrophy type 3	MONDO:0011448	familial partial lipodystrophy due to PPARG mutations	false	no match	MONDO:0011448	true	false	low
Familial Partial Lipodystrophy type 3 (FPLD3)	MONDO:0011448	familial partial lipodystrophy due to PPARG mutations	false	no match		false		low
Familial Progressive Cardiac Conduction Defect	MONDO:0019224	progressive familial heart block	false	no match		false		low
Familial Progressive Cardiac Conduction Defect (Lenègre-Lev Disease)	MONDO:0019180	progressive familial heart block	false	no match		false		low
Familial Progressive Cardiac Conduction Defect (PCCD)	MONDO:0019180	progressive familial heart block	false	no match		false		low
Familial Pulmonary Fibrosis due to TERT mutation	MONDO:0009767	pulmonary fibrosis and/or bone marrow failure, telomere-related, 1	false	no match		false		low
Familial Short QT Syndrome	MONDO:0019149	short QT syndrome	false	no match		false		low
Familial Sick Sinus Syndrome	MONDO:0001823	sick sinus syndrome	true	MONDO:0001823	MONDO:0012061	true	false	low
Familial Sinus Bradycardia	MONDO:0001823	sick sinus syndrome	true	MONDO:0001823		false		low
Familial Sinus Node Dysfunction	MONDO:0001823	sick sinus syndrome	true	MONDO:0001823	MONDO:0012061	true	false	low
Familial Spastic Paraparesis	MONDO:0019064	hereditary spastic paraplegia	true	MONDO:0019064	MONDO:0019064	true	true	medium
Familial Thoracic Aortic Aneurysm Syndrome	MONDO:0019625	heritable thoracic aortic disease	false	no match		false		medium
Familial Thoracic Aortic Aneurysm and Dissection	MONDO:0019625	heritable thoracic aortic disease	false	no match		false		medium
Familial Thoracic Aortic Aneurysm and Dissection (FTAAD)	MONDO:0019625	heritable thoracic aortic disease	false	no match		false		medium
Familial Thoracic Aortic Aneurysm and Dissection (FTAAD) syndrome	MONDO:0019625	heritable thoracic aortic disease	false	no match		false		medium
Familial Thoracic Aortic Aneurysm and Dissection (TAAD)	MONDO:0019625	heritable thoracic aortic disease	false	no match		false		medium
Familial Thoracic Aortic Aneurysm and Dissection (TAAD) due to ACTA2 mutations	MONDO:0012876	aortic aneurysm, familial thoracic 6	false	no match		false		low
Familial Thoracic Aortic Aneurysm and Dissections	MONDO:0019625	heritable thoracic aortic disease	false	no match		false		medium
Familial adenomatous polyposis	MONDO:0021056	familial adenomatous polyposis	false	no match	MONDO:0021055	true	false	high
Familial amyloid polyneuropathy	MONDO:0018634	hereditary ATTR amyloidosis	false	no match	MONDO:0007100	true	false	low
Familial atrial fibrillation	MONDO:0019940	familial atrial fibrillation	false	no match	MONDO:0018054	true	false	low
Familial atrial fibrillation due to NPPA gene mutation	MONDO:0012741	atrial fibrillation, familial, 6	false	no match		false		low
Familial atrial septal defect with atrioventricular conduction defects (NKX2-5 mutation)	MONDO:0007162	atrial septal defect 7 with or without atrioventricular conduction defects	false	no match		false		low
Familial atrioventricular block due to TRPM4 gene mutations	MONDO:0011217	progressive familial heart block, type IB	false	no match		false		low
Familial chilblain lupus (TREX1 mutation)	MONDO:0010820	familial chilblain lupus	false	no match		false		low
Familial dilated cardiomyopathy	MONDO:0016333	familial isolated dilated cardiomyopathy	false	no match	MONDO:0005021;MONDO:0016333	true	false	medium
Familial dilated cardiomyopathy (TTN gene mutations)	MONDO:0011247	dilated cardiomyopathy 1G	false	no match		false		low
Familial dilated cardiomyopathy (genetic causes)	MONDO:0016333	familial isolated dilated cardiomyopathy	false	no match		false		medium
Familial dilated cardiomyopathy (other genetic causes)	MONDO:0016333	familial isolated dilated cardiomyopathy	false	no match		false		low
Familial dilated cardiomyopathy due to SCN5A mutations	MONDO:0011432	dilated cardiomyopathy 1E	false	no match		false		low
Familial dilated cardiomyopathy due to TTN mutations	MONDO:0011247	dilated cardiomyopathy 1G	false	no match		false		low
Familial dysautonomia	MONDO:0009131	familial dysautonomia	true	MONDO:0009131	MONDO:0009131	true	true	high
Familial dysautonomia (Riley-Day syndrome)	MONDO:0009131	familial dysautonomia	true	MONDO:0009131		false		high
Familial ectopia lentis	MONDO:0020223	isolated ectopia lentis	false	no match	MONDO:0015998	true	false	low
Familial exudative vitreoretinopathy	MONDO:0019516	familial exudative vitreoretinopathy	true	MONDO:0019516	MONDO:0019516	true	true	medium
Familial exudative vitreoretinopathy (FEVR)	MONDO:0019516	familial exudative vitreoretinopathy	true	MONDO:0019516		false		medium
Familial hemiplegic migraine	MONDO:0018073	familial or sporadic hemiplegic migraine	false	no match	MONDO:0000700	true	false	low
Familial hemiplegic migraine type 1	MONDO:0007702	familial hemiplegic migraine 1	false	no match	MONDO:0020756	true	false	low
Familial hemophagocytic lymphohistiocytosis	MONDO:0015541	familial hemophagocytic lymphohistiocytosis	true	MONDO:0015541	MONDO:0009974;MONDO:0015540;MONDO:0015541	true	true	high
Familial hemophagocytic lymphohistiocytosis (FHL)	MONDO:0015541	familial hemophagocytic lymphohistiocytosis	true	MONDO:0015541		false		high
Familial high hyperopia	MONDO:0004789	hyperopia	false	no match		false		low
Familial high myopia (MYP1)	MONDO:0010684	Bornholm eye disease	false	no match		false		low
Familial hypercholesterolemia	MONDO:0005439	familial hypercholesterolemia	true	MONDO:0005439	MONDO:0005439	true	true	high
Familial hyperopia with amblyopia	MONDO:0004789	hyperopia	false	no match		false		low
Familial hypertrophic cardiomyopathy	MONDO:0024573	familial hypertrophic cardiomyopathy	true	MONDO:0024573	MONDO:0005045;MONDO:0024573	true	true	medium
Familial hypomagnesemia with hypercalciuria and nephrocalcinosis	MONDO:0019313	familial hypomagnesemia with hypercalciuria and nephrocalcinosis	false	no match		false		medium
Familial hypomagnesemia with hypercalciuria and nephrocalcinosis (FHHNC)	MONDO:0019313	familial hypomagnesemia with hypercalciuria and nephrocalcinosis	false	no match		false		medium
Familial hypomagnesemia with secondary hypocalcemia (HSH)	MONDO:0011123	hypomagnesemia 1, intestinal	false	no match		false		low
Familial isolated atrial septal defect	MONDO:0006664	atrial septal defect	true	MONDO:0006664		false		medium
Familial isolated ectopia lentis	MONDO:0020223	isolated ectopia lentis	false	no match		false		medium
Familial juvenile hyperuricemic nephropathy (FJHN)	MONDO:0017288	familial juvenile hyperuricemic nephropathy	false	no match		false		medium
Familial left ventricular noncompaction cardiomyopathy	MONDO:0019153	left ventricular noncompaction	false	no match		false		medium
Familial microcephaly	MONDO:0001149	microcephaly	true	MONDO:0001149		false		medium
Familial microspherophakia	MONDO:0009612	microspherophakia	false	no match		false		low
Familial multiple lipomatosis	MONDO:0007895	familial multiple lipomatosis	false	no match	MONDO:0007909	true	false	low
Familial neonatal-infantile seizures	MONDO:0011766	benign familial neonatal-infantile seizures	false	no match		false		low
Familial partial lipodystrophy	MONDO:0019952	familial partial lipodystrophy	false	no match	MONDO:0020088	true	false	low
Familial partial lipodystrophy (Dunnigan type)	MONDO:0007974	familial partial lipodystrophy, Dunnigan type	false	no match		false		low
Familial partial lipodystrophy type 1	MONDO:0012131	familial partial lipodystrophy, Köbberling type	false	no match	MONDO:0012072	true	false	low
Familial partial lipodystrophy type 2 (Dunnigan type)	MONDO:0007974	familial partial lipodystrophy, Dunnigan type	false	no match		false		low
Familial partial lipodystrophy type 2 (Dunnigan-type lipodystrophy)	MONDO:0007974	familial partial lipodystrophy, Dunnigan type	false	no match		false		low
Familial partial lipodystrophy type 2 (Dunnigan-type)	MONDO:0007974	familial partial lipodystrophy, Dunnigan type	false	no match		false		low
Familial partial lipodystrophy type 3	MONDO:0011448	familial partial lipodystrophy type 3	true	MONDO:0011448	MONDO:0011448	true	true	low
Familial partial lipodystrophy type 4	MONDO:0013476	familial partial lipodystrophy type 4	false	no match	MONDO:0013478	true	false	low
Familial platelet disorder with predisposition to acute myeloid leukemia (RUNX1 mutation)	MONDO:0011071	familial platelet disorder with associated myeloid malignancy	false	no match		false		medium
Familial platelet disorder with predisposition to myeloid malignancy (RUNX1 mutation)	MONDO:0011071	familial platelet disorder with associated myeloid malignancy	false	no match		false		medium
Familial progressive cardiac conduction defect	MONDO:0018031	progressive familial heart block	false	no match		false		low
Familial renal glycosuria	MONDO:0009316	renal glucosuria	false	no match		false		low
Familial sick sinus syndrome	MONDO:0009918	sick sinus syndrome 1	false	no match	MONDO:0012061	true	false	low
Familial tall stature	no match		false	no match		false		low
Familial thoracic aortic aneurysm	MONDO:0019625	familial thoracic aortic aneurysm and aortic dissection	true	MONDO:0019625		false		medium
Familial thoracic aortic aneurysm and dissection	MONDO:0019625	familial thoracic aortic aneurysm and aortic dissection	true	MONDO:0019625		false		medium
Familial thoracic aortic aneurysm and dissection (FTAAD)	MONDO:0019625	familial thoracic aortic aneurysm and aortic dissection	true	MONDO:0019625		false		medium
Familial thoracic aortic aneurysm and dissection (TAAD)	MONDO:0019625	familial thoracic aortic aneurysm and aortic dissection	true	MONDO:0019625		false		medium
Familial thoracic aortic aneurysm and dissection (TAAD) syndrome	MONDO:0019625	familial thoracic aortic aneurysm and aortic dissection	true	MONDO:0019625		false		medium
Familial thoracic aortic aneurysm and dissection syndrome	MONDO:0019625	familial thoracic aortic aneurysm and aortic dissection	true	MONDO:0019625		false		medium
Familial thoracic aortic aneurysm and dissection syndromes	MONDO:0019625	familial thoracic aortic aneurysm and aortic dissection	true	MONDO:0019625		false		medium
Familial thoracic aortic aneurysm syndrome	MONDO:0019625	familial thoracic aortic aneurysm and aortic dissection	true	MONDO:0019625		false		medium
Familial transthyretin amyloidosis	MONDO:0007100	hereditary ATTR amyloidosis	false	no match		false		low
Familial truncus arteriosus due to NOTCH1 gene mutations	MONDO:0008547	persistent truncus arteriosus	false	no match		false		low
Fanconi Anemia	MONDO:0019391	Fanconi anemia	true	MONDO:0019391	MONDO:0019391	true	true	high
Fanconi Syndrome	MONDO:0001083	Fanconi syndrome	true	MONDO:0001083	MONDO:0001083	true	true	medium
Fanconi anemia	MONDO:0019391	Fanconi anemia	true	MONDO:0019391	MONDO:0019391	true	true	high
Fanconi syndrome	MONDO:0001083	Fanconi syndrome	true	MONDO:0001083	MONDO:0001083	true	true	medium
Fanconi-Bickel Syndrome	MONDO:0009287	Fanconi-Bickel syndrome	false	no match	MONDO:0009216	true	false	low
Fanconi-Bickel syndrome	MONDO:0009287	Fanconi-Bickel syndrome	false	no match	MONDO:0009216	true	false	low
Farber Disease	MONDO:0009220	Farber lipogranulomatosis	false	no match	MONDO:0009218	true	false	low
Farber disease	MONDO:0009220	Farber lipogranulomatosis	false	no match	MONDO:0009218	true	false	low
Fatty Acid Hydroxylase-associated Neurodegeneration (FAHN)	MONDO:0012919	hereditary spastic paraplegia 35	false	no match		false		low
Fatty Acid Oxidation Disorders	MONDO:0019212	mitochondrial fatty acid oxidation disorder	false	no match		false		low
Fatty acid hydroxylase-associated neurodegeneration	MONDO:0012919	hereditary spastic paraplegia 35	false	no match	MONDO:0017999	true	false	low
Fatty acid oxidation disorder (e.g., VLCAD deficiency)	MONDO:0019212	mitochondrial fatty acid oxidation disorder	false	no match		false		low
Fatty acid oxidation disorders	MONDO:0019212	mitochondrial fatty acid oxidation disorder	false	no match		false		low
Fatty acid oxidation disorders (e.g., MCAD deficiency)	MONDO:0019212	mitochondrial fatty acid oxidation disorder	false	no match		false		low
Febrile infection-related epilepsy syndrome (FIRES)	MONDO:0017012	febrile infection-related epilepsy syndrome	false	no match	MONDO:0015584	true	false	low
Febrile seizures	MONDO:0017068	familial febrile seizures	false	no match		false		low
Fechtner syndrome	MONDO:0007606	Fechtner syndrome	false	no match	MONDO:0015912	true	false	low
Feingold syndrome	MONDO:0007603	Feingold syndrome	false	no match	MONDO:0015267	true	false	low
Ferguson-Smith disease	MONDO:0007566	multiple self-healing squamous epithelioma	true	MONDO:0007566	MONDO:0007566	true	true	low
Ferguson-Smith disease (Familial multiple self-healing squamous epithelioma)	MONDO:0007566	multiple self-healing squamous epithelioma	true	MONDO:0007566		false		low
Ferguson-Smith disease (Multiple Self-Healing Squamous Epithelioma)	MONDO:0007566	multiple self-healing squamous epithelioma	true	MONDO:0007566		false		low
Ferguson-Smith disease (Multiple Self-healing Squamous Epithelioma)	MONDO:0007566	multiple self-healing squamous epithelioma	true	MONDO:0007566		false		low
Ferguson-Smith syndrome	MONDO:0007566	multiple self-healing squamous epithelioma	true	MONDO:0007566	MONDO:0007566	true	true	low
Fetal Alcohol Spectrum Disorder	MONDO:0006620	fetal alcohol syndrome	false	no match	MONDO:0000408	true	false	low
Fetal Alcohol Spectrum Disorder (FASD)	MONDO:0006620	fetal alcohol syndrome	false	no match		false		low
Fetal Alcohol Syndrome	MONDO:0006620	fetal alcohol syndrome	false	no match	MONDO:0000408;MONDO:0016011	true	false	medium
Fetal Valproate Syndrome	MONDO:0017349	fetal valproate syndrome	false	no match	MONDO:0012275	true	false	low
Fetal alcohol spectrum disorder	MONDO:0006620	fetal alcohol syndrome	false	no match	MONDO:0000408	true	false	low
Fetal alcohol spectrum disorders	MONDO:0006620	fetal alcohol syndrome	false	no match	MONDO:0000408;MONDO:0016011	true	false	low
Fetal alcohol syndrome	MONDO:0006620	fetal alcohol syndrome	false	no match	MONDO:0000408;MONDO:0016011	true	false	medium
Fibrodysplasia ossificans progressiva	MONDO:0007606	fibrodysplasia ossificans progressiva	true	MONDO:0007606	MONDO:0003964;MONDO:0007606	true	true	medium
Fibromuscular Dysplasia	MONDO:0007607	fibromuscular dysplasia	false	no match	MONDO:0006761	true	false	low
Fibromuscular dysplasia	MONDO:0007607	fibromuscular dysplasia	false	no match	MONDO:0006761	true	false	low
Fibrous dysplasia	MONDO:0019028	fibrous dysplasia of bone	false	no match	MONDO:0000845	true	false	low
Fibular hemimelia syndrome	MONDO:0007608	fibular hypoplasia and complex brachydactyly	false	no match		false		low
Filamin C-related cardiomyopathy	MONDO:0014671	hypertrophic cardiomyopathy 26	false	no match		false		low
Floating-Harbor Syndrome	MONDO:0007610	Floating-Harbor syndrome	false	no match	MONDO:0007621	true	false	low
Floating-Harbor syndrome	MONDO:0007610	Floating-Harbor syndrome	false	no match	MONDO:0007621	true	false	low
Focal Cortical Dysplasia	MONDO:0016155	focal cortical dysplasia	false	no match		false		low
Focal Cortical Dysplasia Type IIb	MONDO:0011815	focal cortical dysplasia type II	false	no match		false		low
Focal Dermal Hypoplasia (Goltz Syndrome)	MONDO:0010592	focal dermal hypoplasia	true	MONDO:0010592		false		medium
Focal acral hyperkeratosis	MONDO:0007067	focal acral hyperkeratosis	false	no match	MONDO:0017677	true	false	low
Focal cortical dysplasia	MONDO:0016155	focal cortical dysplasia	false	no match		false		low
Focal cortical dysplasia Type II due to MTOR mutation	MONDO:0011815	focal cortical dysplasia type II	false	no match		false		low
Foetal Alcohol Spectrum Disorder	MONDO:0006620	fetal alcohol syndrome	false	no match		false		low
Folate receptor alpha deficiency	MONDO:0013180	neurodegeneration due to cerebral folate transport deficiency	false	no match		false		low
Food protein-induced enteropathy	MONDO:0005272	food allergy	false	no match		false		low
Foveal Hypoplasia	MONDO:0007618	foveal hypoplasia 1	false	no match	MONDO:0044203	true	false	low
Foveal hypoplasia	MONDO:0007618	foveal hypoplasia 1	false	no match	MONDO:0044203	true	false	low
Foveal hypoplasia due to PAX6 mutation	MONDO:0007618	foveal hypoplasia 1	false	no match		false		low
Fragile X Syndrome	MONDO:0010383	fragile X syndrome	true	MONDO:0010383	MONDO:0010383	true	true	high
Fragile X Syndrome (Female)	MONDO:0010383	fragile X syndrome	true	MONDO:0010383		false		high
Fragile X syndrome	MONDO:0010383	fragile X syndrome	true	MONDO:0010383	MONDO:0010383	true	true	high
Fragile X syndrome (severe cases)	MONDO:0010383	fragile X syndrome	true	MONDO:0010383		false		high
Fragile X-associated Tremor/Ataxia Syndrome (FXTAS)	MONDO:0010659	fragile X-associated tremor/ataxia syndrome	false	no match		false		medium
Fragile X-associated primary ovarian insufficiency	MONDO:0010757	premature ovarian failure 1	false	no match	MONDO:0010706	true	false	low
Fragile X-associated primary ovarian insufficiency (FXPOI)	MONDO:0010757	premature ovarian failure 1	false	no match		false		low
Fragile X-associated tremor/ataxia syndrome	MONDO:0010659	fragile X-associated tremor/ataxia syndrome	false	no match	MONDO:0010382	true	false	medium
Fragile X-associated tremor/ataxia syndrome (FXTAS)	MONDO:0010659	fragile X-associated tremor/ataxia syndrome	false	no match		false		medium
Fraser syndrome	MONDO:0015478	Fraser syndrome	false	no match	MONDO:0009046	true	false	low
Frasier syndrome	MONDO:0007626	Frasier syndrome	false	no match	MONDO:0007635	true	false	low
Freeman-Sheldon Syndrome	MONDO:0007617	Freeman-Sheldon syndrome	false	no match	MONDO:0008675	true	false	low
Freeman-Sheldon syndrome	MONDO:0007617	Freeman-Sheldon syndrome	false	no match	MONDO:0008675	true	false	low
Friedreich Ataxia	MONDO:0100339	Friedreich ataxia	true	MONDO:0100339	MONDO:0100339;MONDO:0100340	true	true	medium
Friedreich ataxia	MONDO:0100339	Friedreich ataxia	true	MONDO:0100339	MONDO:0100339;MONDO:0100340	true	true	medium
Friedreich's Ataxia	MONDO:0100339	Friedreich ataxia	true	MONDO:0100339	MONDO:0100339	true	true	medium
Friedreich's ataxia	MONDO:0100339	Friedreich ataxia	true	MONDO:0100339	MONDO:0100339	true	true	medium
Friedreich's ataxia (late-onset type)	MONDO:0100339	Friedreich ataxia	true	MONDO:0100339		false		low
Friedreich's ataxia (late-onset)	MONDO:0100339	Friedreich ataxia	true	MONDO:0100339		false		low
Friedrich ataxia	MONDO:0100339	Friedreich ataxia	true	MONDO:0100339		false		medium
Frontometaphyseal Dysplasia	MONDO:0010593	frontometaphyseal dysplasia 1	false	no match	MONDO:0015942	true	false	low
Frontometaphyseal dysplasia	MONDO:0010593	frontometaphyseal dysplasia 1	false	no match	MONDO:0015942	true	false	low
Frontonasal dysplasia	MONDO:0015254	frontonasal dysplasia	false	no match	MONDO:0016643	true	false	low
Frontotemporal Dementia	MONDO:0017276	frontotemporal dementia	true	MONDO:0017276	MONDO:0010857;MONDO:0017276	true	true	medium
Frontotemporal dementia	MONDO:0017276	frontotemporal dementia	true	MONDO:0017276	MONDO:0010857;MONDO:0017276	true	true	medium
Frontotemporal dementia with parkinsonism linked to chromosome 17	MONDO:0017276	frontotemporal dementia	true	MONDO:0017276		false		low
Fructose 1,6-bisphosphatase deficiency	MONDO:0009226	fructose-1,6-bisphosphatase deficiency	false	no match		false		medium
Fructose-1,6-bisphosphatase Deficiency	MONDO:0009226	fructose-1,6-bisphosphatase deficiency	false	no match	MONDO:0009251	true	false	medium
Fructose-1,6-bisphosphatase deficiency	MONDO:0009226	fructose-1,6-bisphosphatase deficiency	false	no match	MONDO:0009251	true	false	medium
Fryns syndrome	MONDO:0009244	Fryns syndrome	false	no match	MONDO:0009253	true	false	medium
Fuchs Endothelial Corneal Dystrophy	MONDO:0007644	Fuchs' endothelial dystrophy	false	no match		false		low
Fuchs endothelial corneal dystrophy	MONDO:0007644	Fuchs' endothelial dystrophy	false	no match		false		low
Fuchs' endothelial corneal dystrophy	MONDO:0007644	Fuchs' endothelial dystrophy	false	no match		false		low
Fuhrmann syndrome	MONDO:0009248	Fuhrmann syndrome	false	no match	MONDO:0009232	true	false	low
Fukuyama Congenital Muscular Dystrophy	MONDO:0009247	Fukuyama congenital muscular dystrophy	false	no match	MONDO:0009678	true	false	low
Fukuyama congenital muscular dystrophy	MONDO:0009247	Fukuyama congenital muscular dystrophy	false	no match	MONDO:0009678	true	false	low
Fumarase deficiency	MONDO:0009253	fumaric aciduria	false	no match	MONDO:0011730	true	false	low
Fundus Albipunctatus	MONDO:0009254	fundus albipunctatus	false	no match	MONDO:0007639;MONDO:0100443;MONDO:0100444	true	false	low
Fundus albipunctatus	MONDO:0009254	fundus albipunctatus	false	no match	MONDO:0007639;MONDO:0100443;MONDO:0100444	true	false	low
G6PD Deficiency	MONDO:0005775	G6PD deficiency	true	MONDO:0005775	MONDO:0005775;MONDO:0040671	true	true	medium
G6PD deficiency	MONDO:0005775	G6PD deficiency	true	MONDO:0005775	MONDO:0005775;MONDO:0040671	true	true	medium
GABA transporter type 1 deficiency	MONDO:0014609	myoclonic-atonic epilepsy	false	no match		false		low
GABA-transaminase deficiency	MONDO:0012426	GABA aminotransferase deficiency	false	no match		false		low
GATA1-related thrombocytopenia	MONDO:0010340	GATA1-related X-linked cytopenia	false	no match		false		low
GATA2 deficiency	MONDO:0013690	GATA2 deficiency with susceptibility to MDS/AML	false	no match	MONDO:0042982	true	false	low
GATA2 deficiency (MonoMAC syndrome)	MONDO:0013690	GATA2 deficiency with susceptibility to MDS/AML	false	no match		false		low
GATA4-related congenital heart disease	MONDO:0011118	atrial septal defect 2	false	no match		false		low
GATAD2B-related intellectual disability	MONDO:0013925	GATAD2B-associated neurodevelopmental disorder	false	no match		false		low
GCK-MODY (MODY 2)	MONDO:0007452	maturity-onset diabetes of the young type 2	false	no match		false		low
GJA5-related cardiac conduction disease	MONDO:0012741	atrial fibrillation, familial, 11	false	no match		false		low
GJB2-related nonsyndromic sensorineural hearing loss	MONDO:0009076	autosomal recessive nonsyndromic hearing loss 1A	true	MONDO:0009076		false		low
GJB6-related nonsyndromic sensorineural hearing loss	MONDO:0012049	autosomal recessive nonsyndromic hearing loss 1B	false	no match		false		low
GLI2-related holoprosencephaly	MONDO:0012179	Culler-Jones syndrome	false	no match		false		low
GLUT1 Deficiency Syndrome	MONDO:0000188	GLUT1 deficiency syndrome	true	MONDO:0000188	MONDO:0000188;MONDO:0011724	true	true	medium
GLUT1 deficiency syndrome	MONDO:0000188	GLUT1 deficiency syndrome	true	MONDO:0000188	MONDO:0000188;MONDO:0011724	true	true	medium
GM1 Gangliosidosis Type I	MONDO:0009258	GM1 gangliosidosis type 1	false	no match		false		low
GM1 gangliosidosis	MONDO:0018149	GM1 gangliosidosis	true	MONDO:0018149	MONDO:0018149	true	true	medium
GM1 gangliosidosis Type I (infantile form)	MONDO:0009258	GM1 gangliosidosis type 1	false	no match		false		low
GM1 gangliosidosis type 1 (infantile form)	MONDO:0009258	GM1 gangliosidosis type 1	false	no match		false		low
GM1 gangliosidosis type I	MONDO:0009258	GM1 gangliosidosis type 1	false	no match		false		low
GM1 gangliosidosis type II (juvenile form)	MONDO:0009259	GM1 gangliosidosis type 2	false	no match		false		low
GM2 gangliosidosis	MONDO:0019262	GM2 gangliosidosis	false	no match	MONDO:0017720	true	false	low
GM2 gangliosidosis (Tay-Sachs disease)	MONDO:0010100	Tay-Sachs disease	true	MONDO:0010100		false		medium
GMPPB-related congenital disorder of glycosylation (CDG)	MONDO:0014173	GMPPB-congenital disorder of glycosylation	false	no match		false		low
GNAO1-related epileptic encephalopathy	MONDO:0014028	developmental and epileptic encephalopathy 17	false	no match		false		low
GNAO1-related neurodevelopmental disorder	MONDO:0014856	neurodevelopmental disorder with involuntary movements	false	no match		false		low
GNE myopathy (hereditary inclusion body myopathy)	MONDO:0009737	GNE myopathy	false	no match		false		low
GPR56-Related Polymicrogyria	MONDO:0011578	bilateral frontoparietal polymicrogyria	false	no match		false		low
GPR56-related bilateral frontoparietal polymicrogyria	MONDO:0011578	bilateral frontoparietal polymicrogyria	false	no match		false		low
GPR56-related polymicrogyria	MONDO:0011578	bilateral frontoparietal polymicrogyria	false	no match		false		low
GRACILE syndrome	MONDO:0012135	GRACILE syndrome	false	no match	MONDO:0011308	true	false	low
GRIN2A-Related Epileptic Encephalopathy	MONDO:0011396	epilepsy, focal, with speech disorder and with or without impaired intellectual development	false	no match		false		low
GRIN2A-related Epileptic Encephalopathy	MONDO:0011396	epilepsy, focal, with speech disorder and with or without impaired intellectual development	false	no match		false		low
GRIN2A-related disorder	no match		false	no match		false		low
GRIN2A-related epilepsy	MONDO:0005027	epilepsy	true	MONDO:0005027		false		low
GRIN2A-related epilepsy-aphasia spectrum disorder	MONDO:0009575	Landau-Kleffner syndrome	false	no match		false		low
GRIN2A-related epilepsy-aphasia syndrome	MONDO:0009575	Landau-Kleffner syndrome	false	no match		false		low
GRIN2A-related epileptic encephalopathy	MONDO:0100062	developmental and epileptic encephalopathy	true	MONDO:0100062		false		low
GRIN2B-Related Neurodevelopmental Disorder	MONDO:0013655	intellectual disability, autosomal dominant 6	false	no match	MONDO:0013509	true	false	low
GRIN2B-related neurodevelopmental disorder	MONDO:0013655	intellectual disability, autosomal dominant 6	false	no match	MONDO:0013509	true	false	low
GTP cyclohydrolase I deficiency	MONDO:0009374	GTP cyclohydrolase I deficiency	false	no match	MONDO:0100184	true	false	low
Gabriele-de Vries syndrome	MONDO:0060498	Gabriele-de Vries syndrome	false	no match		false		low
Galactosemia	MONDO:0018992	galactosemia	false	no match	MONDO:0018116	true	false	low
Galactosialidosis	MONDO:0009737	galactosialidosis	true	MONDO:0009737	MONDO:0009737	true	true	low
Galloway-Mowat Syndrome	MONDO:0009725	Galloway-Mowat syndrome 1	false	no match	MONDO:0009627	true	false	low
Galloway-Mowat syndrome	MONDO:0009725	Galloway-Mowat syndrome 1	false	no match	MONDO:0009627	true	false	low
Gastroesophageal reflux disease (GERD)	MONDO:0007186	gastroesophageal reflux disease	true	MONDO:0007186		false		high
Gaucher Disease	MONDO:0018150	Gaucher disease	true	MONDO:0018150	MONDO:0018150	true	true	high
Gaucher disease	MONDO:0018150	Gaucher disease	true	MONDO:0018150	MONDO:0018150	true	true	high
Gaucher disease Type 3	MONDO:0009267	Gaucher disease type III	true	MONDO:0009267		false		medium
Gaucher disease Type II	MONDO:0009266	Gaucher disease type II	true	MONDO:0009266	MONDO:0009266	true	true	medium
Gaucher disease type 2	MONDO:0009266	Gaucher disease type II	true	MONDO:0009266		false		medium
Gaucher disease type 3	MONDO:0009267	Gaucher disease type III	true	MONDO:0009267		false		medium
Gaucher disease type II	MONDO:0009266	Gaucher disease type II	true	MONDO:0009266	MONDO:0009266	true	true	medium
Geleophysic dysplasia	MONDO:0000127	geleophysic dysplasia	true	MONDO:0000127	MONDO:0000127	true	true	low
Generalized Epilepsy with Febrile Seizures Plus (GEFS+)	MONDO:0018214	genetic epilepsy with febrile seizures plus	true	MONDO:0018214		false		low
Generalized Eruptive Keratoacanthoma of Grzybowski	no match		false	no match		false		low
Generalized Eruptive Keratoacanthomas (Grzybowski Syndrome)	no match		false	no match		false		low
Generalized epilepsy with febrile seizures plus (GEFS+)	MONDO:0018214	genetic epilepsy with febrile seizures plus	true	MONDO:0018214		false		low
Generalized eruptive keratoacanthomas	no match		false	no match		false		low
Generalized eruptive keratoacanthomas (Grzybowski syndrome)	no match		false	no match		false		low
Generalized eruptive keratoacanthomas of Grzybowski	no match		false	no match	MONDO:0018471	true	false	low
Generalized lymphatic dysplasia	MONDO:0017548	generalized lymphatic dysplasia	false	no match		false		low
Generalized morphea	MONDO:0019563	generalized morphea	false	no match		false		low
Genetic Epilepsy	MONDO:0005027	epilepsy	true	MONDO:0005027		false		low
Genetic Epilepsy with Febrile Seizures Plus (GEFS+)	MONDO:0018214	genetic epilepsy with febrile seizures plus	true	MONDO:0018214		false		low
Genetic Epilepsy with Myoclonic Absences	MONDO:0016131	epilepsy with myoclonic absences	false	no match		false		low
Genetic Focal Epilepsy due to DEPDC5 Mutation	MONDO:0011436	familial focal epilepsy with variable foci 1	false	no match		false		low
Genetic epilepsy with febrile seizures plus (GEFS+)	MONDO:0018214	genetic epilepsy with febrile seizures plus	true	MONDO:0018214		false		low
Genetic epileptic encephalopathies	MONDO:0100062	developmental and epileptic encephalopathy	true	MONDO:0100062		false		medium
Genetic generalized epilepsy	MONDO:0005579	idiopathic generalized epilepsy	true	MONDO:0005579	MONDO:0100575	true	false	low
Genitopatellar syndrome	MONDO:0011523	genitopatellar syndrome	false	no match	MONDO:0011640	true	false	low
Geroderma Osteodysplastica	MONDO:0009269	geroderma osteodysplastica	false	no match	MONDO:0009271	true	false	low
Geroderma Osteodysplasticum	MONDO:0009269	geroderma osteodysplastica	false	no match	MONDO:0009271	true	false	low
Geroderma osteodysplastica	MONDO:0009269	geroderma osteodysplastica	false	no match	MONDO:0009271	true	false	low
Geroderma osteodysplasticum	MONDO:0009269	geroderma osteodysplastica	false	no match	MONDO:0009271	true	false	low
Gerodermia Osteodysplastica	MONDO:0009269	geroderma osteodysplastica	false	no match		false		low
Gerodermia osteodysplastica	MONDO:0009269	geroderma osteodysplastica	false	no match		false		low
Gerstmann-Sträussler-Scheinker syndrome	MONDO:0007664	Gerstmann-Straussler-Scheinker syndrome	false	no match		false		low
Giant Axonal Neuropathy	MONDO:0009739	giant axonal neuropathy	false	no match	MONDO:0000128	true	false	low
Giant axonal neuropathy	MONDO:0009739	giant axonal neuropathy	false	no match	MONDO:0000128	true	false	low
Gitelman Syndrome	MONDO:0009897	Gitelman syndrome	false	no match	MONDO:0009904	true	false	low
Gitelman syndrome	MONDO:0009897	Gitelman syndrome	false	no match	MONDO:0009904	true	false	low
Glanzmann thrombasthenia	MONDO:0009285	Glanzmann thrombasthenia	false	no match	MONDO:0100326	true	false	high
Glaucoma	MONDO:0005041	glaucoma	true	MONDO:0005041	MONDO:0005041	true	true	high
Globozoospermia	MONDO:0016923	globozoospermia	false	no match		false		low
Glucose Transporter Type 1 Deficiency Syndrome	MONDO:0000188	GLUT1 deficiency syndrome	true	MONDO:0000188	MONDO:0011724	true	false	high
Glucose transporter type 1 (GLUT1) deficiency syndrome	MONDO:0000188	GLUT1 deficiency syndrome	true	MONDO:0000188		false		high
Glucose transporter type 1 deficiency syndrome	MONDO:0000188	GLUT1 deficiency syndrome	true	MONDO:0000188	MONDO:0011724	true	false	high
Glucose transporter type 1 deficiency syndrome (GLUT1 deficiency)	MONDO:0000188	GLUT1 deficiency syndrome	true	MONDO:0000188		false		high
Glucose transporter type 1 deficiency syndrome (SLC2A1 deficiency)	MONDO:0000188	GLUT1 deficiency syndrome	true	MONDO:0000188		false		high
Glucose transporter type 1 deficiency syndrome (SLC2A1 mutation)	MONDO:0000188	GLUT1 deficiency syndrome	true	MONDO:0000188		false		high
Glucose-6-phosphate dehydrogenase (G6PD) deficiency	MONDO:0005775	G6PD deficiency	true	MONDO:0005775		false		medium
Glut1 deficiency syndrome	MONDO:0000188	GLUT1 deficiency syndrome	true	MONDO:0000188	MONDO:0000188;MONDO:0011724	true	true	high
Glutaric Acidemia Type I	MONDO:0009281	glutaryl-CoA dehydrogenase deficiency	true	MONDO:0009281	MONDO:0009281	true	true	high
Glutaric Aciduria Type I	MONDO:0009281	glutaryl-CoA dehydrogenase deficiency	true	MONDO:0009281		false		high
Glutaric acidemia Type I	MONDO:0009281	glutaryl-CoA dehydrogenase deficiency	true	MONDO:0009281	MONDO:0009281	true	true	high
Glutaric acidemia type I	MONDO:0009281	glutaryl-CoA dehydrogenase deficiency	true	MONDO:0009281	MONDO:0009281	true	true	high
Glutaric acidemia type II	MONDO:0009282	multiple acyl-CoA dehydrogenase deficiency	true	MONDO:0009282	MONDO:0009282	true	true	high
Glutaric acidemia type II (Multiple Acyl-CoA Dehydrogenase Deficiency)	MONDO:0009282	multiple acyl-CoA dehydrogenase deficiency	true	MONDO:0009282		false		high
Glutaric acidemia type II (Multiple acyl-CoA dehydrogenase deficiency)	MONDO:0009282	multiple acyl-CoA dehydrogenase deficiency	true	MONDO:0009282		false		high
Glutaric aciduria type 1	MONDO:0009281	glutaryl-CoA dehydrogenase deficiency	true	MONDO:0009281	MONDO:0009281	true	true	high
Glutaric aciduria type I	MONDO:0009281	glutaryl-CoA dehydrogenase deficiency	true	MONDO:0009281		false		high
Glutaric aciduria type II	MONDO:0009282	multiple acyl-CoA dehydrogenase deficiency	true	MONDO:0009282	MONDO:0009282	true	true	high
Glycine Encephalopathy	MONDO:0011612	glycine encephalopathy	true	MONDO:0011612	MONDO:0011612	true	true	medium
Glycine encephalopathy	MONDO:0011612	glycine encephalopathy	true	MONDO:0011612	MONDO:0011612	true	true	medium
Glycine encephalopathy (Non-ketotic hyperglycinemia)	MONDO:0011612	glycine encephalopathy	true	MONDO:0011612		false		medium
Glycine encephalopathy (Nonketotic hyperglycinemia)	MONDO:0011612	glycine encephalopathy	true	MONDO:0011612		false		medium
Glycine encephalopathy (non-ketotic hyperglycinemia)	MONDO:0011612	glycine encephalopathy	true	MONDO:0011612		false		medium
Glycine encephalopathy (nonketotic hyperglycinemia)	MONDO:0011612	glycine encephalopathy	true	MONDO:0011612		false		medium
Glycogen Storage Disease Type I	MONDO:0002413	glycogen storage disease type I	true	MONDO:0002413	MONDO:0002413	true	true	high
Glycogen Storage Disease Type I (Von Gierke Disease)	MONDO:0002413	glycogen storage disease type I	true	MONDO:0002413		false		medium
Glycogen Storage Disease Type II (Pompe Disease)	MONDO:0009290	glycogen storage disease II	true	MONDO:0009290		false		high
Glycogen Storage Disease Type II (Pompe disease)	MONDO:0009290	glycogen storage disease II	true	MONDO:0009290		false		high
Glycogen Storage Disease Type III (Cori disease)	MONDO:0009291	glycogen storage disease III	true	MONDO:0009291		false		high
Glycogen Storage Disease Type IV (Andersen Disease)	MONDO:0009292	glycogen storage disease IV	true	MONDO:0009292		false		high
Glycogen Storage Disease Type Ib	MONDO:0009288	glycogen storage disease Ib	true	MONDO:0009288	MONDO:0009288	true	true	medium
Glycogen storage disease Type I	MONDO:0002413	glycogen storage disease type I	true	MONDO:0002413	MONDO:0002413	true	true	high
Glycogen storage disease Type I (Von Gierke disease)	MONDO:0002413	glycogen storage disease type I	true	MONDO:0002413		false		medium
Glycogen storage disease type I	MONDO:0002413	glycogen storage disease type I	true	MONDO:0002413	MONDO:0002413	true	true	high
Glycogen storage disease type I (Von Gierke disease)	MONDO:0002413	glycogen storage disease type I	true	MONDO:0002413		false		medium
Glycogen storage disease type I (von Gierke disease)	MONDO:0002413	glycogen storage disease type I	true	MONDO:0002413		false		medium
Glycogen storage disease type II (Pompe disease)	MONDO:0009290	glycogen storage disease II	true	MONDO:0009290		false		high
Glycogen storage disease type III	MONDO:0009291	glycogen storage disease III	true	MONDO:0009291	MONDO:0009291	true	true	high
Glycogen storage disease type III (Cori disease)	MONDO:0009291	glycogen storage disease III	true	MONDO:0009291		false		high
Glycogen storage disease type IV (Andersen disease)	MONDO:0009292	glycogen storage disease IV	true	MONDO:0009292		false		high
Glycogen storage disease type V (McArdle disease)	MONDO:0009293	glycogen storage disease V	true	MONDO:0009293		false		high
Glycogen storage disease type VII (Tarui disease)	MONDO:0009295	glycogen storage disease VII	true	MONDO:0009295		false		high
Goldberg-Shprintzen Syndrome	MONDO:0012277	Goldberg-Shprintzen syndrome	false	no match	MONDO:0012280	true	false	low
Goldenhar Syndrome	MONDO:0007720	hemifacial microsomia	false	no match	MONDO:0015397	true	false	low
Goldenhar Syndrome (Oculo-Auriculo-Vertebral Spectrum)	MONDO:0007720	hemifacial microsomia	false	no match		false		low
Goldenhar syndrome	MONDO:0007720	hemifacial microsomia	false	no match	MONDO:0015397	true	false	low
Goldenhar syndrome (Oculo-auriculo-vertebral spectrum)	MONDO:0007720	hemifacial microsomia	false	no match		false		low
Goldenhar syndrome (Oculoauriculovertebral spectrum)	MONDO:0015398	oculoauriculovertebral spectrum	false	no match		false		medium
Goldenhar syndrome (oculo-auriculo-vertebral spectrum)	MONDO:0015398	oculoauriculovertebral spectrum	false	no match		false		medium
Goldenhar syndrome (oculoauriculovertebral spectrum)	MONDO:0015398	oculoauriculovertebral spectrum	false	no match		false		medium
Goldmann-Favre Syndrome	MONDO:0009234	enhanced S-cone syndrome	false	no match	MONDO:0100289	true	false	low
Goldmann-Favre syndrome (enhanced S-cone syndrome)	MONDO:0009234	enhanced S-cone syndrome	false	no match		false		low
Good Syndrome	MONDO:0015936	Good syndrome	false	no match	MONDO:0015696	true	false	low
Good's Syndrome (Thymoma-associated Immunodeficiency)	MONDO:0015936	Good syndrome	false	no match		false		low
Good's syndrome	MONDO:0015936	Good syndrome	false	no match		false		low
Gordon Holmes syndrome	MONDO:0009002	Gordon Holmes syndrome	false	no match	MONDO:0008935	true	false	low
Gordon syndrome	MONDO:0007234	distal arthrogryposis type 3	false	no match	MONDO:0007252	true	false	low
Gorham-Stout disease	MONDO:0009288	Gorham-Stout disease	false	no match	MONDO:0007414	true	false	low
Gorlin syndrome	MONDO:0007187	nevoid basal cell carcinoma syndrome	true	MONDO:0007187	MONDO:0007187	true	true	high
Gorlin syndrome (Nevoid Basal Cell Carcinoma Syndrome)	MONDO:0007187	nevoid basal cell carcinoma syndrome	true	MONDO:0007187		false		high
Gorlin syndrome (Nevoid basal cell carcinoma syndrome)	MONDO:0007187	nevoid basal cell carcinoma syndrome	true	MONDO:0007187		false		high
Gorlin syndrome (nevoid basal cell carcinoma syndrome)	MONDO:0007187	nevoid basal cell carcinoma syndrome	true	MONDO:0007187		false		high
Gorlin-Chaudhry-Moss syndrome	MONDO:0009265	Gorlin-Chaudhry-Moss syndrome	false	no match	MONDO:0012853	true	false	low
Granular Corneal Dystrophy	MONDO:0007648	granular corneal dystrophy	false	no match	MONDO:0001490	true	false	low
Granulomatosis with polyangiitis	MONDO:0005609	granulomatosis with polyangiitis	false	no match	MONDO:0012105	true	false	medium
Gray platelet syndrome	MONDO:0009305	gray platelet syndrome	false	no match	MONDO:0007686	true	false	low
Greig Cephalopolysyndactyly Syndrome	MONDO:0008120	Greig cephalopolysyndactyly syndrome	false	no match	MONDO:0008287	true	false	low
Greig cephalopolysyndactyly syndrome	MONDO:0008120	Greig cephalopolysyndactyly syndrome	false	no match	MONDO:0008287	true	false	low
Griscelli Syndrome	MONDO:0016228	Griscelli syndrome	false	no match	MONDO:0018306	true	false	low
Griscelli Syndrome Type 2	MONDO:0010118	Griscelli syndrome type 2	false	no match	MONDO:0011872	true	false	low
Griscelli syndrome	MONDO:0016228	Griscelli syndrome	false	no match	MONDO:0018306	true	false	low
Griscelli syndrome Type 2	MONDO:0010118	Griscelli syndrome type 2	false	no match	MONDO:0011872	true	false	low
Griscelli syndrome type 1	MONDO:0009296	Griscelli syndrome type 1	false	no match	MONDO:0008962	true	false	low
Griscelli syndrome type 2	MONDO:0010118	Griscelli syndrome type 2	false	no match	MONDO:0011872	true	false	low
Griscelli syndrome type 3	MONDO:0011521	Griscelli syndrome type 3	false	no match	MONDO:0012220	true	false	low
Griscelli syndrome type II	MONDO:0010118	Griscelli syndrome type 2	false	no match		false		low
Grzybowski Syndrome	MONDO:0019598	generalized eruptive keratoacanthoma	false	no match	MONDO:0018471	true	false	low
Grzybowski syndrome	MONDO:0019598	generalized eruptive keratoacanthoma	false	no match	MONDO:0018471	true	false	low
Guanidinoacetate methyltransferase (GAMT) deficiency	MONDO:0012999	guanidinoacetate methyltransferase deficiency	true	MONDO:0012999		false		low
Gyrate Atrophy	MONDO:0009796	gyrate atrophy of choroid and retina	true	MONDO:0009796	MONDO:0009796	true	true	low
Gyrate Atrophy of the Choroid and Retina	MONDO:0009796	gyrate atrophy of choroid and retina	true	MONDO:0009796		false		low
Gyrate atrophy	MONDO:0009796	gyrate atrophy of choroid and retina	true	MONDO:0009796	MONDO:0009796	true	true	low
Gyrate atrophy of the choroid and retina	MONDO:0009796	gyrate atrophy of choroid and retina	true	MONDO:0009796		false		low
HDR syndrome (Hypoparathyroidism, Deafness, and Renal dysplasia)	MONDO:0007774	hypoparathyroidism-deafness-renal disease syndrome	false	no match		false		low
HESX1 mutation-associated holoprosencephaly	MONDO:0008428	septooptic dysplasia	true	MONDO:0008428		false		low
HFE hemochromatosis	MONDO:0021001	hemochromatosis type 1	true	MONDO:0021001		false		low
HIV infection	MONDO:0005109	HIV infectious disease	true	MONDO:0005109	MONDO:0005109	true	true	high
HIV-associated Lipodystrophy	MONDO:0006573	lipodystrophy	true	MONDO:0006573		false		low
HMG-CoA lyase deficiency	MONDO:0009520	3-hydroxy-3-methylglutaryl-CoA lyase deficiency	true	MONDO:0009520	MONDO:0009520	true	true	low
HNF1A-MODY (MODY 3)	MONDO:0010894	maturity-onset diabetes of the young type 3	true	MONDO:0010894		false		low
HNF1A-Maturity-onset diabetes of the young (MODY3)	MONDO:0010894	maturity-onset diabetes of the young type 3	true	MONDO:0010894		false		low
HNF1B-MODY (MODY 5)	MONDO:0007671	renal cysts and diabetes syndrome	false	no match		false		low
HNF1B-Maturity-onset diabetes of the young (MODY5)	MONDO:0007671	renal cysts and diabetes syndrome	false	no match		false		low
HNF1B-associated disease (MODY5)	MONDO:0007671	renal cysts and diabetes syndrome	false	no match		false		low
HNF4A-MODY (MODY 1)	MONDO:0007452	maturity-onset diabetes of the young type 1	true	MONDO:0007452		false		low
HNF4A-Maturity-onset diabetes of the young (MODY1)	MONDO:0007452	maturity-onset diabetes of the young type 1	true	MONDO:0007452		false		low
HNRNPH2-related neurodevelopmental disorder	MONDO:0014933	intellectual disability, X-linked syndromic, Bain type	false	no match		false		low
HNRNPU-related epileptic encephalopathy	MONDO:0015045	developmental and epileptic encephalopathy 54	false	no match		false		low
HTLV-1 Associated Myelopathy	MONDO:0019106	HTLV-1-associated myelopathy	false	no match		false		low
HTLV-1 Associated Myelopathy (Tropical Spastic Paraparesis)	MONDO:0019106	HTLV-1-associated myelopathy	false	no match		false		low
HTLV-1 associated myelopathy	MONDO:0019106	HTLV-1-associated myelopathy	false	no match		false		low
Haas type polysyndactyly	MONDO:0008329	Haas-type polysyndactyly	false	no match		false		low
Haas-type polysyndactyly	MONDO:0008329	Haas-type polysyndactyly	false	no match		false		low
Hajdu-Cheney Syndrome	MONDO:0007026	Hajdu-Cheney syndrome	false	no match	MONDO:0007057	true	false	low
Hajdu-Cheney syndrome	MONDO:0007026	Hajdu-Cheney syndrome	false	no match	MONDO:0007057	true	false	low
Hallermann-Streiff Syndrome	MONDO:0010083	Hallermann-Streiff syndrome	false	no match	MONDO:0009318	true	false	low
Hallermann-Streiff syndrome	MONDO:0010083	Hallermann-Streiff syndrome	false	no match	MONDO:0009318	true	false	low
Hand-foot-genital syndrome	MONDO:0007696	hand-foot-genital syndrome	false	no match	MONDO:0007698	true	false	low
Hanhart syndrome	MONDO:0008283	hypoglossia-hypodactyly syndrome	false	no match	MONDO:0007073	true	false	low
Harlequin ichthyosis	MONDO:0009738	harlequin ichthyosis	false	no match	MONDO:0009443	true	false	low
Hartnup Disease	MONDO:0009335	Hartnup disease	false	no match	MONDO:0009324	true	false	low
Hartnup disease	MONDO:0009335	Hartnup disease	false	no match	MONDO:0009324	true	false	low
Hartsfield syndrome	MONDO:0014186	Hartsfield syndrome	false	no match	MONDO:0014196	true	false	low
Hay-Wells Syndrome (AEC Syndrome)	MONDO:0007105	ankyloblepharon-ectodermal defects-cleft lip/palate syndrome	false	no match		false		medium
Hay-Wells syndrome (Ankyloblepharon-Ectodermal Dysplasia–Cleft Lip/Palate syndrome)	MONDO:0007105	ankyloblepharon-ectodermal defects-cleft lip/palate syndrome	false	no match		false		medium
Hearing Impairment	MONDO:0005365	hearing loss disorder	true	MONDO:0005365	MONDO:0005365	true	true	medium
Helsmoortel-Van der Aa syndrome	MONDO:0014379	Helsmoortel-van der Aa syndrome	true	MONDO:0014379	MONDO:0014379	true	true	medium
Helsmoortel-Van der Aa syndrome (ADNP syndrome)	MONDO:0014379	Helsmoortel-van der Aa syndrome	true	MONDO:0014379		false		medium
Helsmoortel-van der Aa syndrome (ADNP syndrome)	MONDO:0014379	Helsmoortel-van der Aa syndrome	true	MONDO:0014379		false		medium
Hemiconvulsion-Hemiplegia Syndrome	MONDO:0016797	hemiconvulsion-hemiplegia-epilepsy syndrome	false	no match		false		low
Hemifacial hyperplasia	MONDO:0017283	hemifacial hyperplasia	false	no match		false		low
Hemifacial microsomia	MONDO:0007693	hemifacial microsomia	false	no match	MONDO:0015397	true	false	low
Hemimegalencephaly	MONDO:0020357	hemimegalencephaly	false	no match	MONDO:0020492	true	false	low
Hemochromatosis	MONDO:0006507	hereditary hemochromatosis	true	MONDO:0006507	MONDO:0006507;MONDO:0021001	true	true	medium
Hemophagocytic Lymphohistiocytosis	MONDO:0015541	hemophagocytic lymphohistiocytosis	false	no match	MONDO:0015540	true	false	medium
Hemophagocytic Lymphohistiocytosis (HLH)	MONDO:0015541	hemophagocytic lymphohistiocytosis	false	no match		false		medium
Hemophagocytic lymphohistiocytosis	MONDO:0015541	hemophagocytic lymphohistiocytosis	false	no match	MONDO:0015540	true	false	medium
Hemophagocytic lymphohistiocytosis (HLH)	MONDO:0015541	hemophagocytic lymphohistiocytosis	false	no match		false		medium
Hemophilia A	MONDO:0010602	hemophilia A	true	MONDO:0010602	MONDO:0010602	true	true	high
Hemophilia B	MONDO:0010604	hemophilia B	true	MONDO:0010604	MONDO:0010604	true	true	high
Hennekam lymphangiectasia-lymphedema syndrome	MONDO:0017364	Hennekam syndrome	false	no match	MONDO:0016256	true	false	low
Hennekam syndrome	MONDO:0017364	Hennekam syndrome	false	no match	MONDO:0016256	true	false	low
Henoch-Schönlein purpura	MONDO:0020608	IgA vasculitis	false	no match		false		low
Hereditary Hemochromatosis	MONDO:0006507	hereditary hemochromatosis	true	MONDO:0006507	MONDO:0006507	true	true	medium
Hereditary Hemorrhagic Telangiectasia	MONDO:0019180	hereditary hemorrhagic telangiectasia	true	MONDO:0019180	MONDO:0019180	true	true	medium
Hereditary Inclusion Body Myopathy	MONDO:0011439	GNE myopathy	false	no match		false		low
Hereditary Motor Neuropathy Type II (HMN II)	MONDO:0011324	distal hereditary motor neuropathy type 2	false	no match		false		low
Hereditary Motor Neuropathy with Pyramidal Signs	MONDO:0011324	distal hereditary motor neuropathy type 2	false	no match		false		low
Hereditary Motor and Sensory Neuropathy with Agenesis of the Corpus Callosum (HMSN/ACC)	MONDO:0009276	agenesis of the corpus callosum with peripheral neuropathy	false	no match		false		low
Hereditary Multiple Exostoses	MONDO:0016183	hereditary multiple osteochondromas	false	no match	MONDO:0005508	true	false	low
Hereditary Multiple Exostoses (Multiple Osteochondromas)	MONDO:0016183	hereditary multiple osteochondromas	false	no match		false		low
Hereditary Sensory and Autonomic Neuropathy (HSAN)	MONDO:0015364	hereditary sensory and autonomic neuropathy	true	MONDO:0015364		false		medium
Hereditary Sensory and Autonomic Neuropathy Type II (HSAN II)	MONDO:0016102	hereditary sensory and autonomic neuropathy type 2	false	no match		false		low
Hereditary Sensory and Autonomic Neuropathy Type IIA (HSAN IIA)	MONDO:0009746	hereditary sensory and autonomic neuropathy type 2A	false	no match		false		low
Hereditary Sensory and Autonomic Neuropathy Type III (Familial Dysautonomia)	MONDO:0009131	familial dysautonomia	true	MONDO:0009131		false		medium
Hereditary Sensory and Motor Neuropathy (Charcot-Marie-Tooth Disease)	MONDO:0015626	Charcot-Marie-Tooth disease	true	MONDO:0015626		false		medium
Hereditary Spastic Paraplegia	MONDO:0019064	hereditary spastic paraplegia	true	MONDO:0019064	MONDO:0019064	true	true	medium
Hereditary Spastic Paraplegia (Complex Forms)	MONDO:0019064	hereditary spastic paraplegia	true	MONDO:0019064		false		medium
Hereditary Spastic Paraplegia (Complicated Form)	MONDO:0019064	hereditary spastic paraplegia	true	MONDO:0019064		false		medium
Hereditary Spastic Paraplegia (Complicated type with nystagmus)	MONDO:0019064	hereditary spastic paraplegia	true	MONDO:0019064		false		low
Hereditary Spastic Paraplegia (HSP)	MONDO:0019064	hereditary spastic paraplegia	true	MONDO:0019064		false		high
Hereditary Spastic Paraplegia (HSP) with peripheral neuropathy	MONDO:0019064	hereditary spastic paraplegia	true	MONDO:0019064		false		low
Hereditary Spastic Paraplegia (complicated type)	MONDO:0019064	hereditary spastic paraplegia	true	MONDO:0019064		false		medium
Hereditary Spastic Paraplegia (pure form)	MONDO:0019064	hereditary spastic paraplegia	true	MONDO:0019064		false		medium
Hereditary Spastic Paraplegia with Cerebellar Atrophy	MONDO:0019064	hereditary spastic paraplegia	true	MONDO:0019064		false		low
Hereditary Spastic Paraplegia with Cerebellar Involvement	MONDO:0019064	hereditary spastic paraplegia	true	MONDO:0019064		false		low
Hereditary Spastic Paraplegia with Peripheral Neuropathy	MONDO:0019064	hereditary spastic paraplegia	true	MONDO:0019064		false		low
Hereditary Spherocytosis	MONDO:0019350	hereditary spherocytosis	true	MONDO:0019350	MONDO:0019350	true	true	high
Hereditary distal motor neuropathy with pyramidal signs	MONDO:0018894	distal hereditary motor neuropathy	true	MONDO:0018894		false		low
Hereditary distal renal tubular acidosis	MONDO:0015827	hereditary distal renal tubular acidosis	false	no match		false		low
Hereditary distal renal tubular acidosis (Type I RTA)	MONDO:0015827	hereditary distal renal tubular acidosis	false	no match		false		low
Hereditary distal renal tubular acidosis due to SLC4A1 mutation	MONDO:0008221	autosomal dominant distal renal tubular acidosis	false	no match		false		low
Hereditary elliptocytosis	MONDO:0008214	hereditary elliptocytosis	false	no match	MONDO:0017319	true	false	low
Hereditary elliptocytosis due to SLC4A1 mutation	MONDO:0010003	Southeast Asian ovalocytosis	false	no match		false		low
Hereditary fructose intolerance	MONDO:0009300	hereditary fructose intolerance	false	no match	MONDO:0009249	true	false	low
Hereditary fructose intolerance (Aldolase B deficiency)	MONDO:0009300	hereditary fructose intolerance	false	no match		false		low
Hereditary gingival fibromatosis	MONDO:0019184	hereditary gingival fibromatosis	false	no match	MONDO:0016070	true	false	low
Hereditary hemochromatosis	MONDO:0006507	hereditary hemochromatosis	true	MONDO:0006507	MONDO:0006507	true	true	high
Hereditary hemorrhagic telangiectasia	MONDO:0019180	hereditary hemorrhagic telangiectasia	true	MONDO:0019180	MONDO:0019180	true	true	high
Hereditary hyperekplexia	MONDO:0017256	hereditary hyperekplexia	false	no match	MONDO:0021022	true	false	low
Hereditary hyperekplexia (Startle disease)	MONDO:0017256	hereditary hyperekplexia	false	no match		false		low
Hereditary motor and sensory neuropathy type 2	MONDO:0018993	Charcot-Marie-Tooth disease type 2	true	MONDO:0018993	MONDO:0018993	true	true	medium
Hereditary motor and sensory neuropathy type II	MONDO:0018993	Charcot-Marie-Tooth disease type 2	true	MONDO:0018993		false		medium
Hereditary motor and sensory neuropathy type III (Dejerine-Sottas disease)	MONDO:0007439	Dejerine-Sottas disease	false	no match		false		low
Hereditary motor neuropathy	MONDO:0018894	distal hereditary motor neuropathy	true	MONDO:0018894		false		low
Hereditary multiple exostoses	MONDO:0005508	hereditary multiple osteochondromas	true	MONDO:0005508	MONDO:0005508	true	true	low
Hereditary neuropathy with liability to pressure palsies (HNPP)	MONDO:0008087	hereditary neuropathy with liability to pressure palsies	true	MONDO:0008087		false		medium
Hereditary pulmonary arterial hypertension (BMPR2 mutation)	MONDO:0017148	heritable pulmonary arterial hypertension	true	MONDO:0017148		false		low
Hereditary sensory and autonomic neuropathy	MONDO:0015364	hereditary sensory and autonomic neuropathy	true	MONDO:0015364	MONDO:0015364	true	true	medium
Hereditary sensory and autonomic neuropathy (HSAN)	MONDO:0015364	hereditary sensory and autonomic neuropathy	true	MONDO:0015364		false		medium
Hereditary sensory and autonomic neuropathy type II	MONDO:0016218	hereditary sensory and autonomic neuropathy type 2	false	no match	MONDO:0019941	true	false	low
Hereditary sensory and autonomic neuropathy type II (HSAN II)	MONDO:0016218	hereditary sensory and autonomic neuropathy type 2	false	no match		false		low
Hereditary sensory and motor neuropathy with ataxia	MONDO:0015626	hereditary motor and sensory neuropathy	true	MONDO:0015626		false		low
Hereditary sideroblastic anemia	MONDO:0015281	hereditary sideroblastic anemia	false	no match		false		low
Hereditary spastic paraplegia	MONDO:0019064	hereditary spastic paraplegia	true	MONDO:0019064	MONDO:0019064	true	true	high
Hereditary spastic paraplegia (AP-4-associated types)	MONDO:0019064	hereditary spastic paraplegia	true	MONDO:0019064		false		low
Hereditary spastic paraplegia (HSP)	MONDO:0019064	hereditary spastic paraplegia	true	MONDO:0019064		false		high
Hereditary spastic paraplegia (HSP) with optic neuropathy	MONDO:0019064	hereditary spastic paraplegia	true	MONDO:0019064		false		low
Hereditary spastic paraplegia (HSP), complicated form	MONDO:0019064	hereditary spastic paraplegia	true	MONDO:0019064		false		medium
Hereditary spastic paraplegia (complex type)	MONDO:0019064	hereditary spastic paraplegia	true	MONDO:0019064		false		medium
Hereditary spastic paraplegia (complicated form with optic neuropathy)	MONDO:0019064	hereditary spastic paraplegia	true	MONDO:0019064		false		low
Hereditary spastic paraplegia (complicated form)	MONDO:0019064	hereditary spastic paraplegia	true	MONDO:0019064		false		medium
Hereditary spastic paraplegia (complicated forms)	MONDO:0019064	hereditary spastic paraplegia	true	MONDO:0019064		false		medium
Hereditary spastic paraplegia (complicated type)	MONDO:0019064	hereditary spastic paraplegia	true	MONDO:0019064		false		medium
Hereditary spastic paraplegia (infantile-onset forms)	MONDO:0019064	hereditary spastic paraplegia	true	MONDO:0019064		false		low
Hereditary spastic paraplegia (pure form)	MONDO:0019064	hereditary spastic paraplegia	true	MONDO:0019064		false		medium
Hereditary spastic paraplegia type 10 (SPG10)	MONDO:0011103	hereditary spastic paraplegia 10	false	no match		false		medium
Hereditary spastic paraplegia type 11 (SPG11)	MONDO:0011432	hereditary spastic paraplegia 11	false	no match		false		low
Hereditary spastic paraplegia type 15 (SPG15)	MONDO:0009982	hereditary spastic paraplegia 15	false	no match		false		low
Hereditary spastic paraplegia type 2 (SPG2)	MONDO:0010733	hereditary spastic paraplegia 2	true	MONDO:0010733		false		low
Hereditary spastic paraplegia type 31 (SPG31)	MONDO:0012479	hereditary spastic paraplegia 31	false	no match		false		low
Hereditary spastic paraplegia type 3A	MONDO:0008437	hereditary spastic paraplegia 3A	true	MONDO:0008437	MONDO:0008437	true	true	medium
Hereditary spastic paraplegia type 3A (SPG3A)	MONDO:0008437	hereditary spastic paraplegia 3A	true	MONDO:0008437		false		medium
Hereditary spastic paraplegia type 4	MONDO:0008438	hereditary spastic paraplegia 4	true	MONDO:0008438	MONDO:0008438	true	true	medium
Hereditary spastic paraplegia type 4 (SPG4)	MONDO:0008438	hereditary spastic paraplegia 4	true	MONDO:0008438		false		medium
Hereditary spastic paraplegia type 47 (SPG47)	MONDO:0013599	hereditary spastic paraplegia 47	false	no match		false		low
Hereditary spastic paraplegia type 50 (SPG50)	MONDO:0013057	hereditary spastic paraplegia 50	false	no match		false		low
Hereditary spastic paraplegia with complex features	MONDO:0015150	complex hereditary spastic paraplegia	true	MONDO:0015150		false		low
Hereditary spherocytosis	MONDO:0019350	hereditary spherocytosis	true	MONDO:0019350	MONDO:0019350	true	true	high
Hereditary spherocytosis with distal renal tubular acidosis	MONDO:0012999	spherocytosis type 4	false	no match		false		low
Hereditary spherocytosis with distal renal tubular acidosis (SLC4A1 mutation)	MONDO:0012999	spherocytosis type 4	false	no match		false		low
Hereditary spherocytosis with renal tubular acidosis	MONDO:0012999	spherocytosis type 4	false	no match		false		low
Hereditary stomatocytosis	MONDO:0019341	hereditary stomatocytosis	false	no match	MONDO:0020102	true	false	low
Hereditary stomatocytosis with distal renal tubular acidosis	MONDO:0019341	hereditary stomatocytosis	false	no match		false		low
Hereditary tyrosinemia type I	MONDO:0010161	tyrosinemia type I	true	MONDO:0010161		false		medium
Hereditary xanthinuria	MONDO:0019206	hereditary xanthinuria	false	no match	MONDO:0018106	true	false	low
Hereditary xerocytosis	MONDO:0019342	dehydrated hereditary stomatocytosis	false	no match	MONDO:0017910	true	false	low
Heritable pulmonary arterial hypertension	MONDO:0017148	heritable pulmonary arterial hypertension	true	MONDO:0017148	MONDO:0017148	true	true	medium
Hermansky-Pudlak Syndrome	MONDO:0019231	Hermansky-Pudlak syndrome	false	no match	MONDO:0019312	true	false	low
Hermansky-Pudlak Syndrome (HPS)	MONDO:0019231	Hermansky-Pudlak syndrome	false	no match		false		low
Hermansky-Pudlak syndrome	MONDO:0019231	Hermansky-Pudlak syndrome	false	no match	MONDO:0019312	true	false	low
Heterotaxy syndrome	MONDO:0018677	heterotaxy	false	no match	MONDO:0018677	true	false	medium
Heterotaxy syndrome with polysplenia (left atrial isomerism)	MONDO:0018677	heterotaxy	false	no match		false		low
Hidrotic Ectodermal Dysplasia (Clouston Syndrome)	MONDO:0007605	hidrotic ectodermal dysplasia	false	no match		false		low
High Myopia-associated Degeneration	MONDO:0011578	high myopia	false	no match		false		low
Hirschsprung disease	MONDO:0018309	Hirschsprung disease	true	MONDO:0018309	MONDO:0007723;MONDO:0018309	true	true	high
Holocarboxylase synthetase deficiency	MONDO:0009591	holocarboxylase synthetase deficiency	false	no match	MONDO:0009666	true	false	low
Holoprosencephaly	MONDO:0016296	holoprosencephaly	true	MONDO:0016296	MONDO:0016296	true	true	low
Holoprosencephaly Sequence	MONDO:0016296	holoprosencephaly	true	MONDO:0016296	MONDO:0016296	true	true	low
Holoprosencephaly due to **SHH** mutation	MONDO:0007746	holoprosencephaly 3	false	no match		false		low
Holoprosencephaly due to **SIX3** mutation	MONDO:0008084	holoprosencephaly 2	false	no match		false		low
Holoprosencephaly due to **ZIC2** mutation	MONDO:0012255	holoprosencephaly 5	false	no match		false		low
Holoprosencephaly due to SHH gene mutation	MONDO:0007746	holoprosencephaly 3	false	no match		false		low
Holoprosencephaly due to SIX3 gene mutation	MONDO:0008084	holoprosencephaly 2	false	no match		false		low
Holoprosencephaly due to ZIC2 gene mutation	MONDO:0012255	holoprosencephaly 5	false	no match		false		low
Holoprosencephaly sequence	MONDO:0016296	holoprosencephaly	true	MONDO:0016296	MONDO:0016296	true	true	low
Holt-Oram Syndrome	MONDO:0007732	Holt-Oram syndrome	true	MONDO:0007732	MONDO:0007732	true	true	high
Holt-Oram syndrome	MONDO:0007732	Holt-Oram syndrome	true	MONDO:0007732	MONDO:0007732	true	true	high
Homocystinuria	MONDO:0019230	homocystinuria	false	no match	MONDO:0004737	true	false	low
Homocystinuria (cystathionine beta-synthase deficiency)	MONDO:0009352	classic homocystinuria	true	MONDO:0009352		false		medium
Howel-Evans syndrome (tylosis with esophageal cancer)	MONDO:0008625	tylosis with esophageal cancer	false	no match		false		low
Hoyeraal-Hreidarsson syndrome	MONDO:0012245	Hoyeraal-Hreidarsson syndrome	false	no match	MONDO:0015780;MONDO:0018045	true	false	low
Hunter Syndrome (Mucopolysaccharidosis Type II)	MONDO:0010674	mucopolysaccharidosis type 2	true	MONDO:0010674		false		high
Hunter syndrome	MONDO:0010674	mucopolysaccharidosis type 2	true	MONDO:0010674	MONDO:0010674	true	true	high
Hunter syndrome (MPS II)	MONDO:0010674	mucopolysaccharidosis type 2	true	MONDO:0010674		false		high
Hunter syndrome (Mucopolysaccharidosis Type II)	MONDO:0010674	mucopolysaccharidosis type 2	true	MONDO:0010674		false		high
Hunter syndrome (Mucopolysaccharidosis type II)	MONDO:0010674	mucopolysaccharidosis type 2	true	MONDO:0010674		false		high
Hunter-McAlpine syndrome	MONDO:0011023	Hunter-McAlpine craniosynostosis syndrome	false	no match	MONDO:0011065	true	false	low
Huntington Disease	MONDO:0007739	Huntington disease	true	MONDO:0007739	MONDO:0007739	true	true	high
Huntington disease	MONDO:0007739	Huntington disease	true	MONDO:0007739	MONDO:0007739	true	true	high
Huntington disease (juvenile onset)	MONDO:0007739	Huntington disease	true	MONDO:0007739		false		medium
Huntington's Disease	MONDO:0007739	Huntington disease	true	MONDO:0007739	MONDO:0007739	true	true	high
Huntington's Disease (Juvenile Onset)	MONDO:0007739	Huntington disease	true	MONDO:0007739		false		medium
Huntington's disease	MONDO:0007739	Huntington disease	true	MONDO:0007739	MONDO:0007739	true	true	high
Huntington's disease (juvenile-onset)	MONDO:0007739	Huntington disease	true	MONDO:0007739		false		medium
Huntington's disease-like 2	MONDO:0011502	Huntington disease-like 2	false	no match		false		medium
Hurler syndrome	MONDO:0001586	mucopolysaccharidosis type 1	true	MONDO:0001586	MONDO:0001586;MONDO:0011758	true	true	medium
Hurler syndrome (Mucopolysaccharidosis Type I)	MONDO:0001586	mucopolysaccharidosis type 1	true	MONDO:0001586		false		medium
Hurler syndrome (Mucopolysaccharidosis type I)	MONDO:0001586	mucopolysaccharidosis type 1	true	MONDO:0001586		false		medium
Hutchinson-Gilford Progeria Syndrome	MONDO:0010135	Hutchinson-Gilford progeria syndrome	false	no match	MONDO:0008310	true	false	high
Hutchinson-Gilford Progeria syndrome	MONDO:0010135	Hutchinson-Gilford progeria syndrome	false	no match	MONDO:0008310	true	false	high
Hutchinson-Gilford progeria syndrome	MONDO:0010135	Hutchinson-Gilford progeria syndrome	false	no match	MONDO:0008310	true	false	high
Hydrolethalus syndrome	MONDO:0009386	hydrolethalus syndrome	false	no match	MONDO:0006037;MONDO:0009365	true	false	low
Hyper IgE Syndrome (Job's Syndrome)	MONDO:0007818	autosomal dominant hyper-IgE syndrome	true	MONDO:0007818		false		medium
Hyper IgE Syndrome (STAT3 deficiency)	MONDO:0007818	autosomal dominant hyper-IgE syndrome	true	MONDO:0007818		false		medium
Hyper IgE syndrome (Job syndrome)	MONDO:0007818	autosomal dominant hyper-IgE syndrome	true	MONDO:0007818		false		medium
Hyper IgE syndrome (Job's syndrome)	MONDO:0007818	autosomal dominant hyper-IgE syndrome	true	MONDO:0007818		false		medium
Hyper IgM Syndrome	MONDO:0019127	hyper-IgM syndrome	false	no match	MONDO:0010626	true	false	low
Hyper IgM syndrome	MONDO:0019127	hyper-IgM syndrome	false	no match	MONDO:0010626	true	false	low
Hyper-IgE Syndrome (Job's Syndrome)	MONDO:0007818	autosomal dominant hyper-IgE syndrome	true	MONDO:0007818		false		medium
Hyper-IgE syndrome (Job syndrome)	MONDO:0007818	autosomal dominant hyper-IgE syndrome	true	MONDO:0007818		false		medium
Hypercalcemia	MONDO:0002427	hypercalcemia	false	no match	MONDO:0001566	true	false	low
Hyperekplexia	MONDO:0019165	hereditary hyperekplexia	false	no match	MONDO:0017658;MONDO:0021022	true	false	low
Hyperekplexia (Startle Disease)	MONDO:0019165	hereditary hyperekplexia	false	no match		false		low
Hyperimmunoglobulin E syndrome (Job syndrome)	MONDO:0007818	autosomal dominant hyper-IgE syndrome	true	MONDO:0007818		false		medium
Hyperkalemia	MONDO:0002052	hyperkalemia	false	no match		false		low
Hypermobile Ehlers-Danlos Syndrome	MONDO:0007523	Ehlers-Danlos syndrome, hypermobility type	true	MONDO:0007523	MONDO:0007523	true	true	high
Hypermobile Ehlers-Danlos syndrome	MONDO:0007523	Ehlers-Danlos syndrome, hypermobility type	true	MONDO:0007523	MONDO:0007523	true	true	high
Hypermobility Ehlers-Danlos syndrome	MONDO:0007523	Ehlers-Danlos syndrome, hypermobility type	true	MONDO:0007523		false		high
Hyperornithinemia-Hyperammonemia-Homocitrullinuria (HHH) syndrome	MONDO:0009393	hyperornithinemia-hyperammonemia-homocitrullinuria syndrome	false	no match		false		medium
Hyperornithinemia-hyperammonemia-homocitrullinuria (HHH) syndrome	MONDO:0009393	hyperornithinemia-hyperammonemia-homocitrullinuria syndrome	false	no match		false		medium
Hyperparathyroidism	MONDO:0005227	hyperparathyroidism	false	no match	MONDO:0001741	true	false	low
Hypertensive heart disease	MONDO:0005159	hypertensive heart disease	false	no match	MONDO:0001302	true	false	low
Hyperthermia	no match		false	no match		false		low
Hyperthyroidism	MONDO:0004425	hyperthyroidism	true	MONDO:0004425	MONDO:0004425	true	true	medium
Hypertrichosis-Intellectual Disability Syndrome	no match		false	no match		false		low
Hypertrophic Cardiomyopathy	MONDO:0005045	hypertrophic cardiomyopathy	true	MONDO:0005045	MONDO:0005045	true	true	high
Hypertrophic cardiomyopathy	MONDO:0005045	hypertrophic cardiomyopathy	true	MONDO:0005045	MONDO:0005045	true	true	high
Hypervalinemia	MONDO:0009403	hypervalinemia	false	no match		false		low
Hypocalcemia-Induced Neonatal Seizures	MONDO:0001195	hypocalcemia	false	no match		false		low
Hypocalcemia-Induced Seizures	MONDO:0001195	hypocalcemia	false	no match		false		low
Hypocalcemia-induced neonatal seizures	MONDO:0001195	hypocalcemia	false	no match		false		low
Hypocalcemia-induced seizures	MONDO:0001195	hypocalcemia	false	no match		false		low
Hypocellular myelodysplastic syndrome	MONDO:0018881	myelodysplastic syndrome	true	MONDO:0018881		false		low
Hypochondroplasia	MONDO:0007791	hypochondroplasia	false	no match	MONDO:0007793	true	false	high
Hypoglycemia-induced seizures	MONDO:0002909	hypoglycemia	false	no match		false		low
Hypohidrotic Ectodermal Dysplasia	MONDO:0019244	hypohidrotic ectodermal dysplasia	false	no match	MONDO:0016535	true	false	low
Hypohidrotic ectodermal dysplasia	MONDO:0015604	hypohidrotic ectodermal dysplasia	false	no match	MONDO:0016535	true	false	low
Hypomagnesemia with secondary hypocalcemia	MONDO:0011164	hypomagnesemia 1	false	no match		false		low
Hypomagnesemia with secondary hypocalcemia (HSH)	MONDO:0011164	hypomagnesemia 1	false	no match		false		low
Hypomelanosis of Ito	MONDO:0010606	hypomelanosis of Ito	false	no match	MONDO:0010302	true	false	low
Hypomyelinating leukodystrophy	MONDO:0019046	hypomyelinating leukodystrophy	true	MONDO:0019046	MONDO:0019046	true	true	low
Hypomyelinating leukodystrophy type 2 (Pelizaeus-Merzbacher-like disease)	MONDO:0011857	hypomyelinating leukodystrophy 2	false	no match		false		low
Hypomyelinating leukodystrophy type 6 (H-ABC disease)	MONDO:0012934	hypomyelinating leukodystrophy 6	false	no match		false		low
Hypomyelinating leukodystrophy type 6 (TUBB4A-related leukodystrophy)	MONDO:0012934	hypomyelinating leukodystrophy 6	false	no match		false		low
Hypomyelination with Atrophy of Basal Ganglia and Cerebellum (H-ABC)	MONDO:0012934	hypomyelinating leukodystrophy 6	false	no match		false		low
Hypomyelination with Brainstem and Spinal Cord Involvement (HBSL)	MONDO:0014133	hypomyelination with brainstem and spinal cord involvement and leg spasticity	false	no match		false		low
Hypomyelination with atrophy of basal ganglia and cerebellum (H-ABC syndrome)	MONDO:0012934	hypomyelinating leukodystrophy 6	false	no match		false		low
Hypomyelination with atrophy of basal ganglia and cerebellum (H-ABC)	MONDO:0012934	hypomyelinating leukodystrophy 6	false	no match		false		low
Hypomyelination with atrophy of basal ganglia and cerebellum (TUBB4A-related leukodystrophy)	MONDO:0012934	hypomyelinating leukodystrophy 6	false	no match		false		low
Hypomyelination with atrophy of the basal ganglia and cerebellum (H-ABC disease)	MONDO:0012934	hypomyelinating leukodystrophy 6	false	no match		false		low
Hypomyelination with atrophy of the basal ganglia and cerebellum (H-ABC syndrome)	MONDO:0012934	hypomyelinating leukodystrophy 6	false	no match		false		low
Hypomyelination with atrophy of the basal ganglia and cerebellum (H-ABC)	MONDO:0012934	hypomyelinating leukodystrophy 6	false	no match		false		low
Hypomyelination with congenital cataract and neurological deficits (HCC)	MONDO:0012553	hypomyelinating leukodystrophy 5	false	no match		false		low
Hypomyelination with thin corpus callosum (HCC)	MONDO:0012553	hypomyelinating leukodystrophy 5	false	no match		false		low
Hypoparathyroidism	MONDO:0005303	hypoparathyroidism	false	no match	MONDO:0001220	true	false	low
Hypoparathyroidism, Sensorineural Deafness, and Renal Dysplasia (HDR) Syndrome	MONDO:0007442	hypoparathyroidism-deafness-renal disease syndrome	false	no match		false		low
Hypoparathyroidism-Deafness-Renal Dysplasia (HDR) Syndrome	MONDO:0007442	hypoparathyroidism-deafness-renal disease syndrome	false	no match		false		low
Hypoparathyroidism-Retardation-Dysmorphism (HRD) Syndrome	MONDO:0009397	hypoparathyroidism-retardation-dysmorphism syndrome	false	no match		false		low
Hypoparathyroidism-Retardation-Dysmorphism Syndrome (HDR Syndrome)	MONDO:0009397	hypoparathyroidism-retardation-dysmorphism syndrome	false	no match		false		low
Hypoparathyroidism-retardation-dysmorphism syndrome (Sanjad-Sakati syndrome)	MONDO:0009397	hypoparathyroidism-retardation-dysmorphism syndrome	false	no match		false		low
Hypophosphatasia	MONDO:0019289	hypophosphatasia	false	no match	MONDO:0018570	true	false	low
Hypophosphatemic rickets	MONDO:0019339	hypophosphatemic rickets	false	no match	MONDO:0024300	true	false	low
Hypoplastic Amelogenesis Imperfecta	MONDO:0019507	amelogenesis imperfecta	true	MONDO:0019507	MONDO:0015047	true	false	low
Hypoplastic Left Heart Syndrome	MONDO:0019637	hypoplastic left heart syndrome	false	no match	MONDO:0004933	true	false	low
Hypoplastic amelogenesis imperfecta	MONDO:0019507	amelogenesis imperfecta	true	MONDO:0019507	MONDO:0015047	true	false	low
Hypoplastic myelodysplastic syndrome	MONDO:0018881	hypoplastic myelodysplastic syndrome	false	no match		false		low
Hypothalamic hamartoma	MONDO:0017826	hypothalamic hamartoma	false	no match	MONDO:0009436	true	false	low
Hypothyroidism	MONDO:0005420	hypothyroidism	true	MONDO:0005420	MONDO:0005420	true	true	medium
Hypotrichosis with Juvenile Macular Dystrophy	MONDO:0010986	hypotrichosis with juvenile macular degeneration	false	no match	MONDO:0011107	true	false	low
Hypotrichosis with Nail Dysplasia	no match		false	no match		false		low
Hypotrichosis with Nail Dystrophy	no match		false	no match		false		low
Hypotrichosis with dilated cardiomyopathy	no match		false	no match		false		low
Hypotrichosis with nail dystrophy	no match		false	no match		false		low
Hypoxic-Ischemic Encephalopathy	MONDO:0017918	hypoxic-ischemic encephalopathy	false	no match	MONDO:0006663	true	false	low
I-cell disease (Mucolipidosis II)	MONDO:0009611	mucolipidosis type II	false	no match		false		low
ICF Syndrome (Immunodeficiency, Centromere Instability, and Facial Anomalies Syndrome)	MONDO:0019573	immunodeficiency-centromeric instability-facial anomalies syndrome	false	no match		false		low
ICF syndrome (Immunodeficiency, Centromeric instability, and Facial anomalies syndrome)	MONDO:0019573	immunodeficiency-centromeric instability-facial anomalies syndrome	false	no match		false		low
ICF syndrome (Immunodeficiency, Centromeric instability, and Facial anomalies)	MONDO:0019573	immunodeficiency-centromeric instability-facial anomalies syndrome	false	no match		false		low
IFN-γR1 deficiency (Interferon-gamma receptor 1 deficiency)	MONDO:0009461	immunodeficiency 27A	false	no match		false		low
IFNGR1 deficiency (Interferon gamma receptor 1 deficiency)	MONDO:0009461	immunodeficiency 27A	false	no match		false		low
IL-12 p40 deficiency	MONDO:0013966	immunodeficiency 29	false	no match		false		low
IL-12 receptor beta-1 deficiency	MONDO:0013967	immunodeficiency 30	false	no match		false		low
IL-12 receptor beta1 deficiency	MONDO:0013967	immunodeficiency 30	false	no match		false		low
IL-17 receptor deficiency	MONDO:0013486	candidiasis, familial, 5	false	no match		false		low
IL12RB1 deficiency (Interleukin-12 receptor beta-1 deficiency)	MONDO:0013967	immunodeficiency 30	false	no match		false		low
IL12Rβ1 deficiency (Interleukin-12 receptor beta 1 deficiency)	MONDO:0013967	immunodeficiency 30	false	no match		false		low
IL12p40 deficiency (Interleukin-12 p40 deficiency)	MONDO:0013977	immunodeficiency 29	false	no match		false		low
IL17RA Deficiency	MONDO:0013520	candidiasis, familial, 5	false	no match		false		low
INS-MODY (MODY 10)	MONDO:0013242	maturity-onset diabetes of the young type 10	false	no match		false		low
INSR-Related Severe Insulin Resistance Syndrome	MONDO:0019297	insulin-resistance syndrome type A	false	no match		false		low
IPEX Syndrome	MONDO:0010518	IPEX syndrome	false	no match	MONDO:0010580	true	false	medium
IPEX Syndrome (Immune Dysregulation, Polyendocrinopathy, Enteropathy, X-linked)	MONDO:0010518	IPEX syndrome	false	no match		false		medium
IPEX syndrome	MONDO:0010518	IPEX syndrome	false	no match	MONDO:0010580	true	false	medium
IPEX syndrome (Immune dysregulation, Polyendocrinopathy, Enteropathy, X-linked)	MONDO:0010518	IPEX syndrome	false	no match		false		medium
IPEX-like syndrome	MONDO:0010518	IPEX syndrome	false	no match		false		low
Ichthyosis Follicularis Atrichia Photophobia (IFAP) syndrome	MONDO:0010551	ichthyosis follicularis-alopecia-photophobia syndrome	false	no match		false		low
Ichthyosis Follicularis with Alopecia and Photophobia (IFAP) Syndrome	MONDO:0010551	ichthyosis follicularis-alopecia-photophobia syndrome	false	no match		false		low
Ichthyosis Follicularis with Alopecia and Photophobia (IFAP) syndrome	MONDO:0010551	ichthyosis follicularis-alopecia-photophobia syndrome	false	no match		false		low
Ichthyosis Follicularis, Alopecia, and Photophobia (IFAP) syndrome	MONDO:0010551	ichthyosis follicularis-alopecia-photophobia syndrome	false	no match		false		low
Ichthyosis Follicularis-Alopecia-Photophobia (IFAP) syndrome	MONDO:0010551	ichthyosis follicularis-alopecia-photophobia syndrome	false	no match		false		low
Idiopathic Autism Spectrum Disorder	MONDO:0005258	autism spectrum disorder	true	MONDO:0005258		false		medium
Idiopathic Focal Epilepsy	MONDO:0005384	focal epilepsy	true	MONDO:0005384		false		low
Idiopathic Focal Epilepsy of Infancy	MONDO:0005384	focal epilepsy	true	MONDO:0005384		false		low
Idiopathic Generalized Epilepsy	MONDO:0005579	idiopathic generalized epilepsy	true	MONDO:0005579	MONDO:0005579	true	true	low
Idiopathic Hypoparathyroidism	MONDO:0016146	familial isolated hypoparathyroidism	false	no match		false		low
Idiopathic Pulmonary Fibrosis	MONDO:0008345	idiopathic pulmonary fibrosis	false	no match	MONDO:0800029;MONDO:0800504	true	false	high
Idiopathic autism spectrum disorder	MONDO:0005258	autism spectrum disorder	true	MONDO:0005258		false		medium
Idiopathic distal renal tubular acidosis	MONDO:0015827	distal renal tubular acidosis	true	MONDO:0015827		false		low
Idiopathic epilepsy	MONDO:0005027	epilepsy	true	MONDO:0005027		false		medium
Idiopathic first-degree atrioventricular block	MONDO:0000817	first-degree atrioventricular block	false	no match		false		low
Idiopathic generalized epilepsy of infancy	MONDO:0005579	idiopathic generalized epilepsy	true	MONDO:0005579		false		low
Idiopathic hypercalciuria	MONDO:0008207	idiopathic hypercalciuria	false	no match	MONDO:0700418	true	false	low
Idiopathic infantile hypercalcemia	MONDO:0009428	hypercalcemia, infantile, 1	false	no match	MONDO:0000212	true	false	low
Idiopathic juvenile osteoporosis	MONDO:0008270	idiopathic juvenile osteoporosis	false	no match	MONDO:0019409	true	false	low
Idiopathic late-onset cerebellar ataxia	no match		false	no match	MONDO:0016591	true	false	low
Idiopathic late-onset cerebellar ataxia (ILOCA)	no match		false	no match		false		low
Idiopathic pulmonary fibrosis	MONDO:0008345	idiopathic pulmonary fibrosis	false	no match	MONDO:0800029;MONDO:0800504	true	false	high
Idiopathic pulmonary fibrosis with secondary liver involvement	MONDO:0008345	idiopathic pulmonary fibrosis	false	no match		false		medium
Idiopathic ventricular tachycardia	MONDO:0005300	ventricular tachycardia	false	no match		false		low
IgG Subclass Deficiency	MONDO:0015611	selective IgG subclass deficiency	false	no match	MONDO:0045045	true	false	low
IgG2 Subclass Deficiency	MONDO:0015611	selective IgG subclass deficiency	false	no match		false		low
IgG4-related disease	MONDO:0020716	IgG4-related disease	false	no match	MONDO:0017287	true	false	low
Immotile Cilia Syndrome	MONDO:0016575	primary ciliary dyskinesia	true	MONDO:0016575		false		high
Immune Dysregulation Syndromes	no match		false	no match		false		low
Immune Dysregulation, Polyendocrinopathy, Enteropathy, X-linked (IPEX) Syndrome	MONDO:0010518	IPEX syndrome	false	no match		false		medium
Immune thrombocytopenic purpura	MONDO:0008303	immune thrombocytopenia	false	no match		false		low
Immunodeficiency, Centromeric Instability and Facial Anomalies Syndrome (ICF syndrome)	MONDO:0017904	ICF syndrome	false	no match		false		low
Immunodeficiency, Centromeric Instability, and Facial Anomalies (ICF) syndrome	MONDO:0017904	ICF syndrome	false	no match		false		low
Immunodeficiency, Centromeric instability, and Facial anomalies (ICF) syndrome	MONDO:0017904	ICF syndrome	false	no match		false		low
Immunodeficiency, Polyendocrinopathy, Enteropathy, X-linked (IPEX) Syndrome	MONDO:0010518	IPEX syndrome	false	no match		false		medium
Immunodeficiency-Centromeric Instability-Facial Anomalies (ICF) Syndrome	MONDO:0017904	ICF syndrome	false	no match		false		low
Immunodeficiency-centromeric instability-facial anomalies (ICF) syndrome	MONDO:0017904	ICF syndrome	false	no match		false		low
Immunodeficiency–centromeric instability–facial anomalies (ICF) syndrome	MONDO:0017904	ICF syndrome	false	no match		false		low
Inborn errors of metabolism	MONDO:0019052	inborn errors of metabolism	true	MONDO:0019052	MONDO:0019052	true	true	high
Inclusion Body Myopathy	MONDO:0019326	inclusion body myositis	false	no match		false		low
Inclusion Body Myositis	MONDO:0019326	inclusion body myositis	false	no match	MONDO:0007827	true	false	low
Inclusion body myopathy with Paget disease of bone and frontotemporal dementia (IBMPFD)	MONDO:0008015	inclusion body myopathy with Paget disease of bone and frontotemporal dementia	false	no match		false		low
Inclusion body myositis	MONDO:0007827	inclusion body myositis	true	MONDO:0007827	MONDO:0007827	true	true	low
Incomplete distal renal tubular acidosis	MONDO:0015827	distal renal tubular acidosis	true	MONDO:0015827		false		low
Infantile Neuroaxonal Dystrophy (INAD) due to PLA2G6 mutation	MONDO:0009737	infantile neuroaxonal dystrophy	false	no match		false		low
Infantile Neuronal Ceroid Lipofuscinosis	MONDO:0009744	CLN1 disease	true	MONDO:0009744	MONDO:0009744;MONDO:0019261	true	true	low
Infantile Nystagmus Syndrome (FRMD7-related)	MONDO:0010431	nystagmus 1, congenital, X-linked	false	no match		false		low
Infantile Pompe disease	MONDO:0009290	glycogen storage disease II	true	MONDO:0009290		false		low
Infantile Systemic Hyalinosis	MONDO:0009428	hyaline fibromatosis syndrome	false	no match	MONDO:0016331	true	false	low
Infantile acute leukemia	MONDO:0044652	acute leukemia	false	no match		false		low
Infantile neuroaxonal dystrophy	MONDO:0009737	infantile neuroaxonal dystrophy	false	no match	MONDO:0024457	true	false	low
Infantile neuroaxonal dystrophy (INAD)	MONDO:0009737	infantile neuroaxonal dystrophy	false	no match		false		low
Infantile neuronal ceroid lipofuscinosis	MONDO:0009744	CLN1 disease	true	MONDO:0009744	MONDO:0009744;MONDO:0019261	true	true	low
Infantile neuronal ceroid lipofuscinosis (CLN1 disease)	MONDO:0009744	CLN1 disease	true	MONDO:0009744		false		low
Infantile polyarteritis nodosa	MONDO:0019170	polyarteritis nodosa	true	MONDO:0019170	MONDO:0012727	true	false	low
Infantile spasms (West syndrome)	MONDO:0100059	infantile spasms	false	no match		false		low
Infantile spasms due to ARX gene mutations	MONDO:0010367	developmental and epileptic encephalopathy, 1	false	no match		false		low
Infantile-Onset Spinocerebellar Ataxia	MONDO:0009974	infantile onset spinocerebellar ataxia	false	no match		false		low
Infantile-onset ascending hereditary spastic paralysis	MONDO:0011730	infantile-onset ascending hereditary spastic paralysis	false	no match	MONDO:0011797	true	false	low
Insufficient information to provide a diagnosis	no match		false	no match		false		low
Intellectual developmental disorder of unknown cause	MONDO:0001071	intellectual disability	true	MONDO:0001071		false		medium
Intellectual disability of unknown etiology	MONDO:0001071	intellectual disability	true	MONDO:0001071		false		medium
Interferon Gamma Receptor 1 Deficiency (IFNGR1 Deficiency)	MONDO:0009446	immunodeficiency 27A	false	no match		false		low
Interferon Gamma Receptor 2 Deficiency (IFNGR2 Deficiency)	MONDO:0013919	immunodeficiency 28	false	no match		false		low
Interferon gamma receptor 1 (IFNγR1) deficiency	MONDO:0009446	immunodeficiency 27A	false	no match		false		low
Interferon gamma receptor 1 deficiency (IFNGR1 deficiency)	MONDO:0009446	immunodeficiency 27A	false	no match		false		low
Interferon gamma receptor 2 deficiency (IFNGR2 deficiency)	MONDO:0013919	immunodeficiency 28	false	no match		false		low
Interferon gamma receptor deficiency	MONDO:0018046	Mendelian susceptibility to mycobacterial diseases	false	no match		false		low
Interferon-gamma receptor 1 deficiency	MONDO:0009446	immunodeficiency 27A	false	no match		false		low
Interferon-gamma receptor deficiency	MONDO:0018046	Mendelian susceptibility to mycobacterial diseases	false	no match		false		low
Interleukin-12 Receptor Beta-1 Deficiency (IL12RB1 Deficiency)	MONDO:0013922	immunodeficiency 30	false	no match		false		low
Interleukin-12 p40 deficiency	MONDO:0013921	immunodeficiency 29	false	no match		false		low
Interleukin-12 receptor beta 1 (IL12Rβ1) deficiency	MONDO:0013922	immunodeficiency 30	false	no match		false		low
Interleukin-12 receptor beta1 deficiency (IL12RB1 deficiency)	MONDO:0013922	immunodeficiency 30	false	no match		false		low
Interleukin-7 receptor alpha chain (IL7RA) deficiency	MONDO:0012136	severe combined immunodeficiency due to IL-7Ralpha deficiency	false	no match		false		low
Intracranial hemorrhage	MONDO:0005276	intracranial hemorrhage	false	no match		false		low
Intramedullary Spinal Cord Tumor	MONDO:0002904	spinal cord neoplasm	false	no match		false		low
Iridocorneal Endothelial Syndrome	MONDO:0019034	iridocorneal endothelial syndrome	false	no match	MONDO:0018988	true	false	low
Ischiopatellar Dysplasia	MONDO:0008476	small patella syndrome	false	no match	MONDO:0007841	true	false	low
Isolated Aortic Root Aneurysm	MONDO:0005160	thoracic aortic aneurysm	false	no match		false		low
Isolated Brachydactyly Type A2	MONDO:0007217	brachydactyly type A2	false	no match		false		low
Isolated Brachydactyly Type E	MONDO:0007222	brachydactyly type E	false	no match		false		low
Isolated Cardiac Conduction Disease	MONDO:0011762	progressive familial heart block	false	no match		false		low
Isolated Coloboma with Cataract	MONDO:0001476	coloboma	true	MONDO:0001476		false		low
Isolated Ectopia Lentis	MONDO:0009158	ectopia lentis, isolated	false	no match	MONDO:0015998	true	false	low
Isolated Foveal Hypoplasia	MONDO:0011979	foveal hypoplasia 1	false	no match	MONDO:0034978	true	false	low
Isolated Foveal Hypoplasia (due to PAX6 mutations)	MONDO:0011979	foveal hypoplasia 1	false	no match		false		low
Isolated Microtia	MONDO:0019430	microtia	false	no match		false		low
Isolated Ocular Coloboma	MONDO:0001476	coloboma	true	MONDO:0001476		false		low
Isolated Ocular Colobomas	MONDO:0001476	coloboma	true	MONDO:0001476		false		low
Isolated Optic Nerve Hypoplasia	MONDO:0008213	optic nerve hypoplasia	false	no match	MONDO:0008136	true	false	low
Isolated Postaxial Polydactyly	MONDO:0020837	postaxial polydactyly	false	no match		false		low
Isolated Situs Inversus Totalis	MONDO:0010033	situs inversus totalis	false	no match		false		low
Isolated Triphalangeal Thumb	MONDO:0008064	triphalangeal thumb	false	no match		false		low
Isolated cardiac conduction disease due to SCN5A mutations	MONDO:0007254	progressive familial heart block type IA	false	no match		false		low
Isolated congenital aortic aneurysm/dissection	MONDO:0019625	familial thoracic aortic aneurysm and aortic dissection	true	MONDO:0019625		false		low
Isolated congenital hypothyroidism with cleft palate	MONDO:0010021	Bamforth-Lazarus syndrome	false	no match		false		low
Isolated congenital micrognathia	MONDO:0017276	micrognathia	false	no match		false		low
Isolated craniosynostosis with cleft lip and palate	MONDO:0015469	craniosynostosis	true	MONDO:0015469		false		low
Isolated ectopia lentis	MONDO:0020069	isolated ectopia lentis	false	no match	MONDO:0015998	true	false	low
Isolated ectopia lentis (autosomal dominant ectopia lentis)	MONDO:0007531	ectopia lentis 1, isolated, autosomal dominant	false	no match		false		low
Isolated familial ectopia lentis	MONDO:0020069	isolated ectopia lentis	false	no match		false		low
Isolated foveal hypoplasia	MONDO:0008208	foveal hypoplasia 1	false	no match	MONDO:0034978	true	false	low
Isolated high myopia (familial)	MONDO:0011016	high myopia	false	no match		false		low
Isolated hypogonadotropic hypogonadism	MONDO:0018555	isolated hypogonadotropic hypogonadism	false	no match		false		low
Isolated hypoparathyroidism	MONDO:0016173	familial isolated hypoparathyroidism	false	no match		false		low
Isolated iris coloboma	MONDO:0007330	iris coloboma	false	no match		false		low
Isolated lissencephaly sequence	MONDO:0018838	lissencephaly	true	MONDO:0018838		false		low
Isolated macrodactyly	MONDO:0018178	macrodactyly	false	no match		false		low
Isolated macrodontia	MONDO:0007895	macrodontia	false	no match		false		low
Isolated microphthalmia	MONDO:0021514	isolated microphthalmia	false	no match	MONDO:0000062	true	false	low
Isolated microspherophakia	MONDO:0008032	microspherophakia	false	no match		false		low
Isolated ocular coloboma	MONDO:0001476	ocular coloboma	true	MONDO:0001476		false		low
Isolated optic nerve hypoplasia	MONDO:0008193	optic nerve hypoplasia	false	no match	MONDO:0008136	true	false	low
Isolated optic nerve hypoplasia with retinal coloboma	MONDO:0008194	optic nerve hypoplasia	false	no match		false		low
Isolated postaxial polydactyly	MONDO:0020837	postaxial polydactyly	false	no match		false		low
Isolated primary microcephaly (MCPH)	MONDO:0016660	autosomal recessive primary microcephaly	true	MONDO:0016660		false		medium
Isolated retinal coloboma	MONDO:0001476	ocular coloboma	true	MONDO:0001476		false		low
Isolated sulfite oxidase deficiency	MONDO:0010033	sulfite oxidase deficiency	false	no match	MONDO:0010089	true	false	low
Isolated thumb hypoplasia	MONDO:0017334	thumb hypoplasia	false	no match		false		low
Isolated triphalangeal thumb	MONDO:0008064	triphalangeal thumb	false	no match		false		low
Isolated uveal coloboma	MONDO:0001476	ocular coloboma	true	MONDO:0001476		false		low
Isovaleric Acidemia	MONDO:0009475	isovaleric acidemia	true	MONDO:0009475	MONDO:0009475	true	true	medium
Ivemark syndrome	MONDO:0009430	Ivemark syndrome	false	no match	MONDO:0008832	true	false	low
Ivemark syndrome (Polysplenia syndrome)	MONDO:0009430	Ivemark syndrome	false	no match		false		low
Jacobsen Syndrome	MONDO:0007838	Jacobsen syndrome	true	MONDO:0007838	MONDO:0007838	true	true	medium
Jacobsen Syndrome (11q Deletion Syndrome)	MONDO:0007838	Jacobsen syndrome	true	MONDO:0007838		false		medium
Jacobsen syndrome	MONDO:0007838	Jacobsen syndrome	true	MONDO:0007838	MONDO:0007838	true	true	medium
Jacobsen syndrome (11q deletion syndrome)	MONDO:0007838	Jacobsen syndrome	true	MONDO:0007838		false		medium
Jalili Syndrome	MONDO:0008982	Jalili syndrome	false	no match	MONDO:0009007	true	false	low
Janus kinase 3 (JAK3) deficiency	MONDO:0010938	severe combined immunodeficiency, autosomal recessive, T cell-negative, B cell-positive, NK cell-negative	false	no match		false		low
Jarcho-Levin syndrome	MONDO:0017798	Jarcho-Levin syndrome	false	no match	MONDO:0000359;MONDO:0010180	true	false	low
Jervell and Lange-Nielsen Syndrome	MONDO:0019420	Jervell and Lange-Nielsen syndrome	false	no match	MONDO:0002441;MONDO:0024540	true	false	medium
Jervell and Lange-Nielsen syndrome	MONDO:0019420	Jervell and Lange-Nielsen syndrome	false	no match	MONDO:0002441;MONDO:0024540	true	false	medium
Jeune syndrome (Asphyxiating Thoracic Dystrophy)	MONDO:0018770	Jeune syndrome	true	MONDO:0018770		false		medium
Jeune syndrome (Asphyxiating thoracic dystrophy)	MONDO:0018770	Jeune syndrome	true	MONDO:0018770		false		medium
Jeune syndrome (asphyxiating thoracic dystrophy)	MONDO:0018770	Jeune syndrome	true	MONDO:0018770		false		medium
Jones syndrome	MONDO:0008346	gingival fibromatosis with deafness	false	no match	MONDO:0007612	true	false	low
Joubert Syndrome	MONDO:0018772	Joubert syndrome	true	MONDO:0018772	MONDO:0018772	true	true	high
Joubert Syndrome with Orofaciodigital Features	MONDO:0009805	orofaciodigital syndrome VI	false	no match		false		low
Joubert syndrome	MONDO:0018772	Joubert syndrome	true	MONDO:0018772	MONDO:0018772	true	true	high
Joubert syndrome with hepatic involvement	MONDO:0018772	Joubert syndrome	true	MONDO:0018772		false		low
Joubert syndrome with polydactyly	MONDO:0018772	Joubert syndrome	true	MONDO:0018772		false		low
Juberg-Hayward syndrome	MONDO:0009493	Juberg-Hayward syndrome	false	no match	MONDO:0008992	true	false	low
Juvenile Absence Epilepsy	MONDO:0016581	juvenile absence epilepsy	false	no match	MONDO:0800453	true	false	low
Juvenile Amyotrophic Lateral Sclerosis	MONDO:0017276	juvenile amyotrophic lateral sclerosis	false	no match	MONDO:0017593	true	false	low
Juvenile Amyotrophic Lateral Sclerosis (ALS)	MONDO:0017276	juvenile amyotrophic lateral sclerosis	false	no match		false		low
Juvenile GM1 gangliosidosis	MONDO:0009258	GM1 gangliosidosis type 2	false	no match	MONDO:0009261	true	false	low
Juvenile GM2 gangliosidosis (Tay-Sachs disease)	MONDO:0010100	Tay-Sachs disease	true	MONDO:0010100		false		medium
Juvenile Huntington Disease	MONDO:0007739	Huntington disease	true	MONDO:0007739	MONDO:0016621	true	false	medium
Juvenile Huntington disease	MONDO:0007739	Huntington disease	true	MONDO:0007739	MONDO:0016621	true	false	medium
Juvenile Huntington's Disease	MONDO:0007739	Huntington disease	true	MONDO:0007739		false		medium
Juvenile Huntington's disease	MONDO:0007739	Huntington disease	true	MONDO:0007739		false		medium
Juvenile Hyaline Fibromatosis	MONDO:0009285	hyaline fibromatosis syndrome	false	no match	MONDO:0016071	true	false	low
Juvenile Macular Degeneration	MONDO:0019353	Stargardt disease	true	MONDO:0019353		false		medium
Juvenile Myasthenia Gravis	MONDO:0006722	myasthenia gravis	false	no match	MONDO:0018325	true	false	low
Juvenile Myoclonic Epilepsy	MONDO:0009696	juvenile myoclonic epilepsy	true	MONDO:0009696	MONDO:0009696	true	true	low
Juvenile Myoclonic Epilepsy (JME)	MONDO:0009696	juvenile myoclonic epilepsy	true	MONDO:0009696		false		low
Juvenile Neuronal Ceroid Lipofuscinosis (Batten Disease)	MONDO:0008767	CLN3 disease	false	no match		false		low
Juvenile Paget disease	MONDO:0009757	juvenile Paget disease	false	no match	MONDO:0009394	true	false	low
Juvenile Parkinson's disease	MONDO:0011006	autosomal recessive juvenile Parkinson disease 2	false	no match		false		low
Juvenile Parkinson's disease (PARK2 mutation)	MONDO:0011006	autosomal recessive juvenile Parkinson disease 2	false	no match		false		low
Juvenile Parkinson's disease (PARK2 mutations)	MONDO:0011006	autosomal recessive juvenile Parkinson disease 2	false	no match		false		low
Juvenile Parkinson's disease (PARK2-related)	MONDO:0011006	autosomal recessive juvenile Parkinson disease 2	false	no match		false		low
Juvenile Parkinson's disease (Parkin gene mutation)	MONDO:0011006	autosomal recessive juvenile Parkinson disease 2	false	no match		false		low
Juvenile Parkinsonism (PARK2 mutations)	MONDO:0011006	autosomal recessive juvenile Parkinson disease 2	false	no match		false		low
Juvenile Primary Lateral Sclerosis	MONDO:0011244	juvenile primary lateral sclerosis	false	no match	MONDO:0011663	true	false	low
Juvenile X-linked retinoschisis	MONDO:0010725	X-linked retinoschisis	true	MONDO:0010725	MONDO:0010725	true	true	low
Juvenile absence epilepsy	MONDO:0016581	juvenile absence epilepsy	false	no match	MONDO:0800453	true	false	low
Juvenile amyotrophic lateral sclerosis	MONDO:0017276	juvenile amyotrophic lateral sclerosis	false	no match	MONDO:0017593	true	false	low
Juvenile amyotrophic lateral sclerosis (ALS)	MONDO:0017276	juvenile amyotrophic lateral sclerosis	false	no match		false		low
Juvenile macular degeneration	MONDO:0019353	Stargardt disease	true	MONDO:0019353		false		medium
Juvenile multiple sclerosis	MONDO:0005301	multiple sclerosis	true	MONDO:0005301		false		medium
Juvenile myasthenia gravis	MONDO:0006722	myasthenia gravis	false	no match	MONDO:0018325	true	false	low
Juvenile myoclonic epilepsy	MONDO:0009696	juvenile myoclonic epilepsy	true	MONDO:0009696	MONDO:0009696	true	true	low
Juvenile neuronal ceroid lipofuscinosis	MONDO:0008767	CLN3 disease	false	no match	MONDO:0019262	true	false	low
Juvenile open-angle glaucoma	MONDO:0100502	juvenile open angle glaucoma	false	no match		false		low
Juvenile primary lateral sclerosis	MONDO:0011244	juvenile primary lateral sclerosis	false	no match	MONDO:0011663	true	false	low
Juvenile-Onset Alexander Disease	MONDO:0008752	Alexander disease	true	MONDO:0008752		false		medium
Juvenile-Onset Amyotrophic Lateral Sclerosis (ALS)	MONDO:0017276	juvenile amyotrophic lateral sclerosis	false	no match		false		low
Juvenile-onset Amyotrophic Lateral Sclerosis (ALS)	MONDO:0017276	juvenile amyotrophic lateral sclerosis	false	no match		false		low
Juvenile-onset Huntington disease	MONDO:0007739	Huntington disease	true	MONDO:0007739		false		high
Juvenile-onset Huntington's disease (Westphal variant)	MONDO:0007739	Huntington disease	true	MONDO:0007739		false		high
Juvenile-onset amyotrophic lateral sclerosis (ALS type 4)	MONDO:0011573	amyotrophic lateral sclerosis type 4	false	no match		false		low
KAT6A syndrome	MONDO:0014484	KAT6A syndrome	false	no match	MONDO:0014558	true	false	low
KBG Syndrome	MONDO:0007839	KBG syndrome	false	no match	MONDO:0007846	true	false	low
KBG syndrome	MONDO:0007839	KBG syndrome	false	no match	MONDO:0007846	true	false	low
KCNQ2 Encephalopathy	MONDO:0013732	developmental and epileptic encephalopathy 7	false	no match		false		low
KCNQ2 encephalopathy	MONDO:0013732	developmental and epileptic encephalopathy 7	false	no match		false		low
KCNQ2 epileptic encephalopathy	MONDO:0013732	developmental and epileptic encephalopathy 7	false	no match		false		low
KCNQ2-Associated Epileptic Encephalopathy	MONDO:0013732	developmental and epileptic encephalopathy 7	false	no match		false		low
KCNQ2-Related Benign Neonatal Epilepsy	MONDO:0007331	seizures, benign familial neonatal, 1	false	no match		false		low
KCNQ2-Related Epilepsy	MONDO:0007331	seizures, benign familial neonatal, 1	false	no match		false		low
KCNQ2-Related Epileptic Encephalopathy	MONDO:0013398	developmental and epileptic encephalopathy, 7	false	no match		false		low
KCNQ2-Related Neonatal Epilepsy	MONDO:0007331	seizures, benign familial neonatal, 1	false	no match		false		low
KCNQ2-Related Neonatal Epileptic Encephalopathy	MONDO:0013398	developmental and epileptic encephalopathy, 7	false	no match		false		low
KCNQ2-related Early-Onset Epileptic Encephalopathy	MONDO:0013398	developmental and epileptic encephalopathy, 7	false	no match		false		low
KCNQ2-related Epilepsy	MONDO:0007331	seizures, benign familial neonatal, 1	false	no match		false		low
KCNQ2-related Epileptic Encephalopathy	MONDO:0013398	developmental and epileptic encephalopathy, 7	false	no match		false		low
KCNQ2-related Neonatal Epileptic Encephalopathy	MONDO:0013398	developmental and epileptic encephalopathy, 7	false	no match		false		low
KCNQ2-related benign neonatal epilepsy	MONDO:0007331	seizures, benign familial neonatal, 1	false	no match		false		low
KCNQ2-related early infantile epileptic encephalopathy	MONDO:0013398	developmental and epileptic encephalopathy, 7	false	no match		false		low
KCNQ2-related early-onset epileptic encephalopathy	MONDO:0013398	developmental and epileptic encephalopathy, 7	false	no match		false		low
KCNQ2-related epilepsy	MONDO:0007331	seizures, benign familial neonatal, 1	false	no match		false		low
KCNQ2-related epileptic encephalopathy	MONDO:0013398	developmental and epileptic encephalopathy, 7	false	no match		false		low
KCNQ2-related epileptic encephalopathy (Early Infantile Epileptic Encephalopathy Type 7)	MONDO:0013398	developmental and epileptic encephalopathy, 7	false	no match		false		low
KCNQ2-related neonatal epilepsy	MONDO:0007331	seizures, benign familial neonatal, 1	false	no match		false		low
KCNQ2-related neonatal epileptic encephalopathy	MONDO:0013398	developmental and epileptic encephalopathy, 7	false	no match		false		low
KCNQ3-Related Neonatal Epilepsy	MONDO:0007332	seizures, benign familial neonatal, 2	false	no match		false		low
KCNQ3-related epilepsy	MONDO:0007332	seizures, benign familial neonatal, 2	false	no match		false		low
KCNQ3-related epileptic encephalopathy	MONDO:0013398	developmental and epileptic encephalopathy, 7	false	no match		false		low
KCNQ3-related neonatal epileptic encephalopathy	MONDO:0013398	developmental and epileptic encephalopathy, 7	false	no match		false		low
KCNT1-Related Epileptic Encephalopathy	MONDO:0013986	developmental and epileptic encephalopathy, 14	false	no match		false		low
KCNT1-related early infantile epileptic encephalopathy	MONDO:0013986	developmental and epileptic encephalopathy, 14	false	no match		false		low
KDM5C-related X-linked intellectual disability	MONDO:0010355	syndromic X-linked intellectual disability Claes-Jensen type	true	MONDO:0010355		false		low
KIAA2022-related intellectual disability	MONDO:0010484	X-linked intellectual disability 98	false	no match		false		low
KID syndrome (Keratitis-Ichthyosis-Deafness syndrome)	MONDO:0007853	keratitis-ichthyosis-deafness syndrome	false	no match		false		low
KIF1A-Associated Neurological Disorder	MONDO:0013706	hereditary spastic paraplegia 30	false	no match		false		low
KIF1A-Associated Neurological Disorder (KAND)	MONDO:0013706	hereditary spastic paraplegia 30	false	no match		false		low
KIF1A-associated neurological disorder	MONDO:0013706	hereditary spastic paraplegia 30	false	no match		false		low
KIF1A-associated neurological disorder (KAND)	MONDO:0013706	hereditary spastic paraplegia 30	false	no match		false		low
KIF1A-related disorder	MONDO:0013706	hereditary spastic paraplegia 30	false	no match		false		low
KIF1A-related disorders	MONDO:0013706	hereditary spastic paraplegia 30	false	no match		false		low
KLF11-MODY (MODY 7)	MONDO:0012481	maturity-onset diabetes of the young type 7	false	no match		false		low
KMT2B-related dystonia	MONDO:0014789	dystonia 28, childhood-onset	false	no match		false		low
KPTN-related intellectual disability with seizures	MONDO:0014287	intellectual disability, autosomal recessive 41	false	no match		false		low
Kabuki Syndrome	MONDO:0016512	Kabuki syndrome	true	MONDO:0016512	MONDO:0016512	true	true	high
Kabuki syndrome	MONDO:0016512	Kabuki syndrome	true	MONDO:0016512	MONDO:0016512	true	true	high
Kallmann Syndrome	MONDO:0018800	Kallmann syndrome	true	MONDO:0018800	MONDO:0018800	true	true	high
Kallmann syndrome	MONDO:0018800	Kallmann syndrome	true	MONDO:0018800	MONDO:0018800	true	true	high
Kartagener syndrome	MONDO:0016575	primary ciliary dyskinesia	true	MONDO:0016575	MONDO:0016575	true	true	medium
Kawasaki disease	MONDO:0012727	Kawasaki disease	true	MONDO:0012727	MONDO:0012727	true	true	high
Kearns-Sayre Syndrome	MONDO:0010787	Kearns-Sayre syndrome	true	MONDO:0010787	MONDO:0010787	true	true	high
Kearns-Sayre Syndrome (KSS)	MONDO:0010787	Kearns-Sayre syndrome	true	MONDO:0010787		false		high
Kearns-Sayre syndrome	MONDO:0010787	Kearns-Sayre syndrome	true	MONDO:0010787	MONDO:0010787	true	true	high
Kennedy disease	MONDO:0010735	Kennedy disease	true	MONDO:0010735	MONDO:0010735	true	true	medium
Kennedy disease (spinobulbar muscular atrophy)	MONDO:0010735	Kennedy disease	true	MONDO:0010735		false		medium
Kennedy's disease (spinal and bulbar muscular atrophy)	MONDO:0010735	Kennedy disease	true	MONDO:0010735		false		medium
Kenny-Caffey Syndrome Type 1	MONDO:0009490	Kenny-Caffey syndrome type 1	false	no match	MONDO:0009486	true	false	low
Keratitis-Ichthyosis-Deafness (KID) Syndrome	MONDO:0007853	keratitis-ichthyosis-deafness syndrome	false	no match		false		low
Keratitis-Ichthyosis-Deafness (KID) syndrome	MONDO:0007853	keratitis-ichthyosis-deafness syndrome	false	no match		false		low
Keratitis-ichthyosis-deafness (KID) syndrome	MONDO:0007870	keratitis-ichthyosis-deafness syndrome	false	no match		false		low
Keratoacanthoma centrifugum marginatum	MONDO:0005432	keratoacanthoma	false	no match		false		low
Keratoconus	MONDO:0015486	keratoconus	true	MONDO:0015486	MONDO:0015486	true	true	medium
King-Denborough Syndrome	MONDO:0009481	King-Denborough syndrome	false	no match	MONDO:0020485	true	false	low
King-Denborough syndrome	MONDO:0009481	King-Denborough syndrome	false	no match	MONDO:0020485	true	false	low
Kleefstra Syndrome	MONDO:0012475	Kleefstra syndrome 1	false	no match	MONDO:0012455;MONDO:0027407	true	false	medium
Kleefstra syndrome	MONDO:0012475	Kleefstra syndrome 1	false	no match	MONDO:0012455;MONDO:0027407	true	false	medium
Kleefstra syndrome (9q34.3 deletion syndrome)	MONDO:0012475	Kleefstra syndrome 1	false	no match		false		medium
Klinefelter syndrome	MONDO:0018063	Klinefelter syndrome	false	no match	MONDO:0006823	true	false	high
Klinefelter syndrome (47,XXY)	MONDO:0018063	Klinefelter syndrome	false	no match		false		high
Klippel-Feil syndrome	MONDO:0016048	Klippel-Feil syndrome	false	no match	MONDO:0001029	true	false	low
Klippel-Trenaunay syndrome	MONDO:0007864	Klippel-Trenaunay syndrome	true	MONDO:0007864	MONDO:0007864	true	true	high
Kniest Dysplasia	MONDO:0007866	Kniest dysplasia	false	no match	MONDO:0007987	true	false	low
Kniest dysplasia	MONDO:0007866	Kniest dysplasia	false	no match	MONDO:0007987	true	false	low
Knobloch Syndrome	MONDO:0009491	Knobloch syndrome 1	false	no match	MONDO:0800166	true	false	low
Knobloch syndrome	MONDO:0009491	Knobloch syndrome 1	false	no match	MONDO:0800166	true	false	low
Kohlschütter-Tönz Syndrome	MONDO:0009182	Kohlschutter-Tonz syndrome	false	no match		false		low
Kohlschütter-Tönz syndrome	MONDO:0009182	Kohlschutter-Tonz syndrome	false	no match		false		low
Koolen-De Vries syndrome	MONDO:0012479	Koolen-de Vries syndrome	false	no match	MONDO:0012496	true	false	medium
Koolen-de Vries syndrome	MONDO:0012479	Koolen-de Vries syndrome	false	no match	MONDO:0012496	true	false	medium
Koolen-de Vries syndrome (17q21.31 microdeletion syndrome)	MONDO:0012479	Koolen-de Vries syndrome	false	no match		false		medium
Kousseff syndrome	MONDO:0009498	Kousseff syndrome	false	no match	MONDO:0016522	true	false	low
Krabbe Disease	MONDO:0009499	Krabbe disease	true	MONDO:0009499	MONDO:0009499	true	true	high
Krabbe Disease (Globoid Cell Leukodystrophy)	MONDO:0009499	Krabbe disease	true	MONDO:0009499		false		high
Krabbe Disease (Infantile Onset)	MONDO:0009499	Krabbe disease	true	MONDO:0009499		false		medium
Krabbe disease	MONDO:0009499	Krabbe disease	true	MONDO:0009499	MONDO:0009499	true	true	high
Krabbe disease (Globoid Cell Leukodystrophy)	MONDO:0009499	Krabbe disease	true	MONDO:0009499		false		high
Krabbe disease (Globoid cell leukodystrophy)	MONDO:0009499	Krabbe disease	true	MONDO:0009499		false		high
Krabbe disease (Infantile form)	MONDO:0009499	Krabbe disease	true	MONDO:0009499		false		medium
Krabbe disease (adult-onset)	MONDO:0009499	Krabbe disease	true	MONDO:0009499		false		medium
Krabbe disease (globoid cell leukodystrophy)	MONDO:0009499	Krabbe disease	true	MONDO:0009499		false		high
Krabbe disease (late-onset form)	MONDO:0009499	Krabbe disease	true	MONDO:0009499		false		medium
Krabbe disease (late-onset)	MONDO:0009499	Krabbe disease	true	MONDO:0009499		false		medium
Kufor-Rakeb Syndrome	MONDO:0011669	Kufor-Rakeb syndrome	false	no match	MONDO:0011706	true	false	low
Kufor-Rakeb syndrome	MONDO:0011669	Kufor-Rakeb syndrome	false	no match	MONDO:0011706	true	false	low
Kufor-Rakeb syndrome (ATP13A2 mutations)	MONDO:0011669	Kufor-Rakeb syndrome	false	no match		false		low
Kufor-Rakeb syndrome (ATP13A2-related juvenile-onset parkinsonism)	MONDO:0011669	Kufor-Rakeb syndrome	false	no match		false		low
Kufor-Rakeb syndrome (PARK9)	MONDO:0011669	Kufor-Rakeb syndrome	false	no match		false		low
Kufor-Rakeb syndrome (PARK9-associated parkinsonism)	MONDO:0011669	Kufor-Rakeb syndrome	false	no match		false		low
Kufs disease (adult neuronal ceroid lipofuscinosis)	MONDO:0016295	adult neuronal ceroid lipofuscinosis	false	no match		false		low
Kyphoscoliotic Ehlers-Danlos syndrome	MONDO:0016002	kyphoscoliotic Ehlers-Danlos syndrome	true	MONDO:0016002	MONDO:0016002	true	true	low
Kyphoscoliotic Ehlers-Danlos syndrome (kEDS)	MONDO:0016002	kyphoscoliotic Ehlers-Danlos syndrome	true	MONDO:0016002		false		low
L-2-Hydroxyglutaric Aciduria	MONDO:0009468	L-2-hydroxyglutaric aciduria	false	no match	MONDO:0009370	true	false	low
L-2-Hydroxyglutaric aciduria	MONDO:0009468	L-2-hydroxyglutaric aciduria	false	no match	MONDO:0009370	true	false	low
L-2-hydroxyglutaric aciduria	MONDO:0009468	L-2-hydroxyglutaric aciduria	false	no match	MONDO:0009370	true	false	low
L1 Syndrome (L1CAM-related disorder)	MONDO:0017140	L1 syndrome	true	MONDO:0017140		false		low
L1 syndrome	MONDO:0017140	L1 syndrome	true	MONDO:0017140	MONDO:0017140	true	true	low
L1 syndrome (L1CAM mutation disorders)	MONDO:0017140	L1 syndrome	true	MONDO:0017140		false		low
L1 syndrome (L1CAM mutation)	MONDO:0017140	L1 syndrome	true	MONDO:0017140		false		low
L1 syndrome (L1CAM mutations)	MONDO:0017140	L1 syndrome	true	MONDO:0017140		false		low
L1 syndrome (L1CAM-associated X-linked hydrocephalus)	MONDO:0010568	X-linked hydrocephalus with stenosis of the aqueduct of Sylvius	false	no match		false		low
L1 syndrome (L1CAM-associated disorders)	MONDO:0018911	L1 syndrome	false	no match		false		low
L1 syndrome (L1CAM-related disorder)	MONDO:0018911	L1 syndrome	false	no match		false		low
L1 syndrome (L1CAM-related disorders)	MONDO:0018911	L1 syndrome	false	no match		false		low
L1 syndrome (X-linked hydrocephalus due to L1CAM mutations)	MONDO:0010568	X-linked hydrocephalus with stenosis of the aqueduct of Sylvius	false	no match		false		low
L1 syndrome (X-linked hydrocephalus syndrome)	MONDO:0010568	X-linked hydrocephalus with stenosis of the aqueduct of Sylvius	false	no match		false		low
L1 syndrome (X-linked hydrocephalus)	MONDO:0010568	X-linked hydrocephalus with stenosis of the aqueduct of Sylvius	false	no match		false		low
L1CAM-associated X-linked hydrocephalus	MONDO:0010568	X-linked hydrocephalus with stenosis of the aqueduct of Sylvius	false	no match		false		low
L1CAM-related X-linked hydrocephalus	MONDO:0010568	X-linked hydrocephalus with stenosis of the aqueduct of Sylvius	false	no match		false		low
L1CAM-related disorder	MONDO:0018911	L1 syndrome	false	no match		false		low
L1CAM-related disorder (MASA syndrome)	MONDO:0010531	MASA syndrome	false	no match		false		low
L1CAM-related disorder (X-linked hydrocephalus)	MONDO:0010568	X-linked hydrocephalus with stenosis of the aqueduct of Sylvius	false	no match		false		low
L1CAM-related hydrocephalus	MONDO:0010568	X-linked hydrocephalus with stenosis of the aqueduct of Sylvius	false	no match		false		low
L2-Hydroxyglutaric aciduria	MONDO:0009503	L-2-hydroxyglutaric aciduria	false	no match		false		low
LADD Syndrome (Lacrimo-Auriculo-Dento-Digital Syndrome)	MONDO:0007837	lacrimoauriculodentodigital syndrome	false	no match		false		low
LADD syndrome	MONDO:0007837	lacrimoauriculodentodigital syndrome	false	no match	MONDO:0007872	true	false	low
LAMA2-Related Congenital Muscular Dystrophy	MONDO:0018806	LAMA2-related muscular dystrophy	false	no match		false		low
LAMA2-related congenital muscular dystrophy (Merosin-deficient CMD)	MONDO:0018806	LAMA2-related muscular dystrophy	false	no match		false		low
LEOPARD Syndrome	MONDO:0007893	Noonan syndrome with multiple lentigines	true	MONDO:0007893	MONDO:0007893	true	true	medium
LEOPARD syndrome	MONDO:0007893	Noonan syndrome with multiple lentigines	true	MONDO:0007893	MONDO:0007893	true	true	medium
LEOPARD syndrome (Multiple Lentigines Syndrome)	MONDO:0007893	Noonan syndrome with multiple lentigines	true	MONDO:0007893		false		medium
LEOPARD syndrome (Noonan syndrome with Multiple Lentigines)	MONDO:0007893	Noonan syndrome with multiple lentigines	true	MONDO:0007893		false		medium
LEOPARD syndrome (Noonan syndrome with multiple lentigines)	MONDO:0007893	Noonan syndrome with multiple lentigines	true	MONDO:0007893		false		medium
LEOPARD syndrome (multiple lentigines syndrome)	MONDO:0007893	Noonan syndrome with multiple lentigines	true	MONDO:0007893		false		medium
LIG4 deficiency syndrome	MONDO:0011686	LIG4 syndrome	true	MONDO:0011686		false		low
LIS1-related lissencephaly	MONDO:0017296	lissencephaly due to LIS1 mutation	false	no match		false		low
LMNA-Related Lipodystrophy	MONDO:0011324	familial partial lipodystrophy, Dunnigan type	false	no match		false		low
LMNA-Related Muscular Dystrophy with Lipodystrophy	MONDO:0011324	familial partial lipodystrophy, Dunnigan type	false	no match		false		low
LMNA-Related Neuromuscular Disease	MONDO:0008049	autosomal dominant Emery-Dreifuss muscular dystrophy	false	no match		false		low
LMNA-associated dilated cardiomyopathy	MONDO:0007269	dilated cardiomyopathy 1A	true	MONDO:0007269		false		low
LMNA-associated peripheral neuropathy	MONDO:0011102	Charcot-Marie-Tooth disease axonal type 2B1	false	no match		false		low
LMNA-related Cardiac Conduction Disease	MONDO:0007269	dilated cardiomyopathy 1A	true	MONDO:0007269		false		low
LMNA-related Congenital Muscular Dystrophy	MONDO:0013789	congenital muscular dystrophy due to LMNA mutation	false	no match	MONDO:0013178	true	false	low
LMNA-related Muscular Dystrophy	MONDO:0008049	autosomal dominant Emery-Dreifuss muscular dystrophy	false	no match		false		low
LMNA-related cardiac conduction disorder	MONDO:0007269	dilated cardiomyopathy 1A	true	MONDO:0007269		false		low
LMNA-related cardiomyopathy	MONDO:0007269	dilated cardiomyopathy 1A	true	MONDO:0007269		false		low
LMNA-related cardiomyopathy (Lamin A/C gene mutation)	MONDO:0007269	dilated cardiomyopathy 1A	true	MONDO:0007269		false		low
LMNA-related congenital muscular dystrophy	MONDO:0013789	congenital muscular dystrophy due to LMNA mutation	false	no match	MONDO:0013178	true	false	low
LMNA-related dilated cardiomyopathy	MONDO:0007269	dilated cardiomyopathy 1A	true	MONDO:0007269		false		low
LMNA-related dilated cardiomyopathy with conduction defects	MONDO:0007269	dilated cardiomyopathy 1A	true	MONDO:0007269		false		low
LMNA-related muscular dystrophy	MONDO:0008049	autosomal dominant Emery-Dreifuss muscular dystrophy	false	no match		false		low
LMNA-related muscular dystrophy (Limb-girdle muscular dystrophy type 1B)	MONDO:0008049	autosomal dominant Emery-Dreifuss muscular dystrophy	false	no match		false		low
LMNA-related muscular dystrophy with lipodystrophy	MONDO:0011324	familial partial lipodystrophy, Dunnigan type	false	no match		false		low
LMNA-related progeroid syndrome	MONDO:0010135	Hutchinson-Gilford progeria syndrome	false	no match		false		low
LRBA Deficiency	MONDO:0013918	common variable immunodeficiency 8	false	no match		false		low
LRBA deficiency	MONDO:0013918	common variable immunodeficiency 8	false	no match		false		low
LRP5 mutation-related osteoporosis	MONDO:0009777	osteoporosis-pseudoglioma syndrome	false	no match		false		low
LTBP4-related cutis laxa	MONDO:0012884	autosomal recessive cutis laxa type 1C	false	no match		false		low
LTBP4-related cutis laxa (Autosomal recessive cutis laxa type IC)	MONDO:0012884	autosomal recessive cutis laxa type 1C	false	no match		false		low
LTBP4-related cutis laxa (autosomal recessive cutis laxa type IC)	MONDO:0012884	autosomal recessive cutis laxa type 1C	false	no match		false		low
Lacrimo-Auriculo-Dento-Digital (LADD) syndrome	MONDO:0007867	lacrimoauriculodentodigital syndrome	false	no match		false		medium
Lacrimo-auriculo-dento-digital (LADD) syndrome	MONDO:0007867	lacrimoauriculodentodigital syndrome	false	no match		false		medium
Lafora Disease	MONDO:0009697	Lafora disease	true	MONDO:0009697	MONDO:0009697	true	true	medium
Lafora disease	MONDO:0009697	Lafora disease	true	MONDO:0009697	MONDO:0009697	true	true	medium
Lafora disease (Lafora progressive myoclonus epilepsy)	MONDO:0009697	Lafora disease	true	MONDO:0009697		false		medium
Laing distal myopathy	MONDO:0008050	Laing distal myopathy	true	MONDO:0008050	MONDO:0008050	true	true	low
Lambert-Eaton Myasthenic Syndrome	MONDO:0018669	Lambert-Eaton myasthenic syndrome	false	no match	MONDO:0018556	true	false	low
Lamellar ichthyosis	MONDO:0017300	lamellar ichthyosis	false	no match	MONDO:0017778	true	false	low
Lamin A/C Cardiomyopathy (LMNA mutation)	MONDO:0007269	dilated cardiomyopathy 1A	true	MONDO:0007269		false		medium
Lamin A/C cardiomyopathy	MONDO:0007269	dilated cardiomyopathy 1A	true	MONDO:0007269		false		medium
Lamin A/C cardiomyopathy (LMNA-related dilated cardiomyopathy)	MONDO:0007269	dilated cardiomyopathy 1A	true	MONDO:0007269		false		medium
Lamin A/C-related congenital muscular dystrophy	MONDO:0013634	congenital muscular dystrophy due to LMNA mutation	false	no match		false		low
Lamin A/C-related dilated cardiomyopathy with ectodermal dysplasia	MONDO:0007269	dilated cardiomyopathy 1A	true	MONDO:0007269		false		low
Lamin A/C-related muscular dystrophy	MONDO:0008049	Emery-Dreifuss muscular dystrophy 2, autosomal dominant	false	no match		false		low
Lamin A/C-related muscular dystrophy (LMNA-related muscular dystrophy)	MONDO:0008049	Emery-Dreifuss muscular dystrophy 2, autosomal dominant	false	no match		false		low
Laminin Alpha-2 Deficient Congenital Muscular Dystrophy	MONDO:0011963	merosin deficient congenital muscular dystrophy	false	no match		false		low
Laminopathy (LMNA-related Muscular Dystrophy)	MONDO:0008049	Emery-Dreifuss muscular dystrophy 2, autosomal dominant	false	no match		false		low
Laminopathy-associated Muscular Dystrophy	MONDO:0008049	Emery-Dreifuss muscular dystrophy 2, autosomal dominant	false	no match		false		low
Landau-Kleffner Syndrome	MONDO:0009489	Landau-Kleffner syndrome	false	no match	MONDO:0009509	true	false	medium
Landau-Kleffner syndrome	MONDO:0009489	Landau-Kleffner syndrome	false	no match	MONDO:0009509	true	false	medium
Langer mesomelic dysplasia	MONDO:0009493	Langer mesomelic dysplasia	false	no match	MONDO:0009588	true	false	low
Langer-Giedion syndrome	MONDO:0007903	Langer-Giedion syndrome	false	no match	MONDO:0007874	true	false	low
Langer-Giedion syndrome (Trichorhinophalangeal syndrome type II)	MONDO:0007903	Langer-Giedion syndrome	false	no match		false		low
Langerhans cell histiocytosis	MONDO:0018310	Langerhans cell histiocytosis	true	MONDO:0018310	MONDO:0017025;MONDO:0017029;MONDO:0018310	true	true	high
Large Neutral Amino Acid Transporter 1 (LAT1) Deficiency	no match		false	no match		false		low
Laron syndrome	MONDO:0009230	Laron syndrome	false	no match	MONDO:0009877	true	false	low
Larsen Syndrome	MONDO:0007855	Larsen syndrome	false	no match	MONDO:0007875	true	false	medium
Larsen syndrome	MONDO:0007855	Larsen syndrome	false	no match	MONDO:0007875	true	false	medium
Laryngomalacia	MONDO:0001237	laryngomalacia	false	no match		false		low
Late-Onset Cerebellar Degeneration	no match		false	no match		false		low
Late-onset Pompe disease	MONDO:0009290	glycogen storage disease II	true	MONDO:0009290		false		medium
Late-onset Pompe disease (Glycogen storage disease type II)	MONDO:0009290	glycogen storage disease II	true	MONDO:0009290		false		medium
Late-onset Tay-Sachs disease	MONDO:0010100	Tay-Sachs disease	true	MONDO:0010100		false		medium
Lathosterolosis	MONDO:0012162	lathosterolosis	false	no match	MONDO:0011816	true	false	low
Lattice Corneal Dystrophy	MONDO:0007373	lattice corneal dystrophy type I	false	no match	MONDO:0004686	true	false	low
Laurence-Moon Syndrome	MONDO:0009500	Laurence-Moon syndrome	false	no match	MONDO:0009514	true	false	low
Laurence-Moon syndrome	MONDO:0009500	Laurence-Moon syndrome	false	no match	MONDO:0009514	true	false	low
Laurin-Sandrow syndrome	MONDO:0008064	Laurin-Sandrow syndrome	false	no match	MONDO:0007615	true	false	low
Lead poisoning	MONDO:0005593	lead poisoning	false	no match	MONDO:0018019	true	false	low
Leber Congenital Amaurosis	MONDO:0018998	Leber congenital amaurosis	true	MONDO:0018998	MONDO:0018998	true	true	high
Leber Hereditary Optic Neuropathy	MONDO:0010788	Leber hereditary optic neuropathy	true	MONDO:0010788	MONDO:0010788	true	true	high
Leber Hereditary Optic Neuropathy (LHON)	MONDO:0010788	Leber hereditary optic neuropathy	true	MONDO:0010788		false		high
Leber congenital amaurosis	MONDO:0018998	Leber congenital amaurosis	true	MONDO:0018998	MONDO:0018998	true	true	high
Leber hereditary optic neuropathy	MONDO:0010788	Leber hereditary optic neuropathy	true	MONDO:0010788	MONDO:0010788	true	true	high
Leber hereditary optic neuropathy (LHON)	MONDO:0010788	Leber hereditary optic neuropathy	true	MONDO:0010788		false		high
Leber's Hereditary Optic Neuropathy	MONDO:0010788	Leber hereditary optic neuropathy	true	MONDO:0010788		false		high
Leber's congenital amaurosis	MONDO:0018998	Leber congenital amaurosis	true	MONDO:0018998		false		high
Leber's hereditary optic neuropathy	MONDO:0010788	Leber hereditary optic neuropathy	true	MONDO:0010788		false		high
Leber's hereditary optic neuropathy (LHON) plus spastic paraplegia	MONDO:0010788	Leber hereditary optic neuropathy	true	MONDO:0010788		false		low
Leber's hereditary optic neuropathy (LHON) with spastic paraplegia	MONDO:0010788	Leber hereditary optic neuropathy	true	MONDO:0010788		false		low
Lebers hereditary optic neuropathy	MONDO:0010788	Leber hereditary optic neuropathy	true	MONDO:0010788		false		high
Left atrial isomerism (Polysplenia syndrome)	MONDO:0015958	left atrial isomerism	false	no match		false		low
Left ventricular noncompaction cardiomyopathy	MONDO:0019175	left ventricular noncompaction	false	no match		false		low
Legius Syndrome	MONDO:0012663	Legius syndrome	false	no match	MONDO:0012669	true	false	high
Legius syndrome	MONDO:0012663	Legius syndrome	false	no match	MONDO:0012669	true	false	high
Leigh Syndrome	MONDO:0009723	Leigh syndrome	true	MONDO:0009723	MONDO:0009723	true	true	high
Leigh Syndrome (Mitochondrial Disorder)	MONDO:0009723	Leigh syndrome	true	MONDO:0009723		false		high
Leigh Syndrome (Mitochondrial Encephalopathy)	MONDO:0009723	Leigh syndrome	true	MONDO:0009723		false		high
Leigh Syndrome (Subacute Necrotizing Encephalomyelopathy)	MONDO:0009723	Leigh syndrome	true	MONDO:0009723		false		high
Leigh disease	MONDO:0009723	Leigh syndrome	true	MONDO:0009723	MONDO:0009723	true	true	high
Leigh disease (mitochondrial disorder)	MONDO:0009723	Leigh syndrome	true	MONDO:0009723		false		high
Leigh disease (mitochondrial encephalopathy)	MONDO:0009723	Leigh syndrome	true	MONDO:0009723		false		high
Leigh disease (subacute necrotizing encephalomyelopathy)	MONDO:0009723	Leigh syndrome	true	MONDO:0009723		false		high
Leigh syndrome	MONDO:0009723	Leigh syndrome	true	MONDO:0009723	MONDO:0009723	true	true	high
Leigh syndrome (SURF1-related)	MONDO:0009723	Leigh syndrome	true	MONDO:0009723		false		medium
Leigh syndrome (a mitochondrial disorder)	MONDO:0009723	Leigh syndrome	true	MONDO:0009723		false		high
Leigh syndrome (mitochondrial disorder)	MONDO:0009723	Leigh syndrome	true	MONDO:0009723		false		high
Leigh syndrome (subacute necrotizing encephalomyelopathy)	MONDO:0009723	Leigh syndrome	true	MONDO:0009723		false		high
Leigh syndrome (subtype of mitochondrial disorders)	MONDO:0009723	Leigh syndrome	true	MONDO:0009723		false		high
Leigh syndrome due to MT-ATP6 mutations	MONDO:0009723	Leigh syndrome	true	MONDO:0009723		false		medium
Lennox-Gastaut Syndrome	MONDO:0016532	Lennox-Gastaut syndrome	true	MONDO:0016532	MONDO:0016532	true	true	high
Lennox-Gastaut syndrome	MONDO:0016532	Lennox-Gastaut syndrome	true	MONDO:0016532	MONDO:0016532	true	true	high
Lentiginosis profusa	MONDO:0007893	LEOPARD syndrome 1	false	no match		false		low
Lenz Microphthalmia Syndrome	MONDO:0010565	Lenz microphthalmia syndrome	false	no match	MONDO:0010671;MONDO:0018924	true	false	low
Lenz microphthalmia syndrome	MONDO:0010565	Lenz microphthalmia syndrome	false	no match	MONDO:0010671;MONDO:0018924	true	false	low
Lenz-Majewski hyperostotic dwarfism	MONDO:0007870	Lenz-Majewski hyperostotic dwarfism	false	no match	MONDO:0007892	true	false	low
Lenz-Majewski syndrome	MONDO:0007870	Lenz-Majewski hyperostotic dwarfism	false	no match		false		low
Lenègre disease	MONDO:0007986	progressive familial heart block type IA	false	no match		false		low
Lenègre disease (progressive cardiac conduction defect due to SCN5A mutations)	MONDO:0007986	progressive familial heart block type IA	false	no match		false		low
Lenègre disease (progressive cardiac conduction defect)	MONDO:0007986	progressive familial heart block type IA	false	no match		false		low
Leopard syndrome	MONDO:0007893	LEOPARD syndrome 1	false	no match	MONDO:0007893	true	false	medium
Leri-Weill Dyschondrosteosis	MONDO:0008064	Leri-Weill dyschondrosteosis	false	no match	MONDO:0007481	true	false	low
Leri-Weill dyschondrosteosis	MONDO:0008064	Leri-Weill dyschondrosteosis	false	no match	MONDO:0007481	true	false	low
Lesch-Nyhan syndrome	MONDO:0010298	Lesch-Nyhan syndrome	true	MONDO:0010298	MONDO:0010298	true	true	high
Lethal Congenital Contracture Syndrome	MONDO:0018274	lethal congenital contracture syndrome	false	no match	MONDO:0017436	true	false	low
Lethal multiple pterygium syndrome	MONDO:0009752	lethal multiple pterygium syndrome	false	no match	MONDO:0009668	true	false	low
Leukocyte Adhesion Deficiency Type I	MONDO:0007868	leukocyte adhesion deficiency 1	false	no match	MONDO:0007293	true	false	low
Leukocyte Adhesion Deficiency Type II	MONDO:0009213	leukocyte adhesion deficiency type II	false	no match	MONDO:0009953	true	false	low
Leukocyte adhesion deficiency type II (LAD II)	MONDO:0009213	leukocyte adhesion deficiency type II	false	no match		false		low
Leukodystrophies	MONDO:0019046	leukodystrophy	true	MONDO:0019046		false		high
Leukodystrophies (e.g., Canavan disease)	MONDO:0019046	leukodystrophy	true	MONDO:0019046		false		medium
Leukodystrophies (e.g., Krabbe disease, Metachromatic leukodystrophy)	MONDO:0019046	leukodystrophy	true	MONDO:0019046		false		medium
Leukodystrophies (e.g., POLR3-related disorders)	MONDO:0019046	leukodystrophy	true	MONDO:0019046		false		medium
Leukodystrophies (e.g., metachromatic leukodystrophy)	MONDO:0019046	leukodystrophy	true	MONDO:0019046		false		medium
Leukodystrophies (other types)	MONDO:0019046	leukodystrophy	true	MONDO:0019046		false		medium
Leukodystrophy	MONDO:0019046	leukodystrophy	true	MONDO:0019046	MONDO:0019046	true	true	high
Leukodystrophy with brainstem and spinal cord involvement and lactate elevation (LBSL)	MONDO:0012193	leukoencephalopathy with brain stem and spinal cord involvement-high lactate syndrome	false	no match		false		low
Leukodystrophy with hypomyelination	MONDO:0019045	hypomyelinating leukodystrophy	false	no match		false		low
Leukoencephalopathy with Brainstem and Spinal Cord Involvement and Lactate Elevation (LBSL)	MONDO:0012193	leukoencephalopathy with brain stem and spinal cord involvement-high lactate syndrome	false	no match		false		low
Leukoencephalopathy with calcifications and cysts (LCC)	MONDO:0012047	leukoencephalopathy with calcifications and cysts	false	no match		false		low
Leukoencephalopathy with calcifications and cysts (Labrune syndrome)	MONDO:0013822	leukoencephalopathy, brain calcifications, and cysts	false	no match		false		low
Lewy body dementia	MONDO:0007488	Lewy body dementia	true	MONDO:0007488	MONDO:0007488	true	true	medium
Leydig cell hypoplasia	MONDO:0009527	Leydig cell hypoplasia	false	no match	MONDO:0019155	true	false	low
Li-Fraumeni Syndrome	MONDO:0018875	Li-Fraumeni syndrome	true	MONDO:0018875	MONDO:0018875	true	true	medium
Li-Fraumeni syndrome	MONDO:0018875	Li-Fraumeni syndrome	true	MONDO:0018875	MONDO:0018875	true	true	medium
Limb-Girdle Muscular Dystrophy	MONDO:0016971	limb-girdle muscular dystrophy	true	MONDO:0016971	MONDO:0016971	true	true	high
Limb-Girdle Muscular Dystrophy Type 1B	MONDO:0007950	limb-girdle muscular dystrophy type 1B	false	no match	MONDO:0021569	true	false	low
Limb-Girdle Muscular Dystrophy Type 1B (LGMD1B)	MONDO:0007950	limb-girdle muscular dystrophy type 1B	false	no match		false		low
Limb-Girdle Muscular Dystrophy due to POMGNT1 mutations (MDDGC3)	MONDO:0013264	muscular dystrophy-dystroglycanopathy (limb-girdle), type C3	false	no match		false		low
Limb-Girdle Muscular Dystrophy due to POMT1 mutations (MDDGC1)	MONDO:0012263	muscular dystrophy-dystroglycanopathy (limb-girdle), type C1	false	no match		false		low
Limb-Girdle Muscular Dystrophy due to POMT2 mutations (MDDGC2)	MONDO:0013162	muscular dystrophy-dystroglycanopathy (limb-girdle), type C2	false	no match		false		low
Limb-Girdle Muscular Dystrophy type 1B	MONDO:0007950	limb-girdle muscular dystrophy type 1B	false	no match	MONDO:0021569	true	false	low
Limb-Girdle Muscular Dystrophy type 1B (LGMD1B)	MONDO:0007950	limb-girdle muscular dystrophy type 1B	false	no match		false		low
Limb-Girdle Muscular Dystrophy type 2I (LGMDR9) due to FKRP mutations	MONDO:0012007	FKRP-related limb-girdle muscular dystrophy R9	false	no match		false		low
Limb-girdle muscular dystrophy	MONDO:0016971	limb-girdle muscular dystrophy	true	MONDO:0016971	MONDO:0016971	true	true	high
Limb-girdle muscular dystrophy (LGMD)	MONDO:0016971	limb-girdle muscular dystrophy	true	MONDO:0016971		false		high
Limb-girdle muscular dystrophy type 1B	MONDO:0007950	limb-girdle muscular dystrophy type 1B	false	no match	MONDO:0021569	true	false	low
Limb-girdle muscular dystrophy type 1C (CAV3-related)	MONDO:0011969	caveolinopathy	false	no match		false		low
Linear nevus sebaceous syndrome	MONDO:0008118	Schimmelpenning-Feuerstein-Mims syndrome	false	no match	MONDO:0008097	true	false	low
Lipodystrophy associated with LMNA mutations	MONDO:0008002	familial partial lipodystrophy, Dunnigan type	false	no match		false		low
Lipodystrophy due to PPARG gene mutation	MONDO:0011448	familial partial lipodystrophy type 3	true	MONDO:0011448		false		low
Lipoic acid synthetase deficiency	MONDO:0013817	hyperglycinemia, lactic acidosis, and seizures	false	no match	MONDO:0013762	true	false	low
Lipoid congenital adrenal hyperplasia	MONDO:0008742	lipoid congenital adrenal hyperplasia	false	no match	MONDO:0008725	true	false	low
Lipomyelomeningocele	MONDO:0020499	lipomyelomeningocele	false	no match	MONDO:0012296	true	false	low
Lipopolysaccharide-Responsive Beige-Like Anchor Protein (LRBA) Deficiency	MONDO:0013916	common variable immunodeficiency 8	false	no match		false		low
Lissencephaly	MONDO:0018838	lissencephaly	true	MONDO:0018838	MONDO:0018838	true	true	medium
Lissencephaly (DCX gene mutations)	MONDO:0010330	X-linked lissencephaly 1	false	no match		false		low
Lissencephaly (LIS1 or DCX mutations)	MONDO:0018838	lissencephaly	true	MONDO:0018838		false		medium
Lissencephaly (Miller-Dieker syndrome)	MONDO:0009613	Miller-Dieker lissencephaly syndrome	false	no match		false		low
Lissencephaly (e.g., Miller-Dieker syndrome)	MONDO:0018838	lissencephaly	true	MONDO:0018838		false		medium
Lissencephaly (e.g., due to LIS1 mutations)	MONDO:0018838	lissencephaly	true	MONDO:0018838		false		medium
Lissencephaly due to LIS1 mutation	MONDO:0011096	lissencephaly 1	false	no match	MONDO:0011830	true	false	low
Lissencephaly due to LIS1 mutations	MONDO:0011096	lissencephaly 1	false	no match		false		low
Lissencephaly due to TUBB2B mutations	MONDO:0013399	cortical dysplasia, complex, with other brain malformations 7	false	no match		false		low
Lissencephaly with cerebellar hypoplasia	MONDO:0017195	lissencephaly with cerebellar hypoplasia	false	no match	MONDO:0019450	true	false	low
Loeys-Dietz Syndrome	MONDO:0018954	Loeys-Dietz syndrome	true	MONDO:0018954	MONDO:0018954	true	true	medium
Loeys-Dietz syndrome	MONDO:0018954	Loeys-Dietz syndrome	true	MONDO:0018954	MONDO:0018954	true	true	medium
Loeys-Dietz syndrome type 3 (SMAD3 mutation)	MONDO:0013712	Loeys-Dietz syndrome 3	false	no match		false		medium
Long QT Syndrome	MONDO:0002442	long QT syndrome	true	MONDO:0002442	MONDO:0002442;MONDO:0019171	true	true	high
Long QT Syndrome Type 1	MONDO:0100316	long QT syndrome 1	true	MONDO:0100316	MONDO:0100316	true	true	medium
Long QT Syndrome Type 1 (LQT1)	MONDO:0100316	long QT syndrome 1	true	MONDO:0100316		false		medium
Long QT Syndrome Type 2	MONDO:0013367	long QT syndrome 2	true	MONDO:0013367	MONDO:0013367	true	true	low
Long QT Syndrome Type 2 (LQT2)	MONDO:0013367	long QT syndrome 2	true	MONDO:0013367		false		low
Long QT Syndrome Type 3	MONDO:0011377	long QT syndrome 3	true	MONDO:0011377	MONDO:0011377	true	true	low
Long QT Syndrome Type 3 (LQT3)	MONDO:0011377	long QT syndrome 3	true	MONDO:0011377		false		low
Long QT syndrome	MONDO:0002442	long QT syndrome	true	MONDO:0002442	MONDO:0002442;MONDO:0019171	true	true	high
Long QT syndrome type 1	MONDO:0100316	long QT syndrome 1	true	MONDO:0100316	MONDO:0100316	true	true	medium
Long QT syndrome type 2	MONDO:0013367	long QT syndrome 2	true	MONDO:0013367	MONDO:0013367	true	true	low
Long QT syndrome type 3	MONDO:0011377	long QT syndrome 3	true	MONDO:0011377	MONDO:0011377	true	true	low
Long QT syndrome type 3 (LQT3)	MONDO:0011377	long QT syndrome 3	true	MONDO:0011377		false		low
Long-Chain 3-Hydroxyacyl-CoA Dehydrogenase (LCHAD) Deficiency	MONDO:0012173	long chain 3-hydroxyacyl-CoA dehydrogenase deficiency	true	MONDO:0012173		false		medium
Long-chain 3-hydroxyacyl-CoA dehydrogenase (LCHAD) deficiency	MONDO:0012173	long chain 3-hydroxyacyl-CoA dehydrogenase deficiency	true	MONDO:0012173		false		medium
Long-chain 3-hydroxyacyl-CoA dehydrogenase deficiency	MONDO:0012173	long chain 3-hydroxyacyl-CoA dehydrogenase deficiency	true	MONDO:0012173		false		medium
Long-chain 3-hydroxyacyl-CoA dehydrogenase deficiency (LCHAD deficiency)	MONDO:0012173	long chain 3-hydroxyacyl-CoA dehydrogenase deficiency	true	MONDO:0012173		false		medium
Long-chain 3-hydroxyacyl-CoA dehydrogenase deficiency (LCHADD)	MONDO:0012173	long chain 3-hydroxyacyl-CoA dehydrogenase deficiency	true	MONDO:0012173		false		medium
Long-chain acyl-CoA dehydrogenase deficiency	MONDO:0008723	very long chain acyl-CoA dehydrogenase deficiency	true	MONDO:0008723	MONDO:0020531	true	false	low
Long-chain acyl-CoA dehydrogenase deficiency (LCAD deficiency)	MONDO:0008723	very long chain acyl-CoA dehydrogenase deficiency	true	MONDO:0008723		false		low
Long-chain hydroxyacyl-CoA dehydrogenase deficiency (LCHAD deficiency)	MONDO:0012173	long chain 3-hydroxyacyl-CoA dehydrogenase deficiency	true	MONDO:0012173		false		medium
Lowe Syndrome	MONDO:0010645	Lowe syndrome	true	MONDO:0010645	MONDO:0010645	true	true	medium
Lowe syndrome	MONDO:0010645	Lowe syndrome	true	MONDO:0010645	MONDO:0010645	true	true	medium
Lowe syndrome (Oculo-cerebro-renal syndrome)	MONDO:0010645	Lowe syndrome	true	MONDO:0010645		false		medium
Lowe syndrome (oculocerebrorenal syndrome)	MONDO:0010645	Lowe syndrome	true	MONDO:0010645		false		medium
Lujan-Fryns syndrome	MONDO:0010556	Lujan-Fryns syndrome	false	no match	MONDO:0010655	true	false	medium
Lymphangioleiomyomatosis	MONDO:0011705	lymphangioleiomyomatosis	true	MONDO:0011705	MONDO:0006277;MONDO:0011705	true	true	medium
Lymphedema-Distichiasis syndrome	MONDO:0007922	lymphedema-distichiasis syndrome	true	MONDO:0007922	MONDO:0007922	true	true	medium
Lynch Syndrome (Hereditary Nonpolyposis Colorectal Cancer)	MONDO:0005835	Lynch syndrome	true	MONDO:0005835		false		high
Lynch syndrome	MONDO:0005835	Lynch syndrome	true	MONDO:0005835	MONDO:0005835	true	true	high
Lysinuric Protein Intolerance	MONDO:0009109	lysinuric protein intolerance	true	MONDO:0009109	MONDO:0009109	true	true	medium
Lysinuric protein intolerance	MONDO:0009109	lysinuric protein intolerance	true	MONDO:0009109	MONDO:0009109	true	true	medium
Lysosomal acid lipase deficiency (LAL-D)	MONDO:0009244	lysosomal acid lipase deficiency	false	no match		false		low
Lysosomal acid lipase deficiency (cholesteryl ester storage disease)	MONDO:0009244	lysosomal acid lipase deficiency	false	no match		false		low
Léri-Weill dyschondrosteosis	MONDO:0008002	Leri-Weill dyschondrosteosis	false	no match	MONDO:0007481	true	false	medium
MAF Mutation-Associated Cataract-Coloboma Syndrome	MONDO:0014585	Ayme-Gripp syndrome	false	no match		false		low
MASA syndrome	MONDO:0010565	MASA syndrome	false	no match	MONDO:0010559	true	false	low
MASS Phenotype	MONDO:0008165	MASS syndrome	false	no match	MONDO:0011431	true	false	low
MASS phenotype	MONDO:0008165	MASS syndrome	false	no match	MONDO:0011431	true	false	low
MBD5 haploinsufficiency syndrome	MONDO:0013712	MBD5 haploinsufficiency	false	no match		false		low
MBD5-associated neurodevelopmental disorder	MONDO:0013712	MBD5 haploinsufficiency	false	no match		false		low
MDP syndrome (Mandibular hypoplasia, Deafness, Progeroid features)	MONDO:0013720	mandibular hypoplasia-deafness-progeroid features-lipodystrophy syndrome	false	no match		false		low
MECP2 Duplication Syndrome	MONDO:0010891	MECP2 duplication syndrome	false	no match	MONDO:0010283	true	false	low
MECP2 duplication syndrome	MONDO:0010891	MECP2 duplication syndrome	false	no match	MONDO:0010283	true	false	low
MECP2-related severe neonatal encephalopathy	MONDO:0010726	severe neonatal-onset encephalopathy with microcephaly	false	no match		false		low
MED13L haploinsufficiency syndrome	MONDO:0014406	MED13L-related intellectual disability	false	no match	MONDO:0014773	true	false	low
MED13L-related intellectual disability	MONDO:0014406	MED13L-related intellectual disability	false	no match	MONDO:0014773	true	false	low
MED13L-related intellectual disability syndrome	MONDO:0014406	MED13L-related intellectual disability	false	no match		false		low
MEF2C haploinsufficiency syndrome	MONDO:0013266	MEF2C haploinsufficiency syndrome	false	no match		false		low
MEGDEL syndrome	MONDO:0013585	3-methylglutaconic aciduria with deafness, encephalopathy, and Leigh-like syndrome	false	no match	MONDO:0013875	true	false	low
MELAS (Mitochondrial Encephalomyopathy, Lactic Acidosis, and Stroke-like episodes)	MONDO:0010789	MELAS syndrome	true	MONDO:0010789		false		medium
MELAS (Mitochondrial Encephalopathy, Lactic Acidosis, and Stroke-like episodes)	MONDO:0010789	MELAS syndrome	true	MONDO:0010789		false		medium
MELAS Syndrome (Mitochondrial Encephalomyopathy, Lactic Acidosis, and Stroke-like episodes)	MONDO:0010789	MELAS syndrome	true	MONDO:0010789		false		medium
MELAS syndrome	MONDO:0010789	MELAS syndrome	true	MONDO:0010789	MONDO:0010789	true	true	medium
MELAS syndrome (Mitochondrial Encephalomyopathy, Lactic Acidosis, and Stroke-like episodes)	MONDO:0010789	MELAS syndrome	true	MONDO:0010789		false		medium
MELAS syndrome (Mitochondrial Encephalopathy, Lactic Acidosis, and Stroke-like episodes)	MONDO:0010789	MELAS syndrome	true	MONDO:0010789		false		medium
MELAS syndrome (Mitochondrial encephalomyopathy, lactic acidosis, and stroke-like episodes)	MONDO:0010789	MELAS syndrome	true	MONDO:0010789		false		medium
MERRF syndrome	MONDO:0010790	MERRF syndrome	true	MONDO:0010790	MONDO:0010790	true	true	low
MERRF syndrome (Myoclonic Epilepsy with Ragged Red Fibers)	MONDO:0010790	MERRF syndrome	true	MONDO:0010790		false		low
MICPCH syndrome (CASK gene mutations)	MONDO:0010476	intellectual disability and microcephaly with pontine and cerebellar hypoplasia	false	no match		false		low
MICPCH syndrome (CASK-related disorder)	MONDO:0010476	intellectual disability and microcephaly with pontine and cerebellar hypoplasia	false	no match		false		low
MPI-CDG (Congenital Disorder of Glycosylation Type Ib)	MONDO:0011013	MPI-CDG	false	no match		false		low
MPPH syndrome (megalencephaly-polymicrogyria-polydactyly-hydrocephalus)	MONDO:0013836	megalencephaly-polymicrogyria-polydactyly-hydrocephalus syndrome	false	no match		false		low
MPV17-related hepatocerebral mitochondrial DNA depletion syndrome	MONDO:0009735	mitochondrial DNA depletion syndrome 6 (hepatocerebral type)	false	no match	MONDO:0009747	true	false	low
MPV17-related mitochondrial DNA depletion syndrome	MONDO:0009735	mitochondrial DNA depletion syndrome 6 (hepatocerebral type)	false	no match		false		low
MTHFR deficiency	MONDO:0009353	homocystinuria due to methylene tetrahydrofolate reductase deficiency	true	MONDO:0009353	MONDO:0009353	true	true	medium
MTOR-related Overgrowth Syndrome	MONDO:0014716	Smith-Kingsmore syndrome	true	MONDO:0014716		false		low
MTOR-related focal cortical dysplasia	MONDO:0011807	focal cortical dysplasia type II	false	no match		false		low
MYH7-related dilated cardiomyopathy	MONDO:0013262	dilated cardiomyopathy 1S	true	MONDO:0013262		false		low
MYH7-related left ventricular noncompaction cardiomyopathy	MONDO:0014028	left ventricular noncompaction 5	false	no match		false		low
MYH9-related disorder	MONDO:0007018	MYH9-related disease	false	no match	MONDO:0015912	true	false	low
MYH9-related disorder (May-Hegglin anomaly)	MONDO:0007018	MYH9-related disease	false	no match		false		low
MYH9-related disorders	MONDO:0007018	MYH9-related disease	false	no match		false		low
MYH9-related thrombocytopenia	MONDO:0007018	MYH9-related disease	false	no match		false		low
Macrocephaly-capillary malformation (M-CM) syndrome	MONDO:0011444	megalencephaly-capillary malformation-polymicrogyria syndrome	false	no match		false		low
Macular Degeneration	MONDO:0005150	age-related macular degeneration	true	MONDO:0005150	MONDO:0003004	true	false	low
Macular dystrophy	MONDO:0020142	macular dystrophy	false	no match		false		low
Madelung Disease (Benign Symmetric Lipomatosis)	MONDO:0008102	multiple symmetric lipomatosis	false	no match		false		medium
Madelung's Disease	MONDO:0008102	multiple symmetric lipomatosis	false	no match	MONDO:0006574;MONDO:0007908	true	false	low
Maffucci syndrome	MONDO:0009575	Maffucci syndrome	false	no match	MONDO:0013808	true	false	low
Mainzer-Saldino Syndrome	MONDO:0009964	Mainzer-Saldino syndrome	true	MONDO:0009964	MONDO:0009964	true	true	low
Mainzer-Saldino syndrome	MONDO:0009964	Mainzer-Saldino syndrome	true	MONDO:0009964	MONDO:0009964	true	true	low
Major Histocompatibility Complex Class II deficiency	MONDO:0008874	MHC class II deficiency	false	no match		false		low
Major Histocompatibility Complex Class II deficiency (Bare Lymphocyte Syndrome type II)	MONDO:0008874	MHC class II deficiency	false	no match		false		low
Mal de Meleda	MONDO:0009675	Mal de Meleda	false	no match	MONDO:0009552	true	false	low
Malan syndrome	MONDO:0014664	Malan overgrowth syndrome	false	no match	MONDO:0013885	true	false	low
Malformations of cortical development (e.g., lissencephaly)	MONDO:0019505	malformation of cortical development	false	no match		false		low
Malignant Hyperthermia Susceptibility (MHS)	MONDO:0018493	malignant hyperthermia of anesthesia	true	MONDO:0018493		false		low
Malignant Hyperthermia Susceptibility (RYR1 gene mutation)	MONDO:0007783	malignant hyperthermia, susceptibility to, 1	true	MONDO:0007783		false		low
Malignant migrating partial seizures of infancy (MMPSI)	MONDO:0018052	epilepsy of infancy with migrating focal seizures	false	no match		false		low
Mandibular Hypoplasia, Deafness, Progeroid Features, and Lipodystrophy (MDPL) Syndrome	MONDO:0014018	mandibular hypoplasia-deafness-progeroid syndrome	false	no match		false		low
Mandibuloacral Dysplasia	MONDO:0019203	mandibuloacral dysplasia	false	no match	MONDO:0009557;MONDO:0016584	true	false	low
Mandibuloacral Dysplasia Type B	MONDO:0011764	mandibuloacral dysplasia with type B lipodystrophy	false	no match		false		low
Mandibuloacral dysplasia	MONDO:0019203	mandibuloacral dysplasia	false	no match	MONDO:0009557;MONDO:0016584	true	false	low
Mandibuloacral dysplasia type A	MONDO:0008856	mandibuloacral dysplasia with type A lipodystrophy	false	no match		false		low
Mandibuloacral dysplasia type B	MONDO:0011764	mandibuloacral dysplasia with type B lipodystrophy	false	no match		false		low
Mandibulofacial dysostosis with microcephaly	MONDO:0013180	mandibulofacial dysostosis-microcephaly syndrome	false	no match	MONDO:0012516	true	false	low
Mandibulofacial dysostosis with radioulnar synostosis	MONDO:0014997	mandibulofacial dysostosis with radioulnar synostosis	false	no match		false		low
Maple Syrup Urine Disease	MONDO:0009563	maple syrup urine disease	true	MONDO:0009563	MONDO:0009563	true	true	medium
Maple Syrup Urine Disease (MSUD)	MONDO:0009563	maple syrup urine disease	true	MONDO:0009563		false		medium
Maple syrup urine disease	MONDO:0009563	maple syrup urine disease	true	MONDO:0009563	MONDO:0009563	true	true	medium
Marden-Walker syndrome	MONDO:0009583	Marden-Walker syndrome	false	no match	MONDO:0009564	true	false	low
Marfan Syndrome	MONDO:0007947	Marfan syndrome	true	MONDO:0007947	MONDO:0007947	true	true	high
Marfan syndrome	MONDO:0007947	Marfan syndrome	true	MONDO:0007947	MONDO:0007947	true	true	high
Marfan syndrome (atypical presentation)	MONDO:0007947	Marfan syndrome	true	MONDO:0007947		false		medium
Marfanoid progeroid lipodystrophy syndrome	MONDO:0014437	Marfan lipodystrophy syndrome	false	no match		false		low
Marfanoid-Progeroid-Lipodystrophy Syndrome	MONDO:0014437	Marfan lipodystrophy syndrome	false	no match		false		low
Marfanoid-Progeroid-Lipodystrophy syndrome	MONDO:0014437	Marfan lipodystrophy syndrome	false	no match		false		low
Marinesco-Sjögren Syndrome	MONDO:0009567	Marinesco-Sjogren syndrome	true	MONDO:0009567		false		medium
Marinesco-Sjögren syndrome	MONDO:0009567	Marinesco-Sjogren syndrome	true	MONDO:0009567		false		medium
Maroteaux-Lamy syndrome (Mucopolysaccharidosis type VI)	MONDO:0009661	mucopolysaccharidosis type 6	true	MONDO:0009661		false		medium
Marshall syndrome	MONDO:0007948	Marshall syndrome	false	no match	MONDO:0007949	true	false	medium
Marshall-Smith syndrome	MONDO:0010986	Marshall-Smith syndrome	false	no match	MONDO:0011244	true	false	low
Maternally Inherited Diabetes and Deafness (MIDD)	MONDO:0010785	maternally-inherited diabetes and deafness	true	MONDO:0010785		false		medium
Mayer-Rokitansky-Küster-Hauser (MRKH) syndrome	MONDO:0009633	Mayer-Rokitansky-Kuster-Hauser syndrome	false	no match		false		low
McArdle Disease (Glycogen Storage Disease Type V)	MONDO:0009293	glycogen storage disease V	true	MONDO:0009293		false		high
McArdle disease (Glycogen Storage Disease type V)	MONDO:0009293	glycogen storage disease V	true	MONDO:0009293		false		high
McArdle disease (Glycogen storage disease type V)	MONDO:0009293	glycogen storage disease V	true	MONDO:0009293		false		high
McArdle disease (glycogen storage disease type V)	MONDO:0009293	glycogen storage disease V	true	MONDO:0009293		false		high
McCune-Albright Syndrome	MONDO:0008130	McCune-Albright syndrome	false	no match	MONDO:0018919	true	false	medium
McCune-Albright syndrome	MONDO:0008130	McCune-Albright syndrome	false	no match	MONDO:0018919	true	false	medium
McKusick-Kaufman Syndrome	MONDO:0009583	McKusick-Kaufman syndrome	false	no match	MONDO:0009367	true	false	low
McKusick-Kaufman syndrome	MONDO:0009583	McKusick-Kaufman syndrome	false	no match	MONDO:0009367	true	false	low
McLeod Syndrome	MONDO:0010604	McLeod neuroacanthocytosis syndrome	false	no match	MONDO:0018945	true	false	low
McLeod syndrome	MONDO:0010604	McLeod neuroacanthocytosis syndrome	false	no match	MONDO:0018945	true	false	low
MeCP2 duplication syndrome	MONDO:0010305	Lubs X-linked intellectual disability syndrome	false	no match	MONDO:0010283	true	false	low
Meckel-Gruber Syndrome	MONDO:0018921	Meckel syndrome	true	MONDO:0018921	MONDO:0009571;MONDO:0018921	true	true	low
Meckel-Gruber syndrome	MONDO:0018921	Meckel syndrome	true	MONDO:0018921	MONDO:0009571;MONDO:0018921	true	true	low
Medium Chain Acyl-CoA Dehydrogenase (MCAD) deficiency	MONDO:0008721	medium chain acyl-CoA dehydrogenase deficiency	true	MONDO:0008721		false		high
Medium-Chain Acyl-CoA Dehydrogenase (MCAD) Deficiency	MONDO:0008721	medium chain acyl-CoA dehydrogenase deficiency	true	MONDO:0008721		false		high
Medium-Chain Acyl-CoA Dehydrogenase Deficiency (MCAD Deficiency)	MONDO:0008721	medium chain acyl-CoA dehydrogenase deficiency	true	MONDO:0008721		false		high
Medium-chain Acyl-CoA Dehydrogenase Deficiency	MONDO:0008721	medium chain acyl-CoA dehydrogenase deficiency	true	MONDO:0008721	MONDO:0008721	true	true	high
Medium-chain acyl-CoA dehydrogenase (MCAD) deficiency	MONDO:0008721	medium chain acyl-CoA dehydrogenase deficiency	true	MONDO:0008721		false		high
Medium-chain acyl-CoA dehydrogenase deficiency	MONDO:0008721	medium chain acyl-CoA dehydrogenase deficiency	true	MONDO:0008721	MONDO:0008721	true	true	high
Medium-chain acyl-CoA dehydrogenase deficiency (MCAD deficiency)	MONDO:0008721	medium chain acyl-CoA dehydrogenase deficiency	true	MONDO:0008721		false		high
Medium-chain acyl-CoA dehydrogenase deficiency (MCADD)	MONDO:0008721	medium chain acyl-CoA dehydrogenase deficiency	true	MONDO:0008721		false		high
Medullary Cystic Kidney Disease	MONDO:0017863	medullary cystic kidney disease	false	no match	MONDO:0008264	true	false	low
Medullary Sponge Kidney	MONDO:0008743	medullary sponge kidney	false	no match	MONDO:0015268	true	false	low
Medullary sponge kidney	MONDO:0008743	medullary sponge kidney	false	no match	MONDO:0015268	true	false	low
Megalencephalic Leukoencephalopathy with Subcortical Cysts (MLC)	MONDO:0018855	megalencephalic leukoencephalopathy with subcortical cysts	false	no match		false		low
Megalencephalic Leukoencephalopathy with Subcortical Cysts (MLC1)	MONDO:0018855	megalencephalic leukoencephalopathy with subcortical cysts	false	no match		false		low
Megalencephalic leukoencephalopathy with subcortical cysts	MONDO:0018855	megalencephalic leukoencephalopathy with subcortical cysts	false	no match	MONDO:0011391;MONDO:0024555	true	false	low
Megalencephalic leukoencephalopathy with subcortical cysts (MLC)	MONDO:0018855	megalencephalic leukoencephalopathy with subcortical cysts	false	no match		false		low
Megalencephaly Capillary Malformation Syndrome	MONDO:0012404	megalencephaly-capillary malformation-polymicrogyria syndrome	false	no match		false		low
Megalencephaly-Capillary Malformation (MCAP) syndrome	MONDO:0012404	megalencephaly-capillary malformation-polymicrogyria syndrome	false	no match		false		low
Megalencephaly-Capillary Malformation Syndrome (MCAP)	MONDO:0012404	megalencephaly-capillary malformation-polymicrogyria syndrome	false	no match		false		low
Megalencephaly-Capillary Malformation syndrome (MCAP)	MONDO:0012404	megalencephaly-capillary malformation-polymicrogyria syndrome	false	no match		false		low
Megalencephaly-Capillary Malformation-Polymicrogyria Syndrome	MONDO:0012404	megalencephaly-capillary malformation-polymicrogyria syndrome	false	no match	MONDO:0011240	true	false	low
Megalencephaly-Polymicrogyria-Polydactyly-Hydrocephalus (MPPH) syndrome	MONDO:0018853	megalencephaly-polymicrogyria-polydactyly-hydrocephalus syndrome	false	no match		false		low
Megalencephaly-Polymicrogyria-Polydactyly-Hydrocephalus Syndrome	MONDO:0018853	megalencephaly-polymicrogyria-polydactyly-hydrocephalus syndrome	false	no match	MONDO:0019375	true	false	low
Megalencephaly-capillary malformation (MCAP) syndrome	MONDO:0012404	megalencephaly-capillary malformation-polymicrogyria syndrome	false	no match		false		low
Megalencephaly-capillary malformation syndrome	MONDO:0012404	megalencephaly-capillary malformation-polymicrogyria syndrome	false	no match	MONDO:0011240	true	false	low
Megalencephaly-capillary malformation syndrome (MCAP)	MONDO:0012404	megalencephaly-capillary malformation-polymicrogyria syndrome	false	no match		false		low
Megalencephaly-polymicrogyria-polydactyly-hydrocephalus (MPPH) syndrome	MONDO:0018853	megalencephaly-polymicrogyria-polydactyly-hydrocephalus syndrome	false	no match		false		low
Megalencephaly–capillary malformation–polymicrogyria (MCAP) syndrome	MONDO:0012404	megalencephaly-capillary malformation-polymicrogyria syndrome	false	no match		false		low
Megalencephaly–polymicrogyria–polydactyly–hydrocephalus (MPPH) syndrome	MONDO:0018853	megalencephaly-polymicrogyria-polydactyly-hydrocephalus syndrome	false	no match		false		low
Megaloblastic anemia (vitamin B12 or folate deficiency)	MONDO:0001118	megaloblastic anemia	false	no match		false		low
Meier-Gorlin syndrome	MONDO:0016817	Meier-Gorlin syndrome	true	MONDO:0016817	MONDO:0016817	true	true	low
Melnick-Needles Syndrome	MONDO:0010630	Melnick-Needles syndrome	false	no match	MONDO:0010650	true	false	low
Melnick-Needles syndrome	MONDO:0010630	Melnick-Needles syndrome	false	no match	MONDO:0010650	true	false	low
Melorheostosis	MONDO:0008002	melorheostosis	false	no match	MONDO:0007970	true	false	low
Mendelian Susceptibility to Mycobacterial Disease (MSMD)	MONDO:0018086	Mendelian susceptibility to mycobacterial diseases	false	no match		false		low
Meniere's disease	MONDO:0007972	Meniere disease	true	MONDO:0007972		false		high
Menkes Disease	MONDO:0010150	Menkes disease	false	no match	MONDO:0010651	true	false	high
Menkes disease	MONDO:0010150	Menkes disease	false	no match	MONDO:0010651	true	false	high
Merosin-deficient Congenital Muscular Dystrophy	MONDO:0011787	LAMA2-related muscular dystrophy	false	no match	MONDO:0011925	true	false	low
Merosin-deficient congenital muscular dystrophy	MONDO:0011787	LAMA2-related muscular dystrophy	false	no match	MONDO:0011925	true	false	low
Merosin-deficient congenital muscular dystrophy (MDC1A)	MONDO:0011787	LAMA2-related muscular dystrophy	false	no match		false		low
Mesomelic dysplasia Kantaputra type	MONDO:0008013	mesomelic dysplasia, Kantaputra type	false	no match	MONDO:0007977	true	false	low
Metabolic disorders (e.g., phenylketonuria)	MONDO:0005066	metabolic disease	true	MONDO:0005066		false		medium
Metachondromatosis	MONDO:0008014	metachondromatosis	false	no match	MONDO:0007979	true	false	low
Metachromatic Leukodystrophy	MONDO:0018868	metachromatic leukodystrophy	true	MONDO:0018868	MONDO:0018868	true	true	high
Metachromatic Leukodystrophy (MLD)	MONDO:0018868	metachromatic leukodystrophy	true	MONDO:0018868		false		high
Metachromatic leukodystrophy	MONDO:0018868	metachromatic leukodystrophy	true	MONDO:0018868	MONDO:0018868	true	true	high
Metachromatic leukodystrophy (adult form)	MONDO:0018868	metachromatic leukodystrophy	true	MONDO:0018868		false		low
Metachromatic leukodystrophy (adult-onset)	MONDO:0018868	metachromatic leukodystrophy	true	MONDO:0018868		false		low
Metaphyseal Chondrodysplasia	MONDO:0019695	metaphyseal chondrodysplasia	false	no match	MONDO:0000138	true	false	low
Metaphyseal chondrodysplasia	MONDO:0019695	metaphyseal chondrodysplasia	false	no match	MONDO:0000138	true	false	low
Metaphyseal chondrodysplasia (Schmid type)	MONDO:0008049	metaphyseal chondrodysplasia, Schmid type	false	no match		false		medium
Metaphyseal chondrodysplasia, McKusick type	MONDO:0009977	cartilage-hair hypoplasia	false	no match	MONDO:0009595	true	false	low
Metaphyseal chondrodysplasia, Schmid type	MONDO:0008049	metaphyseal chondrodysplasia, Schmid type	false	no match	MONDO:0007983	true	false	medium
Metatropic dysplasia	MONDO:0008016	metatropic dysplasia	false	no match	MONDO:0007986	true	false	low
Methionine synthase deficiency	MONDO:0009354	methylcobalamin deficiency type cblG	false	no match	MONDO:0021915	true	false	low
Methylenetetrahydrofolate reductase (MTHFR) deficiency	MONDO:0009353	homocystinuria due to methylene tetrahydrofolate reductase deficiency	true	MONDO:0009353		false		low
Methylmalonic Acidemia	MONDO:0019242	isolated methylmalonic acidemia	false	no match	MONDO:0002012	true	false	low
Methylmalonic acidemia	MONDO:0019242	isolated methylmalonic acidemia	false	no match	MONDO:0002012	true	false	low
Methylmalonic acidemia (MMA)	MONDO:0019242	isolated methylmalonic acidemia	false	no match		false		low
Methylmalonic acidemia due to MUT gene deficiency	MONDO:0009612	methylmalonic aciduria due to methylmalonyl-CoA mutase deficiency	true	MONDO:0009612		false		low
Methylmalonic acidemia with homocystinuria (cobalamin C deficiency)	MONDO:0010184	methylmalonic aciduria and homocystinuria type cblC	true	MONDO:0010184		false		low
Mevalonate kinase deficiency	MONDO:0019180	mevalonate kinase deficiency	false	no match	MONDO:0017708	true	false	low
Micro syndrome	MONDO:0016861	Warburg micro syndrome	false	no match	MONDO:0016649	true	false	low
Microcephalic Osteodysplastic Primordial Dwarfism	MONDO:0019706	microcephalic osteodysplastic primordial dwarfism	false	no match	MONDO:0000060	true	false	low
Microcephalic osteodysplastic primordial dwarfism (MOPD)	MONDO:0019706	microcephalic osteodysplastic primordial dwarfism	false	no match		false		low
Microcephaly Intellectual Disability Syndrome	MONDO:0001149	microcephaly	true	MONDO:0001149		false		low
Microcephaly Primary Hereditary (MCPH)	MONDO:0016660	autosomal recessive primary microcephaly	true	MONDO:0016660		false		low
Microcephaly due to ASPM mutations	MONDO:0011578	microcephaly 5, primary, autosomal recessive	false	no match		false		low
Microcephaly with Pontine and Cerebellar Hypoplasia (CASK gene mutations)	MONDO:0010702	intellectual developmental disorder and microcephaly with pontine and cerebellar hypoplasia	false	no match		false		low
Microcephaly with Pontine and Cerebellar Hypoplasia (MICPCH)	MONDO:0010702	intellectual developmental disorder and microcephaly with pontine and cerebellar hypoplasia	false	no match		false		low
Microcephaly with Simplified Gyral Pattern	MONDO:0001149	microcephaly	true	MONDO:0001149	MONDO:0011372	true	false	low
Microcephaly with early-onset seizures	MONDO:0001149	microcephaly	true	MONDO:0001149		false		low
Microcephaly with intellectual disability syndromes	MONDO:0001149	microcephaly	true	MONDO:0001149		false		low
Microcephaly with or without chorioretinopathy, lymphedema, or mental retardation (MCLMR)	MONDO:0007973	microcephaly with or without chorioretinopathy, lymphedema, or intellectual disability	false	no match		false		low
Microcephaly with pontocerebellar hypoplasia	MONDO:0010702	intellectual developmental disorder and microcephaly with pontine and cerebellar hypoplasia	false	no match		false		low
Microcephaly-capillary malformation syndrome	MONDO:0014052	microcephaly-capillary malformation syndrome	false	no match	MONDO:0013659	true	false	low
Microcephaly-microtia syndrome	MONDO:0001149	microcephaly	true	MONDO:0001149		false		low
Microphthalmia	MONDO:0021129	microphthalmia	true	MONDO:0021129	MONDO:0021129	true	true	medium
Microphthalmia with Coloboma	MONDO:0021129	microphthalmia	true	MONDO:0021129		false		low
Microphthalmia-coloboma syndrome	MONDO:0021129	microphthalmia	true	MONDO:0021129		false		low
Migrating partial seizures of infancy (KCNT1 mutation)	MONDO:0013620	developmental and epileptic encephalopathy, 14	false	no match		false		low
Mild phenylketonuria (PKU)	MONDO:0009861	phenylketonuria	true	MONDO:0009861		false		low
Milk protein allergy	MONDO:0005344	milk allergy	false	no match		false		low
Miller syndrome	MONDO:0009936	Miller syndrome	false	no match	MONDO:0009903	true	false	low
Miller syndrome (Postaxial acrofacial dysostosis)	MONDO:0009936	Miller syndrome	false	no match		false		low
Miller-Dieker syndrome	MONDO:0009918	Miller-Dieker lissencephaly syndrome	false	no match	MONDO:0009532	true	false	medium
Miller-Dieker syndrome (lissencephaly type 1)	MONDO:0009918	Miller-Dieker lissencephaly syndrome	false	no match		false		medium
Mitochondrial ATP synthase deficiency due to TMEM70 mutations	MONDO:0044970	mitochondrial disease	true	MONDO:0044970		false		low
Mitochondrial Cardiomyopathy	MONDO:0044970	mitochondrial disease	true	MONDO:0044970		false		low
Mitochondrial Complex I Deficiency due to NDUFAF5 mutations	MONDO:0100133	mitochondrial complex I deficiency	true	MONDO:0100133		false		low
Mitochondrial Complex I deficiency	MONDO:0100133	mitochondrial complex I deficiency	true	MONDO:0100133	MONDO:0100133;MONDO:0100224	true	true	low
Mitochondrial DNA Depletion Syndrome	MONDO:0018158	mitochondrial DNA depletion syndrome	true	MONDO:0018158	MONDO:0018158	true	true	medium
Mitochondrial DNA Depletion Syndrome (MDDS)	MONDO:0018158	mitochondrial DNA depletion syndrome	true	MONDO:0018158		false		medium
Mitochondrial DNA Depletion Syndrome 13 (encephalomyopathic type) due to FBXL4 mutations	MONDO:0018158	mitochondrial DNA depletion syndrome	true	MONDO:0018158		false		low
Mitochondrial DNA Depletion Syndrome 2 (hepatocerebral type) due to MPV17 mutations	MONDO:0018158	mitochondrial DNA depletion syndrome	true	MONDO:0018158		false		low
Mitochondrial DNA Depletion Syndrome 4B (encephalomyopathic type) due to TK2 mutations	MONDO:0018158	mitochondrial DNA depletion syndrome	true	MONDO:0018158		false		low
Mitochondrial DNA Depletion Syndrome 9 (encephalomyopathic type) due to SUCLG1 mutations	MONDO:0018158	mitochondrial DNA depletion syndrome	true	MONDO:0018158		false		low
Mitochondrial DNA depletion syndrome	MONDO:0018158	mitochondrial DNA depletion syndrome	true	MONDO:0018158	MONDO:0018158	true	true	medium
Mitochondrial DNA depletion syndrome (POLG-related)	MONDO:0018158	mitochondrial DNA depletion syndrome	true	MONDO:0018158		false		low
Mitochondrial DNA depletion syndrome (encephalomyopathic form)	MONDO:0018158	mitochondrial DNA depletion syndrome	true	MONDO:0018158		false		low
Mitochondrial DNA depletion syndrome (encephalomyopathic form) due to SUCLG1 mutations	MONDO:0018158	mitochondrial DNA depletion syndrome	true	MONDO:0018158		false		low
Mitochondrial DNA depletion syndrome (hepatocerebral form)	MONDO:0018158	mitochondrial DNA depletion syndrome	true	MONDO:0018158		false		low
Mitochondrial DNA depletion syndrome (hepatocerebral type)	MONDO:0018158	mitochondrial DNA depletion syndrome	true	MONDO:0018158		false		low
Mitochondrial DNA depletion syndrome 13 (FBXL4-related)	MONDO:0018158	mitochondrial DNA depletion syndrome	true	MONDO:0018158		false		low
Mitochondrial DNA depletion syndrome 13 (encephalomyopathic form)	MONDO:0018158	mitochondrial DNA depletion syndrome	true	MONDO:0018158		false		low
Mitochondrial DNA depletion syndrome 13 (encephalomyopathic type)	MONDO:0018158	mitochondrial DNA depletion syndrome	true	MONDO:0018158	MONDO:0014198	true	false	low
Mitochondrial DNA depletion syndrome 8 (RRM2B-related)	MONDO:0018158	mitochondrial DNA depletion syndrome	true	MONDO:0018158		false		low
Mitochondrial DNA depletion syndrome 9 (SUCLG1-related)	MONDO:0018158	mitochondrial DNA depletion syndrome	true	MONDO:0018158		false		low
Mitochondrial DNA depletion syndrome due to FBXL4 mutations	MONDO:0018158	mitochondrial DNA depletion syndrome	true	MONDO:0018158		false		low
Mitochondrial DNA depletion syndrome due to TRMU deficiency	MONDO:0018158	mitochondrial DNA depletion syndrome	true	MONDO:0018158		false		low
Mitochondrial DNA depletion syndrome type 3 (DGUOK-related)	MONDO:0018158	mitochondrial DNA depletion syndrome	true	MONDO:0018158		false		low
Mitochondrial DNA depletion syndrome type 6 (hepatocerebral type)	MONDO:0018158	mitochondrial DNA depletion syndrome	true	MONDO:0018158		false		low
Mitochondrial DNA depletion syndrome, hepatocerebral form	MONDO:0018158	mitochondrial DNA depletion syndrome	true	MONDO:0018158	MONDO:0100512	true	false	low
Mitochondrial DNA depletion syndrome, hepatocerebral form (DGUOK deficiency)	MONDO:0018158	mitochondrial DNA depletion syndrome	true	MONDO:0018158		false		low
Mitochondrial DNA depletion syndromes	MONDO:0018158	mitochondrial DNA depletion syndrome	true	MONDO:0018158		false		medium
Mitochondrial DNA mutations associated with hearing loss	MONDO:0044970	mitochondrial disease	true	MONDO:0044970		false		low
Mitochondrial DNA mutations causing hearing loss	MONDO:0044970	mitochondrial disease	true	MONDO:0044970		false		low
Mitochondrial DNA–related sperm motility disorders	no match		false	no match		false		low
Mitochondrial Disease	MONDO:0044970	mitochondrial disease	true	MONDO:0044970	MONDO:0004069;MONDO:0044970	true	true	high
Mitochondrial Disorder	MONDO:0044970	mitochondrial disease	true	MONDO:0044970		false		high
Mitochondrial Disorder (e.g., Leigh Syndrome)	MONDO:0044970	mitochondrial disease	true	MONDO:0044970		false		medium
Mitochondrial Disorder (e.g., MERRF Syndrome)	MONDO:0044970	mitochondrial disease	true	MONDO:0044970		false		medium
Mitochondrial Disorder (e.g., Pyruvate Dehydrogenase Deficiency)	MONDO:0044970	mitochondrial disease	true	MONDO:0044970		false		medium
Mitochondrial Disorder (unspecified)	MONDO:0044970	mitochondrial disease	true	MONDO:0044970		false		high
Mitochondrial Disorders	MONDO:0044970	mitochondrial disease	true	MONDO:0044970		false		high
Mitochondrial Disorders (e.g., Alpers-Huttenlocher Syndrome)	MONDO:0044970	mitochondrial disease	true	MONDO:0044970		false		medium
Mitochondrial Disorders (e.g., Leigh Syndrome)	MONDO:0044970	mitochondrial disease	true	MONDO:0044970		false		medium
Mitochondrial Disorders (e.g., MERRF Syndrome)	MONDO:0044970	mitochondrial disease	true	MONDO:0044970		false		medium
Mitochondrial Disorders (e.g., POLG-related disorders)	MONDO:0044970	mitochondrial disease	true	MONDO:0044970		false		medium
Mitochondrial Encephalopathies	MONDO:0000839	mitochondrial encephalomyopathy	false	no match		false		low
Mitochondrial Encephalopathies (e.g., Leigh Syndrome)	MONDO:0000839	mitochondrial encephalomyopathy	false	no match		false		low
Mitochondrial Encephalopathy	MONDO:0000839	mitochondrial encephalomyopathy	false	no match		false		low
Mitochondrial Encephalopathy (Alpers Disease)	MONDO:0008758	Alpers-Huttenlocher syndrome	true	MONDO:0008758		false		low
Mitochondrial Encephalopathy (Leigh Syndrome)	MONDO:0009723	Leigh syndrome	true	MONDO:0009723		false		medium
Mitochondrial Encephalopathy (e.g., Leigh Disease)	MONDO:0000839	mitochondrial encephalomyopathy	false	no match		false		low
Mitochondrial Encephalopathy (e.g., Leigh Syndrome)	MONDO:0044970	mitochondrial disease	true	MONDO:0044970		false		low
Mitochondrial Encephalopathy with Lactic Acidosis and Stroke-like Episodes (MELAS)	MONDO:0010789	MELAS syndrome	true	MONDO:0010789		false		medium
Mitochondrial Encephalopathy with Ragged-Red Fibers (MERRF)	MONDO:0010788	MERRF syndrome	false	no match		false		medium
Mitochondrial Myopathy	MONDO:0044970	mitochondrial disease	true	MONDO:0044970	MONDO:0009637	true	false	low
Mitochondrial Myopathy (e.g., Kearns-Sayre Syndrome)	MONDO:0044970	mitochondrial disease	true	MONDO:0044970		false		low
Mitochondrial Myopathy with Multiple mtDNA Deletions	MONDO:0044970	mitochondrial disease	true	MONDO:0044970		false		low
Mitochondrial Neurogastrointestinal Encephalomyopathy (MNGIE)	MONDO:0010794	mitochondrial neurogastrointestinal encephalomyopathy	false	no match		false		low
Mitochondrial Trifunctional Protein Deficiency	MONDO:0012173	mitochondrial trifunctional protein deficiency	false	no match	MONDO:0012172	true	false	low
Mitochondrial Trifunctional Protein Deficiency (MTP deficiency)	MONDO:0012173	mitochondrial trifunctional protein deficiency	false	no match		false		low
Mitochondrial ataxia	MONDO:0044970	mitochondrial disease	true	MONDO:0044970		false		low
Mitochondrial cardiomyopathy	MONDO:0044970	mitochondrial disease	true	MONDO:0044970		false		low
Mitochondrial cardiomyopathy (e.g., MELAS)	MONDO:0044970	mitochondrial disease	true	MONDO:0044970		false		low
Mitochondrial cerebellar ataxia	MONDO:0044970	mitochondrial disease	true	MONDO:0044970		false		low
Mitochondrial complex I and IV deficiency	MONDO:0044970	mitochondrial disease	true	MONDO:0044970		false		low
Mitochondrial complex I deficiency	MONDO:0009640	mitochondrial complex I deficiency	false	no match	MONDO:0100133;MONDO:0100224	true	false	low
Mitochondrial complex I deficiency (NDUFS1-related)	MONDO:0009640	mitochondrial complex I deficiency	false	no match		false		low
Mitochondrial complex II deficiency due to SDHA mutations	MONDO:0009641	mitochondrial complex II deficiency	false	no match		false		low
Mitochondrial complex II deficiency due to SDHA or SDHAF1 mutations	MONDO:0009641	mitochondrial complex II deficiency	false	no match		false		low
Mitochondrial complex III deficiency due to BCS1L mutations	MONDO:0044970	mitochondrial disease	true	MONDO:0044970		false		low
Mitochondrial complex III deficiency, nuclear type	MONDO:0044970	mitochondrial disease	true	MONDO:0044970	MONDO:0020811	true	false	low
Mitochondrial complex IV (cytochrome c oxidase) deficiency	MONDO:0044970	mitochondrial disease	true	MONDO:0044970		false		low
Mitochondrial complex IV deficiency	MONDO:0044970	mitochondrial disease	true	MONDO:0044970	MONDO:0033885	true	false	low
Mitochondrial complex IV deficiency (COX15-related)	MONDO:0044970	mitochondrial disease	true	MONDO:0044970		false		low
Mitochondrial complex IV deficiency (Cytochrome c oxidase deficiency)	MONDO:0044970	mitochondrial disease	true	MONDO:0044970		false		low
Mitochondrial complex IV deficiency (SCO2-related)	MONDO:0044970	mitochondrial disease	true	MONDO:0044970		false		low
Mitochondrial diabetes and deafness (MIDD)	MONDO:0010785	maternally-inherited diabetes and deafness	true	MONDO:0010785		false		medium
Mitochondrial disease	MONDO:0044970	mitochondrial disease	true	MONDO:0044970	MONDO:0004069;MONDO:0044970	true	true	high
Mitochondrial disease (e.g., Kearns-Sayre syndrome)	MONDO:0044970	mitochondrial disease	true	MONDO:0044970		false		high
Mitochondrial disease (e.g., Leigh syndrome)	MONDO:0044970	mitochondrial disease	true	MONDO:0044970		false		high
Mitochondrial disease (e.g., POLG-related disorders)	MONDO:0044970	mitochondrial disease	true	MONDO:0044970		false		high
Mitochondrial disease (e.g., mitochondrial DNA depletion syndromes)	MONDO:0044970	mitochondrial disease	true	MONDO:0044970		false		high
Mitochondrial disorder	MONDO:0044970	mitochondrial disease	true	MONDO:0044970		false		high
Mitochondrial disorder (e.g., Leigh disease)	MONDO:0044970	mitochondrial disease	true	MONDO:0044970		false		high
Mitochondrial disorder (e.g., Leigh syndrome)	MONDO:0044970	mitochondrial disease	true	MONDO:0044970		false		high
Mitochondrial disorder (e.g., MELAS syndrome)	MONDO:0044970	mitochondrial disease	true	MONDO:0044970		false		high
Mitochondrial disorder (e.g., MELAS)	MONDO:0044970	mitochondrial disease	true	MONDO:0044970		false		high
Mitochondrial disorder (e.g., MERRF syndrome)	MONDO:0044970	mitochondrial disease	true	MONDO:0044970		false		high
Mitochondrial disorder (e.g., POLG-related disorder)	MONDO:0044970	mitochondrial disease	true	MONDO:0044970		false		high
Mitochondrial disorder (e.g., POLG-related disorders)	MONDO:0044970	mitochondrial disease	true	MONDO:0044970		false		high
Mitochondrial disorder (e.g., mitochondrial DNA depletion syndrome)	MONDO:0044970	mitochondrial disease	true	MONDO:0044970		false		high
Mitochondrial disorder (e.g., mitochondrial encephalomyopathy)	MONDO:0044970	mitochondrial disease	true	MONDO:0044970		false		high
Mitochondrial disorder (unspecified)	MONDO:0044970	mitochondrial disease	true	MONDO:0044970		false		high
Mitochondrial disorder affecting cerebral and cerebellar development	MONDO:0044970	mitochondrial disease	true	MONDO:0044970		false		medium
Mitochondrial disorders	MONDO:0044970	mitochondrial disease	true	MONDO:0044970		false		high
Mitochondrial disorders (e.g., Alpers disease)	MONDO:0044970	mitochondrial disease	true	MONDO:0044970		false		high
Mitochondrial disorders (e.g., Alpers syndrome)	MONDO:0044970	mitochondrial disease	true	MONDO:0044970		false		high
Mitochondrial disorders (e.g., Alpers-Huttenlocher syndrome)	MONDO:0044970	mitochondrial disease	true	MONDO:0044970		false		high
Mitochondrial disorders (e.g., Leigh disease)	MONDO:0044970	mitochondrial disease	true	MONDO:0044970		false		high
Mitochondrial disorders (e.g., Leigh syndrome)	MONDO:0044970	mitochondrial disease	true	MONDO:0044970		false		high
Mitochondrial disorders (e.g., MELAS syndrome)	MONDO:0044970	mitochondrial disease	true	MONDO:0044970		false		high
Mitochondrial disorders (e.g., MELAS)	MONDO:0044970	mitochondrial disease	true	MONDO:0044970		false		medium
Mitochondrial disorders (e.g., MERRF syndrome)	MONDO:0044970	mitochondrial disease	true	MONDO:0044970		false		medium
Mitochondrial disorders (e.g., MERRF)	MONDO:0044970	mitochondrial disease	true	MONDO:0044970		false		medium
Mitochondrial disorders (e.g., POLG-related disorders)	MONDO:0044970	mitochondrial disease	true	MONDO:0044970		false		medium
Mitochondrial disorders (e.g., POLG-related encephalopathy)	MONDO:0044970	mitochondrial disease	true	MONDO:0044970		false		medium
Mitochondrial disorders (e.g., mitochondrial encephalomyopathies)	MONDO:0044970	mitochondrial disease	true	MONDO:0044970		false		medium
Mitochondrial disorders (mitochondrial encephalopathies)	MONDO:0044970	mitochondrial disease	true	MONDO:0044970		false		low
Mitochondrial disorders (other)	MONDO:0044970	mitochondrial disease	true	MONDO:0044970		false		medium
Mitochondrial disorders affecting sperm motility	MONDO:0044970	mitochondrial disease	true	MONDO:0044970		false		low
Mitochondrial disorders affecting the nervous system	MONDO:0044970	mitochondrial disease	true	MONDO:0044970		false		low
Mitochondrial disorders causing early-onset epilepsy	MONDO:0044970	mitochondrial disease	true	MONDO:0044970		false		low
Mitochondrial disorders causing epileptic encephalopathy	MONDO:0044970	mitochondrial disease	true	MONDO:0044970		false		low
Mitochondrial disorders causing sensorineural hearing loss	MONDO:0044970	mitochondrial disease	true	MONDO:0044970		false		low
Mitochondrial disorders involving cerebellar dysfunction	MONDO:0044970	mitochondrial disease	true	MONDO:0044970		false		low
Mitochondrial encephalomyopathies	MONDO:0044970	mitochondrial disease	true	MONDO:0044970		false		low
Mitochondrial encephalomyopathy	MONDO:0044970	mitochondrial disease	true	MONDO:0044970	MONDO:0004675	true	false	low
Mitochondrial encephalomyopathy (e.g., MELAS)	MONDO:0044970	mitochondrial disease	true	MONDO:0044970		false		low
Mitochondrial encephalomyopathy (e.g., MERRF syndrome)	MONDO:0044970	mitochondrial disease	true	MONDO:0044970		false		low
Mitochondrial encephalomyopathy, lactic acidosis, and stroke-like episodes (MELAS)	MONDO:0010789	MELAS syndrome	true	MONDO:0010789		false		high
Mitochondrial encephalopathies	MONDO:0044970	mitochondrial disease	true	MONDO:0044970		false		low
Mitochondrial encephalopathies (e.g., Leigh syndrome)	MONDO:0044970	mitochondrial disease	true	MONDO:0044970		false		low
Mitochondrial encephalopathies (e.g., MELAS syndrome)	MONDO:0044970	mitochondrial disease	true	MONDO:0044970		false		low
Mitochondrial encephalopathy	MONDO:0044970	mitochondrial disease	true	MONDO:0044970		false		low
Mitochondrial encephalopathy (Leigh syndrome)	MONDO:0009723	Leigh syndrome	true	MONDO:0009723		false		medium
Mitochondrial encephalopathy (MERRF)	MONDO:0010790	MERRF syndrome	true	MONDO:0010790		false		medium
Mitochondrial encephalopathy (e.g., Leigh disease)	MONDO:0044970	mitochondrial disease	true	MONDO:0044970		false		low
Mitochondrial encephalopathy (e.g., Leigh syndrome)	MONDO:0044970	mitochondrial disease	true	MONDO:0044970		false		low
Mitochondrial encephalopathy (e.g., MELAS syndrome)	MONDO:0044970	mitochondrial disease	true	MONDO:0044970		false		low
Mitochondrial encephalopathy (e.g., MELAS)	MONDO:0044970	mitochondrial disease	true	MONDO:0044970		false		low
Mitochondrial encephalopathy (e.g., MERRF syndrome)	MONDO:0044970	mitochondrial disease	true	MONDO:0044970		false		low
Mitochondrial encephalopathy (e.g., POLG-related disorders)	MONDO:0044970	mitochondrial disease	true	MONDO:0044970		false		low
Mitochondrial encephalopathy (e.g., mitochondrial DNA depletion syndrome)	MONDO:0044970	mitochondrial disease	true	MONDO:0044970		false		low
Mitochondrial encephalopathy due to nuclear gene mutations	MONDO:0044970	mitochondrial disease	true	MONDO:0044970		false		low
Mitochondrial encephalopathy with lactic acidosis	MONDO:0010789	MELAS syndrome	true	MONDO:0010789		false		medium
Mitochondrial encephalopathy with lactic acidosis and stroke-like episodes (MELAS syndrome)	MONDO:0010789	MELAS syndrome	true	MONDO:0010789		false		high
Mitochondrial encephalopathy with lactic acidosis and stroke-like episodes (MELAS)	MONDO:0010789	MELAS syndrome	true	MONDO:0010789		false		high
Mitochondrial encephalopathy, lactic acidosis, and stroke-like episodes (MELAS)	MONDO:0010789	MELAS syndrome	true	MONDO:0010789		false		high
Mitochondrial epilepsy syndromes	MONDO:0044970	mitochondrial disease	true	MONDO:0044970		false		low
Mitochondrial hearing loss	MONDO:0044970	mitochondrial disease	true	MONDO:0044970		false		low
Mitochondrial hepatopathy	MONDO:0044970	mitochondrial disease	true	MONDO:0044970		false		low
Mitochondrial leukodystrophies	MONDO:0044970	mitochondrial disease	true	MONDO:0044970		false		low
Mitochondrial leukodystrophy	MONDO:0044970	mitochondrial disease	true	MONDO:0044970		false		low
Mitochondrial membrane protein-associated neurodegeneration	MONDO:0013706	mitochondrial membrane protein-associated neurodegeneration	false	no match		false		medium
Mitochondrial membrane protein-associated neurodegeneration (MPAN)	MONDO:0013706	mitochondrial membrane protein-associated neurodegeneration	false	no match		false		medium
Mitochondrial myopathy	MONDO:0044970	mitochondrial disease	true	MONDO:0044970	MONDO:0009637	true	false	low
Mitochondrial myopathy (Kearns-Sayre syndrome)	MONDO:0010787	Kearns-Sayre syndrome	true	MONDO:0010787		false		medium
Mitochondrial myopathy (chronic progressive external ophthalmoplegia)	MONDO:0044970	mitochondrial disease	true	MONDO:0044970		false		low
Mitochondrial myopathy (e.g., Leigh syndrome)	MONDO:0044970	mitochondrial disease	true	MONDO:0044970		false		low
Mitochondrial myopathy (e.g., chronic progressive external ophthalmoplegia)	MONDO:0044970	mitochondrial disease	true	MONDO:0044970		false		low
Mitochondrial myopathy with external ophthalmoplegia	MONDO:0044970	mitochondrial disease	true	MONDO:0044970		false		low
Mitochondrial neurogastrointestinal encephalomyopathy (MNGIE)	MONDO:0011241	mitochondrial DNA depletion syndrome 1	false	no match		false		low
Mitochondrial neurogastrointestinal encephalopathy (MNGIE)	MONDO:0011241	mitochondrial DNA depletion syndrome 1	false	no match		false		low
Mitochondrial neurogastrointestinal encephalopathy syndrome (MNGIE)	MONDO:0011241	mitochondrial DNA depletion syndrome 1	false	no match		false		low
Mitochondrial non-syndromic hearing loss (MT-RNR1 mutations)	MONDO:0010798	mitochondrial non-syndromic sensorineural hearing loss	false	no match		false		low
Mitochondrial non-syndromic hearing loss due to MT-RNR1 mutations	MONDO:0010798	mitochondrial non-syndromic sensorineural hearing loss	false	no match		false		low
Mitochondrial non-syndromic sensorineural hearing loss	MONDO:0010798	mitochondrial non-syndromic sensorineural hearing loss	false	no match	MONDO:0010779	true	false	low
Mitochondrial non-syndromic sensorineural hearing loss (MT-RNR1 mutations)	MONDO:0010798	mitochondrial non-syndromic sensorineural hearing loss	false	no match		false		low
Mitochondrial non-syndromic sensorineural hearing loss (e.g., MT-RNR1 mutation)	MONDO:0010798	mitochondrial non-syndromic sensorineural hearing loss	false	no match		false		low
Mitochondrial non-syndromic sensorineural hearing loss (e.g., MT-RNR1 mutations)	MONDO:0010798	mitochondrial non-syndromic sensorineural hearing loss	false	no match		false		low
Mitochondrial nonsyndromic hearing loss (MT-RNR1 gene mutations)	MONDO:0010798	mitochondrial non-syndromic sensorineural hearing loss	false	no match		false		low
Mitochondrial nonsyndromic sensorineural hearing loss	MONDO:0010798	mitochondrial non-syndromic sensorineural hearing loss	false	no match		false		low
Mitochondrial respiratory chain complex I deficiency	MONDO:0100133	mitochondrial complex I deficiency	true	MONDO:0100133	MONDO:0100133	true	true	low
Mitochondrial respiratory chain complex deficiencies	MONDO:0044970	mitochondrial disease	true	MONDO:0044970		false		low
Mitochondrial respiratory chain complex deficiency	MONDO:0044970	mitochondrial disease	true	MONDO:0044970	MONDO:0000066	true	false	low
Mitochondrial respiratory chain disorder	MONDO:0044970	mitochondrial disease	true	MONDO:0044970		false		low
Mitochondrial respiratory chain disorders	MONDO:0044970	mitochondrial disease	true	MONDO:0044970		false		low
Mitochondrial translation defect due to mitochondrial tRNA synthetase mutations	MONDO:0044970	mitochondrial disease	true	MONDO:0044970		false		low
Mitochondrial trifunctional protein (MTP) deficiency	MONDO:0012173	mitochondrial trifunctional protein deficiency	false	no match		false		low
Mitochondrial trifunctional protein deficiency	MONDO:0012173	mitochondrial trifunctional protein deficiency	false	no match	MONDO:0012172	true	false	low
Mitochondrial trifunctional protein deficiency (MTP deficiency)	MONDO:0012173	mitochondrial trifunctional protein deficiency	false	no match		false		low
Mitochondrial-membrane protein-associated neurodegeneration (MPAN)	MONDO:0013712	neurodegeneration with brain iron accumulation 4	false	no match		false		low
Mixed Connective Tissue Disease	MONDO:0005340	mixed connective tissue disease	false	no match	MONDO:0005854	true	false	low
Mixed connective tissue disease	MONDO:0005340	mixed connective tissue disease	false	no match	MONDO:0005854	true	false	low
Miyoshi Myopathy	MONDO:0011230	Miyoshi muscular dystrophy 1	false	no match	MONDO:0009685	true	false	low
Miyoshi Myopathy (Distal Muscular Dystrophy)	MONDO:0011230	Miyoshi muscular dystrophy 1	false	no match		false		low
Miyoshi myopathy	MONDO:0011230	Miyoshi muscular dystrophy 1	false	no match	MONDO:0009685	true	false	low
Moebius syndrome	MONDO:0008007	Moebius syndrome	false	no match	MONDO:0008006	true	false	medium
Mohr-Tranebjaerg Syndrome	MONDO:0010556	deafness dystonia syndrome	false	no match	MONDO:0010578	true	false	low
Mohr-Tranebjerg syndrome	MONDO:0010556	deafness dystonia syndrome	false	no match		false		low
Molybdenum Cofactor Deficiency	MONDO:0100226	molybdenum cofactor deficiency	false	no match	MONDO:0000063	true	false	low
Molybdenum cofactor deficiency	MONDO:0100226	molybdenum cofactor deficiency	false	no match	MONDO:0000063	true	false	low
Monogenic systemic lupus erythematosus due to TREX1 mutation	MONDO:0007915	systemic lupus erythematosus	true	MONDO:0007915		false		low
Monosomy 9p syndrome	MONDO:0008052	chromosome 9p deletion syndrome	false	no match	MONDO:0008013	true	false	low
Morquio B disease (Mucopolysaccharidosis type IVB)	MONDO:0009660	mucopolysaccharidosis type IVB	true	MONDO:0009660		false		low
Morquio syndrome (Mucopolysaccharidosis Type IV)	MONDO:0018937	mucopolysaccharidosis type 4	false	no match		false		low
Morquio syndrome (Mucopolysaccharidosis type IV)	MONDO:0018937	mucopolysaccharidosis type 4	false	no match		false		low
Morquio syndrome (mucopolysaccharidosis type IV)	MONDO:0018937	mucopolysaccharidosis type 4	false	no match		false		low
Motor Neuron Disease (Juvenile Amyotrophic Lateral Sclerosis)	MONDO:0004976	amyotrophic lateral sclerosis	true	MONDO:0004976		false		medium
Motor neuron disease (amyotrophic lateral sclerosis variant)	MONDO:0004976	amyotrophic lateral sclerosis	true	MONDO:0004976		false		high
Mowat-Wilson Syndrome	MONDO:0009430	Mowat-Wilson syndrome	false	no match	MONDO:0009341	true	false	low
Mowat-Wilson syndrome	MONDO:0009430	Mowat-Wilson syndrome	false	no match	MONDO:0009341	true	false	low
Moyamoya Disease	MONDO:0016820	moyamoya disease	true	MONDO:0016820	MONDO:0016820	true	true	medium
Muckle-Wells syndrome	MONDO:0008092	Muckle-Wells syndrome	false	no match	MONDO:0008633	true	false	medium
Mucolipidosis II (I-cell Disease)	MONDO:0009612	mucolipidosis type II	false	no match		false		medium
Mucolipidosis II (I-cell disease)	MONDO:0009612	mucolipidosis type II	false	no match		false		medium
Mucolipidosis III (Pseudo-Hurler Polydystrophy)	MONDO:0009613	mucolipidosis type III alpha/beta	false	no match		false		low
Mucolipidosis III (Pseudo-Hurler polydystrophy)	MONDO:0009613	mucolipidosis type III alpha/beta	false	no match		false		low
Mucolipidosis type II (I-cell disease)	MONDO:0009612	mucolipidosis type II	false	no match		false		medium
Mucolipidosis type III (pseudo-Hurler polydystrophy)	MONDO:0009613	mucolipidosis type III alpha/beta	false	no match		false		low
Mucopolysaccharidoses (e.g., Hunter syndrome)	MONDO:0019249	mucopolysaccharidosis	true	MONDO:0019249		false		high
Mucopolysaccharidosis IV (Morquio syndrome)	MONDO:0019298	mucopolysaccharidosis type 4	false	no match		false		low
Mucopolysaccharidosis Type I (Hurler Syndrome)	MONDO:0001586	mucopolysaccharidosis type 1	true	MONDO:0001586		false		low
Mucopolysaccharidosis Type I (Hurler syndrome)	MONDO:0001586	mucopolysaccharidosis type 1	true	MONDO:0001586		false		low
Mucopolysaccharidosis Type I H/S (Hurler-Scheie Syndrome)	MONDO:0001586	mucopolysaccharidosis type 1	true	MONDO:0001586		false		low
Mucopolysaccharidosis Type II (Hunter Syndrome)	MONDO:0010674	mucopolysaccharidosis type 2	true	MONDO:0010674		false		medium
Mucopolysaccharidosis Type II (Hunter syndrome)	MONDO:0010674	mucopolysaccharidosis type 2	true	MONDO:0010674		false		medium
Mucopolysaccharidosis Type III (Sanfilippo syndrome)	MONDO:0019250	mucopolysaccharidosis type 3	false	no match		false		low
Mucopolysaccharidosis Type IV (Morquio Syndrome)	MONDO:0019298	mucopolysaccharidosis type 4	false	no match		false		low
Mucopolysaccharidosis Type IV (Morquio syndrome)	MONDO:0019298	mucopolysaccharidosis type 4	false	no match		false		low
Mucopolysaccharidosis Type IVA (Morquio A syndrome)	MONDO:0009659	mucopolysaccharidosis type 4A	true	MONDO:0009659		false		medium
Mucopolysaccharidosis Type VI (Maroteaux-Lamy Syndrome)	MONDO:0009661	mucopolysaccharidosis type 6	true	MONDO:0009661		false		medium
Mucopolysaccharidosis Type VI (Maroteaux-Lamy syndrome)	MONDO:0009661	mucopolysaccharidosis type 6	true	MONDO:0009661		false		medium
Mucopolysaccharidosis Type VII (Sly syndrome)	MONDO:0009662	mucopolysaccharidosis type 7	true	MONDO:0009662		false		medium
Mucopolysaccharidosis type I (Hurler Syndrome)	MONDO:0001586	mucopolysaccharidosis type 1	true	MONDO:0001586		false		low
Mucopolysaccharidosis type I (Hurler syndrome)	MONDO:0001586	mucopolysaccharidosis type 1	true	MONDO:0001586		false		low
Mucopolysaccharidosis type I (Scheie syndrome)	MONDO:0001586	mucopolysaccharidosis type 1	true	MONDO:0001586		false		low
Mucopolysaccharidosis type II (Hunter Syndrome)	MONDO:0010674	mucopolysaccharidosis type 2	true	MONDO:0010674		false		medium
Mucopolysaccharidosis type II (Hunter syndrome)	MONDO:0010674	mucopolysaccharidosis type 2	true	MONDO:0010674		false		medium
Mucopolysaccharidosis type III (Sanfilippo syndrome)	MONDO:0019250	mucopolysaccharidosis type 3	false	no match		false		low
Mucopolysaccharidosis type IV (Morquio syndrome)	MONDO:0019298	mucopolysaccharidosis type 4	false	no match		false		low
Mucopolysaccharidosis type IVB (Morquio B disease)	MONDO:0009660	mucopolysaccharidosis type 4B	true	MONDO:0009660		false		medium
Mucopolysaccharidosis type VI (Maroteaux-Lamy syndrome)	MONDO:0009661	mucopolysaccharidosis type 6	true	MONDO:0009661		false		medium
Mucopolysaccharidosis type VII (Sly syndrome)	MONDO:0009662	mucopolysaccharidosis type 7	true	MONDO:0009662		false		medium
Muenke Syndrome	MONDO:0011236	Muenke syndrome	false	no match	MONDO:0011274	true	false	low
Muenke syndrome	MONDO:0011236	Muenke syndrome	false	no match	MONDO:0011274	true	false	low
Muir-Torre Syndrome	MONDO:0008037	Muir-Torre syndrome	false	no match	MONDO:0008018	true	false	low
Muir-Torre syndrome	MONDO:0008037	Muir-Torre syndrome	false	no match	MONDO:0008018	true	false	low
Muir–Torre Syndrome	MONDO:0008037	Muir-Torre syndrome	false	no match		false		low
Mulibrey nanism	MONDO:0009663	Mulibrey nanism	false	no match	MONDO:0009664	true	false	medium
Multifocal motor neuropathy	MONDO:0018151	multifocal motor neuropathy	false	no match	MONDO:0018979	true	false	low
Multiminicore Disease	MONDO:0018052	multiminicore myopathy	false	no match	MONDO:0018948	true	false	low
Multiple Acyl-CoA Dehydrogenase Deficiency	MONDO:0009282	multiple acyl-CoA dehydrogenase deficiency	true	MONDO:0009282	MONDO:0009282	true	true	medium
Multiple Acyl-CoA Dehydrogenase Deficiency (MADD)	MONDO:0009282	multiple acyl-CoA dehydrogenase deficiency	true	MONDO:0009282		false		medium
Multiple Carboxylase Deficiency	MONDO:0009665	holocarboxylase synthetase deficiency	false	no match	MONDO:0009666;MONDO:0015454	true	false	low
Multiple Endocrine Neoplasia Type 1 (MEN1)	MONDO:0007540	multiple endocrine neoplasia type 1	true	MONDO:0007540		false		high
Multiple Endocrine Neoplasia Type 2B	MONDO:0008082	multiple endocrine neoplasia type 2B	true	MONDO:0008082	MONDO:0008082	true	true	medium
Multiple Endocrine Neoplasia Type 2B (MEN 2B)	MONDO:0008082	multiple endocrine neoplasia type 2B	true	MONDO:0008082		false		medium
Multiple Endocrine Neoplasia Type 2B (MEN2B)	MONDO:0008082	multiple endocrine neoplasia type 2B	true	MONDO:0008082		false		medium
Multiple Endocrine Neoplasia type 2B	MONDO:0008082	multiple endocrine neoplasia type 2B	true	MONDO:0008082	MONDO:0008082	true	true	medium
Multiple Endocrine Neoplasia type 2B (MEN 2B)	MONDO:0008082	multiple endocrine neoplasia type 2B	true	MONDO:0008082		false		medium
Multiple Epiphyseal Dysplasia	MONDO:0016648	multiple epiphyseal dysplasia	true	MONDO:0016648	MONDO:0016648	true	true	low
Multiple Epiphyseal Dysplasia (MED)	MONDO:0016648	multiple epiphyseal dysplasia	true	MONDO:0016648		false		low
Multiple Familial Keratoacanthomas (Witten–Zak Syndrome)	no match		false	no match		false		low
Multiple Hereditary Exostoses	MONDO:0005412	hereditary multiple osteochondromas	false	no match		false		low
Multiple Morphological Abnormalities of the Sperm Flagella (MMAF)	MONDO:0957227	multiple morphological abnormalities of the sperm flagella	false	no match		false		low
Multiple Osteochondromas (Hereditary Multiple Exostoses)	MONDO:0005412	hereditary multiple osteochondromas	false	no match		false		low
Multiple Pterygium Syndrome	MONDO:0017415	multiple pterygium syndrome	true	MONDO:0017415	MONDO:0009926;MONDO:0017415	true	true	low
Multiple Pterygium Syndrome (lethal type)	MONDO:0009668	lethal multiple pterygium syndrome	true	MONDO:0009668		false		low
Multiple Sclerosis	MONDO:0005301	multiple sclerosis	true	MONDO:0005301	MONDO:0005301	true	true	high
Multiple Sclerosis (MS)	MONDO:0005301	multiple sclerosis	true	MONDO:0005301		false		high
Multiple Self-Healing Squamous Epithelioma (Ferguson-Smith Disease)	MONDO:0007574	multiple self-healing squamous epithelioma	false	no match		false		low
Multiple Self-Healing Squamous Epithelioma (Ferguson-Smith disease)	MONDO:0007574	multiple self-healing squamous epithelioma	false	no match		false		low
Multiple Self-Healing Squamous Epithelioma (Ferguson–Smith disease)	MONDO:0007574	multiple self-healing squamous epithelioma	false	no match		false		low
Multiple Self-Healing Squamous Epithelioma (MSSE)	MONDO:0007574	multiple self-healing squamous epithelioma	false	no match		false		low
Multiple Sulfatase Deficiency	MONDO:0009661	multiple sulfatase deficiency	false	no match	MONDO:0010088	true	false	high
Multiple Synostoses Syndrome	MONDO:0016064	multiple synostoses syndrome	false	no match	MONDO:0017923	true	false	low
Multiple System Atrophy (Cerebellar Type)	MONDO:0007803	multiple system atrophy	true	MONDO:0007803		false		low
Multiple System Atrophy (MSA)	MONDO:0007803	multiple system atrophy	true	MONDO:0007803		false		medium
Multiple System Atrophy, Cerebellar Type (MSA-C)	MONDO:0007803	multiple system atrophy	true	MONDO:0007803		false		low
Multiple System Atrophy-Cerebellar type (MSA-C)	MONDO:0007803	multiple system atrophy	true	MONDO:0007803		false		low
Multiple acyl-CoA dehydrogenase (MADD) deficiency	MONDO:0009282	multiple acyl-CoA dehydrogenase deficiency	true	MONDO:0009282		false		high
Multiple acyl-CoA dehydrogenase deficiency	MONDO:0009282	multiple acyl-CoA dehydrogenase deficiency	true	MONDO:0009282	MONDO:0009282	true	true	high
Multiple acyl-CoA dehydrogenase deficiency (Glutaric acidemia type II)	MONDO:0009282	multiple acyl-CoA dehydrogenase deficiency	true	MONDO:0009282		false		high
Multiple acyl-CoA dehydrogenase deficiency (Glutaric aciduria type II)	MONDO:0009282	multiple acyl-CoA dehydrogenase deficiency	true	MONDO:0009282		false		high
Multiple acyl-CoA dehydrogenase deficiency (MADD)	MONDO:0009282	multiple acyl-CoA dehydrogenase deficiency	true	MONDO:0009282		false		high
Multiple acyl-CoA dehydrogenase deficiency (MADD) / Glutaric acidemia type II	MONDO:0009282	multiple acyl-CoA dehydrogenase deficiency	true	MONDO:0009282		false		high
Multiple carboxylase deficiency	MONDO:0019268	multiple carboxylase deficiency	false	no match	MONDO:0009666;MONDO:0015454	true	false	low
Multiple endocrine neoplasia type 1	MONDO:0007540	multiple endocrine neoplasia type 1	true	MONDO:0007540	MONDO:0007540	true	true	high
Multiple endocrine neoplasia type 1 (MEN1)	MONDO:0007540	multiple endocrine neoplasia type 1	true	MONDO:0007540		false		high
Multiple endocrine neoplasia type 2B	MONDO:0008082	multiple endocrine neoplasia type 2B	true	MONDO:0008082	MONDO:0008082	true	true	high
Multiple endocrine neoplasia type 2B (MEN 2B)	MONDO:0008082	multiple endocrine neoplasia type 2B	true	MONDO:0008082		false		high
Multiple endocrine neoplasia type 2B (MEN2B)	MONDO:0008082	multiple endocrine neoplasia type 2B	true	MONDO:0008082		false		high
Multiple epiphyseal dysplasia	MONDO:0016648	multiple epiphyseal dysplasia	true	MONDO:0016648	MONDO:0016648	true	true	medium
Multiple hereditary exostoses	MONDO:0016379	hereditary multiple osteochondromas	false	no match		false		low
Multiple keratoacanthomas	MONDO:0017730	generalized eruptive keratoacanthoma	false	no match		false		low
Multiple keratoacanthomas of Grzybowski type	MONDO:0017730	generalized eruptive keratoacanthoma	false	no match		false		medium
Multiple mitochondrial dysfunctions syndrome	MONDO:0018110	multiple mitochondrial dysfunctions syndrome	false	no match	MONDO:0017338	true	false	low
Multiple mitochondrial dysfunctions syndrome (MMDS)	MONDO:0018110	multiple mitochondrial dysfunctions syndrome	false	no match		false		low
Multiple morphological abnormalities of the sperm flagella (MMAF) syndrome	MONDO:0014717	spermatogenic failure 18	false	no match		false		low
Multiple myeloma	MONDO:0009693	plasma cell myeloma	true	MONDO:0009693	MONDO:0009693;MONDO:1013329	true	true	high
Multiple pterygium syndrome	MONDO:0019034	multiple pterygium syndrome	false	no match	MONDO:0009926;MONDO:0017415	true	false	medium
Multiple pterygium syndrome (Escobar type)	MONDO:0009752	multiple pterygium syndrome, Escobar type	false	no match		false		medium
Multiple sclerosis	MONDO:0005301	multiple sclerosis	true	MONDO:0005301	MONDO:0005301	true	true	high
Multiple sclerosis (MS)	MONDO:0005301	multiple sclerosis	true	MONDO:0005301		false		high
Multiple sclerosis (early-onset)	MONDO:0005301	multiple sclerosis	true	MONDO:0005301		false		medium
Multiple self-healing epithelioma of Witten and Zak	MONDO:0007574	multiple self-healing squamous epithelioma	false	no match		false		low
Multiple self-healing squamous epithelioma (Ferguson-Smith disease)	MONDO:0007574	multiple self-healing squamous epithelioma	false	no match		false		low
Multiple self-healing squamous epithelioma (Ferguson-Smith type)	MONDO:0007574	multiple self-healing squamous epithelioma	false	no match		false		low
Multiple sulfatase deficiency	MONDO:0009661	multiple sulfatase deficiency	false	no match	MONDO:0010088	true	false	high
Multiple synostoses syndrome	MONDO:0016064	multiple synostoses syndrome	false	no match	MONDO:0017923	true	false	low
Multiple system atrophy	MONDO:0007803	multiple system atrophy	true	MONDO:0007803	MONDO:0007803	true	true	medium
Multiple system atrophy (cerebellar type)	MONDO:0007803	multiple system atrophy	true	MONDO:0007803		false		low
Multiple system atrophy of cerebellar type	MONDO:0007803	multiple system atrophy	true	MONDO:0007803		false		low
Multiple system atrophy of cerebellar type (MSA-C)	MONDO:0007803	multiple system atrophy	true	MONDO:0007803		false		low
Multiple system atrophy, cerebellar type	MONDO:0007803	multiple system atrophy	true	MONDO:0007803	MONDO:0016418	true	false	low
Multiple system atrophy, cerebellar type (MSA-C)	MONDO:0007803	multiple system atrophy	true	MONDO:0007803		false		low
Multisystemic Smooth Muscle Dysfunction Syndrome (MSMDS) due to ACTA2 mutation	MONDO:0013332	multisystemic smooth muscle dysfunction syndrome	false	no match		false		low
Muscle-eye-brain disease	MONDO:0009686	muscle-eye-brain disease	false	no match	MONDO:0018939	true	false	low
Muscular dystrophy (Duchenne type)	MONDO:0010679	Duchenne muscular dystrophy	true	MONDO:0010679		false		high
Myasthenia Gravis	MONDO:0009688	myasthenia gravis	true	MONDO:0009688	MONDO:0009688	true	true	medium
Myasthenia gravis	MONDO:0009688	myasthenia gravis	true	MONDO:0009688	MONDO:0009688	true	true	high
Myelodysplastic Syndrome	MONDO:0018881	myelodysplastic syndrome	true	MONDO:0018881	MONDO:0018881;MONDO:0044873	true	true	high
Myelodysplastic syndrome	MONDO:0018881	myelodysplastic syndrome	true	MONDO:0018881	MONDO:0018881;MONDO:0044873	true	true	high
Myelodysplastic syndrome with thrombocytosis	MONDO:0018881	myelodysplastic syndrome	true	MONDO:0018881		false		low
Myelodysplastic syndromes	MONDO:0018881	myelodysplastic syndrome	true	MONDO:0018881	MONDO:0018881	true	true	high
Myhre syndrome	MONDO:0009686	Myhre syndrome	false	no match	MONDO:0007688	true	false	medium
Myocarditis	MONDO:0004496	myocarditis	true	MONDO:0004496	MONDO:0004496	true	true	high
Myoclonic Astatic Epilepsy (Doose Syndrome)	MONDO:0011849	epilepsy with myoclonic-atonic seizures	false	no match		false		low
Myoclonic Epilepsy with Ragged Red Fibers (MERRF syndrome)	MONDO:0010789	MERRF syndrome	false	no match		false		medium
Myoclonic Epilepsy with Ragged Red Fibers (MERRF)	MONDO:0010789	MERRF syndrome	false	no match		false		medium
Myoclonic epilepsy of infancy (MEI)	MONDO:0016086	myoclonic epilepsy in infancy	false	no match		false		low
Myoclonic epilepsy with ragged red fibers (MERRF)	MONDO:0010789	MERRF syndrome	false	no match		false		medium
Myoclonic epilepsy with ragged-red fibers (MERRF)	MONDO:0010789	MERRF syndrome	false	no match		false		medium
Myoclonic epilepsy with ragged-red fibers (MERRF) syndrome	MONDO:0010789	MERRF syndrome	false	no match		false		medium
Myoclonic-Astatic Epilepsy (Doose Syndrome)	MONDO:0011849	epilepsy with myoclonic-atonic seizures	false	no match		false		low
Myoclonic-Astatic Epilepsy (Doose syndrome)	MONDO:0011849	epilepsy with myoclonic-atonic seizures	false	no match		false		low
Myoclonic-astatic epilepsy (Doose syndrome)	MONDO:0011849	epilepsy with myoclonic-atonic seizures	false	no match		false		low
Myoclonus-Dystonia Syndrome	MONDO:0007565	dystonia 11, myoclonic	false	no match	MONDO:0000903	true	false	low
Myofibrillar Myopathy	MONDO:0018943	myofibrillar myopathy	true	MONDO:0018943	MONDO:0018943	true	true	medium
Myofibrillar myopathy	MONDO:0018943	myofibrillar myopathy	true	MONDO:0018943	MONDO:0018943	true	true	medium
Myopic degeneration (pathological myopia)	MONDO:0005365	degenerative myopia	false	no match		false		low
Myositis ossificans	MONDO:0005979	myositis ossificans	false	no match	MONDO:0003964	true	false	low
Myostatin-Related Muscle Hypertrophy	MONDO:0012433	muscle hypertrophy	false	no match	MONDO:0013598	true	false	low
Myotonia congenita	MONDO:0016363	myotonia congenita	false	no match	MONDO:0009710	true	false	low
Myotonic Dystrophy	MONDO:0005338	myotonic dystrophy	false	no match	MONDO:0016107	true	false	low
Myotonic Dystrophy Type 1	MONDO:0008056	myotonic dystrophy type 1	true	MONDO:0008056	MONDO:0008056	true	true	medium
Myotonic Dystrophy Type 2	MONDO:0011266	myotonic dystrophy type 2	true	MONDO:0011266	MONDO:0011266	true	true	medium
Myotonic Dystrophy Type 2 (Proximal Myotonic Myopathy)	MONDO:0011266	myotonic dystrophy type 2	true	MONDO:0011266		false		medium
Myotonic dystrophy	MONDO:0005338	myotonic dystrophy	false	no match	MONDO:0016107	true	false	low
Myotonic dystrophy type 1	MONDO:0008056	myotonic dystrophy type 1	true	MONDO:0008056	MONDO:0008056	true	true	medium
Myotonic dystrophy type 1 (congenital form)	MONDO:0008056	myotonic dystrophy type 1	true	MONDO:0008056		false		low
Myotonic dystrophy type 2	MONDO:0011266	myotonic dystrophy type 2	true	MONDO:0011266	MONDO:0011266	true	true	medium
Myotubular Myopathy	MONDO:0010683	X-linked centronuclear myopathy	true	MONDO:0010683		false		medium
Ménière's Disease	MONDO:0007972	Meniere disease	true	MONDO:0007972		false		medium
Möbius Syndrome	MONDO:0008006	Moebius syndrome	true	MONDO:0008006	MONDO:0008006	true	true	medium
Möbius syndrome	MONDO:0008006	Moebius syndrome	true	MONDO:0008006	MONDO:0008006	true	true	medium
NARP syndrome (Neuropathy, Ataxia, and Retinitis Pigmentosa)	MONDO:0010794	NARP syndrome	true	MONDO:0010794		false		medium
NDUFS1-related mitochondrial disease	MONDO:0100133	mitochondrial complex I deficiency	true	MONDO:0100133		false		low
NDUFV1-related mitochondrial complex I deficiency	MONDO:0100133	mitochondrial complex I deficiency	true	MONDO:0100133		false		low
NEMO deficiency (IKBKG deficiency)	MONDO:0010631	hypohidrotic ectodermal dysplasia with immunodeficiency	false	no match		false		low
NEMO deficiency syndrome	MONDO:0010631	hypohidrotic ectodermal dysplasia with immunodeficiency	false	no match	MONDO:0010386	true	false	low
NEUROD1-MODY (MODY 6)	MONDO:0012348	maturity-onset diabetes of the young type 6	false	no match		false		low
NFKB1 Deficiency	MONDO:0014488	common variable immunodeficiency 12	false	no match		false		low
NGLY1 deficiency	MONDO:0014109	NGLY1-deficiency	false	no match	MONDO:0800044	true	false	low
NKX2-1 deficiency (Brain-Lung-Thyroid syndrome)	MONDO:0007209	benign hereditary chorea	false	no match		false		low
NKX2-1-related benign hereditary chorea	MONDO:0007209	benign hereditary chorea	false	no match		false		low
NKX2-5 Associated Congenital Heart Disease	MONDO:0007150	atrial septal defect 7	false	no match		false		low
NKX2-5 Mutation–Associated Atrioventricular Block	MONDO:0007150	atrial septal defect 7	false	no match		false		low
NKX2-5-related congenital heart disease	MONDO:0007150	atrial septal defect 7	false	no match		false		low
NKX2.5-related congenital heart disease	MONDO:0007150	atrial septal defect 7	false	no match		false		low
NLGN4-related autism spectrum disorder	MONDO:0010383	autism, susceptibility to, X-linked 2	false	no match		false		low
NLGN4X-Related Disorder	MONDO:0010383	autism, susceptibility to, X-linked 2	false	no match		false		low
NLGN4X-related autism spectrum disorder	MONDO:0010383	autism, susceptibility to, X-linked 2	false	no match		false		low
NOBOX gene mutation	MONDO:0012769	premature ovarian failure 5	false	no match		false		low
NPHS2-associated nephrotic syndrome	MONDO:0011010	nephrotic syndrome, type 2	false	no match		false		low
NPHS2-related Nephrotic Syndrome	MONDO:0011010	nephrotic syndrome, type 2	false	no match		false		low
NPHS2-related steroid-resistant nephrotic syndrome	MONDO:0011010	nephrotic syndrome, type 2	false	no match		false		low
NRXN1 Deletion	MONDO:0012916	Pitt-Hopkins-like syndrome 2	false	no match		false		low
NRXN1 Gene Mutation	MONDO:0012916	Pitt-Hopkins-like syndrome 2	false	no match		false		low
NRXN1 Mutation-associated Autism	MONDO:0005260	autism	true	MONDO:0005260		false		medium
NRXN1 deletion syndrome	MONDO:0012916	Pitt-Hopkins-like syndrome 2	false	no match		false		low
NRXN1 gene mutation	MONDO:0012916	Pitt-Hopkins-like syndrome 2	false	no match		false		low
NRXN1 mutation-associated Autism Spectrum Disorder	MONDO:0005258	autism spectrum disorder	true	MONDO:0005258		false		high
NRXN1 mutation-associated autism	MONDO:0005260	autism	true	MONDO:0005260		false		medium
NRXN1 mutation-associated autism spectrum disorder	MONDO:0005258	autism spectrum disorder	true	MONDO:0005258		false		high
NRXN1-Related Disorder	MONDO:0012916	Pitt-Hopkins-like syndrome 2	false	no match		false		low
NRXN1-related autism spectrum disorder	MONDO:0005258	autism spectrum disorder	true	MONDO:0005258		false		medium
NRXN1-related disorder	MONDO:0012916	Pitt-Hopkins-like syndrome 2	false	no match		false		low
Nablus Mask-Like Facial Syndrome	MONDO:0012660	Nablus mask-like facial syndrome	false	no match	MONDO:0011977	true	false	medium
Nablus mask-like facial syndrome	MONDO:0012660	Nablus mask-like facial syndrome	false	no match	MONDO:0011977	true	false	medium
Nager Syndrome	MONDO:0007026	Nager acrofacial dysostosis	false	no match	MONDO:0007943	true	false	medium
Nager syndrome	MONDO:0007026	Nager acrofacial dysostosis	false	no match	MONDO:0007943	true	false	medium
Nager syndrome (Nager acrofacial dysostosis)	MONDO:0007026	Nager acrofacial dysostosis	false	no match		false		medium
Nager syndrome (Preaxial acrofacial dysostosis)	MONDO:0007026	Nager acrofacial dysostosis	false	no match		false		medium
Nail-Patella Syndrome	MONDO:0007029	nail-patella syndrome	false	no match	MONDO:0008061	true	false	medium
Nail-Patella syndrome	MONDO:0007029	nail-patella syndrome	false	no match	MONDO:0008061	true	false	medium
Nail-patella syndrome	MONDO:0007029	nail-patella syndrome	false	no match	MONDO:0008061	true	false	medium
Nance-Horan syndrome	MONDO:0010676	Nance-Horan syndrome	false	no match	MONDO:0010545	true	false	medium
Nanophthalmos	MONDO:0020258	nanophthalmos	false	no match	MONDO:0021129	true	false	low
Nanophthalmos-retinal fold syndrome (MCOP6)	MONDO:0012791	microphthalmia, isolated 6	false	no match		false		low
Narcolepsy Type 1	MONDO:0016158	narcolepsy type 1	true	MONDO:0016158	MONDO:0016158	true	true	low
Native American Myopathy	MONDO:0009740	Native American myopathy	false	no match	MONDO:0009722	true	false	low
Navajo neurohepatopathy	MONDO:0009752	Navajo neurohepatopathy	false	no match	MONDO:0009747	true	false	low
Naxos disease	MONDO:0011300	Naxos disease	false	no match	MONDO:0011017	true	false	low
Nemaline Myopathy	MONDO:0018958	nemaline myopathy	true	MONDO:0018958	MONDO:0018958	true	true	high
Nemaline myopathy	MONDO:0018958	nemaline myopathy	true	MONDO:0018958	MONDO:0018958	true	true	high
Neonatal Hemochromatosis	MONDO:0010018	neonatal hemochromatosis	false	no match	MONDO:0009275	true	false	low
Neonatal Marfan syndrome	MONDO:0017310	neonatal Marfan syndrome	false	no match	MONDO:0017309	true	false	low
Neonatal Progeroid Syndrome (Wiedemann-Rautenstrauch Syndrome)	MONDO:0009893	Wiedemann-Rautenstrauch syndrome	false	no match		false		low
Neonatal adrenoleukodystrophy	MONDO:0018160	neonatal adrenoleukodystrophy	false	no match		false		low
Neonatal arterial ischemic stroke	MONDO:0020797	perinatal arterial ischemic stroke	false	no match		false		low
Neonatal diabetes mellitus with neurological features due to **ABCC8** mutations	MONDO:0011666	permanent neonatal diabetes mellitus	false	no match		false		low
Neonatal hemochromatosis	MONDO:0010018	neonatal hemochromatosis	false	no match	MONDO:0009275	true	false	low
Neonatal stroke	MONDO:0020797	perinatal arterial ischemic stroke	false	no match		false		low
Nephronophthisis	MONDO:0019005	nephronophthisis	true	MONDO:0019005	MONDO:0019005	true	true	medium
Nephropathic cystinosis	MONDO:0009061	nephropathic cystinosis	false	no match	MONDO:0100151	true	false	low
Nestor-Guillermo progeria syndrome	MONDO:0013765	Nestor-Guillermo progeria syndrome	false	no match	MONDO:0013523	true	false	low
Netherton Syndrome	MONDO:0009732	Netherton syndrome	false	no match	MONDO:0009735	true	false	low
Netherton syndrome	MONDO:0009732	Netherton syndrome	false	no match	MONDO:0009735	true	false	low
Neuregulin 1 (NRG1) gene mutation	no match		false	no match		false		low
Neuroacanthocytosis	MONDO:0016797	neuroacanthocytosis	false	no match	MONDO:0016987	true	false	low
Neurocutaneous melanosis	MONDO:0009726	neurocutaneous melanocytosis	false	no match	MONDO:0009578	true	false	low
Neurodegeneration with Brain Iron Accumulation (NBIA)	MONDO:0018307	neurodegeneration with brain iron accumulation	true	MONDO:0018307		false		high
Neurodegeneration with brain iron accumulation (NBIA)	MONDO:0018307	neurodegeneration with brain iron accumulation	true	MONDO:0018307		false		high
Neurodegeneration with brain iron accumulation (NBIA) disorders	MONDO:0018307	neurodegeneration with brain iron accumulation	true	MONDO:0018307		false		high
Neurodegeneration with brain iron accumulation (e.g., Pantothenate kinase-associated neurodegeneration)	MONDO:0018307	neurodegeneration with brain iron accumulation	true	MONDO:0018307		false		medium
Neuroferritinopathy	MONDO:0011638	neuroferritinopathy	true	MONDO:0011638	MONDO:0011638	true	true	low
Neurofibromatosis Type 1	MONDO:0018975	neurofibromatosis type 1	true	MONDO:0018975	MONDO:0018975	true	true	high
Neurofibromatosis Type 1 (NF1)	MONDO:0018975	neurofibromatosis type 1	true	MONDO:0018975		false		high
Neurofibromatosis Type 1 (less likely)	MONDO:0018975	neurofibromatosis type 1	true	MONDO:0018975		false		high
Neurofibromatosis Type 2	MONDO:0007039	neurofibromatosis type 2	true	MONDO:0007039	MONDO:0007039	true	true	high
Neurofibromatosis Type I	MONDO:0018975	neurofibromatosis type 1	true	MONDO:0018975	MONDO:0018975	true	true	high
Neurofibromatosis Type II	MONDO:0007039	neurofibromatosis type 2	true	MONDO:0007039	MONDO:0007039	true	true	high
Neurofibromatosis type 1	MONDO:0018975	neurofibromatosis type 1	true	MONDO:0018975	MONDO:0018975	true	true	high
Neurofibromatosis type 1 (NF1)	MONDO:0018975	neurofibromatosis type 1	true	MONDO:0018975		false		high
Neurofibromatosis type 2	MONDO:0007039	neurofibromatosis type 2	true	MONDO:0007039	MONDO:0007039	true	true	high
Neurofibromatosis type 2 (NF2)	MONDO:0007039	neurofibromatosis type 2	true	MONDO:0007039		false		high
Neurofibromatosis type II	MONDO:0007039	neurofibromatosis type 2	true	MONDO:0007039	MONDO:0007039	true	true	high
Neuroligin Gene Mutations (NLGN3/NLGN4)	MONDO:0005258	autism spectrum disorder	true	MONDO:0005258		false		low
Neurometabolic disorders	MONDO:0019052	inborn errors of metabolism	true	MONDO:0019052		false		low
Neuronal Ceroid Lipofuscinoses (Batten Disease)	MONDO:0016295	neuronal ceroid lipofuscinosis	true	MONDO:0016295		false		high
Neuronal Ceroid Lipofuscinosis	MONDO:0016295	neuronal ceroid lipofuscinosis	true	MONDO:0016295	MONDO:0016295	true	true	high
Neuronal Ceroid Lipofuscinosis (Batten Disease)	MONDO:0016295	neuronal ceroid lipofuscinosis	true	MONDO:0016295		false		high
Neuronal Ceroid Lipofuscinosis (NCL)	MONDO:0016295	neuronal ceroid lipofuscinosis	true	MONDO:0016295		false		high
Neuronal ceroid lipofuscinoses (Batten disease)	MONDO:0016295	neuronal ceroid lipofuscinosis	true	MONDO:0016295		false		high
Neuronal ceroid lipofuscinosis	MONDO:0016295	neuronal ceroid lipofuscinosis	true	MONDO:0016295	MONDO:0016295	true	true	high
Neuronal ceroid lipofuscinosis (Batten disease)	MONDO:0016295	neuronal ceroid lipofuscinosis	true	MONDO:0016295		false		high
Neuronal ceroid lipofuscinosis (CLN1 disease)	MONDO:0009744	CLN1 disease	true	MONDO:0009744		false		medium
Neuronal ceroid lipofuscinosis (CLN3 disease)	MONDO:0008767	CLN3 disease	false	no match		false		medium
Neuronal ceroid lipofuscinosis (Juvenile NCL)	MONDO:0008767	CLN3 disease	false	no match		false		medium
Neuronal ceroid lipofuscinosis (NCL)	MONDO:0016295	neuronal ceroid lipofuscinosis	true	MONDO:0016295		false		high
Neuronal ceroid lipofuscinosis (adult-onset form)	MONDO:0016298	adult neuronal ceroid lipofuscinosis	false	no match		false		low
Neuronal ceroid lipofuscinosis (infantile form)	MONDO:0009744	CLN1 disease	true	MONDO:0009744		false		low
Neuronal ceroid lipofuscinosis (juvenile form)	MONDO:0008767	CLN3 disease	false	no match		false		medium
Neuronal ceroid lipofuscinosis (juvenile type)	MONDO:0008767	CLN3 disease	false	no match		false		medium
Neuronal ceroid lipofuscinosis type 2 (CLN2 disease)	MONDO:0008768	CLN2 disease	false	no match		false		low
Neutral lipid storage disease	MONDO:0009918	neutral lipid storage myopathy	false	no match	MONDO:0015611	true	false	low
Neutral lipid storage disease (Chanarin-Dorfman syndrome)	MONDO:0009918	Chanarin-Dorfman syndrome	false	no match		false		low
Neutral lipid storage disease with ichthyosis (Chanarin-Dorfman syndrome)	MONDO:0009918	Chanarin-Dorfman syndrome	false	no match		false		low
Nicolaides-Baraitser syndrome	MONDO:0012154	Nicolaides-Baraitser syndrome	false	no match	MONDO:0011053	true	false	medium
Nicolaides–Baraitser syndrome	MONDO:0012154	Nicolaides-Baraitser syndrome	false	no match		false		medium
Niemann-Pick Disease Type C	MONDO:0018982	Niemann-Pick disease type C	true	MONDO:0018982	MONDO:0018982	true	true	high
Niemann-Pick disease	MONDO:0001982	Niemann-Pick disease	true	MONDO:0001982	MONDO:0001982	true	true	medium
Niemann-Pick disease Type A	MONDO:0009757	Niemann-Pick disease type A	false	no match	MONDO:0009756	true	false	medium
Niemann-Pick disease Type C	MONDO:0018982	Niemann-Pick disease type C	true	MONDO:0018982	MONDO:0018982	true	true	high
Niemann-Pick disease type A	MONDO:0009757	Niemann-Pick disease type A	false	no match	MONDO:0009756	true	false	medium
Niemann-Pick disease type C	MONDO:0018982	Niemann-Pick disease type C	true	MONDO:0018982	MONDO:0018982	true	true	high
Niemann-Pick disease type C (NPC)	MONDO:0018982	Niemann-Pick disease type C	true	MONDO:0018982		false		high
Nievergelt-Pearlman syndrome	MONDO:0008097	Nievergelt-Pearlman syndrome	false	no match		false		low
Nijmegen Breakage Syndrome	MONDO:0009623	Nijmegen breakage syndrome	true	MONDO:0009623	MONDO:0009623	true	true	medium
Nijmegen breakage syndrome	MONDO:0009623	Nijmegen breakage syndrome	true	MONDO:0009623	MONDO:0009623	true	true	medium
No diagnosis can be made based on the information provided.	no match		false	no match		false		low
No specific diagnosis can be suggested due to insufficient information.	no match		false	no match		false		low
Non-Hodgkin Lymphoma	MONDO:0018908	non-Hodgkin lymphoma	true	MONDO:0018908	MONDO:0018908	true	true	medium
Non-Ketotic Hyperglycinemia	MONDO:0011612	glycine encephalopathy	true	MONDO:0011612	MONDO:0011612	true	true	medium
Non-Ketotic Hyperglycinemia (Glycine Encephalopathy)	MONDO:0011612	glycine encephalopathy	true	MONDO:0011612		false		medium
Non-ketotic Hyperglycinemia	MONDO:0011612	glycine encephalopathy	true	MONDO:0011612	MONDO:0011612	true	true	medium
Non-ketotic hyperglycinemia	MONDO:0011612	glycine encephalopathy	true	MONDO:0011612	MONDO:0011612	true	true	medium
Non-ketotic hyperglycinemia (Glycine Encephalopathy)	MONDO:0011612	glycine encephalopathy	true	MONDO:0011612		false		medium
Non-ketotic hyperglycinemia (Glycine encephalopathy)	MONDO:0011612	glycine encephalopathy	true	MONDO:0011612		false		medium
Non-progressive congenital ataxia	MONDO:0100309	hereditary ataxia	true	MONDO:0100309		false		low
Non-syndromic Amelogenesis Imperfecta	MONDO:0019507	amelogenesis imperfecta	true	MONDO:0019507		false		medium
Non-syndromic X-linked intellectual disability	MONDO:0019181	non-syndromic X-linked intellectual disability	true	MONDO:0019181	MONDO:0019181	true	true	high
Non-syndromic autosomal dominant sensorineural hearing loss	MONDO:0019587	autosomal dominant nonsyndromic hearing loss	true	MONDO:0019587		false		medium
Non-syndromic autosomal recessive sensorineural hearing loss (GJB2-related)	MONDO:0009076	autosomal recessive nonsyndromic hearing loss 1A	true	MONDO:0009076		false		medium
Non-syndromic autosomal recessive sensorineural hearing loss (e.g., GJB2 mutation)	MONDO:0019588	autosomal recessive nonsyndromic hearing loss	false	no match		false		medium
Non-syndromic congenital high myopia	MONDO:0011578	high myopia	false	no match		false		low
Non-syndromic familial high myopia	MONDO:0011578	high myopia	false	no match		false		low
Non-syndromic high myopia	MONDO:0011578	high myopia	false	no match		false		low
Non-syndromic intellectual disability	MONDO:0000509	non-syndromic intellectual disability	true	MONDO:0000509	MONDO:0000509	true	true	medium
Non-syndromic intellectual disability with microcephaly	MONDO:0016660	primary microcephaly	false	no match		false		low
Non-syndromic postaxial polydactyly	MONDO:0021004	polydactyly	false	no match		false		low
Non-syndromic preaxial polydactyly with syndactyly	MONDO:0021004	polydactyly	false	no match		false		low
Non-syndromic retinitis pigmentosa	MONDO:0019200	retinitis pigmentosa	true	MONDO:0019200		false		medium
Non-syndromic sensorineural hearing loss	MONDO:0019497	nonsyndromic genetic hearing loss	true	MONDO:0019497		false		medium
Non-syndromic sensorineural hearing loss (GJB2-related)	MONDO:0009076	autosomal recessive nonsyndromic hearing loss 1A	true	MONDO:0009076		false		medium
Non-syndromic sensorineural hearing loss due to GJB2 (Connexin 26) mutations	MONDO:0009076	autosomal recessive nonsyndromic hearing loss 1A	true	MONDO:0009076		false		medium
Non-syndromic sensorineural hearing loss due to GJB2 mutations	MONDO:0009076	autosomal recessive nonsyndromic hearing loss 1A	true	MONDO:0009076		false		medium
Non-syndromic sensorineural hearing loss due to GJB6 mutations	MONDO:0013459	autosomal recessive nonsyndromic hearing loss 1B	false	no match		false		low
Noncompaction cardiomyopathy due to MIB1 gene mutation	MONDO:0019130	left ventricular noncompaction	false	no match		false		low
Nonketotic Hyperglycinemia	MONDO:0011612	glycine encephalopathy	true	MONDO:0011612	MONDO:0011612	true	true	medium
Nonketotic Hyperglycinemia (Glycine Encephalopathy)	MONDO:0011612	glycine encephalopathy	true	MONDO:0011612		false		medium
Nonketotic Hyperglycinemia (NKH)	MONDO:0011612	glycine encephalopathy	true	MONDO:0011612		false		medium
Nonketotic hyperglycinemia	MONDO:0011612	glycine encephalopathy	true	MONDO:0011612	MONDO:0011612	true	true	medium
Nonketotic hyperglycinemia (Glycine Encephalopathy)	MONDO:0011612	glycine encephalopathy	true	MONDO:0011612		false		medium
Nonketotic hyperglycinemia (Glycine encephalopathy)	MONDO:0011612	glycine encephalopathy	true	MONDO:0011612		false		medium
Nonketotic hyperglycinemia (glycine encephalopathy)	MONDO:0011612	glycine encephalopathy	true	MONDO:0011612		false		medium
Nonsyndromic High Myopia	MONDO:0011578	high myopia	false	no match		false		low
Nonsyndromic genetic sensorineural hearing loss	MONDO:0019497	nonsyndromic genetic hearing loss	true	MONDO:0019497		false		medium
Nonsyndromic sensorineural hearing loss (GJB2-related)	MONDO:0009076	autosomal recessive nonsyndromic hearing loss 1A	true	MONDO:0009076		false		medium
Nonsyndromic sensorineural hearing loss (e.g., DFNB1 due to GJB2 mutations)	MONDO:0009076	autosomal recessive nonsyndromic hearing loss 1A	true	MONDO:0009076		false		medium
Nonsyndromic sensorineural hearing loss (e.g., due to GJB2 mutations)	MONDO:0019497	nonsyndromic genetic hearing loss	true	MONDO:0019497		false		high
Noonan Syndrome	MONDO:0018997	Noonan syndrome	true	MONDO:0018997	MONDO:0018997	true	true	high
Noonan Syndrome with Multiple Lentigines (NSML)	MONDO:0007893	Noonan syndrome with multiple lentigines	true	MONDO:0007893		false		medium
Noonan syndrome	MONDO:0018997	Noonan syndrome	true	MONDO:0018997	MONDO:0018997	true	true	high
Noonan syndrome with loose anagen hair	MONDO:0011517	Noonan syndrome-like disorder with loose anagen hair 1	false	no match		false		low
Noonan syndrome with multiple lentigines	MONDO:0007893	Noonan syndrome with multiple lentigines	true	MONDO:0007893	MONDO:0007893	true	true	medium
Noonan syndrome with multiple lentigines (LEOPARD syndrome)	MONDO:0007893	Noonan syndrome with multiple lentigines	true	MONDO:0007893		false		medium
Noonan syndrome with multiple lentigines (formerly LEOPARD syndrome)	MONDO:0007893	Noonan syndrome with multiple lentigines	true	MONDO:0007893		false		medium
Noonan syndrome with multiple lentigines (formerly known as LEOPARD syndrome)	MONDO:0007893	Noonan syndrome with multiple lentigines	true	MONDO:0007893		false		medium
Noonan syndrome-like disorder with or without juvenile myelomonocytic leukemia	MONDO:0013379	Noonan syndrome-like disorder with or without juvenile myelomonocytic leukemia	false	no match	MONDO:0013308	true	false	medium
Noonan-like syndrome with loose anagen hair	MONDO:0011859	Noonan syndrome-like disorder with loose anagen hair 1	false	no match	MONDO:0011899	true	false	low
Norrie Disease	MONDO:0010691	Norrie disease	true	MONDO:0010691	MONDO:0010691	true	true	high
Norrie disease	MONDO:0010691	Norrie disease	true	MONDO:0010691	MONDO:0010691	true	true	high
Nuclear Factor-kappa B Essential Modulator (NEMO) deficiency	MONDO:0010631	hypohidrotic ectodermal dysplasia with immunodeficiency	false	no match		false		low
OPA1-related Dominant Optic Atrophy Plus syndrome	MONDO:0007461	autosomal dominant optic atrophy plus syndrome	false	no match		false		low
OPA1-related Progressive External Ophthalmoplegia	MONDO:0003705	progressive external ophthalmoplegia	false	no match		false		low
Obstructive uropathy	MONDO:0024647	obstructive uropathy	false	no match	MONDO:0003330	true	false	low
Occipital Horn Syndrome	MONDO:0010472	occipital horn syndrome	false	no match	MONDO:0010572	true	false	medium
Occipital horn syndrome	MONDO:0010472	occipital horn syndrome	false	no match	MONDO:0010572	true	false	medium
Ochronosis (Alkaptonuria)	MONDO:0008753	alkaptonuria	true	MONDO:0008753		false		high
Ocular Albinism	MONDO:0017304	ocular albinism	true	MONDO:0017304	MONDO:0017304	true	true	low
Ocular Albinism Type 1	MONDO:0010697	X-linked recessive ocular albinism	false	no match	MONDO:0021019	true	false	low
Ocular albinism	MONDO:0017304	ocular albinism	true	MONDO:0017304	MONDO:0017304	true	true	low
Oculo-Auriculo-Vertebral Spectrum	MONDO:0015398	oculoauriculovertebral spectrum	false	no match	MONDO:0015397	true	false	low
Oculo-Auriculo-Vertebral Spectrum (Goldenhar Syndrome)	MONDO:0015398	oculoauriculovertebral spectrum	false	no match		false		low
Oculo-auriculo-vertebral spectrum (Goldenhar syndrome)	MONDO:0015398	oculoauriculovertebral spectrum	false	no match		false		low
Oculo-cerebral hypopigmentation syndrome type 1	MONDO:0009034	oculocerebral hypopigmentation syndrome of Cross type	false	no match		false		low
Oculo-dento-digital dysplasia	MONDO:0008207	oculodentodigital dysplasia	false	no match	MONDO:0008111	true	false	low
Oculo-dentodigital dysplasia	MONDO:0008207	oculodentodigital dysplasia	false	no match		false		low
Oculo-facio-cardio-dental (OFCD) syndrome	MONDO:0010604	oculofaciocardiodental syndrome	false	no match		false		low
Oculo-facio-cardio-dental syndrome	MONDO:0010604	oculofaciocardiodental syndrome	false	no match		false		low
Oculocerebrorenal syndrome (Lowe syndrome)	MONDO:0010645	Lowe syndrome	true	MONDO:0010645		false		low
Oculocutaneous Albinism	MONDO:0018910	oculocutaneous albinism	true	MONDO:0018910	MONDO:0018910	true	true	medium
Oculocutaneous Albinism (OCA)	MONDO:0018910	oculocutaneous albinism	true	MONDO:0018910		false		medium
Oculocutaneous Albinism Type 1	MONDO:0018911	oculocutaneous albinism type 1	false	no match	MONDO:0018135	true	false	low
Oculocutaneous Albinism Type 2	MONDO:0009774	oculocutaneous albinism type 2	false	no match	MONDO:0008746	true	false	medium
Oculocutaneous albinism	MONDO:0018910	oculocutaneous albinism	true	MONDO:0018910	MONDO:0018910	true	true	medium
Oculocutaneous albinism (OCA)	MONDO:0018910	oculocutaneous albinism	true	MONDO:0018910		false		medium
Oculocutaneous albinism (Type 1A)	MONDO:0009773	oculocutaneous albinism type 1A	false	no match		false		low
Oculocutaneous albinism Type 2	MONDO:0009774	oculocutaneous albinism type 2	false	no match	MONDO:0008746	true	false	medium
Oculocutaneous albinism type 1	MONDO:0018911	oculocutaneous albinism type 1	false	no match	MONDO:0018135	true	false	low
Oculocutaneous albinism type 1 (OCA1)	MONDO:0018911	oculocutaneous albinism type 1	false	no match		false		low
Oculocutaneous albinism type 1A	MONDO:0009773	oculocutaneous albinism type 1A	false	no match	MONDO:0008745	true	false	low
Oculocutaneous albinism type 2	MONDO:0009774	oculocutaneous albinism type 2	false	no match	MONDO:0008746	true	false	medium
Oculocutaneous albinism type 2 (OCA2)	MONDO:0009774	oculocutaneous albinism type 2	false	no match		false		medium
Oculodentodigital Dysplasia	MONDO:0008207	oculodentodigital dysplasia	false	no match	MONDO:0008111	true	false	low
Oculodentodigital dysplasia	MONDO:0008207	oculodentodigital dysplasia	false	no match	MONDO:0008111	true	false	low
Oculofaciocardiodental syndrome	MONDO:0010604	oculofaciocardiodental syndrome	false	no match	MONDO:0010261	true	false	low
Oculopharyngeal Muscular Dystrophy	MONDO:0008208	oculopharyngeal muscular dystrophy	false	no match	MONDO:0008116	true	false	low
Oculopharyngeal Muscular Dystrophy (OPMD)	MONDO:0008208	oculopharyngeal muscular dystrophy	false	no match		false		low
Oculopharyngeal muscular dystrophy	MONDO:0008208	oculopharyngeal muscular dystrophy	false	no match	MONDO:0008116	true	false	low
Oculopharyngeal muscular dystrophy (OPMD)	MONDO:0008208	oculopharyngeal muscular dystrophy	false	no match		false		low
Oguchi Disease	MONDO:0015993	Oguchi disease	false	no match	MONDO:0019152	true	false	low
Oguchi disease	MONDO:0015993	Oguchi disease	false	no match	MONDO:0019152	true	false	low
Ohdo Syndrome	MONDO:0016541	Ohdo syndrome	false	no match	MONDO:0009583	true	false	low
Ohdo syndrome	MONDO:0016541	Ohdo syndrome	false	no match	MONDO:0009583	true	false	low
Ohdo syndrome (SBBYS variant)	MONDO:0011994	Say-Barber-Biesecker-Young-Simpson syndrome	false	no match		false		low
Ohdo syndrome (Say-Barber-Biesecker-Young-Simpson type)	MONDO:0011994	Say-Barber-Biesecker-Young-Simpson syndrome	false	no match		false		low
Ohdo syndrome (Say-Barber-Biesecker-Young-Simpson variant)	MONDO:0011994	Say-Barber-Biesecker-Young-Simpson syndrome	false	no match		false		low
Ohtahara Syndrome	MONDO:0016021	early infantile epileptic encephalopathy	false	no match	MONDO:0800491	true	false	low
Ohtahara Syndrome (Early Infantile Epileptic Encephalopathy)	MONDO:0016021	early infantile epileptic encephalopathy	false	no match		false		low
Ohtahara syndrome	MONDO:0016021	early infantile epileptic encephalopathy	false	no match	MONDO:0800491	true	false	low
Ohtahara syndrome (Early Infantile Epileptic Encephalopathy Type 1)	MONDO:0010375	developmental and epileptic encephalopathy, 1	false	no match		false		low
Ohtahara syndrome (Early Infantile Epileptic Encephalopathy with Burst Suppression)	MONDO:0016021	early infantile epileptic encephalopathy	false	no match		false		low
Ohtahara syndrome (Early Infantile Epileptic Encephalopathy with suppression-bursts)	MONDO:0016021	early infantile epileptic encephalopathy	false	no match		false		low
Ohtahara syndrome (Early Infantile Epileptic Encephalopathy)	MONDO:0016021	early infantile epileptic encephalopathy	false	no match		false		low
Ohtahara syndrome (early infantile epileptic encephalopathy)	MONDO:0016021	early infantile epileptic encephalopathy	false	no match		false		low
Okihiro syndrome (Duane-radial ray syndrome)	MONDO:0011785	Duane-radial ray syndrome	false	no match		false		low
Okur-Chung Neurodevelopmental Syndrome	MONDO:0014949	Okur-Chung neurodevelopmental syndrome	false	no match	MONDO:0014893	true	false	low
Okur-Chung neurodevelopmental syndrome	MONDO:0014949	Okur-Chung neurodevelopmental syndrome	false	no match	MONDO:0014893	true	false	low
Oliver-McFarlane syndrome	MONDO:0009805	Oliver-McFarlane syndrome	false	no match	MONDO:0010152	true	false	low
Olivopontocerebellar atrophy	MONDO:0016226	olivopontocerebellar atrophy	false	no match	MONDO:0002017;MONDO:0017135	true	false	low
Ollier disease	MONDO:0008120	Ollier disease	false	no match	MONDO:0008145	true	false	low
Ollier disease (enchondromatosis)	MONDO:0008120	Ollier disease	false	no match		false		low
Omenn Syndrome	MONDO:0011396	Omenn syndrome	false	no match	MONDO:0011338	true	false	low
Omenn syndrome	MONDO:0011396	Omenn syndrome	false	no match	MONDO:0011338	true	false	low
Opitz C Syndrome	MONDO:0009002	C syndrome	false	no match		false		low
Opitz C syndrome	MONDO:0009002	C syndrome	false	no match		false		low
Opitz C syndrome (Opitz trigonocephaly syndrome)	MONDO:0009002	C syndrome	false	no match		false		low
Opitz C trigonocephaly syndrome	MONDO:0009002	C syndrome	false	no match		false		low
Opitz G/BBB Syndrome	MONDO:0010568	Opitz GBBB syndrome	false	no match	MONDO:0017138	true	false	low
Opitz G/BBB syndrome	MONDO:0010568	Opitz GBBB syndrome	false	no match	MONDO:0017138	true	false	low
Opitz GBBB syndrome	MONDO:0010568	Opitz GBBB syndrome	false	no match	MONDO:0017138	true	false	low
Opitz trigonocephaly C syndrome	MONDO:0009002	C syndrome	false	no match	MONDO:0008893	true	false	low
Opitz trigonocephaly syndrome	MONDO:0009002	C syndrome	false	no match	MONDO:0008893	true	false	low
Opitz trigonocephaly syndrome (Opitz C syndrome)	MONDO:0009002	C syndrome	false	no match		false		low
Opitz-Kaveggia syndrome (FG syndrome)	MONDO:0010568	FG syndrome	false	no match		false		low
Optic Atrophy	MONDO:0003608	optic atrophy	true	MONDO:0003608	MONDO:0003608	true	true	low
Optic Atrophy Type 1	MONDO:0008134	optic atrophy 1	true	MONDO:0008134	MONDO:0008134	true	true	low
Optic Nerve Hypoplasia	MONDO:0008120	optic nerve hypoplasia	false	no match		false		low
Optic atrophy	MONDO:0003608	optic atrophy	true	MONDO:0003608	MONDO:0003608	true	true	low
Optic atrophy (due to OPA1 mutations)	MONDO:0008134	optic atrophy 1	true	MONDO:0008134		false		low
Optic atrophy type 1	MONDO:0008134	optic atrophy 1	true	MONDO:0008134	MONDO:0008134	true	true	low
Optic nerve atrophy	MONDO:0003608	optic atrophy	true	MONDO:0003608		false		low
Optic nerve hypoplasia	MONDO:0008120	optic nerve hypoplasia	false	no match		false		low
Optic neuritis	MONDO:0005229	optic neuritis	false	no match	MONDO:0005885	true	false	low
Oral-Facial-Digital Syndrome Type I	MONDO:0010565	orofaciodigital syndrome I	false	no match		false		low
Oral-Facial-Digital Syndrome Type II (Mohr Syndrome)	MONDO:0009796	orofaciodigital syndrome II	false	no match		false		low
Oral-Facial-Digital Syndrome Type VI	MONDO:0009798	orofaciodigital syndrome VI	false	no match		false		low
Oral-Facial-Digital Syndrome Type VI (Varadi-Papp Syndrome)	MONDO:0009798	orofaciodigital syndrome VI	false	no match		false		low
Oral-Facial-Digital syndrome	MONDO:0015375	orofaciodigital syndrome	true	MONDO:0015375	MONDO:0015375	true	true	low
Oral-Facial-Digital syndrome type 1	MONDO:0010565	orofaciodigital syndrome I	false	no match	MONDO:0010702	true	false	low
Oral-Facial-Digital syndrome type I	MONDO:0010565	orofaciodigital syndrome I	false	no match		false		low
Oral-Facial-Digital syndrome type II (Mohr syndrome)	MONDO:0009796	orofaciodigital syndrome II	false	no match		false		low
Oral-facial-digital syndrome	MONDO:0015375	orofaciodigital syndrome	true	MONDO:0015375	MONDO:0015375	true	true	low
Oral-facial-digital syndrome type I	MONDO:0010565	orofaciodigital syndrome I	false	no match		false		low
Oral-facial-digital syndrome type VI	MONDO:0009798	orofaciodigital syndrome VI	false	no match		false		low
Oral-facial-digital syndrome type VI (Varadi-Papp syndrome)	MONDO:0009798	orofaciodigital syndrome VI	false	no match		false		low
Organic acidemia (unspecified)	no match		false	no match		false		low
Ornithine Transcarbamylase Deficiency	MONDO:0010703	ornithine carbamoyltransferase deficiency	true	MONDO:0010703	MONDO:0010703	true	true	high
Ornithine transcarbamylase (OTC) deficiency	MONDO:0010703	ornithine carbamoyltransferase deficiency	true	MONDO:0010703		false		high
Ornithine transcarbamylase deficiency	MONDO:0010703	ornithine carbamoyltransferase deficiency	true	MONDO:0010703	MONDO:0010703	true	true	high
Ornithine transcarbamylase deficiency (OTC deficiency)	MONDO:0010703	ornithine carbamoyltransferase deficiency	true	MONDO:0010703		false		high
Orofacial Digital Syndrome Type II	MONDO:0009794	orofaciodigital syndrome II	false	no match		false		low
Orofacial digital syndrome type VI (Varadi-Papp syndrome)	MONDO:0009796	orofaciodigital syndrome VI	false	no match		false		low
Orofacial-digital syndrome	MONDO:0015375	orofaciodigital syndrome	true	MONDO:0015375		false		medium
Orofaciodigital syndrome	MONDO:0015375	orofaciodigital syndrome	true	MONDO:0015375	MONDO:0015375	true	true	medium
Orofaciodigital syndrome Type II (Mohr syndrome)	MONDO:0009794	orofaciodigital syndrome II	false	no match		false		low
Orofaciodigital syndrome type I	MONDO:0010757	orofaciodigital syndrome I	false	no match	MONDO:0010702	true	false	medium
Orofaciodigital syndrome type II	MONDO:0009794	orofaciodigital syndrome II	false	no match	MONDO:0009642	true	false	low
Orofaciodigital syndrome type II (Mohr syndrome)	MONDO:0009794	orofaciodigital syndrome II	false	no match		false		low
Orofaciodigital syndrome type VI	MONDO:0009796	orofaciodigital syndrome VI	false	no match		false		low
Orofaciodigital syndrome type VI (Varadi-Papp syndrome)	MONDO:0009796	orofaciodigital syndrome VI	false	no match		false		low
Osteogenesis Imperfecta	MONDO:0019019	osteogenesis imperfecta	true	MONDO:0019019	MONDO:0019019	true	true	high
Osteogenesis Imperfecta Type I	MONDO:0008146	osteogenesis imperfecta type 1	true	MONDO:0008146	MONDO:0008146	true	true	medium
Osteogenesis Imperfecta Type III	MONDO:0009823	osteogenesis imperfecta type 3	false	no match	MONDO:0009804	true	false	low
Osteogenesis Imperfecta Type IV	MONDO:0008148	osteogenesis imperfecta type 4	true	MONDO:0008148	MONDO:0008148	true	true	low
Osteogenesis imperfecta	MONDO:0019019	osteogenesis imperfecta	true	MONDO:0019019	MONDO:0019019	true	true	high
Osteogenesis imperfecta (Type I)	MONDO:0008146	osteogenesis imperfecta type 1	true	MONDO:0008146		false		medium
Osteogenesis imperfecta Type I	MONDO:0008146	osteogenesis imperfecta type 1	true	MONDO:0008146	MONDO:0008146	true	true	medium
Osteogenesis imperfecta Type VI	MONDO:0013515	osteogenesis imperfecta type 6	true	MONDO:0013515		false		low
Osteogenesis imperfecta type I	MONDO:0008146	osteogenesis imperfecta type 1	true	MONDO:0008146	MONDO:0008146	true	true	medium
Osteogenesis imperfecta type VI	MONDO:0013515	osteogenesis imperfecta type 6	true	MONDO:0013515		false		low
Osteoglophonic dysplasia	MONDO:0008150	osteoglophonic dysplasia	true	MONDO:0008150	MONDO:0008150	true	true	low
Osteopetrosis	MONDO:0005206	osteopetrosis	false	no match	MONDO:0017198	true	false	low
Osteopetrosis (infantile malignant type)	MONDO:0009825	autosomal recessive osteopetrosis 1	false	no match		false		low
Osteopetrosis with Immunodeficiency	MONDO:0012869	autosomal recessive osteopetrosis 7	false	no match		false		low
Osteopetrosis with immunodeficiency	MONDO:0012869	autosomal recessive osteopetrosis 7	false	no match		false		low
Osteoporosis-Pseudoglioma Syndrome	MONDO:0009827	osteoporosis-pseudoglioma syndrome	false	no match	MONDO:0009820	true	false	medium
Osteoporosis-pseudoglioma syndrome	MONDO:0009827	osteoporosis-pseudoglioma syndrome	false	no match	MONDO:0009820	true	false	medium
Otahara syndrome	MONDO:0016021	early infantile epileptic encephalopathy with suppression bursts	false	no match		false		low
Other Congenital Disorders of Glycosylation (CDG)	MONDO:0015286	congenital disorder of glycosylation	true	MONDO:0015286		false		medium
Other Type I Congenital Disorders of Glycosylation	MONDO:0015287	congenital disorder of glycosylation type I	false	no match		false		low
Other Types of Ehlers-Danlos Syndrome	MONDO:0020066	Ehlers-Danlos syndrome	true	MONDO:0020066		false		medium
Other amino acid transporter deficiencies	MONDO:0019145	amino acid transport disorder	false	no match		false		low
Other fatty acid oxidation disorders	MONDO:0019052	mitochondrial fatty acid oxidation disorder	false	no match		false		low
Other forms of complicated hereditary spastic paraplegia	MONDO:0015150	complex hereditary spastic paraplegia	true	MONDO:0015150		false		low
Other forms of neurodegeneration with brain iron accumulation (NBIA)	MONDO:0018307	neurodegeneration with brain iron accumulation	true	MONDO:0018307		false		medium
Other genetic forms of non-syndromic sensorineural hearing loss (e.g., MYO6 or MYO7A mutations)	MONDO:0019497	nonsyndromic genetic hearing loss	true	MONDO:0019497		false		low
Oto-Palato-Digital Syndrome Type II	MONDO:0010591	otopalatodigital syndrome type 2	false	no match		false		low
Oto-Palato-Digital syndrome	MONDO:0010767	otopalatodigital syndrome type 1	false	no match	MONDO:0019027	true	false	low
Oto-facio-cervical syndrome	MONDO:0008168	otofaciocervical syndrome	false	no match		false		low
Oto-palato-digital syndrome	MONDO:0010767	otopalatodigital syndrome type 1	false	no match	MONDO:0019027	true	false	low
Oto-palato-digital syndrome type II	MONDO:0010591	otopalatodigital syndrome type 2	false	no match		false		low
Otodental dysplasia	MONDO:0008167	otodental syndrome	false	no match	MONDO:0008161	true	false	low
Otodental syndrome	MONDO:0008167	otodental syndrome	false	no match	MONDO:0008161	true	false	low
Otoferlin-related hearing loss (DFNB9)	MONDO:0010950	autosomal recessive nonsyndromic hearing loss 9	false	no match		false		low
Otoferlin-related hearing loss (OTOF gene mutations)	MONDO:0010950	autosomal recessive nonsyndromic hearing loss 9	false	no match		false		low
Otoferlin-related hearing loss (OTOF mutations)	MONDO:0010950	autosomal recessive nonsyndromic hearing loss 9	false	no match		false		low
Otoferlin-related non-syndromic sensorineural hearing loss (DFNB9)	MONDO:0011030	autosomal recessive nonsyndromic hearing loss 9	false	no match		false		low
Otopalatodigital Syndrome Type II	MONDO:0010582	otopalatodigital syndrome type 2	false	no match		false		low
Otopalatodigital syndrome	MONDO:0019041	otopalatodigital syndrome spectrum disorder	false	no match	MONDO:0019027	true	false	low
Otopalatodigital syndrome Type I	MONDO:0010720	otopalatodigital syndrome type 1	false	no match		false		low
Otopalatodigital syndrome Type II	MONDO:0010582	otopalatodigital syndrome type 2	false	no match		false		low
Otopalatodigital syndrome type 2	MONDO:0010582	otopalatodigital syndrome type 2	false	no match	MONDO:0010571	true	false	low
Otopalatodigital syndrome type I	MONDO:0010720	otopalatodigital syndrome type 1	false	no match		false		low
Otopalatodigital syndrome type II	MONDO:0010582	otopalatodigital syndrome type 2	false	no match		false		low
Otospondylomegaepiphyseal Dysplasia (OSMED)	MONDO:0009226	otospondylomegaepiphyseal dysplasia, autosomal recessive	false	no match		false		low
PAPA Syndrome	MONDO:0011462	pyogenic sterile arthritis, pyoderma gangrenosum, and acne syndrome	false	no match	MONDO:0011462	true	false	medium
PAPA syndrome (Pyogenic Arthritis, Pyoderma gangrenosum, and Acne)	MONDO:0011462	pyogenic sterile arthritis, pyoderma gangrenosum, and acne syndrome	false	no match		false		medium
PARK2 gene mutation (Juvenile Parkinson's disease)	MONDO:0010979	autosomal recessive juvenile Parkinson disease 2	false	no match		false		low
PAX2-related disorder (Renal coloboma syndrome)	MONDO:0007352	papillorenal syndrome	true	MONDO:0007352		false		low
PAX4-MODY (MODY 9)	MONDO:0012819	maturity-onset diabetes of the young type 9	false	no match		false		low
PAX6 Mutation-Related Disorders	MONDO:0019172	aniridia	true	MONDO:0019172		false		low
PAX6-related Ocular Disorders	MONDO:0019172	aniridia	true	MONDO:0019172		false		low
PAX6-related coloboma	MONDO:0019172	aniridia	true	MONDO:0019172		false		low
PAX6-related eye anomalies	MONDO:0019172	aniridia	true	MONDO:0019172		false		low
PAX6-related ocular anomalies	MONDO:0019172	aniridia	true	MONDO:0019172		false		low
PAX6-related ocular disorders	MONDO:0019172	aniridia	true	MONDO:0019172		false		low
PAX6-related polymicrogyria	MONDO:0019172	aniridia	true	MONDO:0019172		false		low
PCDH19 Female-Limited Epilepsy	MONDO:0010456	developmental and epileptic encephalopathy, 9	false	no match		false		low
PCDH19-Related Epilepsy	MONDO:0010456	developmental and epileptic encephalopathy, 9	false	no match		false		low
PCDH19-related Epilepsy	MONDO:0010456	developmental and epileptic encephalopathy, 9	false	no match		false		low
PCDH19-related epilepsy	MONDO:0010456	developmental and epileptic encephalopathy, 9	false	no match		false		low
PDX1-MODY (MODY 4)	MONDO:0011549	maturity-onset diabetes of the young type 4	false	no match		false		low
PGM3 deficiency	MONDO:0014373	immunodeficiency 23	false	no match		false		low
PIGA deficiency	MONDO:0010466	multiple congenital anomalies-hypotonia-seizures syndrome 2	true	MONDO:0010466		false		low
PIGN-related multiple congenital anomalies-hypotonia-seizures syndrome 1	MONDO:0013563	multiple congenital anomalies-hypotonia-seizures syndrome 1	true	MONDO:0013563		false		low
PIK3CA-Related Overgrowth Spectrum	MONDO:0017150	PIK3CA-related overgrowth syndrome	false	no match	MONDO:1040002	true	false	low
PIK3R2-related megalencephaly-polymicrogyria-hydrocephalus syndrome	MONDO:0011389	megalencephaly-polymicrogyria-polydactyly-hydrocephalus syndrome 1	false	no match		false		low
PINK1-associated early-onset Parkinsonism (PARK6)	MONDO:0011538	Parkinson disease 6, autosomal recessive early-onset	false	no match		false		low
PLA2G6-Associated Neurodegeneration (PLAN)	MONDO:0018967	PLA2G6-associated neurodegeneration	false	no match		false		low
PLA2G6-associated neurodegeneration	MONDO:0018967	PLA2G6-associated neurodegeneration	false	no match	MONDO:0017998	true	false	low
PLA2G6-associated neurodegeneration (PLAN)	MONDO:0018967	PLA2G6-associated neurodegeneration	false	no match		false		low
PLN-related cardiomyopathy	MONDO:0011493	dilated cardiomyopathy 1P	false	no match		false		low
PMD-like hypomyelination disorder	MONDO:0012109	hypomyelinating leukodystrophy 2	false	no match		false		low
PMM2-CDG (CDG Type Ia)	MONDO:0008907	PMM2-congenital disorder of glycosylation	true	MONDO:0008907		false		low
PMM2-CDG (CDG-Ia)	MONDO:0008907	PMM2-congenital disorder of glycosylation	true	MONDO:0008907	MONDO:0008907	true	true	low
PMM2-CDG (Congenital Disorder of Glycosylation Type Ia)	MONDO:0008907	PMM2-congenital disorder of glycosylation	true	MONDO:0008907		false		low
PMM2-CDG (Congenital Disorder of Glycosylation type Ia)	MONDO:0008907	PMM2-congenital disorder of glycosylation	true	MONDO:0008907		false		low
PMM2-congenital disorder of glycosylation	MONDO:0008907	PMM2-congenital disorder of glycosylation	true	MONDO:0008907	MONDO:0008907	true	true	low
PNPLA6-related disorders	MONDO:0100476	PNPLA6-related disorder	false	no match		false		low
POEMS syndrome	MONDO:0010098	POEMS syndrome	false	no match	MONDO:0017364	true	false	medium
POGZ-related intellectual disability (White-Sutton syndrome)	MONDO:0014880	White-Sutton syndrome	false	no match		false		low
POLG-Related Mitochondrial Disorders	MONDO:0100153	POLG-related spectrum disorders	false	no match		false		low
POLG-related Alpers-Huttenlocher syndrome	MONDO:0008758	Alpers-Huttenlocher syndrome	true	MONDO:0008758		false		low
POLG-related Disorders	MONDO:0100153	POLG-related spectrum disorders	false	no match		false		low
POLG-related Mitochondrial Disorder	MONDO:0100153	POLG-related spectrum disorders	false	no match		false		low
POLG-related Mitochondrial Disorders	MONDO:0100153	POLG-related spectrum disorders	false	no match		false		low
POLG-related disorder	MONDO:0044970	mitochondrial disease	true	MONDO:0044970		false		low
POLG-related disorder (Alpers-Huttenlocher syndrome)	MONDO:0008758	Alpers-Huttenlocher syndrome	true	MONDO:0008758		false		low
POLG-related disorder (e.g., Alpers-Huttenlocher syndrome)	MONDO:0044970	mitochondrial disease	true	MONDO:0044970		false		low
POLG-related disorders	MONDO:0044970	mitochondrial disease	true	MONDO:0044970		false		low
POLG-related disorders (Alpers-Huttenlocher syndrome)	MONDO:0008758	Alpers-Huttenlocher syndrome	true	MONDO:0008758		false		low
POLG-related disorders (e.g., Alpers-Huttenlocher syndrome)	MONDO:0044970	mitochondrial disease	true	MONDO:0044970		false		low
POLG-related epilepsy	MONDO:0005027	epilepsy	true	MONDO:0005027		false		low
POLG-related mitochondrial DNA depletion syndrome	MONDO:0018158	mitochondrial DNA depletion syndrome	true	MONDO:0018158		false		medium
POLG-related mitochondrial DNA depletion syndromes (e.g., Alpers-Huttenlocher syndrome)	MONDO:0018158	mitochondrial DNA depletion syndrome	true	MONDO:0018158		false		medium
POLG-related mitochondrial disease	MONDO:0044970	mitochondrial disease	true	MONDO:0044970		false		medium
POLG-related mitochondrial disorder	MONDO:0044970	mitochondrial disease	true	MONDO:0044970		false		medium
POLG-related mitochondrial disorder (Alpers-Huttenlocher syndrome)	MONDO:0008758	Alpers-Huttenlocher syndrome	true	MONDO:0008758		false		low
POLG-related mitochondrial disorder (e.g., Alpers-Huttenlocher syndrome)	MONDO:0044970	mitochondrial disease	true	MONDO:0044970		false		medium
POLG-related mitochondrial disorders	MONDO:0044970	mitochondrial disease	true	MONDO:0044970		false		medium
POLG-related mitochondrial disorders (e.g., Alpers-Huttenlocher syndrome)	MONDO:0044970	mitochondrial disease	true	MONDO:0044970		false		medium
POLR3-related Leukodystrophy (4H Leukodystrophy)	MONDO:0019046	leukodystrophy	true	MONDO:0019046		false		low
POLR3-related Leukodystrophy (4H Syndrome)	MONDO:0019046	leukodystrophy	true	MONDO:0019046		false		low
POLR3-related leukodystrophy	MONDO:0019046	leukodystrophy	true	MONDO:0019046	MONDO:0700282	true	false	low
POLR3-related leukodystrophy (4H leukodystrophy)	MONDO:0019046	leukodystrophy	true	MONDO:0019046		false		low
POLR3-related leukodystrophy (4H syndrome)	MONDO:0019046	leukodystrophy	true	MONDO:0019046		false		low
POMC deficiency	MONDO:0011122	obesity disorder	true	MONDO:0011122	MONDO:0012335	true	false	low
POMT1-related muscular dystrophy-dystroglycanopathy	MONDO:0020121	muscular dystrophy	true	MONDO:0020121		false		low
PPAR Gamma-Related Lipodystrophy	MONDO:0006573	lipodystrophy	true	MONDO:0006573		false		low
PRKAG2 Cardiac Syndrome	MONDO:0005045	hypertrophic cardiomyopathy	true	MONDO:0005045	MONDO:0800484	true	false	low
PRKAG2 cardiac glycogen storage disease	MONDO:0005045	hypertrophic cardiomyopathy	true	MONDO:0005045		false		low
PRKAG2 cardiac syndrome	MONDO:0005045	hypertrophic cardiomyopathy	true	MONDO:0005045	MONDO:0800484	true	false	low
PRKCD deficiency	no match		false	no match		false		low
PRRT2-Related Epilepsy	MONDO:0005027	epilepsy	true	MONDO:0005027		false		low
PRRT2-associated familial infantile convulsions	MONDO:0005027	epilepsy	true	MONDO:0005027		false		low
PRRT2-related infantile convulsions	MONDO:0005027	epilepsy	true	MONDO:0005027		false		low
PTEN Hamartoma Tumor Syndrome	MONDO:0017623	PTEN hamartoma tumor syndrome	true	MONDO:0017623	MONDO:0017623	true	true	high
PTEN Hamartoma Tumor Syndrome (Cowden Syndrome)	MONDO:0017623	PTEN hamartoma tumor syndrome	true	MONDO:0017623		false		medium
PTEN Hamartoma Tumor Syndrome (e.g., Bannayan-Riley-Ruvalcaba Syndrome)	MONDO:0017623	PTEN hamartoma tumor syndrome	true	MONDO:0017623		false		high
PTEN Hamartoma Tumor syndrome	MONDO:0017623	PTEN hamartoma tumor syndrome	true	MONDO:0017623	MONDO:0017623	true	true	high
PTEN Hamartoma Tumor syndromes	MONDO:0017623	PTEN hamartoma tumor syndrome	true	MONDO:0017623		false		high
PTEN hamartoma tumor syndrome	MONDO:0017623	PTEN hamartoma tumor syndrome	true	MONDO:0017623	MONDO:0017623	true	true	high
PTEN hamartoma tumor syndrome (Bannayan-Riley-Ruvalcaba syndrome)	MONDO:0017623	PTEN hamartoma tumor syndrome	true	MONDO:0017623		false		medium
PTEN hamartoma tumor syndrome (Cowden syndrome)	MONDO:0017623	PTEN hamartoma tumor syndrome	true	MONDO:0017623		false		medium
PTEN hamartoma tumor syndrome (including Bannayan-Riley-Ruvalcaba syndrome)	MONDO:0017623	PTEN hamartoma tumor syndrome	true	MONDO:0017623		false		high
PTEN hamartoma tumor syndromes	MONDO:0017623	PTEN hamartoma tumor syndrome	true	MONDO:0017623		false		high
PURA syndrome	MONDO:0001071	intellectual disability	true	MONDO:0001071	MONDO:0014512;MONDO:1060108	true	false	low
PYCR1-related Cutis Laxa Type IIB	MONDO:0019280	cutis laxa	false	no match		false		low
Pachyonychia Congenita	MONDO:0017294	pachyonychia congenita	false	no match	MONDO:0016471	true	false	medium
Pachyonychia congenita	MONDO:0017294	pachyonychia congenita	false	no match	MONDO:0016471	true	false	medium
Paget's disease of bone	MONDO:0019339	Paget disease of bone	false	no match	MONDO:0005382	true	false	low
Pallido-pyramidal syndrome	no match		false	no match		false		low
Pallister-Hall Syndrome	MONDO:0007935	Pallister-Hall syndrome	false	no match	MONDO:0007804	true	false	low
Pallister-Hall syndrome	MONDO:0007935	Pallister-Hall syndrome	false	no match	MONDO:0007804	true	false	low
Pallister-Killian syndrome	MONDO:0010064	Pallister-Killian syndrome	false	no match	MONDO:0011146	true	false	low
Palmoplantar psoriasis	MONDO:0005083	psoriasis	true	MONDO:0005083		false		medium
Panayiotopoulos Syndrome	MONDO:0012658	Panayiotopoulos syndrome	false	no match	MONDO:0020307	true	false	low
Panayiotopoulos syndrome	MONDO:0012658	Panayiotopoulos syndrome	false	no match	MONDO:0020307	true	false	low
Pantothenate Kinase-Associated Neurodegeneration (PKAN)	MONDO:0009633	pantothenate kinase-associated neurodegeneration	false	no match		false		medium
Pantothenate kinase-associated neurodegeneration	MONDO:0009633	pantothenate kinase-associated neurodegeneration	false	no match	MONDO:0009319	true	false	medium
Pantothenate kinase-associated neurodegeneration (PKAN)	MONDO:0009633	pantothenate kinase-associated neurodegeneration	false	no match		false		medium
Paramyotonia congenita	MONDO:0008222	paramyotonia congenita of Von Eulenburg	false	no match	MONDO:0008195	true	false	medium
Paraneoplastic Cerebellar Degeneration	MONDO:0017826	paraneoplastic cerebellar degeneration	false	no match	MONDO:0018215;MONDO:0044877	true	false	low
Paraneoplastic cerebellar degeneration	MONDO:0017826	paraneoplastic cerebellar degeneration	false	no match	MONDO:0018215;MONDO:0044877	true	false	low
Paraneoplastic cerebellar degeneration associated with myelodysplasia	MONDO:0017826	paraneoplastic cerebellar degeneration	false	no match		false		low
Paraneoplastic neuropathy	MONDO:0020851	paraneoplastic neuropathy	false	no match		false		low
Paraneoplastic palmoplantar keratoderma	MONDO:0019268	palmoplantar keratoderma	false	no match		false		low
Paraneoplastic syndrome associated with T-cell lymphoma	no match		false	no match		false		low
Paris-Trousseau syndrome (Jacobsen syndrome)	MONDO:0007838	Jacobsen syndrome	true	MONDO:0007838		false		low
Parkin gene mutation-related early-onset Parkinson's disease	MONDO:0011157	autosomal recessive juvenile Parkinson disease 2	false	no match		false		low
Parkinson's disease	MONDO:0005180	Parkinson disease	true	MONDO:0005180	MONDO:0005180	true	true	high
Parkinson's disease with dementia	MONDO:0005180	Parkinson disease	true	MONDO:0005180		false		low
Paroxysmal Dyskinesia	MONDO:0017196	paroxysmal dyskinesia	false	no match	MONDO:0015427	true	false	low
Paroxysmal Kinesigenic Dyskinesia	MONDO:0007299	episodic kinesigenic dyskinesia 1	false	no match		false		low
Paroxysmal Nonkinesigenic Dyskinesia	MONDO:0008248	paroxysmal nonkinesigenic dyskinesia 1	false	no match	MONDO:0700088	true	false	low
Paroxysmal kinesigenic dyskinesia	MONDO:0007299	episodic kinesigenic dyskinesia 1	false	no match		false		low
Paroxysmal nocturnal hemoglobinuria	MONDO:0010152	paroxysmal nocturnal hemoglobinuria	false	no match	MONDO:0100244	true	false	low
Partial androgen insensitivity syndrome	MONDO:0010367	partial androgen insensitivity syndrome	false	no match	MONDO:0010720	true	false	low
Patau syndrome (Trisomy 13)	MONDO:0009880	Patau syndrome	false	no match		false		low
Pattern dystrophy of the retinal pigment epithelium	MONDO:0019118	pattern dystrophy of the retina	false	no match		false		low
Pearson Syndrome	MONDO:0010787	Pearson syndrome	false	no match	MONDO:0010797	true	false	low
Pearson syndrome	MONDO:0010787	Pearson syndrome	false	no match	MONDO:0010797	true	false	low
Pediatric Antiphospholipid Syndrome (APS)	MONDO:0008301	antiphospholipid syndrome	false	no match		false		medium
Pediatric multiple sclerosis	MONDO:0005301	multiple sclerosis	true	MONDO:0005301	MONDO:0018784	true	false	medium
Peeling skin syndrome	MONDO:0019339	peeling skin syndrome	false	no match	MONDO:0019347	true	false	low
Pelizaeus-Merzbacher Disease	MONDO:0010714	Pelizaeus-Merzbacher disease	true	MONDO:0010714	MONDO:0010714	true	true	medium
Pelizaeus-Merzbacher Disease (PMD)	MONDO:0010714	Pelizaeus-Merzbacher disease	true	MONDO:0010714		false		medium
Pelizaeus-Merzbacher disease	MONDO:0010714	Pelizaeus-Merzbacher disease	true	MONDO:0010714	MONDO:0010714	true	true	medium
Pelizaeus-Merzbacher-like disease	MONDO:0019190	Pelizaeus-Merzbacher-like disease	false	no match	MONDO:0017226	true	false	low
Pelizaeus-Merzbacher-like disease (PMLD)	MONDO:0019190	Pelizaeus-Merzbacher-like disease	false	no match		false		low
Pelizaeus–Merzbacher disease	MONDO:0010714	Pelizaeus-Merzbacher disease	true	MONDO:0010714		false		medium
Pena-Shokeir Syndrome (Fetal Akinesia Deformation Sequence)	MONDO:0015975	fetal akinesia deformation sequence	false	no match		false		low
Pena-Shokeir syndrome	MONDO:0015975	fetal akinesia deformation sequence	false	no match		false		low
Pendred syndrome	MONDO:0010134	Pendred syndrome	true	MONDO:0010134	MONDO:0010134	true	true	medium
Perinatal Arterial Ischemic Stroke	MONDO:0005098	stroke disorder	true	MONDO:0005098		false		low
Periodontal Ehlers-Danlos Syndrome (EDS type VIII)	MONDO:0007526	periodontal Ehlers-Danlos syndrome	false	no match		false		low
Periventricular Nodular Heterotopia	MONDO:0018030	periventricular nodular heterotopia	false	no match	MONDO:0020341	true	false	low
Periventricular leukomalacia	MONDO:0006069	periventricular leukomalacia	false	no match	MONDO:0015742	true	false	low
Periventricular nodular heterotopia	MONDO:0018030	periventricular nodular heterotopia	false	no match	MONDO:0020341	true	false	low
Periventricular nodular heterotopia (Filamin A mutations)	MONDO:0010208	heterotopia, periventricular, X-linked dominant	false	no match		false		low
Peroxisomal Biogenesis Disorder (Zellweger spectrum)	MONDO:0019609	Zellweger spectrum disorders	true	MONDO:0019609		false		low
Peroxisomal Biogenesis Disorders (Zellweger Spectrum)	MONDO:0019609	Zellweger spectrum disorders	true	MONDO:0019609		false		low
Peroxisomal Biogenesis Disorders (Zellweger spectrum disorders)	MONDO:0019609	Zellweger spectrum disorders	true	MONDO:0019609		false		low
Peroxisomal biogenesis disorder (Zellweger spectrum disorder)	MONDO:0019609	Zellweger spectrum disorders	true	MONDO:0019609		false		low
Peroxisomal biogenesis disorder (Zellweger spectrum)	MONDO:0019609	Zellweger spectrum disorders	true	MONDO:0019609		false		low
Peroxisomal biogenesis disorder (Zellweger syndrome)	MONDO:0019609	Zellweger spectrum disorders	true	MONDO:0019609		false		low
Peroxisomal biogenesis disorders (Zellweger spectrum disorders)	MONDO:0019234	peroxisome biogenesis disorder	true	MONDO:0019234		false		medium
Peroxisomal biogenesis disorders (Zellweger spectrum)	MONDO:0019234	peroxisome biogenesis disorder	true	MONDO:0019234		false		medium
Peroxisomal biogenesis disorders (e.g., Zellweger spectrum disorders)	MONDO:0019234	peroxisome biogenesis disorder	true	MONDO:0019234		false		medium
Peroxisomal biogenesis disorders (e.g., Zellweger syndrome)	MONDO:0019234	peroxisome biogenesis disorder	true	MONDO:0019234		false		medium
Peroxisomal disorder	MONDO:0019053	peroxisomal disease	true	MONDO:0019053	MONDO:0019053	true	true	medium
Peroxisomal disorder (e.g., Zellweger syndrome)	MONDO:0019053	peroxisomal disease	true	MONDO:0019053		false		medium
Peroxisomal disorders	MONDO:0019053	peroxisomal disease	true	MONDO:0019053		false		medium
Peroxisomal disorders (e.g., Zellweger spectrum disorders)	MONDO:0019053	peroxisomal disease	true	MONDO:0019053		false		medium
Peroxisomal disorders (e.g., Zellweger syndrome)	MONDO:0019053	peroxisomal disease	true	MONDO:0019053		false		medium
Peroxisome biogenesis disorder (Zellweger spectrum disorder)	MONDO:0019234	peroxisome biogenesis disorder	true	MONDO:0019234		false		medium
Peroxisome biogenesis disorder (Zellweger spectrum)	MONDO:0019234	peroxisome biogenesis disorder	true	MONDO:0019234		false		medium
Peroxisome biogenesis disorders (Zellweger spectrum)	MONDO:0019234	peroxisome biogenesis disorder	true	MONDO:0019234		false		medium
Perrault syndrome	MONDO:0019588	Perrault syndrome	false	no match	MONDO:0017312	true	false	medium
Peutz-Jeghers syndrome	MONDO:0008280	Peutz-Jeghers syndrome	true	MONDO:0008280	MONDO:0008280	true	true	high
Pfeiffer Syndrome	MONDO:0007897	Pfeiffer syndrome	false	no match	MONDO:0007043	true	false	medium
Pfeiffer syndrome	MONDO:0007897	Pfeiffer syndrome	false	no match	MONDO:0007043	true	false	medium
Phelan-McDermid Syndrome	MONDO:0011536	Phelan-McDermid syndrome	false	no match	MONDO:0011652	true	false	low
Phelan-McDermid Syndrome (22q13 Deletion Syndrome)	MONDO:0011536	Phelan-McDermid syndrome	false	no match		false		low
Phelan-McDermid Syndrome (22q13.3 Deletion Syndrome)	MONDO:0011536	Phelan-McDermid syndrome	false	no match		false		low
Phelan-McDermid Syndrome (SHANK3 Mutation)	MONDO:0011536	Phelan-McDermid syndrome	false	no match		false		low
Phelan-McDermid syndrome	MONDO:0011536	Phelan-McDermid syndrome	false	no match	MONDO:0011652	true	false	low
Phelan-McDermid syndrome (22q13 deletion syndrome)	MONDO:0011536	Phelan-McDermid syndrome	false	no match		false		low
Phelan-McDermid syndrome (22q13.3 deletion syndrome)	MONDO:0011536	Phelan-McDermid syndrome	false	no match		false		low
Phelan-McDermid syndrome (SHANK3 deletion)	MONDO:0011536	Phelan-McDermid syndrome	false	no match		false		low
Phenylketonuria	MONDO:0009861	phenylketonuria	true	MONDO:0009861	MONDO:0009861	true	true	high
Phenylketonuria (PKU)	MONDO:0009861	phenylketonuria	true	MONDO:0009861		false		high
Phenylketonuria (untreated)	MONDO:0009861	phenylketonuria	true	MONDO:0009861		false		high
Phenylketonuria (with treatment compliance)	MONDO:0009861	phenylketonuria	true	MONDO:0009861		false		high
Phosphoglucomutase 3 (PGM3) deficiency	MONDO:0014351	immunodeficiency 23	false	no match		false		low
Phospholamban (PLN) cardiomyopathy	MONDO:0012549	dilated cardiomyopathy 1P	false	no match		false		low
Phospholamban (PLN) mutation-associated cardiomyopathy	MONDO:0012549	dilated cardiomyopathy 1P	false	no match		false		low
Phospholamban cardiomyopathy	MONDO:0012549	dilated cardiomyopathy 1P	false	no match		false		low
Phosphoserine aminotransferase deficiency	MONDO:0012247	phosphoserine aminotransferase deficiency	false	no match	MONDO:0012596	true	false	low
Phosphoserine phosphatase deficiency	MONDO:0013057	phosphoserine phosphatase deficiency	false	no match	MONDO:0013531	true	false	low
Piebaldism	MONDO:0007374	piebaldism	false	no match	MONDO:0008244	true	false	low
Pierre Robin sequence	MONDO:0008318	Pierre Robin sequence	false	no match	MONDO:0009869	true	false	low
Pierre Robin sequence (without cleft palate)	MONDO:0008318	Pierre Robin sequence	false	no match		false		low
Pierson syndrome	MONDO:0011735	Pierson syndrome	false	no match	MONDO:0012184	true	false	low
Pitt-Hopkins Syndrome	MONDO:0012589	Pitt-Hopkins syndrome	true	MONDO:0012589	MONDO:0012589	true	true	medium
Pitt-Hopkins syndrome	MONDO:0012589	Pitt-Hopkins syndrome	true	MONDO:0012589	MONDO:0012589	true	true	medium
Pituitary gigantism	MONDO:0019923	pituitary gigantism	false	no match	MONDO:0020479	true	false	low
Pityriasis rubra pilaris	MONDO:0006626	pityriasis rubra pilaris	false	no match	MONDO:0008251;MONDO:0100017	true	false	low
Platelet-type von Willebrand disease	MONDO:0008239	platelet-type von Willebrand disease	false	no match	MONDO:0008332	true	false	low
Poikiloderma with Neutropenia (Clericuzio-type)	MONDO:0011451	poikiloderma with neutropenia	false	no match		false		low
Poland Syndrome	MONDO:0008324	Poland syndrome	false	no match	MONDO:0008262	true	false	low
Poland syndrome	MONDO:0008324	Poland syndrome	false	no match	MONDO:0008262	true	false	low
Polyarteritis Nodosa (PAN)	MONDO:0019170	polyarteritis nodosa	true	MONDO:0019170		false		medium
Polyarteritis nodosa	MONDO:0019170	polyarteritis nodosa	true	MONDO:0019170	MONDO:0019170	true	true	medium
Polyarteritis nodosa (PAN)	MONDO:0019170	polyarteritis nodosa	true	MONDO:0019170		false		medium
Polycystic Kidney Disease	MONDO:0020642	polycystic kidney disease	true	MONDO:0020642	MONDO:0020642	true	true	medium
Polycystic kidney disease	MONDO:0020642	polycystic kidney disease	true	MONDO:0020642	MONDO:0020642	true	true	high
Polycythemia vera	MONDO:0009891	polycythemia vera	true	MONDO:0009891	MONDO:0009891	true	true	high
Polyglandular Autoimmune Syndrome Type 2	MONDO:0009979	autoimmune polyendocrine syndrome type 2	false	no match		false		low
Polyglandular Autoimmune Syndrome Type 2 (APS2)	MONDO:0009979	autoimmune polyendocrine syndrome type 2	false	no match		false		low
Polyglandular Autoimmune Syndrome Type II (Schmidt syndrome)	MONDO:0009979	autoimmune polyendocrine syndrome type 2	false	no match		false		low
Polymicrogyria	MONDO:0000087	polymicrogyria	true	MONDO:0000087	MONDO:0000087	true	true	high
Polymicrogyria due to TUBB2B Mutation	MONDO:0013245	complex cortical dysplasia with other brain malformations 7	false	no match	MONDO:0012399	true	false	low
Polymicrogyria due to TUBB2B Mutations	MONDO:0013245	complex cortical dysplasia with other brain malformations 7	false	no match		false		low
Polymicrogyria with Microcephaly syndrome (e.g., due to WDR62 mutations)	MONDO:0011435	microcephaly 2, primary, autosomal recessive, with or without cortical malformations	true	MONDO:0011435		false		low
Polymicrogyria-Pachygyria spectrum disorders	MONDO:0000087	polymicrogyria	true	MONDO:0000087		false		low
Polymyositis	MONDO:0005179	polymyositis	false	no match	MONDO:0019127	true	false	high
Polysplenia syndrome	MONDO:0018677	heterotaxy	false	no match		false		low
Pompe Disease	MONDO:0009290	glycogen storage disease II	true	MONDO:0009290	MONDO:0009290	true	true	high
Pompe Disease (Glycogen Storage Disease Type II)	MONDO:0009290	glycogen storage disease II	true	MONDO:0009290		false		high
Pompe disease	MONDO:0009290	glycogen storage disease II	true	MONDO:0009290	MONDO:0009290	true	true	high
Pompe disease (Glycogen Storage Disease Type II)	MONDO:0009290	glycogen storage disease II	true	MONDO:0009290		false		high
Pompe disease (Glycogen storage disease Type II)	MONDO:0009290	glycogen storage disease II	true	MONDO:0009290		false		high
Pompe disease (Glycogen storage disease type II)	MONDO:0009290	glycogen storage disease II	true	MONDO:0009290		false		high
Pompe disease (acid maltase deficiency)	MONDO:0009290	glycogen storage disease II	true	MONDO:0009290		false		high
Pompe disease (glycogen storage disease type II)	MONDO:0009290	glycogen storage disease II	true	MONDO:0009290		false		high
Pompe disease (late-onset)	MONDO:0009290	glycogen storage disease II	true	MONDO:0009290		false		medium
Pontocerebellar Hypoplasia	MONDO:0020135	pontocerebellar hypoplasia	true	MONDO:0020135	MONDO:0020135	true	true	medium
Pontocerebellar Hypoplasia (PCH)	MONDO:0020135	pontocerebellar hypoplasia	true	MONDO:0020135		false		medium
Pontocerebellar Hypoplasia Type 2	MONDO:0018203	pontocerebellar hypoplasia type 2	false	no match	MONDO:0016759	true	false	low
Pontocerebellar Hypoplasia type 6	MONDO:0012698	pontocerebellar hypoplasia type 6	false	no match	MONDO:0012683	true	false	low
Pontocerebellar hypoplasia	MONDO:0020135	pontocerebellar hypoplasia	true	MONDO:0020135	MONDO:0020135	true	true	medium
Pontocerebellar hypoplasia type 2	MONDO:0018203	pontocerebellar hypoplasia type 2	false	no match	MONDO:0016759	true	false	low
Pontocerebellar hypoplasia type 6	MONDO:0012698	pontocerebellar hypoplasia type 6	false	no match	MONDO:0012683	true	false	low
Popliteal pterygium syndrome	MONDO:0007909	popliteal pterygium syndrome	false	no match	MONDO:0007334;MONDO:0017435	true	false	low
Poretti-Boltshauser syndrome	MONDO:0014488	Poretti-Boltshauser syndrome	false	no match	MONDO:0014419	true	false	low
Porokeratosis punctata palmaris et plantaris	MONDO:0008283	porokeratosis punctata palmaris et plantaris	false	no match		false		low
Porphyria	MONDO:0002475	porphyria	false	no match	MONDO:0019142;MONDO:0037939	true	false	low
Posterior Microphthalmia	MONDO:0011389	posterior microphthalmos	false	no match		false		low
Posterior Polymorphous Corneal Dystrophy	MONDO:0020353	posterior polymorphous corneal dystrophy	false	no match	MONDO:0020364	true	false	low
Posterior microphthalmos	MONDO:0011389	posterior microphthalmos	false	no match		false		low
Posterior polymorphous corneal dystrophy	MONDO:0020353	posterior polymorphous corneal dystrophy	false	no match	MONDO:0020364	true	false	low
Potocki-Lupski syndrome	MONDO:0012252	Potocki-Lupski syndrome	false	no match	MONDO:0012574	true	false	low
Prader-Willi Syndrome	MONDO:0008300	Prader-Willi syndrome	true	MONDO:0008300	MONDO:0008300	true	true	high
Prader-Willi syndrome	MONDO:0008300	Prader-Willi syndrome	true	MONDO:0008300	MONDO:0008300	true	true	high
Preaxial polydactyly type II	MONDO:0008305	preaxial polydactyly type 2	false	no match		false		low
Primary Autosomal Recessive Microcephaly	MONDO:0016660	autosomal recessive primary microcephaly	true	MONDO:0016660		false		low
Primary Autosomal Recessive Microcephaly (MCPH)	MONDO:0016660	autosomal recessive primary microcephaly	true	MONDO:0016660		false		low
Primary Carnitine Deficiency	MONDO:0008919	systemic primary carnitine deficiency disease	true	MONDO:0008919	MONDO:0008919	true	true	low
Primary Carnitine Deficiency (Carnitine Transporter Deficiency)	MONDO:0008919	systemic primary carnitine deficiency disease	true	MONDO:0008919		false		low
Primary Ciliary Dyskinesia	MONDO:0016575	primary ciliary dyskinesia	true	MONDO:0016575	MONDO:0016575	true	true	medium
Primary Ciliary Dyskinesia (Kartagener's syndrome)	MONDO:0016575	primary ciliary dyskinesia	true	MONDO:0016575		false		medium
Primary Ciliary Dyskinesia (PCD)	MONDO:0016575	primary ciliary dyskinesia	true	MONDO:0016575		false		medium
Primary Hyperoxaluria Type I	MONDO:0009823	primary hyperoxaluria type 1	true	MONDO:0009823	MONDO:0009823	true	true	medium
Primary Hyperoxaluria Type II	MONDO:0009824	primary hyperoxaluria type 2	true	MONDO:0009824	MONDO:0009824	true	true	low
Primary Hyperoxaluria Type III	MONDO:0013327	primary hyperoxaluria type 3	true	MONDO:0013327	MONDO:0013327	true	true	low
Primary Lateral Sclerosis	MONDO:0005152	primary lateral sclerosis	false	no match	MONDO:0018155	true	false	low
Primary Lateral Sclerosis (PLS)	MONDO:0005152	primary lateral sclerosis	false	no match		false		low
Primary Lateral Sclerosis (juvenile onset)	MONDO:0011100	juvenile primary lateral sclerosis	false	no match		false		low
Primary autosomal recessive microcephaly (MCPH)	MONDO:0016660	autosomal recessive primary microcephaly	true	MONDO:0016660		false		low
Primary carnitine deficiency	MONDO:0008919	systemic primary carnitine deficiency disease	true	MONDO:0008919	MONDO:0008919	true	true	low
Primary ciliary dyskinesia	MONDO:0016575	primary ciliary dyskinesia	true	MONDO:0016575	MONDO:0016575	true	true	high
Primary ciliary dyskinesia (Kartagener syndrome)	MONDO:0016575	primary ciliary dyskinesia	true	MONDO:0016575		false		medium
Primary coenzyme Q10 deficiency due to COQ gene mutations	MONDO:0018151	primary coenzyme Q10 deficiency	false	no match		false		low
Primary hyperoxaluria	MONDO:0019598	primary hyperoxaluria	false	no match	MONDO:0002474	true	false	low
Primary hyperoxaluria Type I	MONDO:0009823	primary hyperoxaluria type 1	true	MONDO:0009823	MONDO:0009823	true	true	medium
Primary hyperoxaluria type 1	MONDO:0009823	primary hyperoxaluria type 1	true	MONDO:0009823	MONDO:0009823	true	true	medium
Primary hyperoxaluria type I	MONDO:0009823	primary hyperoxaluria type 1	true	MONDO:0009823	MONDO:0009823	true	true	medium
Primary hyperparathyroidism	MONDO:0005338	primary hyperparathyroidism	false	no match	MONDO:0010837	true	false	low
Primary idiopathic distal renal tubular acidosis	MONDO:0015827	distal renal tubular acidosis	true	MONDO:0015827		false		low
Primary lateral sclerosis	MONDO:0005152	primary lateral sclerosis	false	no match	MONDO:0018155	true	false	low
Primary lateral sclerosis (PLS)	MONDO:0005152	primary lateral sclerosis	false	no match		false		low
Primary lateral sclerosis (juvenile form)	MONDO:0011100	juvenile primary lateral sclerosis	false	no match		false		low
Primary lateral sclerosis (juvenile onset)	MONDO:0011100	juvenile primary lateral sclerosis	false	no match		false		low
Primary microcephaly	MONDO:0016660	autosomal recessive primary microcephaly	true	MONDO:0016660		false		low
Primary microcephaly (Microcephaly vera)	MONDO:0016660	autosomal recessive primary microcephaly	true	MONDO:0016660		false		low
Primary myelofibrosis	MONDO:0009693	primary myelofibrosis	false	no match	MONDO:0009692	true	false	medium
Primary ovarian insufficiency (POI)	MONDO:0005387	primary ovarian insufficiency	false	no match		false		low
Primary systemic carnitine deficiency	MONDO:0008919	systemic primary carnitine deficiency disease	true	MONDO:0008919		false		low
Primrose syndrome	MONDO:0009826	Primrose syndrome	false	no match	MONDO:0009798	true	false	low
Progeroid Ehlers-Danlos syndrome	MONDO:0012814	Ehlers-Danlos syndrome, progeroid type	false	no match		false		low
Progeroid Syndrome	MONDO:0019303	premature aging syndrome	true	MONDO:0019303	MONDO:0015333	true	false	medium
Progeroid Syndromes	MONDO:0019303	premature aging syndrome	true	MONDO:0019303		false		medium
Progeroid Type Ehlers-Danlos Syndrome	MONDO:0012814	Ehlers-Danlos syndrome, progeroid type	false	no match		false		low
Progressive Bulbar Palsy	MONDO:0017276	progressive bulbar palsy	false	no match	MONDO:0008890	true	false	low
Progressive Cardiac Conduction Disease due to SCN5A mutations	MONDO:0007234	progressive familial heart block type IA	false	no match		false		low
Progressive External Ophthalmoplegia (PEO)	MONDO:0003722	progressive external ophthalmoplegia	false	no match		false		low
Progressive Familial Heart Block Type I	MONDO:0007234	progressive familial heart block type IA	false	no match		false		low
Progressive Familial Heart Block type I	MONDO:0007234	progressive familial heart block type IA	false	no match		false		low
Progressive Familial Intrahepatic Cholestasis	MONDO:0015762	progressive familial intrahepatic cholestasis	true	MONDO:0015762	MONDO:0008892;MONDO:0015762	true	true	medium
Progressive Familial Intrahepatic Cholestasis (PFIC)	MONDO:0015762	progressive familial intrahepatic cholestasis	true	MONDO:0015762		false		medium
Progressive Muscular Atrophy	MONDO:0000431	progressive muscular atrophy	false	no match	MONDO:0018687	true	false	low
Progressive Myoclonic Epilepsy (Unverricht-Lundborg Disease)	MONDO:0009762	Unverricht-Lundborg syndrome	false	no match		false		medium
Progressive Pseudorheumatoid Dysplasia	MONDO:0008829	progressive pseudorheumatoid arthropathy of childhood	false	no match		false		low
Progressive Supranuclear Palsy	MONDO:0019037	progressive supranuclear palsy	true	MONDO:0019037	MONDO:0019037	true	true	high
Progressive cardiac conduction defect	MONDO:0005221	progressive cardiac conduction defect	false	no match		false		low
Progressive external ophthalmoplegia	MONDO:0003722	progressive external ophthalmoplegia	false	no match	MONDO:0005181	true	false	low
Progressive familial heart block type I	MONDO:0007234	progressive familial heart block type IA	false	no match		false		low
Progressive familial intrahepatic cholestasis	MONDO:0015762	progressive familial intrahepatic cholestasis	true	MONDO:0015762	MONDO:0008892;MONDO:0015762	true	true	medium
Progressive familial intrahepatic cholestasis (PFIC)	MONDO:0015762	progressive familial intrahepatic cholestasis	true	MONDO:0015762		false		medium
Progressive familial intrahepatic cholestasis type 3	MONDO:0011214	progressive familial intrahepatic cholestasis type 3	true	MONDO:0011214	MONDO:0011214	true	true	medium
Progressive muscular atrophy	MONDO:0000431	progressive muscular atrophy	false	no match	MONDO:0018687	true	false	low
Progressive myoclonic epilepsy	MONDO:0020074	progressive myoclonic epilepsy	true	MONDO:0020074	MONDO:0020074	true	true	medium
Progressive myoclonus epilepsies	MONDO:0020074	progressive myoclonic epilepsy	true	MONDO:0020074		false		medium
Progressive osseous heteroplasia	MONDO:0008071	progressive osseous heteroplasia	false	no match	MONDO:0008153	true	false	low
Progressive supranuclear palsy	MONDO:0019037	progressive supranuclear palsy	true	MONDO:0019037	MONDO:0019037	true	true	high
Propionic Acidemia	MONDO:0011628	propionic acidemia	true	MONDO:0011628	MONDO:0011628	true	true	medium
Propionic acidemia	MONDO:0011628	propionic acidemia	true	MONDO:0011628	MONDO:0011628	true	true	medium
Proteus syndrome	MONDO:0010067	Proteus syndrome	false	no match	MONDO:0008318	true	false	low
Proximal renal tubular acidosis (Type 2 RTA)	MONDO:0015780	proximal renal tubular acidosis	false	no match		false		low
Pseudo-Hurler Polydystrophy (Mucolipidosis III)	MONDO:0009851	mucolipidosis type III alpha/beta	false	no match		false		low
Pseudo-TORCH syndrome	MONDO:0012436	pseudo-TORCH syndrome 1	false	no match	MONDO:0009626;MONDO:0020789	true	false	low
Pseudoachondroplasia	MONDO:0008346	pseudoachondroplasia	false	no match	MONDO:0008322	true	false	low
Pseudohypoparathyroidism	MONDO:0005423	pseudohypoparathyroidism	false	no match	MONDO:0019992	true	false	low
Pseudohypoparathyroidism (Albright Hereditary Osteodystrophy)	MONDO:0005423	pseudohypoparathyroidism	false	no match		false		low
Pseudohypoparathyroidism (Albright hereditary osteodystrophy)	MONDO:0005423	pseudohypoparathyroidism	false	no match		false		low
Pseudohypoparathyroidism Type 1a	MONDO:0007090	pseudohypoparathyroidism type 1A	false	no match	MONDO:0007078	true	false	low
Pseudohypoparathyroidism Type IA (Albright hereditary osteodystrophy)	MONDO:0007090	pseudohypoparathyroidism type 1A	false	no match		false		low
Pseudohypoparathyroidism Type Ib	MONDO:0011306	pseudohypoparathyroidism type 1B	false	no match		false		low
Pseudohypoparathyroidism type 1a (Albright hereditary osteodystrophy)	MONDO:0007090	pseudohypoparathyroidism type 1A	false	no match		false		low
Pseudohypoparathyroidism type Ia	MONDO:0007090	pseudohypoparathyroidism type 1A	false	no match		false		low
Pseudohypoparathyroidism type Ia (Albright hereditary osteodystrophy)	MONDO:0007090	pseudohypoparathyroidism type 1A	false	no match		false		low
Pseudohypoparathyroidism type Ib	MONDO:0011306	pseudohypoparathyroidism type 1B	false	no match		false		low
Pseudometabolic Syndrome	no match		false	no match		false		low
Pseudopseudohypoparathyroidism	MONDO:0012960	pseudopseudohypoparathyroidism	false	no match	MONDO:0012912	true	false	low
Pseudoxanthoma Elasticum	MONDO:0018958	pseudoxanthoma elasticum	false	no match	MONDO:0009925	true	false	low
Pseudoxanthoma elasticum	MONDO:0018958	pseudoxanthoma elasticum	false	no match	MONDO:0009925	true	false	low
Psoriasis vulgaris	MONDO:0043366	psoriasis vulgaris	false	no match		false		low
Psoriatic juvenile idiopathic arthritis	MONDO:0011793	psoriatic juvenile idiopathic arthritis	false	no match		false		low
Psychogenic nonepileptic seizures	no match		false	no match		false		low
Pulmonary Fibrosis due to RTEL1 mutation	MONDO:0014703	pulmonary fibrosis and/or bone marrow failure, telomere-related, 3	false	no match		false		low
Pulmonary Fibrosis due to TERC mutation	MONDO:0013004	pulmonary fibrosis and/or bone marrow failure, telomere-related, 2	false	no match		false		low
Pulmonary fibrosis due to TERT gene mutation	MONDO:0012791	pulmonary fibrosis and/or bone marrow failure, telomere-related, 1	false	no match		false		low
Punctate palmoplantar keratoderma type I	MONDO:0008102	palmoplantar keratoderma, punctate type 1A	false	no match	MONDO:0019332	true	false	low
Punctate palmoplantar keratoderma type I (Buschke-Fischer disease)	MONDO:0008102	palmoplantar keratoderma, punctate type 1A	false	no match		false		low
Punctate palmoplantar keratoderma type I (Buschke-Fischer-Brauer disease)	MONDO:0008102	palmoplantar keratoderma, punctate type 1A	false	no match		false		low
Punctate palmoplantar keratoderma type II (Porokeratosis punctata palmaris et plantaris)	MONDO:0011283	porokeratosis punctata palmaris et plantaris	false	no match		false		low
Pura syndrome	MONDO:0014404	PURA-related severe neonatal hypotonia-seizures-encephalopathy syndrome	false	no match	MONDO:0014512;MONDO:1060108	true	false	low
Pure Hair and Nail Ectodermal Dysplasia	MONDO:0019023	pure hair and nail ectodermal dysplasia	false	no match	MONDO:0019071	true	false	low
Pure hereditary spastic paraplegia (HSP)	MONDO:0019064	hereditary spastic paraplegia	true	MONDO:0019064		false		low
Purine Nucleoside Phosphorylase (PNP) Deficiency	MONDO:0013058	purine nucleoside phosphorylase deficiency	false	no match		false		low
Purine Nucleoside Phosphorylase (PNP) deficiency	MONDO:0013058	purine nucleoside phosphorylase deficiency	false	no match		false		low
Purine nucleoside phosphorylase (PNP) deficiency	MONDO:0013058	purine nucleoside phosphorylase deficiency	false	no match		false		low
Purine nucleoside phosphorylase deficiency	MONDO:0013058	purine nucleoside phosphorylase deficiency	false	no match	MONDO:0013171	true	false	low
Pycnodysostosis	MONDO:0008383	pycnodysostosis	false	no match	MONDO:0009940	true	false	low
Pyknodysostosis	MONDO:0008383	pycnodysostosis	false	no match	MONDO:0009940	true	false	low
Pyle disease	MONDO:0009998	Pyle disease	false	no match	MONDO:0009943	true	false	low
Pyle disease (metaphyseal dysplasia)	MONDO:0009998	Pyle disease	false	no match		false		low
Pyridox(am)ine 5'-phosphate oxidase (PNPO) deficiency	MONDO:0012207	pyridoxamine 5'-phosphate oxidase deficiency	false	no match		false		low
Pyridox(am)ine 5'-phosphate oxidase deficiency	MONDO:0012207	pyridoxamine 5'-phosphate oxidase deficiency	false	no match		false		low
Pyridoxal 5'-phosphate-dependent epilepsy	MONDO:0012207	pyridoxamine 5'-phosphate oxidase deficiency	false	no match	MONDO:0012407	true	false	low
Pyridoxine-Dependent Epilepsy	MONDO:0010859	pyridoxine-dependent epilepsy	false	no match	MONDO:0009945	true	false	low
Pyridoxine-dependent Epilepsy	MONDO:0010859	pyridoxine-dependent epilepsy	false	no match	MONDO:0009945	true	false	low
Pyridoxine-dependent epilepsy	MONDO:0010859	pyridoxine-dependent epilepsy	false	no match	MONDO:0009945	true	false	low
Pyridoxine-dependent epilepsy (ALDH7A1 deficiency)	MONDO:0010859	pyridoxine-dependent epilepsy	false	no match		false		low
Pyruvate Carboxylase Deficiency	MONDO:0009985	pyruvate carboxylase deficiency	false	no match		false		low
Pyruvate Dehydrogenase Complex Deficiency	MONDO:0019190	pyruvate dehydrogenase deficiency	false	no match	MONDO:0019169	true	false	low
Pyruvate Dehydrogenase Complex deficiency	MONDO:0019190	pyruvate dehydrogenase deficiency	false	no match	MONDO:0019169	true	false	low
Pyruvate Dehydrogenase Deficiency	MONDO:0019190	pyruvate dehydrogenase deficiency	false	no match	MONDO:0019169	true	false	low
Pyruvate carboxylase deficiency	MONDO:0009993	pyruvate carboxylase deficiency	false	no match		false		high
Pyruvate dehydrogenase complex deficiency	MONDO:0019190	pyruvate dehydrogenase deficiency	false	no match	MONDO:0019169	true	false	low
Pyruvate dehydrogenase deficiency	MONDO:0019190	pyruvate dehydrogenase deficiency	false	no match	MONDO:0019169	true	false	low
Pyruvate kinase deficiency	MONDO:0009997	pyruvate kinase deficiency of red cells	false	no match	MONDO:0009950	true	false	medium
RAG1/RAG2 Deficiency	MONDO:0011004	T-B- severe combined immunodeficiency	false	no match		false		low
RFT1-CDG (Congenital Disorder of Glycosylation Type In)	MONDO:0012791	RFT1-CDG	false	no match		false		low
RNASET2-deficient leukoencephalopathy	MONDO:0013087	RNASET2-deficient cystic leukoencephalopathy	false	no match		false		low
RRM2B-related mitochondrial DNA depletion syndrome	MONDO:0012818	mitochondrial DNA depletion syndrome 8A	false	no match	MONDO:0012792	true	false	low
RYR1-Related Myopathy	MONDO:0100150	RYR1-related myopathy	true	MONDO:0100150	MONDO:0100150	true	true	low
RYR1-related myopathy	MONDO:0100150	RYR1-related myopathy	true	MONDO:0100150	MONDO:0100150	true	true	low
Rabson-Mendenhall Syndrome	MONDO:0009951	Rabson-Mendenhall syndrome	false	no match	MONDO:0009874	true	false	medium
Rabson-Mendenhall syndrome	MONDO:0009951	Rabson-Mendenhall syndrome	false	no match	MONDO:0009874	true	false	medium
Radioulnar synostosis with amegakaryocytic thrombocytopenia	MONDO:0017130	radioulnar synostosis-amegakaryocytic thrombocytopenia syndrome	false	no match	MONDO:0011555	true	false	low
Radioulnar synostosis with cardiac anomalies	MONDO:0017130	radioulnar synostosis-amegakaryocytic thrombocytopenia syndrome	false	no match		false		low
Radioulnar synostosis with intellectual disability syndrome	MONDO:0017130	radioulnar synostosis-amegakaryocytic thrombocytopenia syndrome	false	no match		false		low
Rapp-Hodgkin syndrome	MONDO:0007466	Rapp-Hodgkin syndrome	false	no match	MONDO:0007508	true	false	low
Rasmussen's Encephalitis	MONDO:0015128	Rasmussen encephalitis	false	no match		false		low
Rasmussen's encephalitis	MONDO:0015128	Rasmussen encephalitis	false	no match		false		low
Red-Green Color Blindness	MONDO:0001703	color blindness	true	MONDO:0001703	MONDO:0010564	true	false	low
Reflex anoxic seizures	no match		false	no match		false		low
Refractive errors (e.g., myopia, hyperopia, astigmatism)	MONDO:0004892	refractive error	true	MONDO:0004892		false		low
Refsum Disease	MONDO:0009958	Refsum disease	true	MONDO:0009958	MONDO:0009958	true	true	medium
Refsum disease	MONDO:0009958	Refsum disease	true	MONDO:0009958	MONDO:0009958	true	true	medium
Renal Coloboma Syndrome (Papillorenal Syndrome)	MONDO:0007352	papillorenal syndrome	true	MONDO:0007352		false		medium
Renal Cysts and Diabetes Syndrome (HNF1B-MODY, also known as MODY5)	MONDO:0007452	renal cysts and diabetes syndrome	false	no match		false		low
Renal Cysts and Diabetes Syndrome (HNF1B-related disease)	MONDO:0007452	renal cysts and diabetes syndrome	false	no match		false		low
Renal coloboma syndrome	MONDO:0007352	papillorenal syndrome	true	MONDO:0007352	MONDO:0007352	true	true	medium
Renal coloboma syndrome (PAX2 mutations)	MONDO:0007352	papillorenal syndrome	true	MONDO:0007352		false		medium
Renal coloboma syndrome (Papillorenal syndrome)	MONDO:0007352	papillorenal syndrome	true	MONDO:0007352		false		medium
Renal tubular acidosis	MONDO:0001652	renal tubular acidosis	false	no match	MONDO:0001909	true	false	low
Renal-coloboma syndrome (PAX2-related disorder)	MONDO:0007352	papillorenal syndrome	true	MONDO:0007352		false		medium
Restrictive Dermopathy	MONDO:0010043	restrictive dermopathy	false	no match	MONDO:0031213;MONDO:0800042	true	false	low
Reticular Dysgenesis	MONDO:0009974	reticular dysgenesis	false	no match	MONDO:0009973	true	false	low
Reticular dysgenesis	MONDO:0009974	reticular dysgenesis	false	no match	MONDO:0009973	true	false	low
Retinal detachment	MONDO:0019135	retinal detachment	false	no match	MONDO:0008375	true	false	low
Retinal dystrophy	MONDO:0019118	inherited retinal dystrophy	true	MONDO:0019118	MONDO:0019118	true	true	medium
Retinitis Pigmentosa	MONDO:0019200	retinitis pigmentosa	true	MONDO:0019200	MONDO:0008377;MONDO:0019200	true	true	high
Retinitis Pigmentosa (early-onset form)	MONDO:0019200	retinitis pigmentosa	true	MONDO:0019200		false		medium
Retinitis Pigmentosa sine pigmento	MONDO:0019200	retinitis pigmentosa	true	MONDO:0019200		false		low
Retinitis Punctata Albescens	MONDO:0007591	retinitis punctata albescens	false	no match	MONDO:0007639;MONDO:0018877;MONDO:0100443;MONDO:0100444	true	false	low
Retinitis pigmentosa	MONDO:0019200	retinitis pigmentosa	true	MONDO:0019200	MONDO:0008377;MONDO:0019200	true	true	high
Retinitis pigmentosa (early-onset form)	MONDO:0019200	retinitis pigmentosa	true	MONDO:0019200		false		medium
Retinitis pigmentosa (early-onset forms)	MONDO:0019200	retinitis pigmentosa	true	MONDO:0019200		false		medium
Retinitis pigmentosa (early-onset)	MONDO:0019200	retinitis pigmentosa	true	MONDO:0019200		false		medium
Rett Syndrome	MONDO:0010726	Rett syndrome	true	MONDO:0010726	MONDO:0010726	true	true	high
Rett Syndrome (Atypical Male Presentation)	MONDO:0010726	Rett syndrome	true	MONDO:0010726		false		medium
Rett Syndrome (CDKL5 Deficiency)	MONDO:0010388	developmental and epileptic encephalopathy, 2	false	no match		false		low
Rett syndrome	MONDO:0010726	Rett syndrome	true	MONDO:0010726	MONDO:0010726	true	true	high
Rett syndrome (MECP2 mutation)	MONDO:0010726	Rett syndrome	true	MONDO:0010726		false		high
Rett syndrome (atypical cases without seizures)	MONDO:0010726	Rett syndrome	true	MONDO:0010726		false		medium
Rett syndrome (atypical in males)	MONDO:0010726	Rett syndrome	true	MONDO:0010726		false		medium
Rett syndrome (atypical male presentation)	MONDO:0010726	Rett syndrome	true	MONDO:0010726		false		medium
Rett syndrome (atypical or male variant)	MONDO:0010726	Rett syndrome	true	MONDO:0010726		false		medium
Rett syndrome (atypical presentation in males)	MONDO:0010726	Rett syndrome	true	MONDO:0010726		false		medium
Rett syndrome (atypical presentation)	MONDO:0010726	Rett syndrome	true	MONDO:0010726		false		medium
Rett syndrome (if female)	MONDO:0010726	Rett syndrome	true	MONDO:0010726		false		high
Rett syndrome (in males with MECP2 mutations)	MONDO:0010726	Rett syndrome	true	MONDO:0010726		false		medium
Rett syndrome (in males)	MONDO:0010726	Rett syndrome	true	MONDO:0010726		false		medium
Rett syndrome (less likely due to absence of seizures and being 6 years old)	MONDO:0010726	Rett syndrome	true	MONDO:0010726		false		high
Rett syndrome (male variant)	MONDO:0010726	Rett syndrome	true	MONDO:0010726		false		medium
Revesz syndrome	MONDO:0013543	dyskeratosis congenita, autosomal dominant 3	false	no match	MONDO:0009990	true	false	low
Reye syndrome	MONDO:0006979	Reye syndrome	false	no match	MONDO:0005942	true	false	medium
Reye's syndrome	MONDO:0006979	Reye syndrome	false	no match	MONDO:0005942	true	false	medium
Rh-null syndrome	MONDO:0009982	Rh deficiency syndrome	false	no match	MONDO:0019107	true	false	low
Rhabdoid Tumor Predisposition Syndrome Type 1	MONDO:0012252	rhabdoid tumor predisposition syndrome 1	true	MONDO:0012252	MONDO:0012252	true	true	medium
Rhabdoid Tumor Predisposition Syndrome Type 2	MONDO:0013224	rhabdoid tumor predisposition syndrome 2	true	MONDO:0013224	MONDO:0013224	true	true	medium
Rheumatoid arthritis	MONDO:0008383	rheumatoid arthritis	true	MONDO:0008383	MONDO:0008383	true	true	high
Rhodopsin-related retinal dystrophy	MONDO:0008377	retinitis pigmentosa 4	false	no match		false		low
Richieri-Costa-Pereira syndrome	MONDO:0009994	Richieri-Costa-Pereira syndrome	false	no match		false		low
Rieger syndrome (Axenfeld-Rieger syndrome)	MONDO:0020364	Axenfeld-Rieger syndrome	false	no match		false		low
Right atrial isomerism (Asplenia syndrome)	MONDO:0016537	right atrial isomerism	false	no match		false		low
Rigid Spine Muscular Dystrophy	MONDO:0011286	rigid spine muscular dystrophy 1	false	no match		false		low
Rigid Spine Muscular Dystrophy (RSMD1)	MONDO:0011286	rigid spine muscular dystrophy 1	false	no match		false		medium
Rigid Spine Muscular Dystrophy (SEPN1-related Myopathy)	MONDO:0011286	rigid spine muscular dystrophy 1	false	no match		false		medium
Rigid Spine Muscular Dystrophy (SEPN1-related myopathy)	MONDO:0011286	rigid spine muscular dystrophy 1	false	no match		false		medium
Rigid spine muscular dystrophy	MONDO:0011286	rigid spine muscular dystrophy 1	false	no match		false		low
Rigid spine muscular dystrophy (RSMD1/SEPN1-related myopathy)	MONDO:0011286	rigid spine muscular dystrophy 1	false	no match		false		medium
Ring Chromosome 20 Syndrome	MONDO:0019339	ring chromosome 20 syndrome	false	no match	MONDO:0015436	true	false	low
Ring chromosome 14 syndrome	MONDO:0017362	ring chromosome 14 syndrome	false	no match		false		low
Ring chromosome 20 syndrome	MONDO:0019339	ring chromosome 20 syndrome	false	no match	MONDO:0015436	true	false	low
Rippling muscle disease	MONDO:0016211	rippling muscle disease	false	no match	MONDO:0011634;MONDO:0020704	true	false	low
Ritscher-Schinzel Syndrome (3C Syndrome)	MONDO:0016011	Ritscher-Schinzel syndrome	false	no match		false		low
Ritscher-Schinzel syndrome	MONDO:0016011	Ritscher-Schinzel syndrome	false	no match	MONDO:0009073;MONDO:0019078	true	false	low
Ritscher-Schinzel syndrome (3C syndrome)	MONDO:0016011	Ritscher-Schinzel syndrome	false	no match		false		low
Roberts Syndrome	MONDO:0009974	Roberts syndrome	false	no match	MONDO:0100253	true	false	medium
Roberts syndrome	MONDO:0009974	Roberts syndrome	false	no match	MONDO:0100253	true	false	medium
Robinow syndrome	MONDO:0019977	Robinow syndrome	false	no match	MONDO:0019978	true	false	medium
Roifman Syndrome	MONDO:0010597	Roifman syndrome	false	no match	MONDO:0014722	true	false	low
Roifman syndrome	MONDO:0010597	Roifman syndrome	false	no match	MONDO:0014722	true	false	low
Rombo Syndrome	MONDO:0008392	Rombo syndrome	false	no match	MONDO:0008390	true	false	low
Rombo syndrome	MONDO:0008392	Rombo syndrome	false	no match	MONDO:0008390	true	false	low
Rothmund-Thomson syndrome	MONDO:0010002	Rothmund-Thomson syndrome	true	MONDO:0010002	MONDO:0010002	true	true	high
Rubella embryopathy (congenital rubella)	MONDO:0005977	congenital rubella	false	no match		false		low
Rubinstein-Taybi Syndrome	MONDO:0019188	Rubinstein-Taybi syndrome	true	MONDO:0019188	MONDO:0019188	true	true	medium
Rubinstein-Taybi syndrome	MONDO:0019188	Rubinstein-Taybi syndrome	true	MONDO:0019188	MONDO:0019188	true	true	medium
Rubinstein–Taybi syndrome	MONDO:0019188	Rubinstein-Taybi syndrome	true	MONDO:0019188		false		medium
Russell-Silver syndrome	MONDO:0008394	Silver-Russell syndrome	true	MONDO:0008394	MONDO:0008394	true	true	low
S-Adenosylhomocysteine hydrolase deficiency	MONDO:0013416	hypermethioninemia with S-adenosylhomocysteine hydrolase deficiency	false	no match		false		low
S-adenosylhomocysteine hydrolase deficiency	MONDO:0013416	hypermethioninemia with S-adenosylhomocysteine hydrolase deficiency	false	no match		false		low
SALL4-related disorders (Okihiro syndrome)	MONDO:0011723	Duane-radial ray syndrome	false	no match		false		low
SAMD9/SAMD9L syndromes	MONDO:0008037	ataxia-pancytopenia syndrome	false	no match		false		low
SAMD9/SAMD9L-related ataxia-pancytopenia syndrome	MONDO:0008037	ataxia-pancytopenia syndrome	false	no match		false		low
SAMHD1 deficiency	MONDO:0013099	Aicardi-Goutieres syndrome 5	false	no match		false		low
SATB2-associated syndrome	MONDO:0012813	SATB2-associated syndrome	false	no match	MONDO:0012864;MONDO:0100147	true	false	low
SCN1A-Related Epilepsy	MONDO:0005027	epilepsy	true	MONDO:0005027		false		medium
SCN1A-related Dravet syndrome	MONDO:0100135	Dravet syndrome	true	MONDO:0100135		false		high
SCN1A-related Epileptic Encephalopathy	MONDO:0100135	Dravet syndrome	true	MONDO:0100135		false		medium
SCN1A-related Seizure Disorders	MONDO:0005027	epilepsy	true	MONDO:0005027		false		medium
SCN1A-related epilepsies	MONDO:0005027	epilepsy	true	MONDO:0005027		false		medium
SCN1A-related epilepsy	MONDO:0005027	epilepsy	true	MONDO:0005027		false		medium
SCN1A-related epilepsy (Dravet syndrome)	MONDO:0100135	Dravet syndrome	true	MONDO:0100135		false		high
SCN1A-related epilepsy (GEFS+)	MONDO:0011393	generalized epilepsy with febrile seizures plus, type 2	false	no match		false		low
SCN1A-related epileptic disorders	MONDO:0005027	epilepsy	true	MONDO:0005027		false		medium
SCN1A-related epileptic encephalopathy	MONDO:0100135	Dravet syndrome	true	MONDO:0100135		false		medium
SCN1A-related epileptic encephalopathy (Dravet syndrome)	MONDO:0100135	Dravet syndrome	true	MONDO:0100135		false		high
SCN1A-related febrile seizures with developmental delay	MONDO:0005027	epilepsy	true	MONDO:0005027		false		low
SCN2A-Related Benign Neonatal Epilepsy	MONDO:0011927	benign familial infantile seizures 3	false	no match		false		low
SCN2A-Related Early-Onset Epileptic Encephalopathy	MONDO:0013471	developmental and epileptic encephalopathy, 11	false	no match		false		low
SCN2A-Related Epilepsy	MONDO:0005027	epilepsy	true	MONDO:0005027		false		medium
SCN2A-Related Epileptic Encephalopathy	MONDO:0013471	developmental and epileptic encephalopathy, 11	false	no match		false		low
SCN2A-Related Infantile Epilepsy	MONDO:0011927	benign familial infantile seizures 3	false	no match		false		low
SCN2A-related Epilepsy	MONDO:0005027	epilepsy	true	MONDO:0005027		false		medium
SCN2A-related Epileptic Encephalopathy	MONDO:0013471	developmental and epileptic encephalopathy, 11	false	no match		false		low
SCN2A-related developmental and epileptic encephalopathy	MONDO:0013471	developmental and epileptic encephalopathy, 11	false	no match		false		low
SCN2A-related disorder	MONDO:0700092	neurodevelopmental disorder	true	MONDO:0700092	MONDO:1060245	true	false	low
SCN2A-related disorders	MONDO:0700092	neurodevelopmental disorder	true	MONDO:0700092		false		low
SCN2A-related early infantile epileptic encephalopathy	MONDO:0013471	developmental and epileptic encephalopathy, 11	false	no match		false		low
SCN2A-related early-onset epileptic encephalopathy	MONDO:0013471	developmental and epileptic encephalopathy, 11	false	no match		false		low
SCN2A-related epilepsy	MONDO:0005027	epilepsy	true	MONDO:0005027		false		medium
SCN2A-related epilepsy syndrome	MONDO:0005027	epilepsy	true	MONDO:0005027		false		medium
SCN2A-related epileptic encephalopathy	MONDO:0013471	developmental and epileptic encephalopathy, 11	false	no match		false		low
SCN2A-related neonatal epilepsy	MONDO:0011927	benign familial infantile seizures 3	false	no match		false		low
SCN2A-related neonatal epileptic encephalopathy	MONDO:0013471	developmental and epileptic encephalopathy, 11	false	no match		false		low
SCN2A-related neurodevelopmental disorder	MONDO:0700092	neurodevelopmental disorder	true	MONDO:0700092		false		low
SCN5A Mutation-Related Cardiac Conduction Disease	MONDO:0011071	progressive familial heart block type 1A	false	no match		false		low
SCN5A Mutation-associated Cardiac Conduction Defect	MONDO:0011071	progressive familial heart block type 1A	false	no match		false		low
SCN5A mutation-associated arrhythmia	MONDO:0007263	cardiac arrhythmia	false	no match		false		low
SCN5A-Related Cardiac Conduction Disease	MONDO:0011071	progressive familial heart block type 1A	false	no match		false		low
SCN5A-associated dilated cardiomyopathy	MONDO:0005021	dilated cardiomyopathy	true	MONDO:0005021		false		medium
SCN5A-related Sinus Node Dysfunction	MONDO:0010999	sick sinus syndrome 1	false	no match		false		low
SCN5A-related cardiac conduction disease	MONDO:0011071	progressive familial heart block type 1A	false	no match		false		low
SCN5A-related cardiomyopathy	MONDO:0004994	cardiomyopathy	true	MONDO:0004994		false		medium
SCN5A-related dilated cardiomyopathy	MONDO:0005021	dilated cardiomyopathy	true	MONDO:0005021		false		medium
SCN8A-related Epileptic Encephalopathy	MONDO:0013792	developmental and epileptic encephalopathy, 13	false	no match		false		low
SCN8A-related epilepsies	MONDO:0005027	epilepsy	true	MONDO:0005027		false		medium
SCN8A-related epilepsy	MONDO:0005027	epilepsy	true	MONDO:0005027		false		medium
SCN8A-related epileptic encephalopathy	MONDO:0013792	developmental and epileptic encephalopathy, 13	false	no match		false		low
SCO2-related mitochondrial disorder	MONDO:0044970	mitochondrial disease	true	MONDO:0044970		false		low
SELENON-related congenital muscular dystrophy	MONDO:0019950	congenital muscular dystrophy	true	MONDO:0019950		false		low
SELENON-related myopathy (SEPN1-related myopathy)	MONDO:0005336	myopathy	true	MONDO:0005336		false		low
SEPN1-related Myopathy (Rigid Spine Muscular Dystrophy)	MONDO:0019950	congenital muscular dystrophy	true	MONDO:0019950		false		low
SEPN1-related congenital muscular dystrophy	MONDO:0019950	congenital muscular dystrophy	true	MONDO:0019950		false		low
SEPN1-related myopathy	MONDO:0005336	myopathy	true	MONDO:0005336	MONDO:0100100	true	false	low
SEPN1-related myopathy (Rigid Spine Muscular Dystrophy 1)	MONDO:0019950	congenital muscular dystrophy	true	MONDO:0019950		false		low
SEPN1-related myopathy (Rigid Spine Muscular Dystrophy)	MONDO:0019950	congenital muscular dystrophy	true	MONDO:0019950		false		low
SEPN1-related myopathy (Rigid spine muscular dystrophy)	MONDO:0019950	congenital muscular dystrophy	true	MONDO:0019950		false		low
SETD1A gene mutation	MONDO:0700092	neurodevelopmental disorder	true	MONDO:0700092		false		low
SHANK3 Mutation-associated Autism Spectrum Disorder	MONDO:0005258	autism spectrum disorder	true	MONDO:0005258		false		medium
SHANK3 gene mutation	MONDO:0700092	neurodevelopmental disorder	true	MONDO:0700092		false		low
SHANK3 mutation-associated autism (Phelan-McDermid syndrome)	MONDO:0005258	autism spectrum disorder	true	MONDO:0005258		false		low
SHANK3-related disorder	MONDO:0700092	neurodevelopmental disorder	true	MONDO:0700092		false		low
SHANK3-related disorder (Phelan-McDermid syndrome)	MONDO:0700092	neurodevelopmental disorder	true	MONDO:0700092		false		low
SHANK3-related disorders	MONDO:0700092	neurodevelopmental disorder	true	MONDO:0700092		false		low
SHH mutation-associated holoprosencephaly	MONDO:0016296	holoprosencephaly	true	MONDO:0016296		false		low
SHORT Syndrome	MONDO:0009863	SHORT syndrome	false	no match	MONDO:0010026	true	false	low
SHOX gene deficiency	MONDO:0008102	Leri-Weill dyschondrosteosis	false	no match		false		low
SIX3 mutation-associated holoprosencephaly	MONDO:0016296	holoprosencephaly	true	MONDO:0016296		false		low
SLC13A5 deficiency	MONDO:0100062	developmental and epileptic encephalopathy	true	MONDO:0100062	MONDO:0014392	true	false	low
SLC13A5 deficiency (Epileptic encephalopathy, early infantile, type 25)	MONDO:0100062	developmental and epileptic encephalopathy	true	MONDO:0100062		false		low
SLC13A5 deficiency (Kohlschütter-Tönz syndrome)	MONDO:0100062	developmental and epileptic encephalopathy	true	MONDO:0100062		false		low
SLC13A5 deficiency (Kohlschütter-Tönz syndrome)	MONDO:0100062	developmental and epileptic encephalopathy	true	MONDO:0100062		false		low
SLC13A5 deficiency disorder	MONDO:0100062	developmental and epileptic encephalopathy	true	MONDO:0100062		false		low
SLC13A5-related epileptic encephalopathy	MONDO:0100062	developmental and epileptic encephalopathy	true	MONDO:0100062		false		low
SLC25A22-Related Epileptic Encephalopathy	MONDO:0100062	developmental and epileptic encephalopathy	true	MONDO:0100062		false		low
SLC25A22-related early infantile epileptic encephalopathy	MONDO:0100062	developmental and epileptic encephalopathy	true	MONDO:0100062		false		low
SLC25A22-related epileptic encephalopathy	MONDO:0100062	developmental and epileptic encephalopathy	true	MONDO:0100062		false		low
SLC25A4-related Mitochondrial Myopathy	MONDO:0044970	mitochondrial disease	true	MONDO:0044970		false		low
SLC25A4-related Progressive External Ophthalmoplegia	MONDO:0044970	mitochondrial disease	true	MONDO:0044970		false		low
SLC25A4-related mitochondrial DNA depletion syndrome	MONDO:0044970	mitochondrial disease	true	MONDO:0044970		false		low
SLC2A1 deficiency syndrome	MONDO:0000188	GLUT1 deficiency syndrome	true	MONDO:0000188		false		medium
SLC2A1 deficiency syndrome (GLUT1 deficiency)	MONDO:0000188	GLUT1 deficiency syndrome	true	MONDO:0000188		false		medium
SLC2A1 deficiency syndrome (Glucose transporter type 1 deficiency)	MONDO:0000188	GLUT1 deficiency syndrome	true	MONDO:0000188		false		medium
SLC2A1 deficiency syndrome (Glut1 deficiency)	MONDO:0000188	GLUT1 deficiency syndrome	true	MONDO:0000188		false		medium
SLC2A1 mutations (GLUT1 deficiency syndrome)	MONDO:0000188	GLUT1 deficiency syndrome	true	MONDO:0000188		false		medium
SLC35A2-CDG (Congenital Disorder of Glycosylation Type IIm)	MONDO:0015286	congenital disorder of glycosylation	true	MONDO:0015286		false		low
SLC3A2 deficiency	no match		false	no match		false		low
SLC4A1-associated distal renal tubular acidosis with hemolytic anemia	MONDO:0015827	distal renal tubular acidosis	true	MONDO:0015827		false		low
SLC4A1-associated distal renal tubular acidosis with hereditary elliptocytosis	MONDO:0015827	distal renal tubular acidosis	true	MONDO:0015827		false		low
SLC6A1 epileptic encephalopathy	MONDO:0100062	developmental and epileptic encephalopathy	true	MONDO:0100062		false		low
SLC6A1-related Epileptic Encephalopathy	MONDO:0100062	developmental and epileptic encephalopathy	true	MONDO:0100062		false		low
SLC6A1-related epilepsy	MONDO:0005027	epilepsy	true	MONDO:0005027		false		low
SLC6A1-related epileptic encephalopathy	MONDO:0100062	developmental and epileptic encephalopathy	true	MONDO:0100062		false		low
SLC6A1-related neurodevelopmental disorder	MONDO:0700092	neurodevelopmental disorder	true	MONDO:0700092		false		low
SLC6A8 deficiency	MONDO:0010305	creatine transporter deficiency	true	MONDO:0010305	MONDO:0010305	true	true	low
SLC6A8 deficiency (Creatine transporter deficiency)	MONDO:0010305	creatine transporter deficiency	true	MONDO:0010305		false		low
SLC7A5 deficiency	MONDO:0700092	neurodevelopmental disorder	true	MONDO:0700092		false		low
SLC7A5 deficiency (Large Neutral Amino Acid Transporter 1 deficiency)	MONDO:0700092	neurodevelopmental disorder	true	MONDO:0700092		false		low
SLC7A5 deficiency (Large neutral amino acid transporter 1 deficiency)	no match		false	no match		false		low
SLC7A5 deficiency (large neutral amino acid transporter 1 deficiency)	no match		false	no match		false		low
SLC9A6-related Christianson syndrome	MONDO:0010306	Christianson syndrome	false	no match		false		medium
SMAD3-related aneurysm syndrome	MONDO:0013418	Loeys-Dietz syndrome 3	false	no match		false		medium
SMAD3-related aneurysm syndrome (Aneurysms-Osteoarthritis Syndrome)	MONDO:0013418	Loeys-Dietz syndrome 3	false	no match		false		medium
SMAD3-related aneurysm-osteoarthritis syndrome	MONDO:0013418	Loeys-Dietz syndrome 3	false	no match		false		medium
SMAD3-related aneurysms and osteoarthritis syndrome	MONDO:0013418	Loeys-Dietz syndrome 3	false	no match		false		medium
SOX2 Anophthalmia Syndrome	MONDO:0009660	SOX2 disorder	false	no match	MONDO:0008799	true	false	low
SOX2 anophthalmia syndrome	MONDO:0009660	SOX2 disorder	false	no match	MONDO:0008799	true	false	low
SOX2-associated coloboma	MONDO:0009660	SOX2 disorder	false	no match		false		low
SOX2-related optic nerve hypoplasia	MONDO:0009660	SOX2 disorder	false	no match		false		low
SPG11 hereditary spastic paraplegia	MONDO:0011286	hereditary spastic paraplegia 11	false	no match	MONDO:0011445	true	false	low
SPG11-related hereditary spastic paraplegia	MONDO:0011286	hereditary spastic paraplegia 11	false	no match		false		low
SPG15 hereditary spastic paraplegia	MONDO:0009982	hereditary spastic paraplegia 15	false	no match		false		low
SPG7 hereditary spastic paraplegia	MONDO:0011803	hereditary spastic paraplegia 7	true	MONDO:0011803	MONDO:0011803	true	true	low
SPTAN1-Related Epileptic Encephalopathy	MONDO:0013276	developmental and epileptic encephalopathy, 5	false	no match		false		low
SPTAN1-related epileptic encephalopathy	MONDO:0013276	developmental and epileptic encephalopathy, 5	false	no match		false		low
SRPX2-related perisylvian polymicrogyria	MONDO:0010538	rolandic epilepsy-speech dyspraxia syndrome	false	no match		false		low
STAT1 Deficiency	MONDO:0013424	immunodeficiency 31B	false	no match	MONDO:0013427	true	false	low
STAT1 Gain-of-Function Mutation	MONDO:0013599	chronic mucocutaneous candidiasis 7	false	no match		false		low
STAT1 Gain-of-Function Mutation (Chronic Mucocutaneous Candidiasis)	MONDO:0013599	chronic mucocutaneous candidiasis 7	false	no match		false		low
STAT1 Gain-of-Function Mutations	MONDO:0013599	chronic mucocutaneous candidiasis 7	false	no match		false		low
STAT1 deficiency	MONDO:0013424	immunodeficiency 31B	false	no match	MONDO:0013427	true	false	low
STAT1 deficiency (Signal Transducer and Activator of Transcription 1 deficiency)	MONDO:0013424	immunodeficiency 31B	false	no match		false		low
STAT1 gain-of-function mutation	MONDO:0013599	chronic mucocutaneous candidiasis 7	false	no match		false		low
STAT3 Gain-of-Function Mutation	MONDO:0014437	infantile-onset multisystem autoimmune disease 1	false	no match		false		low
STAT3 deficiency (Autosomal Dominant Hyper IgE Syndrome)	MONDO:0007818	hyper-IgE recurrent infection syndrome 1, autosomal dominant	true	MONDO:0007818		false		low
STAT3 gain-of-function disease	MONDO:0014437	infantile-onset multisystem autoimmune disease 1	false	no match		false		low
STAT3 gain-of-function mutation	MONDO:0014437	infantile-onset multisystem autoimmune disease 1	false	no match		false		low
STAT3 gain-of-function syndrome	MONDO:0014437	infantile-onset multisystem autoimmune disease 1	false	no match		false		low
STING-associated vasculopathy with onset in infancy (SAVI)	MONDO:0014436	STING-associated vasculopathy with onset in infancy	false	no match		false		low
STXBP1 Encephalopathy	MONDO:0012812	developmental and epileptic encephalopathy, 4	true	MONDO:0012812		false		medium
STXBP1 encephalopathy	MONDO:0012812	developmental and epileptic encephalopathy, 4	true	MONDO:0012812		false		medium
STXBP1 encephalopathy (Early Infantile Epileptic Encephalopathy Type 4)	MONDO:0012812	developmental and epileptic encephalopathy, 4	true	MONDO:0012812		false		medium
STXBP1 encephalopathy (Early infantile epileptic encephalopathy type 1)	MONDO:0012812	developmental and epileptic encephalopathy, 4	true	MONDO:0012812		false		medium
STXBP1-Related Encephalopathy	MONDO:0012812	developmental and epileptic encephalopathy, 4	true	MONDO:0012812	MONDO:0012812	true	true	medium
STXBP1-Related Epileptic Encephalopathy	MONDO:0012812	developmental and epileptic encephalopathy, 4	true	MONDO:0012812		false		medium
STXBP1-related Encephalopathy	MONDO:0012812	developmental and epileptic encephalopathy, 4	true	MONDO:0012812	MONDO:0012812	true	true	medium
STXBP1-related Epileptic Encephalopathy	MONDO:0012812	developmental and epileptic encephalopathy, 4	true	MONDO:0012812		false		medium
STXBP1-related disorder	MONDO:0012812	developmental and epileptic encephalopathy, 4	true	MONDO:0012812		false		low
STXBP1-related disorders	MONDO:0012812	developmental and epileptic encephalopathy, 4	true	MONDO:0012812		false		low
STXBP1-related early infantile epileptic encephalopathy	MONDO:0012812	developmental and epileptic encephalopathy, 4	true	MONDO:0012812		false		medium
STXBP1-related encephalopathy	MONDO:0012812	developmental and epileptic encephalopathy, 4	true	MONDO:0012812	MONDO:0012812	true	true	medium
STXBP1-related epileptic encephalopathy	MONDO:0012812	developmental and epileptic encephalopathy, 4	true	MONDO:0012812		false		medium
STXBP1-related epileptic encephalopathy (Early Infantile Epileptic Encephalopathy Type 4)	MONDO:0012812	developmental and epileptic encephalopathy, 4	true	MONDO:0012812		false		medium
SUCLA2-related mitochondrial DNA depletion syndrome	MONDO:0012791	mitochondrial DNA depletion syndrome 5 (encephalomyopathic with or without methylmalonic aciduria)	true	MONDO:0012791		false		low
SUCLG1-related mitochondrial DNA depletion syndrome	MONDO:0009226	mitochondrial DNA depletion syndrome 9 (encephalomyopathic type with methylmalonic aciduria)	false	no match		false		low
SYNGAP1 Mutation	MONDO:0012960	intellectual disability, autosomal dominant 5	true	MONDO:0012960		false		low
SYNGAP1-Related Intellectual Disability	MONDO:0012960	intellectual disability, autosomal dominant 5	true	MONDO:0012960		false		low
SYNGAP1-related Intellectual Disability	MONDO:0012960	intellectual disability, autosomal dominant 5	true	MONDO:0012960		false		low
SYNGAP1-related Intellectual Disability with Epilepsy	MONDO:0012960	intellectual disability, autosomal dominant 5	true	MONDO:0012960		false		medium
SYNGAP1-related disorder	MONDO:0012960	intellectual disability, autosomal dominant 5	true	MONDO:0012960		false		medium
SYNGAP1-related epileptic encephalopathy	MONDO:0012960	intellectual disability, autosomal dominant 5	true	MONDO:0012960		false		low
SYNGAP1-related intellectual disability	MONDO:0012960	intellectual disability, autosomal dominant 5	true	MONDO:0012960		false		medium
SYNGAP1-related intellectual disability with epilepsy	MONDO:0012960	intellectual disability, autosomal dominant 5	true	MONDO:0012960		false		medium
SYNJ1-related Parkinsonism (PARK20)	MONDO:0014261	Parkinson disease 20, early-onset	false	no match		false		low
Saethre-Chotzen Syndrome	MONDO:0007042	Saethre-Chotzen syndrome	true	MONDO:0007042	MONDO:0007042	true	true	medium
Saethre-Chotzen syndrome	MONDO:0007042	Saethre-Chotzen syndrome	true	MONDO:0007042	MONDO:0007042	true	true	medium
Salla disease	MONDO:0011293	Salla disease	false	no match	MONDO:0011449	true	false	low
Samuel syndrome	no match		false	no match		false		low
Sandhoff disease	MONDO:0010006	Sandhoff disease	true	MONDO:0010006	MONDO:0010006	true	true	medium
Sandhoff disease (GM2 gangliosidosis type II)	MONDO:0010006	Sandhoff disease	true	MONDO:0010006		false		medium
Sanfilippo Syndrome (Mucopolysaccharidosis Type III)	MONDO:0018937	mucopolysaccharidosis type 3	true	MONDO:0018937		false		medium
Sanfilippo syndrome	MONDO:0018937	mucopolysaccharidosis type 3	true	MONDO:0018937	MONDO:0018937	true	true	medium
Sanfilippo syndrome (MPS III)	MONDO:0018937	mucopolysaccharidosis type 3	true	MONDO:0018937		false		medium
Sanfilippo syndrome (Mucopolysaccharidosis Type III)	MONDO:0018937	mucopolysaccharidosis type 3	true	MONDO:0018937		false		medium
Sanfilippo syndrome (Mucopolysaccharidosis type III)	MONDO:0018937	mucopolysaccharidosis type 3	true	MONDO:0018937		false		medium
Sanjad-Sakati Syndrome	MONDO:0009402	hypoparathyroidism-retardation-dysmorphism syndrome	false	no match	MONDO:0009426	true	false	low
Sanjad-Sakati syndrome	MONDO:0009402	hypoparathyroidism-retardation-dysmorphism syndrome	false	no match	MONDO:0009426	true	false	low
Sanjad-Sakati syndrome (Hypoparathyroidism-Retardation-Dysmorphism syndrome)	MONDO:0009402	hypoparathyroidism-retardation-dysmorphism syndrome	false	no match		false		low
Sarcoidosis	MONDO:0019338	sarcoidosis	true	MONDO:0019338	MONDO:0008399;MONDO:0019338	true	true	high
Say-Barber-Biesecker-Young-Simpson (SBBYS) syndrome	MONDO:0011366	Ohdo syndrome, SBBYS variant	false	no match		false		low
Say-Barber-Biesecker-Young-Simpson syndrome	MONDO:0011366	Ohdo syndrome, SBBYS variant	false	no match	MONDO:0011365	true	false	low
Say-Barber-Biesecker-Young-Simpson syndrome (SBBYSS)	MONDO:0011366	Ohdo syndrome, SBBYS variant	false	no match		false		low
Say-Barber-Biesecker-Young-Simpson type Ohdo syndrome	MONDO:0011366	Ohdo syndrome, SBBYS variant	false	no match		false		low
Say-Barber-Biesecker-Young-Simpson variant of Ohdo syndrome	MONDO:0011366	Ohdo syndrome, SBBYS variant	false	no match		false		low
Schimke Immuno-Osseous Dysplasia	MONDO:0009987	Schimke immuno-osseous dysplasia	false	no match	MONDO:0009458	true	false	low
Schimke Immuno-Osseous Dysplasia (SIOD)	MONDO:0009987	Schimke immuno-osseous dysplasia	false	no match		false		low
Schimke immuno-osseous dysplasia	MONDO:0009987	Schimke immuno-osseous dysplasia	false	no match	MONDO:0009458	true	false	low
Schinzel-Giedion syndrome	MONDO:0010013	Schinzel-Giedion syndrome	false	no match	MONDO:0010010	true	false	low
Schmid metaphyseal chondrodysplasia	MONDO:0008053	metaphyseal chondrodysplasia, Schmid type	false	no match	MONDO:0007983	true	false	low
Schwartz-Jampel syndrome	MONDO:0019129	Schwartz-Jampel syndrome	false	no match	MONDO:0009717	true	false	low
Schöpf-Schulz-Passarge Syndrome	MONDO:0009990	Schopf-Schulz-Passarge syndrome	false	no match	MONDO:0009145	true	false	low
Scimitar syndrome	MONDO:0009980	scimitar syndrome	false	no match	MONDO:0015987;MONDO:0017705	true	false	low
Scleromyxedema	MONDO:0006047	scleromyxedema	false	no match	MONDO:0015665	true	false	low
Sclerosteosis	MONDO:0009976	sclerosteosis	false	no match	MONDO:0017838	true	false	low
Seckel Syndrome	MONDO:0018094	Seckel syndrome	false	no match	MONDO:0019342	true	false	low
Seckel syndrome	MONDO:0018094	Seckel syndrome	false	no match	MONDO:0019342	true	false	low
Seipinopathy	MONDO:0017820	seipinopathy	false	no match		false		low
Selective Antibody Deficiency	MONDO:0017956	specific antibody deficiency with normal immunoglobulin concentrations and normal numbers of B cells	false	no match		false		low
Selective Combined Immunoglobulin G and A Deficiency	no match		false	no match		false		low
Selective IgA deficiency	MONDO:0021094	selective IgA deficiency disease	false	no match		false		low
Selective IgG Subclass Deficiency	MONDO:0017955	isolated IgG subclass deficiency	false	no match	MONDO:0001901	true	false	low
Selective IgG subclass deficiency	MONDO:0017955	isolated IgG subclass deficiency	false	no match	MONDO:0001901	true	false	low
Selective IgM Deficiency	MONDO:0017966	selective IgM deficiency	false	no match	MONDO:0018039	true	false	low
Selective IgM deficiency	MONDO:0017966	selective IgM deficiency	false	no match	MONDO:0018039	true	false	low
Selective Immunoglobulin A (IgA) Deficiency	MONDO:0021094	selective IgA deficiency disease	false	no match		false		low
Self-Limited Epilepsy with Focal Seizures in Infancy	MONDO:0017362	benign familial infantile epilepsy	false	no match		false		low
Self-Limited Epilepsy with Onset in Infancy	MONDO:0017362	benign familial infantile epilepsy	false	no match		false		low
Self-Limited Familial Infantile Epilepsy	MONDO:0017362	benign familial infantile epilepsy	false	no match	MONDO:0100024	true	false	low
Self-Limited Focal Epilepsy of Infancy	MONDO:0017161	benign familial infantile epilepsy	false	no match		false		low
Self-Limited Infantile Epilepsy	MONDO:0017161	benign familial infantile epilepsy	false	no match		false		low
Self-Limited Neonatal Epilepsy	MONDO:0017163	benign familial neonatal epilepsy	false	no match		false		low
Self-limited infantile epilepsy	MONDO:0017161	benign familial infantile epilepsy	false	no match		false		low
Semen hyperviscosity syndrome	no match		false	no match		false		low
Senger syndrome	MONDO:0009991	Sengers syndrome	false	no match		false		low
Sengers syndrome	MONDO:0009991	Sengers syndrome	false	no match	MONDO:0008922	true	false	low
Senior-Loken Syndrome	MONDO:0016999	Senior-Loken syndrome	false	no match	MONDO:0017842	true	false	low
Senior-Loken syndrome	MONDO:0016999	Senior-Loken syndrome	false	no match	MONDO:0017842	true	false	low
Senior-Løken syndrome	MONDO:0016999	Senior-Loken syndrome	false	no match		false		low
Sensenbrenner syndrome	MONDO:0017290	cranioectodermal dysplasia	false	no match	MONDO:0009032;MONDO:0021093	true	false	low
Sensenbrenner syndrome (Cranioectodermal dysplasia)	MONDO:0017290	cranioectodermal dysplasia	false	no match		false		low
Sensenbrenner syndrome (cranioectodermal dysplasia)	MONDO:0017290	cranioectodermal dysplasia	false	no match		false		low
Sepiapterin reductase deficiency	MONDO:0013018	dopa-responsive dystonia due to sepiapterin reductase deficiency	false	no match	MONDO:0012994	true	false	low
Septo-Optic Dysplasia	MONDO:0008428	septooptic dysplasia	true	MONDO:0008428	MONDO:0008428	true	true	medium
Septo-optic dysplasia	MONDO:0008428	septooptic dysplasia	true	MONDO:0008428	MONDO:0008428	true	true	medium
Septo-optic dysplasia (De Morsier syndrome)	MONDO:0008428	septooptic dysplasia	true	MONDO:0008428		false		medium
Serine biosynthesis defects	MONDO:0019212	disorder of serine metabolism	false	no match		false		low
Serine biosynthesis disorders	MONDO:0019212	disorder of serine metabolism	false	no match		false		low
Seronegative myasthenia gravis	MONDO:0005391	myasthenia gravis	false	no match	MONDO:1060004	true	false	low
Severe Combined Immunodeficiency	MONDO:0015974	severe combined immunodeficiency	true	MONDO:0015974	MONDO:0015974	true	true	medium
Severe Combined Immunodeficiency (SCID)	MONDO:0015974	severe combined immunodeficiency	true	MONDO:0015974		false		medium
Severe Combined Immunodeficiency (SCID) due to RAG mutations	MONDO:0015974	severe combined immunodeficiency	true	MONDO:0015974		false		low
Severe Insulin Resistance Syndromes	MONDO:0012893	insulin-resistance syndrome	false	no match		false		low
Severe T-cell immunodeficiency	MONDO:0015974	severe combined immunodeficiency	true	MONDO:0015974		false		low
Severe aplastic anemia	MONDO:0015909	aplastic anemia	true	MONDO:0015909		false		low
Severe atopic dermatitis	MONDO:0004980	atopic eczema	true	MONDO:0004980		false		medium
Severe combined immunodeficiency	MONDO:0015974	severe combined immunodeficiency	true	MONDO:0015974	MONDO:0015974	true	true	medium
Severe combined immunodeficiency (SCID)	MONDO:0015974	severe combined immunodeficiency	true	MONDO:0015974		false		medium
Severe combined immunodeficiency (SCID) with NK cell deficiency	MONDO:0015974	severe combined immunodeficiency	true	MONDO:0015974		false		low
Severe combined immunodeficiency due to MHC class II deficiency	MONDO:0009656	MHC class II deficiency	false	no match		false		low
Severe congenital neutropenia	MONDO:0018542	severe congenital neutropenia	true	MONDO:0018542	MONDO:0018542	true	true	low
Severe congenital neutropenia (Kostmann disease)	MONDO:0012475	severe congenital neutropenia 3, autosomal recessive	false	no match		false		low
Severe congenital neutropenia (Kostmann syndrome)	MONDO:0012475	severe congenital neutropenia 3, autosomal recessive	false	no match		false		low
Shapiro syndrome	MONDO:0011041	Shapiro syndrome	false	no match	MONDO:0017577	true	false	low
Sheldon-Hall syndrome	MONDO:0019942	distal arthrogryposis type 2B	false	no match	MONDO:0011128	true	false	low
Sheldon-Hall syndrome (Distal arthrogryposis type 2B)	MONDO:0019942	distal arthrogryposis type 2B	false	no match		false		low
Short QT Syndrome	MONDO:0019637	short QT syndrome	false	no match	MONDO:0000453	true	false	low
Short QT syndrome	MONDO:0019637	short QT syndrome	false	no match	MONDO:0000453	true	false	low
Short-rib polydactyly syndrome	MONDO:0015461	short rib-polydactyly syndrome	true	MONDO:0015461		false		low
Shprintzen-Goldberg Syndrome	MONDO:0008426	Shprintzen-Goldberg syndrome	true	MONDO:0008426	MONDO:0008426	true	true	medium
Shprintzen-Goldberg syndrome	MONDO:0008426	Shprintzen-Goldberg syndrome	true	MONDO:0008426	MONDO:0008426	true	true	medium
Shwachman-Diamond Syndrome	MONDO:0009833	Shwachman-Diamond syndrome	true	MONDO:0009833	MONDO:0009833	true	true	low
Shwachman-Diamond syndrome	MONDO:0009833	Shwachman-Diamond syndrome	true	MONDO:0009833	MONDO:0009833	true	true	low
Sialidosis	MONDO:0009738	sialidosis	true	MONDO:0009738	MONDO:0009738;MONDO:0017734	true	true	medium
Sialidosis type 1	MONDO:0017350	sialidosis type 1	false	no match	MONDO:0019346	true	false	low
Sialidosis type I	MONDO:0017350	sialidosis type 1	false	no match	MONDO:0019346	true	false	low
Sialidosis type II	MONDO:0017351	sialidosis type 2	false	no match	MONDO:0009738	true	false	low
Sickle Cell Disease	MONDO:0011382	sickle cell anemia	true	MONDO:0011382	MONDO:0011382	true	true	medium
Sickle cell anemia	MONDO:0011382	sickle cell anemia	true	MONDO:0011382	MONDO:0011382	true	true	high
Sickle cell disease	MONDO:0011382	sickle cell disease	true	MONDO:0011382	MONDO:0011382	true	true	high
Sickle cell trait	MONDO:0011382	sickle cell disease	true	MONDO:0011382		false		low
Sickle-cell disease	MONDO:0011382	sickle cell disease	true	MONDO:0011382		false		high
Siderius X-linked intellectual disability syndrome	MONDO:0010323	syndromic X-linked intellectual disability Siderius type	false	no match	MONDO:0010286	true	false	low
Sideroblastic anemia with B-cell immunodeficiency, periodic fevers, and developmental delay (SIFD)	MONDO:0014468	sideroblastic anemia with B-cell immunodeficiency, periodic fevers, and developmental delay	false	no match		false		low
Sideroblastic anemia with ataxia (ABCB7 deficiency)	MONDO:0010416	X-linked sideroblastic anemia with ataxia	false	no match		false		low
Sideroblastic anemia with immunodeficiency and developmental delay (SIFD)	MONDO:0014468	sideroblastic anemia with B-cell immunodeficiency, periodic fevers, and developmental delay	false	no match		false		low
Sideroblastic anemia with immunodeficiency, fevers, and developmental delay (SIFD)	MONDO:0014468	sideroblastic anemia with B-cell immunodeficiency, periodic fevers, and developmental delay	false	no match		false		low
Silver Syndrome	MONDO:0009988	Silver spastic paraplegia syndrome	false	no match	MONDO:0010043	true	false	low
Silver syndrome	MONDO:0009988	Silver spastic paraplegia syndrome	false	no match	MONDO:0010043	true	false	low
Silver-Russell Syndrome	MONDO:0008334	Silver-Russell syndrome	false	no match	MONDO:0008394	true	false	medium
Silver-Russell syndrome	MONDO:0008334	Silver-Russell syndrome	false	no match	MONDO:0008394	true	false	medium
Simpson-Golabi-Behmel syndrome	MONDO:0018157	Simpson-Golabi-Behmel syndrome	false	no match	MONDO:0010731	true	false	low
Sitosterolemia	MONDO:0019297	sitosterolemia	false	no match	MONDO:0008863	true	false	low
Situs ambiguus due to mutations in NODAL pathway genes	MONDO:0018677	heterotaxy	false	no match		false		low
Sjögren's syndrome	MONDO:0010030	Sjogren syndrome	true	MONDO:0010030		false		medium
Sjögren-Larsson syndrome	MONDO:0010025	Sjogren-Larsson syndrome	false	no match	MONDO:0010031	true	false	low
Sly syndrome (Mucopolysaccharidosis type VII)	MONDO:0009662	mucopolysaccharidosis type 7	true	MONDO:0009662		false		medium
Smith-Kingsmore Syndrome	MONDO:0014716	Smith-Kingsmore syndrome	true	MONDO:0014716	MONDO:0014716	true	true	low
Smith-Lemli-Opitz Syndrome	MONDO:0010035	Smith-Lemli-Opitz syndrome	true	MONDO:0010035	MONDO:0010035	true	true	medium
Smith-Lemli-Opitz syndrome	MONDO:0010035	Smith-Lemli-Opitz syndrome	true	MONDO:0010035	MONDO:0010035	true	true	medium
Smith-Magenis Syndrome	MONDO:0008434	Smith-Magenis syndrome	true	MONDO:0008434	MONDO:0008434	true	true	medium
Smith-Magenis syndrome	MONDO:0008434	Smith-Magenis syndrome	true	MONDO:0008434	MONDO:0008434	true	true	medium
Smooth muscle dysfunction syndrome	MONDO:0013340	multisystemic smooth muscle dysfunction syndrome	false	no match		false		low
Snyder-Robinson syndrome	MONDO:0010526	Snyder-Robinson syndrome	false	no match	MONDO:0010664	true	false	low
Sodium channelopathies (SCN2A mutation)	MONDO:0013563	developmental and epileptic encephalopathy, 11	false	no match		false		low
Sorsby Fundus Dystrophy	MONDO:0008431	Sorsby fundus dystrophy	false	no match	MONDO:0007640	true	false	low
Sorsby fundus dystrophy	MONDO:0008431	Sorsby fundus dystrophy	false	no match	MONDO:0007640	true	false	low
Sotos Syndrome	MONDO:0019349	Sotos syndrome	true	MONDO:0019349	MONDO:0019349	true	true	medium
Sotos syndrome	MONDO:0019349	Sotos syndrome	true	MONDO:0019349	MONDO:0019349	true	true	medium
Sotos syndrome (Cerebral gigantism)	MONDO:0019349	Sotos syndrome	true	MONDO:0019349		false		medium
Southeast Asian ovalocytosis	MONDO:0008413	Southeast Asian ovalocytosis	false	no match	MONDO:0008165	true	false	low
Spastic Ataxia (SPAX) Types	MONDO:0019106	autosomal recessive spastic ataxia	false	no match		false		low
Spastic Diplegia Cerebral Palsy	MONDO:0006497	cerebral palsy	true	MONDO:0006497		false		low
Spastic Diplegic Cerebral Palsy	MONDO:0006497	cerebral palsy	true	MONDO:0006497		false		low
Spastic Paraplegia Type 11 (SPG11)	MONDO:0011189	hereditary spastic paraplegia 11	false	no match		false		low
Spastic Paraplegia Type 15 (SPG15)	MONDO:0011587	hereditary spastic paraplegia 15	false	no match		false		low
Spastic Paraplegia Type 2	MONDO:0010733	hereditary spastic paraplegia 2	true	MONDO:0010733	MONDO:0010733	true	true	low
Spastic cerebral palsy	MONDO:0006497	cerebral palsy	true	MONDO:0006497	MONDO:0000396	true	false	low
Spastic paraplegia (hereditary spastic paraplegia)	MONDO:0019064	hereditary spastic paraplegia	true	MONDO:0019064		false		medium
Spastic paraplegia type 11 (SPG11)	MONDO:0011189	hereditary spastic paraplegia 11	false	no match		false		low
Spastic paraplegia type 15 (SPG15)	MONDO:0011587	hereditary spastic paraplegia 15	false	no match		false		low
Specific Antibody Deficiency	MONDO:0017349	specific antibody deficiency	false	no match	MONDO:0019093	true	false	low
Specific Antibody Deficiency (SAD)	MONDO:0017349	specific antibody deficiency	false	no match		false		low
Specific Learning Disorder	MONDO:0004812	learning disability	false	no match	MONDO:0016225	true	false	low
Specific language impairment (developmental language disorder)	MONDO:0004753	specific language impairment	false	no match		false		low
Speech Sound Disorder	no match		false	no match		false		low
Spherophakia	MONDO:0021076	spherophakia	false	no match		false		low
Spina bifida	MONDO:0008449	spina bifida	true	MONDO:0008449	MONDO:0008449	true	true	medium
Spina bifida (meningocele) with tethered cord syndrome	MONDO:0008449	spina bifida	true	MONDO:0008449		false		low
Spinal Cord Tumor	MONDO:0002126	spinal cord neoplasm	false	no match	MONDO:0021234	true	false	low
Spinal Muscular Atrophy	MONDO:0001516	spinal muscular atrophy	true	MONDO:0001516	MONDO:0001516	true	true	high
Spinal Muscular Atrophy (SMA)	MONDO:0001516	spinal muscular atrophy	true	MONDO:0001516		false		high
Spinal Muscular Atrophy (SMA) Type 2	MONDO:0009901	spinal muscular atrophy, type II	false	no match		false		medium
Spinal Muscular Atrophy (SMA) Type II	MONDO:0009901	spinal muscular atrophy, type II	false	no match		false		medium
Spinal Muscular Atrophy (SMA) Type III	MONDO:0009900	spinal muscular atrophy, type III	false	no match		false		medium
Spinal Muscular Atrophy Type 1	MONDO:0009899	spinal muscular atrophy, type I	false	no match		false		medium
Spinal Muscular Atrophy Type 2	MONDO:0009901	spinal muscular atrophy, type II	false	no match	MONDO:0009673	true	false	medium
Spinal Muscular Atrophy Type I	MONDO:0009899	spinal muscular atrophy, type I	false	no match		false		medium
Spinal Muscular Atrophy Type I (Werdnig-Hoffmann Disease)	MONDO:0009899	spinal muscular atrophy, type I	false	no match		false		medium
Spinal Muscular Atrophy Type II	MONDO:0009901	spinal muscular atrophy, type II	false	no match	MONDO:0009673	true	false	medium
Spinal Muscular Atrophy Type III (Kugelberg-Welander Disease)	MONDO:0009900	spinal muscular atrophy, type III	false	no match		false		medium
Spinal Muscular Atrophy Type IV	MONDO:0010118	spinal muscular atrophy, type IV	false	no match		false		low
Spinal Muscular Atrophy type I (Werdnig-Hoffmann disease)	MONDO:0009899	spinal muscular atrophy, type I	false	no match		false		medium
Spinal Muscular Atrophy with Lower Extremity Predominance (SMA-LED)	MONDO:0008041	spinal muscular atrophy, lower extremity-predominant 1, autosomal dominant	false	no match		false		low
Spinal Muscular Atrophy with Progressive Myoclonic Epilepsy	MONDO:0008089	spinal muscular atrophy-progressive myoclonic epilepsy syndrome	false	no match	MONDO:0008045	true	false	low
Spinal Muscular Atrophy with Respiratory Distress Type 1 (SMARD1)	MONDO:0011493	neuronopathy, distal hereditary motor, type 6	false	no match		false		low
Spinal Muscular Atrophy with Respiratory Distress type 1 (SMARD1)	MONDO:0011493	neuronopathy, distal hereditary motor, type 6	false	no match		false		low
Spinal cord compression (e.g., spinal cord tumor or cervical spondylotic myelopathy)	MONDO:0002126	spinal cord neoplasm	false	no match		false		low
Spinal cord tumor	MONDO:0002126	spinal cord neoplasm	false	no match	MONDO:0021234	true	false	low
Spinal cord tumor (intramedullary astrocytoma)	MONDO:0002129	spinal cord astrocytoma	false	no match		false		low
Spinal muscular atrophy	MONDO:0001516	spinal muscular atrophy	true	MONDO:0001516	MONDO:0001516	true	true	high
Spinal muscular atrophy (SMA Type III)	MONDO:0009900	spinal muscular atrophy, type III	false	no match		false		medium
Spinal muscular atrophy (SMA)	MONDO:0001516	spinal muscular atrophy	true	MONDO:0001516		false		high
Spinal muscular atrophy (SMA) type III (Kugelberg-Welander disease)	MONDO:0009900	spinal muscular atrophy, type III	false	no match		false		medium
Spinal muscular atrophy (adult-onset)	MONDO:0010118	spinal muscular atrophy, type IV	false	no match		false		low
Spinal muscular atrophy type 1	MONDO:0009899	spinal muscular atrophy, type I	false	no match		false		medium
Spinal muscular atrophy type 2	MONDO:0009901	spinal muscular atrophy, type II	false	no match	MONDO:0009673	true	false	medium
Spinal muscular atrophy type 3 (Kugelberg-Welander disease)	MONDO:0009900	spinal muscular atrophy, type III	false	no match		false		medium
Spinal muscular atrophy type 4 (adult-onset)	MONDO:0010118	spinal muscular atrophy, type IV	false	no match		false		low
Spinal muscular atrophy type I	MONDO:0009899	spinal muscular atrophy, type I	false	no match		false		medium
Spinal muscular atrophy type I (Werdnig-Hoffmann disease)	MONDO:0009899	spinal muscular atrophy, type I	false	no match		false		medium
Spinal muscular atrophy type II	MONDO:0009901	spinal muscular atrophy, type II	false	no match	MONDO:0009673	true	false	medium
Spinal muscular atrophy type III	MONDO:0009900	spinal muscular atrophy, type III	false	no match		false		medium
Spinal muscular atrophy type III (Kugelberg-Welander disease)	MONDO:0009900	spinal muscular atrophy, type III	false	no match		false		medium
Spinal muscular atrophy type IV	MONDO:0010118	spinal muscular atrophy, type IV	false	no match		false		low
Spinal muscular atrophy with lower extremity predominance (SMA-LED)	MONDO:0008041	spinal muscular atrophy, lower extremity-predominant 1, autosomal dominant	false	no match		false		low
Spinal muscular atrophy with respiratory distress type 1 (SMARD1)	MONDO:0011493	neuronopathy, distal hereditary motor, type 6	false	no match		false		low
Spinocerebellar Ataxia	MONDO:0000440	spinocerebellar ataxia	false	no match	MONDO:0000437;MONDO:0020380	true	false	medium
Spinocerebellar Ataxia (Early-Onset Forms)	MONDO:0000440	spinocerebellar ataxia	false	no match		false		low
Spinocerebellar Ataxia (SCA)	MONDO:0000440	spinocerebellar ataxia	false	no match		false		medium
Spinocerebellar Ataxia Type 1	MONDO:0008431	spinocerebellar ataxia type 1	false	no match	MONDO:0008119	true	false	medium
Spinocerebellar Ataxia Type 1 (SCA1)	MONDO:0008431	spinocerebellar ataxia type 1	false	no match		false		medium
Spinocerebellar Ataxia Type 2	MONDO:0008458	spinocerebellar ataxia type 2	true	MONDO:0008458	MONDO:0008458	true	true	medium
Spinocerebellar Ataxia Type 2 (SCA2)	MONDO:0008458	spinocerebellar ataxia type 2	true	MONDO:0008458		false		medium
Spinocerebellar Ataxia Type 3 (Machado-Joseph Disease)	MONDO:0007182	Machado-Joseph disease	true	MONDO:0007182		false		medium
Spinocerebellar Ataxia Type 3 (Machado-Joseph disease)	MONDO:0007182	Machado-Joseph disease	true	MONDO:0007182		false		medium
Spinocerebellar Ataxia Type 3 (SCA3)	MONDO:0007182	Machado-Joseph disease	true	MONDO:0007182		false		medium
Spinocerebellar Ataxia Type 6 (SCA6)	MONDO:0008457	spinocerebellar ataxia type 6	true	MONDO:0008457		false		medium
Spinocerebellar Ataxia Type 8 (SCA8)	MONDO:0012162	spinocerebellar ataxia type 8	false	no match		false		low
Spinocerebellar ataxia	MONDO:0031332	spinocerebellar ataxia	false	no match	MONDO:0000437;MONDO:0020380	true	false	low
Spinocerebellar ataxia (SCA)	MONDO:0031332	spinocerebellar ataxia	false	no match		false		low
Spinocerebellar ataxia (autosomal recessive type)	MONDO:0015244	autosomal recessive spinocerebellar ataxia	false	no match		false		low
Spinocerebellar ataxia (early-onset forms)	MONDO:0031332	spinocerebellar ataxia	false	no match		false		low
Spinocerebellar ataxia (early-onset types)	MONDO:0031332	spinocerebellar ataxia	false	no match		false		low
Spinocerebellar ataxia (types associated with spasticity)	MONDO:0031332	spinocerebellar ataxia	false	no match		false		low
Spinocerebellar ataxia type 1	MONDO:0008458	spinocerebellar ataxia type 1	false	no match	MONDO:0008119	true	false	medium
Spinocerebellar ataxia type 1 (SCA1)	MONDO:0008458	spinocerebellar ataxia type 1	false	no match		false		medium
Spinocerebellar ataxia type 13	MONDO:0011236	spinocerebellar ataxia type 13	false	no match	MONDO:0011529	true	false	low
Spinocerebellar ataxia type 13 (SCA13)	MONDO:0011236	spinocerebellar ataxia type 13	false	no match		false		low
Spinocerebellar ataxia type 17	MONDO:0012207	spinocerebellar ataxia type 17	false	no match	MONDO:0011781	true	false	low
Spinocerebellar ataxia type 17 (SCA17)	MONDO:0012207	spinocerebellar ataxia type 17	false	no match		false		low
Spinocerebellar ataxia type 2	MONDO:0008459	spinocerebellar ataxia type 2	false	no match	MONDO:0008458	true	false	medium
Spinocerebellar ataxia type 2 (SCA2)	MONDO:0008459	spinocerebellar ataxia type 2	false	no match		false		medium
Spinocerebellar ataxia type 29	MONDO:0013970	spinocerebellar ataxia type 29	false	no match	MONDO:0007298	true	false	low
Spinocerebellar ataxia type 3	MONDO:0007182	Machado-Joseph disease	true	MONDO:0007182	MONDO:0007182	true	true	medium
Spinocerebellar ataxia type 3 (Machado-Joseph Disease)	MONDO:0007182	Machado-Joseph disease	true	MONDO:0007182		false		medium
Spinocerebellar ataxia type 3 (Machado-Joseph disease)	MONDO:0007182	Machado-Joseph disease	true	MONDO:0007182		false		medium
Spinocerebellar ataxia type 3 (SCA3)	MONDO:0007182	Machado-Joseph disease	true	MONDO:0007182		false		medium
Spinocerebellar ataxia type 6	MONDO:0008457	spinocerebellar ataxia type 6	true	MONDO:0008457	MONDO:0008457	true	true	low
Spinocerebellar ataxia type 6 (SCA6)	MONDO:0008457	spinocerebellar ataxia type 6	true	MONDO:0008457		false		low
Spinocerebellar ataxia type 7	MONDO:0008460	spinocerebellar ataxia type 7	false	no match	MONDO:0016163	true	false	medium
Spinocerebellar ataxia type 7 (SCA7)	MONDO:0008460	spinocerebellar ataxia type 7	false	no match		false		medium
Spinocerebellar ataxia type 8	MONDO:0012127	spinocerebellar ataxia type 8	false	no match	MONDO:0012116	true	false	low
Spinocerebellar ataxia type 8 (SCA8)	MONDO:0012127	spinocerebellar ataxia type 8	false	no match		false		low
Spinocerebellar ataxia with bone marrow failure	MONDO:0007151	ataxia-pancytopenia syndrome	false	no match		false		low
Spinocerebellar ataxia with hypogonadotropic hypogonadism	MONDO:0009335	Gordon Holmes syndrome	false	no match		false		low
Spiny keratoderma	MONDO:0007869	spiny keratoderma	false	no match		false		low
Split hand/foot malformation	MONDO:0016064	split hand-foot malformation	false	no match		false		low
Spondylocostal dysostosis	MONDO:0000359	spondylocostal dysostosis	true	MONDO:0000359	MONDO:0000359	true	true	medium
Spondylodysplastic Ehlers-Danlos syndrome	MONDO:0020529	spondylodysplastic Ehlers-Danlos syndrome	false	no match	MONDO:0007526;MONDO:0034021	true	false	low
Spondyloenchondrodysplasia	MONDO:0012069	spondyloenchondrodysplasia with immune dysregulation	false	no match	MONDO:0011939	true	false	low
Spondyloepimetaphyseal Dysplasia	MONDO:0019685	spondyloepimetaphyseal dysplasia	false	no match	MONDO:0100510	true	false	low
Spondyloepimetaphyseal Dysplasia with Joint Laxity (SEMD-JL)	MONDO:0009064	spondyloepimetaphyseal dysplasia with joint laxity	false	no match		false		low
Spondyloepimetaphyseal dysplasia	MONDO:0019685	spondyloepimetaphyseal dysplasia	false	no match	MONDO:0100510	true	false	low
Spondyloepimetaphyseal dysplasia, Strudwick type	MONDO:0008514	spondyloepimetaphyseal dysplasia, Strudwick type	false	no match	MONDO:0008476	true	false	low
Spondyloepiphyseal Dysplasia	MONDO:0019669	spondyloepiphyseal dysplasia	false	no match	MONDO:0007738;MONDO:0016761	true	false	low
Spondyloepiphyseal Dysplasia Congenita (SEDC)	MONDO:0008491	spondyloepiphyseal dysplasia congenita	false	no match		false		medium
Spondyloepiphyseal Dysplasia Tarda	MONDO:0019670	spondyloepiphyseal dysplasia tarda	false	no match	MONDO:0019667	true	false	low
Spondyloepiphyseal Dysplasia with Immunodeficiency	MONDO:0009949	Schimke immuno-osseous dysplasia	false	no match		false		low
Spondyloepiphyseal dysplasia	MONDO:0019669	spondyloepiphyseal dysplasia	false	no match	MONDO:0007738;MONDO:0016761	true	false	low
Spondyloepiphyseal dysplasia congenita	MONDO:0008491	spondyloepiphyseal dysplasia congenita	false	no match	MONDO:0008471	true	false	medium
Spondyloepiphyseal dysplasia congenital	MONDO:0008491	spondyloepiphyseal dysplasia congenita	false	no match		false		medium
Spondyloepiphyseal dysplasia tarda	MONDO:0019670	spondyloepiphyseal dysplasia tarda	false	no match	MONDO:0019667	true	false	low
Spondylometaphyseal dysplasia	MONDO:0019684	spondylometaphyseal dysplasia	false	no match	MONDO:0016763	true	false	low
Spondyloocular syndrome	MONDO:0009994	spondylo-ocular syndrome	false	no match	MONDO:0011604	true	false	low
Stargardt Disease	MONDO:0019353	Stargardt disease	true	MONDO:0019353	MONDO:0019353	true	true	high
Stargardt disease	MONDO:0019353	Stargardt disease	true	MONDO:0019353	MONDO:0019353	true	true	high
Stickler Syndrome	MONDO:0019354	Stickler syndrome	true	MONDO:0019354	MONDO:0019354	true	true	high
Stickler Syndrome Type III	MONDO:0100470	Stickler syndrome type 3	false	no match		false		low
Stickler syndrome	MONDO:0019354	Stickler syndrome	true	MONDO:0019354	MONDO:0019354	true	true	medium
Stickler syndrome, type III (non-ocular form)	MONDO:0007671	otospondylomegaepiphyseal dysplasia, autosomal dominant	false	no match		false		low
Stiff Skin Syndrome	MONDO:0008492	stiff skin syndrome	true	MONDO:0008492	MONDO:0008492	true	true	medium
Stiff skin syndrome	MONDO:0008492	stiff skin syndrome	true	MONDO:0008492	MONDO:0008492	true	true	medium
Structural Brain Lesions without Neurodevelopmental Impact	MONDO:0005560	brain disease	true	MONDO:0005560		false		low
Structural Frontal Lobe Lesion	MONDO:0005560	brain disease	true	MONDO:0005560		false		low
Structural brain tumor	MONDO:0021211	brain neoplasm	true	MONDO:0021211		false		low
Sturge-Weber Syndrome	MONDO:0008421	Sturge-Weber syndrome	false	no match	MONDO:0008501	true	false	medium
Sturge-Weber syndrome	MONDO:0008421	Sturge-Weber syndrome	false	no match	MONDO:0008501	true	false	medium
Subacute combined degeneration (vitamin B12 deficiency)	no match		false	no match		false		low
Subacute sclerosing panencephalitis	MONDO:0019305	subacute sclerosing panencephalitis	false	no match	MONDO:0009835	true	false	low
Subacute sclerosing panencephalitis (SSPE)	MONDO:0019305	subacute sclerosing panencephalitis	false	no match		false		low
Subcortical band heterotopia (Double Cortex Syndrome)	MONDO:0017297	subcortical band heterotopia	false	no match		false		low
Subcortical band heterotopia (SBH)	MONDO:0017297	subcortical band heterotopia	false	no match		false		low
Succinyl-CoA:3-ketoacid CoA transferase (SCOT) deficiency	MONDO:0008781	succinyl-CoA:3-oxoacid CoA transferase deficiency	false	no match		false		low
Succinyl-CoA:3-oxoacid CoA-transferase (SCOT) deficiency	MONDO:0008781	succinyl-CoA:3-oxoacid CoA transferase deficiency	false	no match		false		low
Sulfite Oxidase Deficiency	MONDO:0010000	isolated sulfite oxidase deficiency	false	no match	MONDO:0010089	true	false	low
Sulfite oxidase deficiency	MONDO:0010000	isolated sulfite oxidase deficiency	false	no match	MONDO:0010089	true	false	low
Syndactyly type II (Synpolydactyly)	MONDO:0007897	synpolydactyly type 1	false	no match		false		low
Syndactyly type II (synpolydactyly)	MONDO:0007897	synpolydactyly type 1	false	no match		false		low
Syndactyly type IV	MONDO:0008007	syndactyly type 4	false	no match		false		low
Synpolydactyly (SPD1)	MONDO:0007897	synpolydactyly type 1	false	no match		false		low
Synpolydactyly (Syndactyly type II)	MONDO:0007897	synpolydactyly type 1	false	no match		false		low
Systemic Lupus Erythematosus	MONDO:0007915	systemic lupus erythematosus	true	MONDO:0007915	MONDO:0007915	true	true	high
Systemic Lupus Erythematosus (SLE)	MONDO:0007915	systemic lupus erythematosus	true	MONDO:0007915		false		high
Systemic Sclerosis	MONDO:0005100	systemic scleroderma	true	MONDO:0005100	MONDO:0005100	true	true	medium
Systemic Sclerosis (Scleroderma)	MONDO:0005100	systemic scleroderma	true	MONDO:0005100		false		medium
Systemic juvenile idiopathic arthritis	MONDO:0011429	systemic juvenile idiopathic arthritis	false	no match	MONDO:0019434	true	false	medium
Systemic lupus erythematosus	MONDO:0007915	systemic lupus erythematosus	true	MONDO:0007915	MONDO:0007915	true	true	high
Systemic lupus erythematosus (SLE)	MONDO:0007915	systemic lupus erythematosus	true	MONDO:0007915		false		high
Systemic onset Juvenile Idiopathic Arthritis (sJIA)	MONDO:0011429	systemic juvenile idiopathic arthritis	false	no match		false		medium
Systemic sclerosis (Scleroderma)	MONDO:0005100	systemic scleroderma	true	MONDO:0005100		false		medium
Systemic sclerosis (scleroderma)	MONDO:0005100	systemic scleroderma	true	MONDO:0005100		false		medium
Systemic-onset juvenile idiopathic arthritis	MONDO:0011429	systemic juvenile idiopathic arthritis	false	no match	MONDO:0019434	true	false	medium
TAR syndrome (Thrombocytopenia-Absent Radius syndrome)	MONDO:0009554	thrombocytopenia-absent radius syndrome	false	no match		false		low
TK2-related mitochondrial DNA depletion syndrome	MONDO:0011830	mitochondrial DNA depletion syndrome 2	false	no match		false		low
TMEM70-related mitochondrial ATP synthase deficiency	MONDO:0012825	mitochondrial complex V (ATP synthase) deficiency nuclear type 2	false	no match		false		low
TRMU deficiency (tRNA 5-methylaminomethyl-2-thiouridylate methyltransferase deficiency)	MONDO:0012991	transient infantile liver failure	false	no match		false		low
TRPM4-related familial progressive cardiac conduction defect	MONDO:0011297	progressive familial heart block type IB	false	no match		false		low
TTN gene mutation-associated dilated cardiomyopathy	MONDO:0011375	dilated cardiomyopathy 1G	false	no match		false		low
TTN-related dilated cardiomyopathy	MONDO:0011375	dilated cardiomyopathy 1G	false	no match		false		low
TUBA1A-associated tubulinopathy	MONDO:0012633	lissencephaly 3	false	no match		false		low
TUBA1A-related cortical dysgenesis	MONDO:0012633	lissencephaly 3	false	no match		false		low
TUBA1A-related cortical malformations	MONDO:0012633	lissencephaly 3	false	no match		false		low
TUBA1A-related disorders	MONDO:0012633	lissencephaly 3	false	no match		false		low
TUBA1A-related lissencephaly	MONDO:0012633	lissencephaly 3	false	no match		false		low
TUBA1A-related tubulinopathy	MONDO:0012633	lissencephaly 3	false	no match		false		low
TUBB2B-associated brain malformation	MONDO:0013259	cortical dysplasia, complex, with other brain malformations 7	false	no match		false		low
TUBB2B-associated cortical dysgenesis	MONDO:0013259	cortical dysplasia, complex, with other brain malformations 7	false	no match		false		low
TUBB2B-associated pachygyria	MONDO:0013259	cortical dysplasia, complex, with other brain malformations 7	false	no match		false		low
TUBB2B-associated polymicrogyria	MONDO:0012427	complex cortical dysplasia with other brain malformations 7	false	no match		false		low
TUBB2B-related Polymicrogyria	MONDO:0012427	complex cortical dysplasia with other brain malformations 7	false	no match		false		low
TUBB2B-related cortical dysplasia	MONDO:0012427	complex cortical dysplasia with other brain malformations 7	false	no match		false		low
TUBB2B-related pachygyria	MONDO:0012427	complex cortical dysplasia with other brain malformations 7	false	no match		false		low
TUBB2B-related polymicrogyria	MONDO:0012427	complex cortical dysplasia with other brain malformations 7	false	no match		false		low
TUBB2B-related polymicrogyria syndrome	MONDO:0012427	complex cortical dysplasia with other brain malformations 7	false	no match		false		low
TUBB3 E410K syndrome	MONDO:0014837	TUBB3 E410K syndrome	false	no match		false		low
TUBB4A-related disorder (Hypomyelination with atrophy of basal ganglia and cerebellum)	MONDO:0012908	hypomyelinating leukodystrophy 6	false	no match		false		low
TUBB4A-related leukodystrophy	MONDO:0012908	hypomyelinating leukodystrophy 6	false	no match		false		low
TUBB4A-related leukodystrophy (Hypomyelination with atrophy of basal ganglia and cerebellum)	MONDO:0012908	hypomyelinating leukodystrophy 6	false	no match		false		low
TWNK (Twinkle)-related Progressive External Ophthalmoplegia	MONDO:0011573	progressive external ophthalmoplegia with mitochondrial DNA deletions, autosomal dominant 3	false	no match		false		low
TWNK-related Mitochondrial Myopathy	MONDO:0011573	progressive external ophthalmoplegia with mitochondrial DNA deletions, autosomal dominant 3	false	no match		false		low
Takayasu Arteritis	MONDO:0008533	Takayasu arteritis	false	no match	MONDO:0017991	true	false	medium
Takayasu arteritis	MONDO:0008533	Takayasu arteritis	false	no match	MONDO:0017991	true	false	medium
Tangier disease	MONDO:0009213	Tangier disease	false	no match	MONDO:0008783	true	false	medium
Tatton-Brown-Rahman syndrome	MONDO:0014326	Tatton-Brown-Rahman syndrome	false	no match	MONDO:0014382	true	false	low
Tay-Sachs Disease	MONDO:0010100	Tay-Sachs disease	true	MONDO:0010100	MONDO:0010100	true	true	high
Tay-Sachs disease	MONDO:0010100	Tay-Sachs disease	true	MONDO:0010100	MONDO:0010100	true	true	high
Tay-Sachs disease (GM2 gangliosidosis type I)	MONDO:0010100	Tay-Sachs disease	true	MONDO:0010100		false		high
Teebi hypertelorism syndrome	MONDO:0008007	Teebi hypertelorism syndrome	false	no match	MONDO:0030639;MONDO:0800025	true	false	low
Telomerase RNA component (TERC) mutation-associated pulmonary fibrosis	MONDO:0013755	pulmonary fibrosis and/or bone marrow failure, telomere-related, 2	false	no match		false		low
Telomere Biology Disorder due to TERT or TERC Mutation	MONDO:0015780	dyskeratosis congenita	true	MONDO:0015780		false		low
Temporal lobe epilepsy	MONDO:0005115	temporal lobe epilepsy	true	MONDO:0005115	MONDO:0005115	true	true	medium
Tenascin-X Deficient Ehlers-Danlos Syndrome	MONDO:0011466	classical-like Ehlers-Danlos syndrome type 1	false	no match		false		low
Tethered cord syndrome due to spinal dysraphism	MONDO:0015016	tethered cord syndrome	false	no match		false		low
Tetrasomy 18p	MONDO:0019512	tetrasomy 18p	false	no match	MONDO:0013668	true	false	low
Tetrasomy 18p syndrome	MONDO:0019512	tetrasomy 18p	false	no match		false		low
Thalassemia	MONDO:0019402	thalassemia	false	no match	MONDO:0000984	true	false	medium
Thalassemia minor	MONDO:0019402	thalassemia	false	no match	MONDO:0044210	true	false	low
Thanatophoric Dysplasia Type II	MONDO:0009576	thanatophoric dysplasia type 2	false	no match	MONDO:0008547	true	false	low
Thiamine-responsive megaloblastic anemia syndrome	MONDO:0009458	thiamine-responsive megaloblastic anemia syndrome	false	no match	MONDO:0009575	true	false	low
Thrombocytopenia absent radius (TAR) syndrome	MONDO:0010113	thrombocytopenia-absent radius syndrome	false	no match		false		low
Thrombocytopenia with Absent Radius (TAR) syndrome	MONDO:0010113	thrombocytopenia-absent radius syndrome	false	no match		false		low
Thrombocytopenia with absent radius (TAR) syndrome	MONDO:0010113	thrombocytopenia-absent radius syndrome	false	no match		false		low
Thrombocytopenia with absent radius syndrome (TAR syndrome)	MONDO:0010113	thrombocytopenia-absent radius syndrome	false	no match		false		low
Thrombocytopenia-Absent Radius (TAR) syndrome	MONDO:0010113	thrombocytopenia-absent radius syndrome	false	no match		false		low
Thrombocytopenia-absent radius (TAR) syndrome	MONDO:0010113	thrombocytopenia-absent radius syndrome	false	no match		false		low
Thymidine kinase 2 (TK2) deficiency	MONDO:0011830	mitochondrial DNA depletion syndrome 2	false	no match		false		low
Tietz syndrome	MONDO:0010947	Tietz syndrome	false	no match	MONDO:0007077	true	false	low
Timothy Syndrome	MONDO:0010979	Timothy syndrome	true	MONDO:0010979	MONDO:0010979	true	true	low
Timothy Syndrome (Long QT Syndrome Type 8)	MONDO:0010979	Timothy syndrome	true	MONDO:0010979		false		low
Timothy syndrome	MONDO:0010979	Timothy syndrome	true	MONDO:0010979	MONDO:0010979	true	true	low
Titin (TTN) gene mutation-related dilated cardiomyopathy	MONDO:0011115	dilated cardiomyopathy 1G	false	no match		false		low
Titin (TTN)-related dilated cardiomyopathy	MONDO:0011115	dilated cardiomyopathy 1G	false	no match		false		low
Titin gene mutation-associated dilated cardiomyopathy	MONDO:0011115	dilated cardiomyopathy 1G	false	no match		false		low
Titin gene mutation-related cardiomyopathy	MONDO:0011115	dilated cardiomyopathy 1G	false	no match		false		low
Toriello-Carey Syndrome	MONDO:0010604	Toriello-Carey syndrome	false	no match	MONDO:0009021	true	false	low
Toriello-Carey syndrome	MONDO:0010604	Toriello-Carey syndrome	false	no match	MONDO:0009021	true	false	low
Tourette syndrome	MONDO:0007661	Tourette syndrome	true	MONDO:0007661	MONDO:0007661	true	true	high
Townes-Brocks Syndrome	MONDO:0007605	Townes-Brocks syndrome	false	no match	MONDO:0007142	true	false	low
Townes-Brocks syndrome	MONDO:0007143	Townes-Brocks syndrome 1	false	no match	MONDO:0007142	true	false	low
Toxoplasmosis congenital infection	MONDO:0005728	congenital toxoplasmosis	false	no match		false		low
Transaldolase deficiency	MONDO:0012465	transaldolase deficiency	false	no match	MONDO:0011624	true	false	medium
Transcobalamin II deficiency	MONDO:0010064	transcobalamin II deficiency	false	no match	MONDO:0010149	true	false	low
Transient neonatal tyrosinemia	MONDO:0010161	transient tyrosinemia of the newborn	false	no match	MONDO:0018083	true	false	low
Transthyretin amyloidosis (ATTR amyloidosis)	MONDO:0007100	hereditary ATTR amyloidosis	false	no match		false		low
Transthyretin amyloidosis (familial amyloid cardiomyopathy)	MONDO:0007100	hereditary ATTR amyloidosis	false	no match		false		low
Treacher Collins Syndrome	MONDO:0007347	Treacher Collins syndrome	false	no match	MONDO:0002457	true	false	medium
Treacher Collins syndrome	MONDO:0007347	Treacher Collins syndrome	false	no match	MONDO:0002457	true	false	medium
Tricho-Dento-Osseous Syndrome	MONDO:0008625	tricho-dento-osseous syndrome	false	no match	MONDO:0008592	true	false	low
Tricho-dento-osseous Syndrome	MONDO:0008625	tricho-dento-osseous syndrome	false	no match	MONDO:0008592	true	false	low
Tricho-dento-osseous syndrome	MONDO:0008625	tricho-dento-osseous syndrome	false	no match	MONDO:0008592	true	false	low
Tricho-rhino-phalangeal syndrome	MONDO:0016226	trichorhinophalangeal syndrome	false	no match		false		low
Tricho-rhino-phalangeal syndrome type I	MONDO:0008626	trichorhinophalangeal syndrome type I	false	no match		false		low
Trichodentoosseous Syndrome	MONDO:0008625	tricho-dento-osseous syndrome	false	no match	MONDO:0008592	true	false	low
Trichorhinophalangeal syndrome	MONDO:0016226	trichorhinophalangeal syndrome	false	no match	MONDO:0017951	true	false	low
Trichorhinophalangeal syndrome Type I	MONDO:0008626	trichorhinophalangeal syndrome type I	false	no match	MONDO:0008596	true	false	low
Trichorhinophalangeal syndrome type I	MONDO:0008626	trichorhinophalangeal syndrome type I	false	no match	MONDO:0008596	true	false	low
Trichorhinophalangeal syndrome type I (TRPS I)	MONDO:0008626	trichorhinophalangeal syndrome type I	false	no match		false		low
Trichothiodystrophy	MONDO:0018053	trichothiodystrophy	true	MONDO:0018053	MONDO:0002470;MONDO:0018053	true	true	medium
Trichothiodystrophy (TTD)	MONDO:0018053	trichothiodystrophy	true	MONDO:0018053		false		medium
Trigonocephaly syndrome	MONDO:0009017	C syndrome	false	no match		false		low
Triphalangeal Thumb-Polysyndactyly Syndrome	MONDO:0008210	triphalangeal thumb-polysyndactyly syndrome	false	no match	MONDO:0017454	true	false	low
Triphalangeal thumb 1	MONDO:0008210	triphalangeal thumb-polysyndactyly syndrome	false	no match		false		low
Triphalangeal thumb-polysyndactyly syndrome	MONDO:0008210	triphalangeal thumb-polysyndactyly syndrome	false	no match	MONDO:0017454	true	false	low
Triple X syndrome	MONDO:0019721	Maffucci syndrome	false	no match	MONDO:0018066	true	false	low
Triple X syndrome (47,XXX)	MONDO:0019721	Maffucci syndrome	false	no match		false		low
Triple-A (Allgrove) syndrome	MONDO:0009279	triple-A syndrome	true	MONDO:0009279		false		high
Trisomy 13	MONDO:0018070	trisomy 13	false	no match	MONDO:0018068	true	false	medium
Trisomy 13 (**Patau syndrome**)	MONDO:0018070	trisomy 13	false	no match		false		medium
Trisomy 13 (Patau Syndrome)	MONDO:0018070	trisomy 13	false	no match		false		medium
Trisomy 13 (Patau syndrome)	MONDO:0018070	trisomy 13	false	no match		false		medium
Trisomy 18 (Edwards Syndrome)	MONDO:0018071	trisomy 18	true	MONDO:0018071		false		medium
Trisomy 18 (Edwards syndrome)	MONDO:0018071	trisomy 18	true	MONDO:0018071		false		medium
Trisomy 21 (Down syndrome)	MONDO:0008608	Down syndrome	true	MONDO:0008608	MONDO:0008608	true	true	high
Trisomy 8 mosaicism	MONDO:0018067	trisomy 8 mosaicism syndrome	false	no match	MONDO:0019867	true	false	low
Trisomy 9p Syndrome	MONDO:0018069	trisomy 9p	false	no match		false		low
Trisomy 9p syndrome	MONDO:0018069	trisomy 9p	false	no match		false		low
Trisomy X (Triple X syndrome)	MONDO:0019721	Maffucci syndrome	false	no match		false		low
Tropical Spastic Paraparesis	MONDO:0006006	tropical spastic paraparesis	false	no match	MONDO:0008039	true	false	low
Tropical spastic paraparesis (HTLV-1 associated myelopathy)	MONDO:0006006	tropical spastic paraparesis	false	no match		false		low
Tryptophan hydroxylase 2 deficiency	no match		false	no match		false		low
Tuberous Sclerosis Complex	MONDO:0001734	tuberous sclerosis complex	true	MONDO:0001734	MONDO:0001734	true	true	medium
Tuberous Sclerosis Complex (TSC)	MONDO:0001734	tuberous sclerosis complex	true	MONDO:0001734		false		medium
Tuberous sclerosis	MONDO:0001734	tuberous sclerosis complex	true	MONDO:0001734	MONDO:0001734	true	true	medium
Tuberous sclerosis complex	MONDO:0001734	tuberous sclerosis complex	true	MONDO:0001734	MONDO:0001734	true	true	medium
Tuberous sclerosis complex (TSC)	MONDO:0001734	tuberous sclerosis complex	true	MONDO:0001734		false		medium
Tubulinopathy (TUBB2B-related cortical dysplasia)	MONDO:0013620	cortical dysplasia, complex, with other brain malformations 7	false	no match		false		low
Turner Syndrome	MONDO:0019499	Turner syndrome	true	MONDO:0019499	MONDO:0019499	true	true	high
Turner syndrome	MONDO:0019499	Turner syndrome	true	MONDO:0019499	MONDO:0019499	true	true	high
Turner syndrome (45,X/46,XX mosaicism)	MONDO:0019499	Turner syndrome	true	MONDO:0019499		false		medium
Turner syndrome (mosaicism)	MONDO:0019499	Turner syndrome	true	MONDO:0019499		false		medium
Turner syndrome mosaicism	MONDO:0019499	Turner syndrome	true	MONDO:0019499		false		medium
Tylosis with esophageal cancer (Howel-Evans syndrome)	MONDO:0008604	tylosis with esophageal cancer	false	no match		false		low
Type 1 Diabetes Mellitus	MONDO:0005147	type 1 diabetes mellitus	true	MONDO:0005147	MONDO:0005147;MONDO:0009100	true	true	high
Type 2B von Willebrand disease	MONDO:0008669	von Willebrand disease type 2	false	no match		false		low
Type A Insulin Resistance Syndrome	MONDO:0019212	type A insulin resistance syndrome	false	no match	MONDO:0012520	true	false	low
Type A insulin resistance syndrome	MONDO:0019212	type A insulin resistance syndrome	false	no match	MONDO:0012520	true	false	low
Type B Insulin Resistance Syndrome	MONDO:0012098	type B insulin resistance syndrome	false	no match		false		low
Tyrosine hydroxylase deficiency	MONDO:0017211	tyrosine hydroxylase deficiency	false	no match	MONDO:0011551;MONDO:0100064	true	false	low
Tyrosinemia Type I	MONDO:0010161	tyrosinemia type I	true	MONDO:0010161	MONDO:0010161	true	true	medium
Tyrosinemia Type I (Hepatorenal Tyrosinemia)	MONDO:0010161	tyrosinemia type I	true	MONDO:0010161		false		medium
Tyrosinemia type I	MONDO:0010161	tyrosinemia type I	true	MONDO:0010161	MONDO:0010161	true	true	medium
Tyrosinemia type I (hepatorenal tyrosinemia)	MONDO:0010161	tyrosinemia type I	true	MONDO:0010161		false		medium
Tyrosinemia type II	MONDO:0010160	tyrosinemia type II	true	MONDO:0010160	MONDO:0010160	true	true	low
Tyrosinemia type III	MONDO:0010162	tyrosinemia type III	true	MONDO:0010162	MONDO:0010162	true	true	low
Ullrich Congenital Muscular Dystrophy	MONDO:0010676	Ullrich congenital muscular dystrophy	false	no match	MONDO:0000355	true	false	low
Ullrich Congenital Muscular Dystrophy (UCMD)	MONDO:0010676	Ullrich congenital muscular dystrophy	false	no match		false		low
Ullrich congenital muscular dystrophy	MONDO:0010676	Ullrich congenital muscular dystrophy	false	no match	MONDO:0000355	true	false	low
Ulnar-Mammary Syndrome	MONDO:0008633	ulnar-mammary syndrome	false	no match	MONDO:0008411	true	false	low
Ulnar-Mammary syndrome	MONDO:0008633	ulnar-mammary syndrome	false	no match	MONDO:0008411	true	false	low
Ulnar-mammary syndrome	MONDO:0008633	ulnar-mammary syndrome	false	no match	MONDO:0008411	true	false	low
Unspecified Focal Epilepsy	MONDO:0005384	focal epilepsy	true	MONDO:0005384		false		medium
Unspecified Hypogammaglobulinemia	MONDO:0015977	agammaglobulinemia	true	MONDO:0015977		false		low
Untreated phenylketonuria	MONDO:0009861	phenylketonuria	true	MONDO:0009861		false		high
Unverricht-Lundborg Disease	MONDO:0009697	Unverricht-Lundborg syndrome	false	no match	MONDO:0009698	true	false	medium
Unverricht-Lundborg Disease (EPM1)	MONDO:0009697	Unverricht-Lundborg syndrome	false	no match		false		medium
Unverricht-Lundborg disease	MONDO:0009697	Unverricht-Lundborg syndrome	false	no match	MONDO:0009698	true	false	medium
Unverricht-Lundborg disease (EPM1)	MONDO:0009697	Unverricht-Lundborg syndrome	false	no match		false		medium
Urea Cycle Disorder	MONDO:0019184	urea cycle disorder	false	no match	MONDO:0004739	true	false	medium
Urea Cycle Disorder (e.g., Ornithine Transcarbamylase Deficiency)	MONDO:0019184	urea cycle disorder	false	no match		false		medium
Urea Cycle Disorders (e.g., Ornithine Transcarbamylase Deficiency)	MONDO:0019184	urea cycle disorder	false	no match		false		medium
Urea cycle disorders	MONDO:0019184	urea cycle disorder	false	no match	MONDO:0004739	true	false	medium
Urea cycle disorders (e.g., ornithine transcarbamylase deficiency)	MONDO:0019184	urea cycle disorder	false	no match		false		medium
Uromodulin-associated kidney disease	MONDO:0017886	autosomal dominant tubulointerstitial kidney disease, UMOD-related	false	no match	MONDO:0008073	true	false	low
Usher Syndrome	MONDO:0019501	Usher syndrome	true	MONDO:0019501	MONDO:0019501	true	true	high
Usher syndrome	MONDO:0019501	Usher syndrome	true	MONDO:0019501	MONDO:0019501	true	true	high
VACTERL Association	MONDO:0008642	VACTERL association	true	MONDO:0008642	MONDO:0008642	true	true	medium
VACTERL Association with Hydrocephalus (VACTERL-H)	MONDO:0010600	VACTERL association, X-linked, with or without hydrocephalus	false	no match		false		low
VACTERL association	MONDO:0008642	VACTERL association	true	MONDO:0008642	MONDO:0008642	true	true	medium
VIPR2 gene duplication	no match		false	no match		false		low
VLCAD deficiency	MONDO:0008723	very long chain acyl-CoA dehydrogenase deficiency	true	MONDO:0008723	MONDO:0008723	true	true	medium
VLDLR-associated cerebellar hypoplasia	MONDO:0009959	VLDLR-associated cerebellar hypoplasia	false	no match		false		low
Van Buchem disease	MONDO:0009544	Van Buchem disease	false	no match	MONDO:0009395	true	false	low
Van Maldergem syndrome	MONDO:0013489	Van Maldergem syndrome	false	no match	MONDO:0017813	true	false	low
Van der Woude syndrome	MONDO:0007077	Van der Woude syndrome	false	no match	MONDO:0019508	true	false	low
Vanishing White Matter Disease	MONDO:0011380	leukoencephalopathy with vanishing white matter	false	no match	MONDO:0800448	true	false	low
Vanishing White Matter Disease (CACH/VWM)	MONDO:0011380	leukoencephalopathy with vanishing white matter	false	no match		false		low
Vanishing White Matter disease	MONDO:0011380	leukoencephalopathy with vanishing white matter	false	no match	MONDO:0800448	true	false	low
Vanishing white matter disease	MONDO:0011380	leukoencephalopathy with vanishing white matter	false	no match	MONDO:0800448	true	false	low
Vascular Ehlers-Danlos Syndrome	MONDO:0007526	Ehlers-Danlos syndrome, vascular type	false	no match	MONDO:0017314	true	false	medium
Vascular Ehlers-Danlos Syndrome (EDS Type IV)	MONDO:0007526	Ehlers-Danlos syndrome, vascular type	false	no match		false		medium
Vascular Ehlers-Danlos Syndrome (EDS type IV)	MONDO:0007526	Ehlers-Danlos syndrome, vascular type	false	no match		false		medium
Vascular Ehlers-Danlos syndrome	MONDO:0007526	Ehlers-Danlos syndrome, vascular type	false	no match	MONDO:0017314	true	false	medium
Vascular Ehlers-Danlos syndrome (EDS Type IV)	MONDO:0007526	Ehlers-Danlos syndrome, vascular type	false	no match		false		medium
Vascular Ehlers-Danlos syndrome (EDS type IV)	MONDO:0007526	Ehlers-Danlos syndrome, vascular type	false	no match		false		medium
Vascular Ehlers-Danlos syndrome (Type IV)	MONDO:0007526	Ehlers-Danlos syndrome, vascular type	false	no match		false		medium
Vein of Galen malformation	MONDO:0017161	vein of Galen aneurysmal malformation	false	no match		false		low
Velo-Cardio-Facial syndrome (22q11.2 deletion syndrome)	MONDO:0018923	22q11.2 deletion syndrome	true	MONDO:0018923		false		medium
Velocardiofacial syndrome	MONDO:0018923	22q11.2 deletion syndrome	true	MONDO:0018923	MONDO:0008644	true	false	medium
Velocardiofacial syndrome (22q11.2 deletion syndrome)	MONDO:0018923	22q11.2 deletion syndrome	true	MONDO:0018923		false		medium
Venous malformation syndrome	MONDO:0008723	venous malformation	false	no match		false		low
Very Long Chain Acyl-CoA Dehydrogenase (VLCAD) deficiency	MONDO:0008723	very long chain acyl-CoA dehydrogenase deficiency	true	MONDO:0008723		false		medium
Very Long-Chain Acyl-CoA Dehydrogenase (VLCAD) Deficiency	MONDO:0008723	very long chain acyl-CoA dehydrogenase deficiency	true	MONDO:0008723		false		medium
Very Long-Chain Acyl-CoA Dehydrogenase (VLCAD) deficiency	MONDO:0008723	very long chain acyl-CoA dehydrogenase deficiency	true	MONDO:0008723		false		medium
Very long-chain acyl-CoA dehydrogenase (VLCAD) deficiency	MONDO:0008723	very long chain acyl-CoA dehydrogenase deficiency	true	MONDO:0008723		false		medium
Very long-chain acyl-CoA dehydrogenase deficiency	MONDO:0008723	very long chain acyl-CoA dehydrogenase deficiency	true	MONDO:0008723	MONDO:0008723	true	true	medium
Very long-chain acyl-CoA dehydrogenase deficiency (VLCAD deficiency)	MONDO:0008723	very long chain acyl-CoA dehydrogenase deficiency	true	MONDO:0008723		false		medium
Very-long-chain acyl-CoA dehydrogenase (VLCAD) deficiency	MONDO:0008723	very long chain acyl-CoA dehydrogenase deficiency	true	MONDO:0008723		false		medium
Very-long-chain acyl-CoA dehydrogenase deficiency	MONDO:0008723	very long chain acyl-CoA dehydrogenase deficiency	true	MONDO:0008723		false		medium
Very-long-chain acyl-CoA dehydrogenase deficiency (VLCAD deficiency)	MONDO:0008723	very long chain acyl-CoA dehydrogenase deficiency	true	MONDO:0008723		false		medium
Very-long-chain acyl-CoA dehydrogenase deficiency (VLCADD)	MONDO:0008723	very long chain acyl-CoA dehydrogenase deficiency	true	MONDO:0008723		false		medium
Vici syndrome	MONDO:0009137	Vici syndrome	false	no match	MONDO:0009452	true	false	low
Vitamin B12 Deficiency	MONDO:0002207	vitamin B12 deficiency	false	no match	MONDO:0020696	true	false	low
Vitamin B12 deficiency	MONDO:0002207	vitamin B12 deficiency	false	no match	MONDO:0020696	true	false	low
Vitamin D-deficiency rickets	MONDO:0005493	vitamin D-deficiency rickets	false	no match		false		low
Vitamin D-dependent rickets	MONDO:0019079	vitamin D-dependent rickets	false	no match	MONDO:0024299	true	false	low
Vitamin E Deficiency	MONDO:0001121	vitamin E deficiency	false	no match		false		low
Vogt-Koyanagi-Harada Disease	MONDO:0006863	Vogt-Koyanagi-Harada disease	false	no match	MONDO:0018092	true	false	medium
Vogt-Koyanagi-Harada disease	MONDO:0006863	Vogt-Koyanagi-Harada disease	false	no match	MONDO:0018092	true	false	medium
Vohwinkel syndrome	MONDO:0008772	Vohwinkel syndrome	false	no match	MONDO:0007422	true	false	low
Von Hippel-Lindau Disease	MONDO:0008667	von Hippel-Lindau disease	true	MONDO:0008667	MONDO:0008667	true	true	high
Von Hippel-Lindau disease	MONDO:0008667	von Hippel-Lindau disease	true	MONDO:0008667	MONDO:0008667	true	true	high
Von Willebrand Disease	MONDO:0019565	von Willebrand disease	true	MONDO:0019565	MONDO:0019565;MONDO:0024574	true	true	medium
Von Willebrand disease	MONDO:0019565	von Willebrand disease	true	MONDO:0019565	MONDO:0019565;MONDO:0024574	true	true	medium
WAGR syndrome	MONDO:0008679	WAGR syndrome	false	no match	MONDO:0008681	true	false	low
WDR62-related microcephaly	MONDO:0011435	microcephaly 2, primary, autosomal recessive, with or without cortical malformations	true	MONDO:0011435		false		low
WDR62-related microcephaly with polymicrogyria	MONDO:0011435	microcephaly 2, primary, autosomal recessive, with or without cortical malformations	true	MONDO:0011435		false		low
WDR62-related polymicrogyria	MONDO:0011435	microcephaly 2, primary, autosomal recessive, with or without cortical malformations	true	MONDO:0011435		false		low
WHIM Syndrome	MONDO:0008660	WHIM syndrome	false	no match	MONDO:0023880;MONDO:8000006	true	false	low
WHIM syndrome	MONDO:0008660	WHIM syndrome	false	no match	MONDO:0023880;MONDO:8000006	true	false	low
WHIM syndrome (Warts, Hypogammaglobulinemia, Infections, Myelokathexis)	MONDO:0008660	WHIM syndrome	false	no match		false		low
WHIM syndrome (Warts, Hypogammaglobulinemia, Infections, and Myelokathexis)	MONDO:0008660	WHIM syndrome	false	no match		false		low
WNT1-related early-onset osteoporosis	MONDO:0014326	osteogenesis imperfecta type 15	false	no match		false		low
Waardenburg Syndrome	MONDO:0018096	Waardenburg syndrome	false	no match	MONDO:0018094	true	false	low
Waardenburg syndrome	MONDO:0018096	Waardenburg syndrome	false	no match	MONDO:0018094	true	false	low
Waardenburg syndrome (Type 1)	MONDO:0008683	Waardenburg syndrome type 1	false	no match		false		low
Waardenburg syndrome Type II	MONDO:0010047	Waardenburg syndrome type 2	false	no match	MONDO:0019517	true	false	low
Waardenburg syndrome Type III (Klein-Waardenburg syndrome)	MONDO:0008685	Waardenburg syndrome type 3	false	no match		false		low
Waardenburg syndrome Type IV	MONDO:0017161	Waardenburg-Shah syndrome	false	no match	MONDO:0019518	true	false	low
Waardenburg syndrome type 2	MONDO:0019517	Waardenburg syndrome type 2	true	MONDO:0019517	MONDO:0019517	true	true	low
Waardenburg syndrome type 3 (Klein-Waardenburg syndrome)	MONDO:0008607	Waardenburg syndrome type 3	false	no match		false		low
Wagner Syndrome	MONDO:0007738	Wagner disease	false	no match	MONDO:0007740	true	false	low
Wagner syndrome	MONDO:0007738	Wagner disease	false	no match	MONDO:0007740	true	false	low
Walker-Warburg Syndrome	MONDO:0018276	Walker-Warburg syndrome	false	no match	MONDO:0000171	true	false	low
Walker-Warburg syndrome	MONDO:0018276	Walker-Warburg syndrome	false	no match	MONDO:0000171	true	false	low
Warburg Micro Syndrome	MONDO:0016912	Warburg micro syndrome	false	no match	MONDO:0016649	true	false	low
Warburg Micro syndrome	MONDO:0016912	Warburg micro syndrome	false	no match	MONDO:0016649	true	false	low
Watson Syndrome	MONDO:0008676	Watson syndrome	false	no match	MONDO:0008672	true	false	low
Watson syndrome	MONDO:0008676	Watson syndrome	false	no match	MONDO:0008672	true	false	low
Weaver Syndrome	MONDO:0010195	Weaver syndrome	false	no match	MONDO:0010193	true	false	medium
Weaver syndrome	MONDO:0010195	Weaver syndrome	false	no match	MONDO:0010193	true	false	medium
Weidemann-Steiner syndrome	MONDO:0011518	Wiedemann-Steiner syndrome	true	MONDO:0011518		false		low
Weil-Marchesani syndrome	MONDO:0016495	Weill-Marchesani syndrome	false	no match		false		low
Weill-Marchesani Syndrome	MONDO:0016495	Weill-Marchesani syndrome	false	no match	MONDO:0018096	true	false	low
Weill-Marchesani syndrome	MONDO:0016495	Weill-Marchesani syndrome	false	no match	MONDO:0018096	true	false	low
Werner Syndrome	MONDO:0010196	Werner syndrome	true	MONDO:0010196	MONDO:0010196	true	true	high
Werner syndrome	MONDO:0010196	Werner syndrome	true	MONDO:0010196	MONDO:0010196	true	true	high
West Syndrome	MONDO:0017066	West syndrome	false	no match	MONDO:0018097	true	false	low
West Syndrome (Infantile Spasms)	MONDO:0017066	West syndrome	false	no match		false		low
West syndrome	MONDO:0017066	West syndrome	false	no match	MONDO:0018097	true	false	low
West syndrome (Infantile Spasms)	MONDO:0017066	West syndrome	false	no match		false		low
West syndrome (Infantile spasms)	MONDO:0017066	West syndrome	false	no match		false		low
West syndrome (infantile spasms)	MONDO:0017066	West syndrome	false	no match		false		low
Weyers acrodental dysostosis	MONDO:0008677	Weyers acrofacial dysostosis	false	no match	MONDO:0008673	true	false	low
Weyers acrofacial dysostosis	MONDO:0008677	Weyers acrofacial dysostosis	false	no match	MONDO:0008673	true	false	low
Wiedemann-Rautenstrauch Syndrome	MONDO:0009853	Wiedemann-Rautenstrauch syndrome	false	no match	MONDO:0009910	true	false	low
Wiedemann-Rautenstrauch syndrome	MONDO:0009853	Wiedemann-Rautenstrauch syndrome	false	no match	MONDO:0009910	true	false	low
Wiedemann-Steiner syndrome	MONDO:0011518	Wiedemann-Steiner syndrome	true	MONDO:0011518	MONDO:0011518	true	true	low
Williams Syndrome	MONDO:0008678	Williams syndrome	true	MONDO:0008678	MONDO:0008678	true	true	high
Williams syndrome	MONDO:0008678	Williams syndrome	true	MONDO:0008678	MONDO:0008678	true	true	high
Williams-Beuren Syndrome	MONDO:0008678	Williams syndrome	true	MONDO:0008678	MONDO:0008678	true	true	high
Williams-Beuren syndrome	MONDO:0008678	Williams syndrome	true	MONDO:0008678	MONDO:0008678	true	true	high
Wilson Disease	MONDO:0010200	Wilson disease	true	MONDO:0010200	MONDO:0010200	true	true	high
Wilson disease	MONDO:0010200	Wilson disease	true	MONDO:0010200	MONDO:0010200	true	true	high
Wilson's Disease	MONDO:0010200	Wilson disease	true	MONDO:0010200	MONDO:0010200	true	true	high
Wilson's disease	MONDO:0010200	Wilson disease	true	MONDO:0010200	MONDO:0010200	true	true	high
Wilson's disease (early-onset)	MONDO:0010200	Wilson disease	true	MONDO:0010200		false		medium
Wilson-Turner syndrome	MONDO:0010565	Wilson-Turner syndrome	false	no match	MONDO:0010665	true	false	low
Winchester Syndrome	MONDO:0010201	Winchester syndrome	true	MONDO:0010201	MONDO:0010201	true	true	low
Winchester syndrome	MONDO:0010201	Winchester syndrome	true	MONDO:0010201	MONDO:0010201	true	true	low
Wiskott-Aldrich Syndrome	MONDO:0010518	Wiskott-Aldrich syndrome	true	MONDO:0010518	MONDO:0010518	true	true	high
Wiskott-Aldrich syndrome	MONDO:0010518	Wiskott-Aldrich syndrome	true	MONDO:0010518	MONDO:0010518	true	true	high
Wiskott–Aldrich syndrome	MONDO:0010518	Wiskott-Aldrich syndrome	true	MONDO:0010518		false		high
Witteveen-Kolk syndrome	MONDO:0013253	Witteveen-Kolk syndrome	false	no match		false		low
Wolcott-Rallison syndrome	MONDO:0009192	Wolcott-Rallison syndrome	true	MONDO:0009192	MONDO:0009192	true	true	low
Wolf-Hirschhorn Syndrome	MONDO:0008679	Wolf-Hirschhorn syndrome	false	no match	MONDO:0008684	true	false	medium
Wolf-Hirschhorn syndrome	MONDO:0008679	Wolf-Hirschhorn syndrome	false	no match	MONDO:0008684	true	false	medium
Wolf-Hirschhorn syndrome (Chromosome 4p deletion)	MONDO:0008679	Wolf-Hirschhorn syndrome	false	no match		false		medium
Wolff-Parkinson-White syndrome	MONDO:0008680	Wolff-Parkinson-White syndrome	false	no match	MONDO:0008685	true	false	medium
Wolfram Syndrome	MONDO:0009101	Wolfram syndrome 1	true	MONDO:0009101	MONDO:0018105	true	false	low
Wolfram syndrome	MONDO:0009101	Wolfram syndrome 1	true	MONDO:0009101	MONDO:0018105	true	false	low
Wolman disease	MONDO:0009767	Wolman disease	false	no match	MONDO:0019148	true	false	low
Woodhouse-Sakati syndrome	MONDO:0009135	Woodhouse-Sakati syndrome	false	no match	MONDO:0009419	true	false	low
X-linked Adrenoleukodystrophy	MONDO:0018544	X-linked adrenoleukodystrophy	true	MONDO:0018544	MONDO:0018544	true	true	medium
X-linked Agammaglobulinemia	MONDO:0010421	X-linked agammaglobulinemia	true	MONDO:0010421	MONDO:0010421	true	true	medium
X-linked Agammaglobulinemia (Bruton's Disease)	MONDO:0010421	X-linked agammaglobulinemia	true	MONDO:0010421		false		medium
X-linked Agammaglobulinemia (Bruton’s Disease)	MONDO:0010421	X-linked agammaglobulinemia	true	MONDO:0010421		false		medium
X-linked Charcot-Marie-Tooth disease (CMTX)	MONDO:0015626	X-linked Charcot-Marie-Tooth disease	false	no match		false		low
X-linked Hyper IgM Syndrome	MONDO:0010600	hyper-IgM syndrome type 1	false	no match	MONDO:0010626	true	false	low
X-linked Infantile Spasms Syndrome (ARX mutations)	MONDO:0010429	developmental and epileptic encephalopathy, 1	false	no match		false		low
X-linked Juvenile Retinoschisis	MONDO:0010725	X-linked retinoschisis	true	MONDO:0010725	MONDO:0010725	true	true	low
X-linked Lymphoproliferative Disease	MONDO:0018980	X-linked lymphoproliferative disease	false	no match		false		low
X-linked Lymphoproliferative Disease (XLP)	MONDO:0018980	X-linked lymphoproliferative disease	false	no match		false		low
X-linked Myotubular Myopathy	MONDO:0010676	X-linked myotubular myopathy	false	no match	MONDO:0010683	true	false	medium
X-linked Retinitis Pigmentosa	MONDO:0021094	X-linked retinitis pigmentosa	false	no match		false		low
X-linked Thrombocytopenia	MONDO:0010567	X-linked thrombocytopenia	false	no match	MONDO:0010743	true	false	low
X-linked adrenoleukodystrophy	MONDO:0018544	X-linked adrenoleukodystrophy	true	MONDO:0018544	MONDO:0018544	true	true	medium
X-linked adrenoleukodystrophy (X-ALD)	MONDO:0018544	X-linked adrenoleukodystrophy	true	MONDO:0018544		false		medium
X-linked adrenoleukodystrophy (adult cerebral form)	MONDO:0018544	X-linked adrenoleukodystrophy	true	MONDO:0018544		false		low
X-linked agammaglobulinemia	MONDO:0010421	X-linked agammaglobulinemia	true	MONDO:0010421	MONDO:0010421	true	true	medium
X-linked agammaglobulinemia (Bruton agammaglobulinemia)	MONDO:0010421	X-linked agammaglobulinemia	true	MONDO:0010421		false		medium
X-linked agammaglobulinemia (Bruton disease)	MONDO:0010421	X-linked agammaglobulinemia	true	MONDO:0010421		false		medium
X-linked creatine transporter deficiency (SLC6A8 deficiency)	MONDO:0010305	creatine transporter deficiency	true	MONDO:0010305		false		low
X-linked high myopia	MONDO:0010680	myopia 1, X-linked	false	no match		false		low
X-linked hydrocephalus (L1 syndrome)	MONDO:0017140	L1 syndrome	true	MONDO:0017140		false		low
X-linked hydrocephalus (L1CAM mutation)	MONDO:0017140	L1 syndrome	true	MONDO:0017140		false		low
X-linked hypophosphatemic rickets	MONDO:0010619	X-linked hypophosphatemia	true	MONDO:0010619	MONDO:0010619;MONDO:0020720	true	true	medium
X-linked infantile spasms syndrome (ARX mutations)	MONDO:0010429	developmental and epileptic encephalopathy, 1	false	no match		false		low
X-linked juvenile retinoschisis	MONDO:0010725	X-linked retinoschisis	true	MONDO:0010725	MONDO:0010725	true	true	low
X-linked lymphoproliferative disease	MONDO:0018980	X-linked lymphoproliferative disease	false	no match		false		low
X-linked lymphoproliferative disease (XLP)	MONDO:0018980	X-linked lymphoproliferative disease	false	no match		false		low
X-linked lymphoproliferative disease type 2 (XIAP deficiency)	MONDO:0010489	X-linked lymphoproliferative disease due to XIAP deficiency	false	no match		false		low
X-linked lymphoproliferative syndrome	MONDO:0018980	X-linked lymphoproliferative disease	false	no match	MONDO:0010627	true	false	low
X-linked megalocornea	MONDO:0010538	megalocornea 1, X-linked	false	no match		false		low
X-linked myotubular myopathy	MONDO:0010676	X-linked myotubular myopathy	false	no match	MONDO:0010683	true	false	medium
X-linked retinitis pigmentosa	MONDO:0021094	X-linked retinitis pigmentosa	false	no match		false		low
X-linked retinoschisis	MONDO:0010725	X-linked retinoschisis	true	MONDO:0010725	MONDO:0010725	true	true	low
X-linked severe combined immunodeficiency	MONDO:0010315	X-linked severe combined immunodeficiency	true	MONDO:0010315	MONDO:0010315	true	true	medium
X-linked sideroblastic anemia	MONDO:0010393	X-linked sideroblastic anemia 1	false	no match	MONDO:0020721	true	false	low
X-linked sideroblastic anemia with ataxia	MONDO:0010643	X-linked sideroblastic anemia with ataxia	false	no match	MONDO:0010524	true	false	low
X-linked sideroblastic anemia with ataxia (XLSA/A)	MONDO:0010643	X-linked sideroblastic anemia with ataxia	false	no match		false		low
X-linked spinal muscular atrophy type 3 (SMAX3)	MONDO:0010478	X-linked distal spinal muscular atrophy type 3	false	no match		false		low
X-linked thrombocytopenia	MONDO:0010567	X-linked thrombocytopenia	false	no match	MONDO:0010743	true	false	low
X-linked visceral heterotaxy	MONDO:0010549	heterotaxy, visceral, 1, X-linked	false	no match		false		low
XYY syndrome	MONDO:0019518	47,XYY syndrome	false	no match	MONDO:0019339	true	false	low
XYY syndrome (47,XYY)	MONDO:0019518	47,XYY syndrome	false	no match		false		low
Xanthine dehydrogenase deficiency (Xanthinuria Type I)	MONDO:0010057	xanthinuria type I	false	no match		false		low
Xanthinuria type I (Xanthine dehydrogenase deficiency)	MONDO:0010057	xanthinuria type I	false	no match		false		low
Xanthinuria type II (Molybdenum cofactor sulfurase deficiency)	MONDO:0011387	xanthinuria type II	false	no match		false		low
Xeroderma Pigmentosum	MONDO:0019600	xeroderma pigmentosum	true	MONDO:0019600	MONDO:0019600	true	true	high
Xeroderma pigmentosum	MONDO:0019600	xeroderma pigmentosum	true	MONDO:0019600	MONDO:0019600	true	true	high
Xeroderma pigmentosum-Cockayne syndrome complex	MONDO:0017917	xeroderma pigmentosum-Cockayne syndrome complex	false	no match	MONDO:0016354	true	false	low
Xeroderma pigmentosum–Cockayne syndrome complex	MONDO:0017917	xeroderma pigmentosum-Cockayne syndrome complex	false	no match		false		low
ZIC1-related Dandy-Walker malformation	MONDO:0009100	Dandy-Walker syndrome	false	no match		false		low
ZIC3-related heterotaxy (X-linked heterotaxy)	MONDO:0010567	heterotaxy, visceral, 1, X-linked	false	no match		false		medium
ZIC3-related heterotaxy syndrome	MONDO:0010567	heterotaxy, visceral, 1, X-linked	false	no match		false		medium
Zellweger Spectrum Disorder	MONDO:0019234	peroxisome biogenesis disorder	true	MONDO:0019234	MONDO:0019234	true	true	medium
Zellweger Spectrum Disorders	MONDO:0019234	peroxisome biogenesis disorder	true	MONDO:0019234	MONDO:0019234;MONDO:0019609	true	true	medium
Zellweger Syndrome	MONDO:0019609	Zellweger syndrome	true	MONDO:0019609	MONDO:0019609	true	true	medium
Zellweger Syndrome (Peroxisome Biogenesis Disorder)	MONDO:0019609	Zellweger syndrome	true	MONDO:0019609		false		medium
Zellweger spectrum disorder	MONDO:0019234	peroxisome biogenesis disorder	true	MONDO:0019234	MONDO:0019234	true	true	medium
Zellweger spectrum disorder (Peroxisome biogenesis disorder)	MONDO:0019234	peroxisome biogenesis disorder	true	MONDO:0019234		false		medium
Zellweger spectrum disorder (peroxisomal biogenesis disorder)	MONDO:0019234	peroxisome biogenesis disorder	true	MONDO:0019234		false		medium
Zellweger spectrum disorder (peroxisome biogenesis disorder)	MONDO:0019234	peroxisome biogenesis disorder	true	MONDO:0019234		false		medium
Zellweger spectrum disorders	MONDO:0019234	peroxisome biogenesis disorder	true	MONDO:0019234	MONDO:0019234;MONDO:0019609	true	true	medium
Zellweger syndrome	MONDO:0019609	Zellweger syndrome	true	MONDO:0019609	MONDO:0019609	true	true	medium
Zellweger syndrome (Peroxisomal biogenesis disorder)	MONDO:0019609	Zellweger syndrome	true	MONDO:0019609		false		medium
Zellweger syndrome (peroxisomal biogenesis disorder)	MONDO:0019609	Zellweger syndrome	true	MONDO:0019609		false		medium
Zellweger syndrome (peroxisome biogenesis disorder)	MONDO:0019609	Zellweger syndrome	true	MONDO:0019609		false		medium
Zhu-Tokita-Takenouchi-Kim syndrome (ZTTK syndrome)	MONDO:0014997	Zhu-Tokita-Takenouchi-Kim syndrome	false	no match		false		low
Zimmerman-Laband syndrome	MONDO:0019266	Zimmermann-Laband syndrome	false	no match		false		low
Zimmermann-Laband Syndrome	MONDO:0019266	Zimmermann-Laband syndrome	false	no match	MONDO:0000200	true	false	low
Zimmermann-Laband syndrome	MONDO:0019266	Zimmermann-Laband syndrome	false	no match	MONDO:0000200	true	false	low
Zivný Syndrome	no match		false	no match		false		low
mTOR pathway-related disorders	no match		false	no match		false		low
von Willebrand disease	MONDO:0019565	von Willebrand disease	true	MONDO:0019565	MONDO:0019565;MONDO:0024574	true	true	high
Åland Island eye disease	MONDO:0010720	Aland Island eye disease	false	no match		false		low
Åland island eye disease	MONDO:0010720	Aland Island eye disease	false	no match		false		low
