name	opus_mondo_id	opus_mondo_label	valid	effective_mondo_id	oak_ids	oak_resolved	agrees
13q deletion syndrome	no match		false	no match		false	
15q Duplication Syndrome	no match		false	no match		false	
15q duplication syndrome	no match		false	no match		false	
15q11-q13 Duplication Syndrome	no match		false	no match	MONDO:0012081	true	false
15q11.2 Duplication Syndrome	no match		false	no match		false	
15q11.2-13.1 duplication syndrome	no match		false	no match		false	
15q11.2-q13.1 duplication syndrome	no match		false	no match		false	
15q13.3 microdeletion syndrome	no match		false	no match	MONDO:0012774	true	false
16p11.2 Deletion Syndrome	no match		false	no match	MONDO:0012756	true	false
16p11.2 Duplication Syndrome	no match		false	no match	MONDO:0013847	true	false
16p11.2 Microdeletion Syndrome	no match		false	no match		false	
16p11.2 deletion syndrome	no match		false	no match	MONDO:0012756	true	false
16p11.2 duplication syndrome	no match		false	no match	MONDO:0013847	true	false
16p11.2 microdeletion syndrome	no match		false	no match		false	
16p11.2 microduplication syndrome	no match		false	no match	MONDO:0016834	true	false
17q12 microdeletion syndrome	no match		false	no match	MONDO:0013797	true	false
18q- deletion syndrome	no match		false	no match		false	
1p36 Deletion Syndrome	no match		false	no match	MONDO:0011929	true	false
1p36 Deletion syndrome	no match		false	no match	MONDO:0011929	true	false
1p36 deletion syndrome	no match		false	no match	MONDO:0011929	true	false
1q21.1 Microdeletion Syndrome	no match		false	no match	MONDO:0012914	true	false
1q21.1 deletion syndrome	no match		false	no match		false	
1q21.1 microdeletion syndrome	no match		false	no match	MONDO:0012914	true	false
1q43q44 deletion syndrome	no match		false	no match		false	
2-Hydroxyglutaric Aciduria	no match		false	no match	MONDO:0016001	true	false
22q11.2 Deletion Syndrome	MONDO:0018923	22q11.2 deletion syndrome	true	MONDO:0018923	MONDO:0008564;MONDO:0018923	true	true
22q11.2 Deletion Syndrome (DiGeorge Syndrome)	MONDO:0018923	22q11.2 deletion syndrome	true	MONDO:0018923		false	
22q11.2 Deletion Syndrome (DiGeorge syndrome)	MONDO:0018923	22q11.2 deletion syndrome	true	MONDO:0018923		false	
22q11.2 Deletion syndrome	MONDO:0018923	22q11.2 deletion syndrome	true	MONDO:0018923	MONDO:0008564;MONDO:0018923	true	true
22q11.2 Deletion syndrome (DiGeorge syndrome)	MONDO:0018923	22q11.2 deletion syndrome	true	MONDO:0018923		false	
22q11.2 deletion syndrome	MONDO:0018923	22q11.2 deletion syndrome	true	MONDO:0018923	MONDO:0008564;MONDO:0018923	true	true
22q11.2 deletion syndrome (DiGeorge syndrome)	MONDO:0018923	22q11.2 deletion syndrome	true	MONDO:0018923		false	
22q11.2 deletion syndrome (DiGeorge syndrome/Velocardiofacial syndrome)	MONDO:0018923	22q11.2 deletion syndrome	true	MONDO:0018923		false	
22q11.2 deletion syndrome (DiGeorge syndrome/velocardiofacial syndrome)	MONDO:0018923	22q11.2 deletion syndrome	true	MONDO:0018923		false	
22q11.2 deletion syndrome (Velocardiofacial syndrome)	MONDO:0018923	22q11.2 deletion syndrome	true	MONDO:0018923		false	
22q11.2 deletion syndrome (velocardiofacial syndrome)	MONDO:0018923	22q11.2 deletion syndrome	true	MONDO:0018923		false	
22q11.2 duplication syndrome	no match		false	no match	MONDO:0012020	true	false
2p15p16.1 microdeletion syndrome	no match		false	no match	MONDO:0012916	true	false
2q23.1 Microdeletion Syndrome	no match		false	no match	MONDO:0016459	true	false
2q23.1 deletion syndrome	no match		false	no match		false	
2q23.1 microdeletion syndrome	no match		false	no match	MONDO:0016459	true	false
2q33.1 deletion syndrome	no match		false	no match		false	
3-M syndrome	no match		false	no match	MONDO:0007477	true	false
3-Methylglutaconic aciduria	no match		false	no match	MONDO:0017359	true	false
3-Methylglutaconic aciduria type I	no match		false	no match		false	
3-Methylglutaconic aciduria type III (Costeff syndrome)	no match		false	no match		false	
3-Phosphoglycerate dehydrogenase deficiency	no match		false	no match	MONDO:0018491	true	false
3-beta-hydroxysteroid dehydrogenase deficiency	no match		false	no match		false	
3M syndrome	no match		false	no match	MONDO:0007477	true	false
3q29 microdeletion syndrome	no match		false	no match	MONDO:0012269	true	false
47,XYY syndrome	no match		false	no match	MONDO:0019339	true	false
47,XYY syndrome (Jacob's syndrome)	no match		false	no match		false	
4H Leukodystrophy	no match		false	no match	MONDO:0100605	true	false
4H leukodystrophy	no match		false	no match	MONDO:0100605	true	false
4H leukodystrophy (POLR3-related leukodystrophy)	no match		false	no match		false	
4H syndrome (Hypomyelination, Hypogonadotropic hypogonadism, and Hypodontia)	no match		false	no match		false	
4H syndrome (POLR3-related leukodystrophy)	no match		false	no match		false	
5-alpha reductase deficiency	no match		false	no match	MONDO:0009923	true	false
7q11.23 Duplication Syndrome	no match		false	no match	MONDO:0012342	true	false
7q11.23 duplication syndrome	no match		false	no match	MONDO:0012342	true	false
8p23.1 deletion syndrome	no match		false	no match		false	
8q24.3 microdeletion syndrome	no match		false	no match	MONDO:0014263	true	false
9p deletion syndrome	no match		false	no match	MONDO:0008013	true	false
9p deletion syndrome (Alfi's syndrome)	no match		false	no match		false	
A20 haploinsufficiency (TNFAIP3 mutations)	no match		false	no match		false	
ACTA2-related vascular disorders	no match		false	no match		false	
ACTA2-related vasculopathy	no match		false	no match		false	
ACTN1-related thrombocytopenia	no match		false	no match		false	
ADAMTSL4-Related Ectopia Lentis	no match		false	no match		false	
ADAMTSL4-related Ectopia Lentis	no match		false	no match		false	
ADAMTSL4-related ectopia lentis	no match		false	no match		false	
ADCY5-related dyskinesia	no match		false	no match	MONDO:0031115;MONDO:0800028	true	false
ADNP Syndrome	no match		false	no match	MONDO:0014379	true	false
ADNP syndrome	no match		false	no match	MONDO:0014379	true	false
ADNP syndrome (Helsmoortel-Van der Aa syndrome)	no match		false	no match		false	
ADNP syndrome (Helsmoortel-van der Aa syndrome)	no match		false	no match		false	
ADNP syndrome (Helsmoortel–Van der Aa syndrome)	no match		false	no match		false	
AEC Syndrome (Hay-Wells Syndrome)	no match		false	no match		false	
AEC syndrome (Ankyloblepharon-Ectodermal Dysplasia–Clefting Syndrome)	no match		false	no match		false	
AEC syndrome (Ankyloblepharon-Ectodermal defects-Cleft lip/palate syndrome)	no match		false	no match		false	
AEC syndrome (Ankyloblepharon-ectodermal defects-cleft lip/palate syndrome)	no match		false	no match		false	
ALDH18A1-related Cutis Laxa Type III	no match		false	no match		false	
ALG1-CDG (Congenital Disorder of Glycosylation Type Ik)	no match		false	no match		false	
ALG6-CDG (Congenital Disorder of Glycosylation Type Ic)	no match		false	no match		false	
ANKRD26-related thrombocytopenia	no match		false	no match	MONDO:0008555	true	false
APECED (Autoimmune Polyendocrinopathy-Candidiasis-Ectodermal Dystrophy)	no match		false	no match		false	
APECED syndrome (Autoimmune Polyendocrinopathy-Candidiasis-Ectodermal Dystrophy)	no match		false	no match		false	
ARX-Related Disorders	no match		false	no match		false	
ARX-Related Epilepsy	no match		false	no match		false	
ARX-Related Epileptic Encephalopathies	no match		false	no match		false	
ARX-Related Epileptic Encephalopathy	no match		false	no match		false	
ARX-related Epilepsy	no match		false	no match		false	
ARX-related Epileptic Encephalopathy	no match		false	no match		false	
ARX-related developmental and epileptic encephalopathy	no match		false	no match		false	
ARX-related developmental epileptic encephalopathy	no match		false	no match		false	
ARX-related disorders	no match		false	no match		false	
ARX-related disorders (e.g., X-linked lissencephaly with abnormal genitalia)	no match		false	no match		false	
ARX-related epilepsy	no match		false	no match		false	
ARX-related epilepsy and intellectual disability	no match		false	no match		false	
ARX-related epilepsy syndrome	no match		false	no match		false	
ARX-related epilepsy syndromes	no match		false	no match		false	
ARX-related epileptic encephalopathy	no match		false	no match		false	
ARX-related infantile epileptic encephalopathy	no match		false	no match		false	
ARX-related infantile spasms syndrome	no match		false	no match		false	
ARX-related intellectual disability	no match		false	no match	MONDO:0010317	true	false
ARX-related intellectual disability with epilepsy	no match		false	no match		false	
ARX-related intellectual disability with infantile spasms	no match		false	no match		false	
ARX-related intellectual disability with seizures	no match		false	no match		false	
ARX-related neurological disorder	no match		false	no match		false	
ARX-related pediatric developmental and epileptic encephalopathy	no match		false	no match		false	
ATP6AP1-CDG (ATP6AP1 deficiency)	no match		false	no match		false	
ATP6V0A2-CDG (Congenital Disorder of Glycosylation Type IIe)	no match		false	no match		false	
ATP6V0A2-related Cutis Laxa Type IIA	no match		false	no match		false	
ATR-X Syndrome	MONDO:0010519	alpha thalassemia-X-linked intellectual disability syndrome	true	MONDO:0010519	MONDO:0010519	true	true
ATR-X syndrome	MONDO:0010519	alpha thalassemia-X-linked intellectual disability syndrome	true	MONDO:0010519	MONDO:0010519	true	true
ATR-X syndrome (Alpha-thalassemia X-linked intellectual disability syndrome)	MONDO:0010519	alpha thalassemia-X-linked intellectual disability syndrome	true	MONDO:0010519		false	
Aarskog Syndrome	no match		false	no match	MONDO:0010589;MONDO:0021005	true	false
Aarskog syndrome	no match		false	no match	MONDO:0010589;MONDO:0021005	true	false
Aarskog syndrome (Aarskog–Scott syndrome)	no match		false	no match		false	
Aarskog-Scott Syndrome	no match		false	no match	MONDO:0010589;MONDO:0021005	true	false
Aarskog-Scott syndrome	no match		false	no match	MONDO:0010589;MONDO:0021005	true	false
Aase syndrome	no match		false	no match	MONDO:0015253	true	false
Abetalipoproteinemia	MONDO:0008692	abetalipoproteinemia	true	MONDO:0008692	MONDO:0008692	true	true
Aceruloplasminemia	MONDO:0011426	aceruloplasminemia	true	MONDO:0011426	MONDO:0011426	true	true
Achondrogenesis	no match		false	no match	MONDO:0019648	true	false
Achondroplasia	MONDO:0007037	achondroplasia	true	MONDO:0007037	MONDO:0007037	true	true
Achromatopsia	MONDO:0018852	achromatopsia	true	MONDO:0018852	MONDO:0018852	true	true
Acquired Generalized Lipodystrophy (AGL)	no match		false	no match		false	
Acquired Generalized Lipodystrophy (Lawrence Syndrome)	no match		false	no match		false	
Acquired Partial Lipodystrophy	no match		false	no match	MONDO:0012104	true	false
Acquired Partial Lipodystrophy (Barraquer-Simons Syndrome)	no match		false	no match		false	
Acquired Partial Lipodystrophy (Barraquer-Simons syndrome)	no match		false	no match		false	
Acquired generalized lipodystrophy	no match		false	no match	MONDO:0019193	true	false
Acquired palmoplantar keratoderma	no match		false	no match		false	
Acquired partial lipodystrophy (Barraquer-Simons syndrome)	no match		false	no match		false	
Acquired punctate palmoplantar keratoderma	no match		false	no match		false	
Acrocallosal syndrome	no match		false	no match	MONDO:0008708	true	false
Acrodysostosis	no match		false	no match	MONDO:0019797	true	false
Acromegaloid Facial Appearance Syndrome	no match		false	no match	MONDO:0007051	true	false
Acromegaly	MONDO:0019933	acromegaly	true	MONDO:0019933	MONDO:0019933	true	true
Acromelic frontonasal dysostosis	no match		false	no match	MONDO:0011359	true	false
Acromesomelic dysplasia	no match		false	no match	MONDO:0019696	true	false
Acromicric dysplasia	no match		false	no match	MONDO:0007055	true	false
Acute intermittent porphyria	MONDO:0008294	acute intermittent porphyria	true	MONDO:0008294	MONDO:0008294	true	true
Acute lymphoblastic leukemia	MONDO:0004967	acute lymphoblastic leukemia	true	MONDO:0004967	MONDO:0004967	true	true
Acute zonal occult outer retinopathy	no match		false	no match	MONDO:0017298	true	false
Adams-Oliver syndrome	no match		false	no match	MONDO:0007034	true	false
Adenosine Deaminase (ADA) Deficiency	no match		false	no match		false	
Adenosine Deaminase Deficiency	no match		false	no match	MONDO:0007064	true	false
Adenosine deaminase (ADA) deficiency	no match		false	no match		false	
Adenosine deaminase deficiency	no match		false	no match	MONDO:0007064	true	false
Adenosine deaminase deficiency (ADA-SCID)	no match		false	no match		false	
Adenosine kinase deficiency	no match		false	no match	MONDO:0100255	true	false
Adenylosuccinate lyase deficiency	MONDO:0007068	adenylosuccinate lyase deficiency	true	MONDO:0007068	MONDO:0007068	true	true
Adrenoleukodystrophy	MONDO:0018544	X-linked adrenoleukodystrophy	true	MONDO:0018544	MONDO:0010247;MONDO:0018544	true	true
Adrenoleukodystrophy (X-linked)	MONDO:0018544	X-linked adrenoleukodystrophy	true	MONDO:0018544		false	
Adrenoleukodystrophy (adult-onset)	no match		false	no match		false	
Adrenomyeloneuropathy	no match		false	no match	MONDO:0015339	true	false
Adrenomyeloneuropathy (AMN variant of adrenoleukodystrophy)	no match		false	no match		false	
Adrenomyeloneuropathy (AMN)	no match		false	no match		false	
Adult-Onset Krabbe Disease	no match		false	no match		false	
Adult-onset Huntington's disease	MONDO:0007739	Huntington disease	true	MONDO:0007739		false	
Adult-onset Krabbe disease	no match		false	no match		false	
Adult-onset Leukodystrophy	no match		false	no match		false	
Adult-onset Metachromatic Leukodystrophy	no match		false	no match		false	
Adult-onset Metachromatic Leukodystrophy (MLD)	no match		false	no match		false	
Adult-onset Niemann-Pick disease type C	no match		false	no match		false	
Adult-onset Pompe disease	no match		false	no match		false	
Adult-onset Tay-Sachs disease	no match		false	no match		false	
Adult-onset hereditary hemochromatosis	no match		false	no match		false	
Adult-onset leukodystrophies	no match		false	no match		false	
Adult-onset leukodystrophy	no match		false	no match		false	
Adult-onset metachromatic leukodystrophy	no match		false	no match		false	
Adult-onset mitochondrial disorders	no match		false	no match		false	
Adult-onset neuronal ceroid lipofuscinosis	no match		false	no match		false	
Adult-onset neuronal ceroid lipofuscinosis (Kufs disease)	no match		false	no match		false	
Adult-onset spinal muscular atrophy	no match		false	no match	MONDO:0010056	true	false
Adult-onset spinocerebellar ataxia	no match		false	no match		false	
Agammaglobulinemia (non-Bruton types)	no match		false	no match		false	
Age-related macular degeneration	MONDO:0005150	age-related macular degeneration	true	MONDO:0005150	MONDO:0005150	true	true
Agenesis of the Corpus Callosum due to genetic anomalies	no match		false	no match		false	
Agenesis of the Corpus Callosum with Epilepsy	no match		false	no match		false	
Agenesis of the corpus callosum	no match		false	no match	MONDO:0009022	true	false
Aicardi Syndrome	MONDO:0010568	Aicardi syndrome	true	MONDO:0010568	MONDO:0010568	true	true
Aicardi syndrome	MONDO:0010568	Aicardi syndrome	true	MONDO:0010568	MONDO:0010568	true	true
Aicardi-Goutières Syndrome	MONDO:0018866	Aicardi-Goutieres syndrome	true	MONDO:0018866	MONDO:0018866	true	true
Aicardi-Goutières syndrome	MONDO:0018866	Aicardi-Goutieres syndrome	true	MONDO:0018866	MONDO:0018866	true	true
Alagille Syndrome	MONDO:0016862	Alagille syndrome	false	no match	MONDO:0007318	true	false
Alagille syndrome	MONDO:0016862	Alagille syndrome	false	no match	MONDO:0007318	true	false
Aland Island Eye Disease	no match		false	no match	MONDO:0010371	true	false
Albinism	no match		false	no match	MONDO:0043209	true	false
Albright hereditary osteodystrophy	no match		false	no match	MONDO:0007078	true	false
Albright hereditary osteodystrophy (AHO)	no match		false	no match		false	
Albright hereditary osteodystrophy (pseudopseudohypoparathyroidism)	no match		false	no match		false	
Alexander Disease	MONDO:0008752	Alexander disease	true	MONDO:0008752	MONDO:0008752	true	true
Alexander disease	MONDO:0008752	Alexander disease	true	MONDO:0008752	MONDO:0008752	true	true
Alkaptonuria	MONDO:0008753	alkaptonuria	true	MONDO:0008753	MONDO:0008753	true	true
Allan-Herndon-Dudley syndrome	MONDO:0010554	Allan-Herndon-Dudley syndrome	false	no match	MONDO:0010354	true	false
Allan-Herndon-Dudley syndrome (MCT8 deficiency)	MONDO:0010554	Allan-Herndon-Dudley syndrome	false	no match		false	
Allgrove syndrome (Triple A syndrome)	MONDO:0009279	triple-A syndrome	true	MONDO:0009279		false	
Allgrove syndrome (Triple-A syndrome)	MONDO:0009279	triple-A syndrome	true	MONDO:0009279		false	
Alpers Disease	no match		false	no match	MONDO:0008758	true	false
Alpers disease	no match		false	no match	MONDO:0008758	true	false
Alpers' disease	no match		false	no match		false	
Alpers' disease (Alpers-Huttenlocher syndrome)	no match		false	no match		false	
Alpers-Huttenlocher Syndrome	no match		false	no match	MONDO:0008758	true	false
Alpers-Huttenlocher syndrome	no match		false	no match	MONDO:0008758	true	false
Alpers-Huttenlocher syndrome (POLG-related disorder)	no match		false	no match		false	
Alpers-Huttenlocher syndrome (a mitochondrial disorder)	no match		false	no match		false	
Alpha-1 Antitrypsin Deficiency	MONDO:0013282	alpha 1-antitrypsin deficiency	true	MONDO:0013282	MONDO:0013282	true	true
Alpha-1 antitrypsin deficiency	MONDO:0013282	alpha 1-antitrypsin deficiency	true	MONDO:0013282	MONDO:0013282	true	true
Alpha-Dystroglycanopathies (e.g., Fukuyama Congenital Muscular Dystrophy)	no match		false	no match		false	
Alpha-aminolevulinic acid dehydratase deficiency porphyria	no match		false	no match		false	
Alpha-mannosidosis	MONDO:0009561	alpha-mannosidosis	true	MONDO:0009561	MONDO:0009561	true	true
Alpha-thalassemia X-linked intellectual disability syndrome (ATR-X syndrome)	MONDO:0010519	alpha thalassemia-X-linked intellectual disability syndrome	true	MONDO:0010519		false	
Alpha-thalassemia major (Hb Bart's disease)	no match		false	no match		false	
Alport Syndrome	MONDO:0018965	Alport syndrome	true	MONDO:0018965	MONDO:0018965	true	true
Alport syndrome	MONDO:0018965	Alport syndrome	true	MONDO:0018965	MONDO:0018965	true	true
Alstrom syndrome	MONDO:0008763	Alstrom syndrome	true	MONDO:0008763	MONDO:0008763	true	true
Alström Syndrome	MONDO:0008763	Alstrom syndrome	true	MONDO:0008763	MONDO:0008763	true	true
Alström syndrome	MONDO:0008763	Alstrom syndrome	true	MONDO:0008763	MONDO:0008763	true	true
Alternating Hemiplegia of Childhood	no match		false	no match	MONDO:0016241	true	false
Alternating hemiplegia of childhood	no match		false	no match	MONDO:0016241	true	false
Alveolar capillary dysplasia with misalignment of pulmonary veins	no match		false	no match	MONDO:0009934	true	false
Amblyopia	MONDO:0001020	amblyopia	true	MONDO:0001020	MONDO:0001020	true	true
Amelogenesis Imperfecta with Nephrocalcinosis	no match		false	no match		false	
Amelogenesis imperfecta with developmental delay	no match		false	no match		false	
Amyloidosis	MONDO:0019065	amyloidosis	true	MONDO:0019065	MONDO:0019065	true	true
Amyotrophic Lateral Sclerosis	MONDO:0004976	amyotrophic lateral sclerosis	true	MONDO:0004976	MONDO:0004976	true	true
Amyotrophic Lateral Sclerosis (ALS)	MONDO:0004976	amyotrophic lateral sclerosis	true	MONDO:0004976		false	
Amyotrophic Lateral Sclerosis with Cognitive Impairment	no match		false	no match		false	
Amyotrophic lateral sclerosis	MONDO:0004976	amyotrophic lateral sclerosis	true	MONDO:0004976	MONDO:0004976	true	true
Amyotrophic lateral sclerosis (ALS)	MONDO:0004976	amyotrophic lateral sclerosis	true	MONDO:0004976		false	
Amyotrophic lateral sclerosis-parkinsonism-dementia complex	no match		false	no match	MONDO:0007104	true	false
Anauxetic dysplasia	no match		false	no match	MONDO:0011773	true	false
Andermann Syndrome (Agenesis of the Corpus Callosum with Peripheral Neuropathy)	no match		false	no match		false	
Andermann syndrome	no match		false	no match	MONDO:0000902	true	false
Andersen-Tawil Syndrome	no match		false	no match	MONDO:0008222	true	false
Andersen-Tawil Syndrome (Long QT Syndrome Type 7)	no match		false	no match		false	
Andersen-Tawil syndrome	no match		false	no match	MONDO:0008222	true	false
Anderson-Fabry disease	MONDO:0010526	Fabry disease	true	MONDO:0010526	MONDO:0010526	true	true
Aneurysm-osteoarthritis syndrome	no match		false	no match	MONDO:0013426	true	false
Aneurysms-Osteoarthritis Syndrome	no match		false	no match		false	
Aneurysms-Osteoarthritis Syndrome (AOS)	no match		false	no match		false	
Aneurysms-Osteoarthritis Syndrome (SMAD3-related)	no match		false	no match		false	
Aneurysms-osteoarthritis syndrome	no match		false	no match		false	
Aneurysms-osteoarthritis syndrome (SMAD3 mutation)	no match		false	no match		false	
Aneurysms–Osteoarthritis Syndrome	no match		false	no match		false	
Angelman Syndrome	MONDO:0007113	Angelman syndrome	true	MONDO:0007113	MONDO:0007113	true	true
Angelman syndrome	MONDO:0007113	Angelman syndrome	true	MONDO:0007113	MONDO:0007113	true	true
Angelman syndrome (less likely due to absence of seizures)	MONDO:0007113	Angelman syndrome	true	MONDO:0007113		false	
Angle-closure glaucoma	no match		false	no match	MONDO:0001744	true	false
Anhidrotic ectodermal dysplasia with immunodeficiency (EDA-ID)	no match		false	no match		false	
Anhidrotic ectodermal dysplasia with immunodeficiency (HED-ID)	no match		false	no match		false	
Aniridia	MONDO:0019172	aniridia	true	MONDO:0019172	MONDO:0019172;MONDO:0024507	true	true
Anonychia Congenita	no match		false	no match		false	
Anophthalmia/microphthalmia	no match		false	no match		false	
Anorexia nervosa	MONDO:0005351	anorexia nervosa	true	MONDO:0005351	MONDO:0005351	true	true
Antiphospholipid syndrome	MONDO:0008951	antiphospholipid syndrome	false	no match	MONDO:8000010	true	false
Antisperm antibody-induced infertility	no match		false	no match		false	
Antley-Bixler Syndrome	no match		false	no match	MONDO:0008803	true	false
Antley-Bixler syndrome	no match		false	no match	MONDO:0008803	true	false
Apert syndrome	no match		false	no match	MONDO:0007041	true	false
Aplastic anemia	MONDO:0015909	aplastic anemia	true	MONDO:0015909	MONDO:0013879;MONDO:0015909	true	true
Aqueductal stenosis	no match		false	no match		false	
Arachnoid cyst	no match		false	no match	MONDO:0008813	true	false
Arginase deficiency (Argininemia)	no match		false	no match		false	
Arginine:glycine amidinotransferase (AGAT) deficiency	no match		false	no match		false	
Argininosuccinic Aciduria	MONDO:0008815	argininosuccinic aciduria	true	MONDO:0008815	MONDO:0008815	true	true
Argininosuccinic aciduria	MONDO:0008815	argininosuccinic aciduria	true	MONDO:0008815	MONDO:0008815	true	true
Argininosuccinic aciduria (ASL deficiency)	MONDO:0008815	argininosuccinic aciduria	true	MONDO:0008815		false	
Argininosuccinic aciduria (Argininosuccinate lyase deficiency)	MONDO:0008815	argininosuccinic aciduria	true	MONDO:0008815		false	
Arnold-Chiari malformation	no match		false	no match	MONDO:0000115	true	false
Aromatic L-amino acid decarboxylase (AADC) deficiency	MONDO:0012084	aromatic L-amino acid decarboxylase deficiency	true	MONDO:0012084		false	
Aromatic L-amino acid decarboxylase deficiency	MONDO:0012084	aromatic L-amino acid decarboxylase deficiency	true	MONDO:0012084	MONDO:0012084	true	true
Arrhythmogenic Right Ventricular Cardiomyopathy	MONDO:0016587	arrhythmogenic right ventricular cardiomyopathy	true	MONDO:0016587	MONDO:0016587	true	true
Arrhythmogenic cardiomyopathy	no match		false	no match		false	
Arrhythmogenic cardiomyopathy due to desmosomal mutations (e.g., DSG2 or JUP mutations)	no match		false	no match		false	
Arrhythmogenic right ventricular cardiomyopathy	MONDO:0016587	arrhythmogenic right ventricular cardiomyopathy	true	MONDO:0016587	MONDO:0016587	true	true
Arrhythmogenic right ventricular cardiomyopathy (ARVC)	MONDO:0016587	arrhythmogenic right ventricular cardiomyopathy	true	MONDO:0016587		false	
Arsenic keratosis	no match		false	no match		false	
Arsenic-induced palmoplantar keratosis	no match		false	no match		false	
Arterial Tortuosity Syndrome	no match		false	no match	MONDO:0008818	true	false
Arterial Tortuosity syndrome	no match		false	no match	MONDO:0008818	true	false
Arterial tortuosity syndrome	no match		false	no match	MONDO:0008818	true	false
Arthrochalasia type Ehlers-Danlos syndrome	no match		false	no match		false	
Arthrogryposis Multiplex Congenita	MONDO:0015168	arthrogryposis multiplex congenita	true	MONDO:0015168	MONDO:0007157;MONDO:0015168	true	true
Arthrogryposis multiplex congenita	MONDO:0015168	arthrogryposis multiplex congenita	true	MONDO:0015168	MONDO:0007157;MONDO:0015168	true	true
Arthrogryposis multiplex congenita (amyoplasia type)	no match		false	no match		false	
Arthrogryposis with hypopigmentation	no match		false	no match		false	
Arthrogryposis-Renal dysfunction-Cholestasis (ARC) syndrome	no match		false	no match		false	
Asphyxiating thoracic dystrophy (Jeune syndrome)	no match		false	no match		false	
Asplenia syndrome	no match		false	no match	MONDO:0008832	true	false
Ataxia Neuropathy Spectrum due to POLG mutations	no match		false	no match		false	
Ataxia Pancytopenia Syndrome	no match		false	no match		false	
Ataxia Telangiectasia	MONDO:0008840	ataxia telangiectasia	true	MONDO:0008840	MONDO:0008840	true	true
Ataxia telangiectasia	MONDO:0008840	ataxia telangiectasia	true	MONDO:0008840	MONDO:0008840	true	true
Ataxia with Oculomotor Apraxia	no match		false	no match		false	
Ataxia with Oculomotor Apraxia (AOA)	no match		false	no match		false	
Ataxia with Oculomotor Apraxia Type 1	no match		false	no match		false	
Ataxia with Oculomotor Apraxia Type 1 (AOA1)	no match		false	no match		false	
Ataxia with Oculomotor Apraxia Type 2	no match		false	no match	MONDO:0018996	true	false
Ataxia with Oculomotor Apraxia Type 2 (AOA2)	no match		false	no match		false	
Ataxia with Vitamin E deficiency	MONDO:0010188	familial isolated deficiency of vitamin E	true	MONDO:0010188	MONDO:0010188	true	true
Ataxia with oculomotor apraxia	no match		false	no match		false	
Ataxia with oculomotor apraxia (AOA)	no match		false	no match		false	
Ataxia with oculomotor apraxia type 1 (AOA1)	no match		false	no match		false	
Ataxia with oculomotor apraxia type 2	no match		false	no match	MONDO:0018996	true	false
Ataxia with oculomotor apraxia type 2 (AOA2)	no match		false	no match		false	
Ataxia with vitamin E deficiency	MONDO:0010188	familial isolated deficiency of vitamin E	true	MONDO:0010188	MONDO:0010188	true	true
Ataxia with vitamin E deficiency (AVED)	MONDO:0010188	familial isolated deficiency of vitamin E	true	MONDO:0010188		false	
Ataxia-Pancytopenia syndrome	no match		false	no match	MONDO:0008038	true	false
Ataxia-Telangiectasia	MONDO:0008840	ataxia telangiectasia	true	MONDO:0008840		false	
Ataxia-pancytopenia syndrome	no match		false	no match	MONDO:0008038	true	false
Ataxia-telangiectasia	MONDO:0008840	ataxia telangiectasia	true	MONDO:0008840		false	
Ataxia-telangiectasia variant	no match		false	no match		false	
Ataxic cerebral palsy	no match		false	no match	MONDO:0000397;MONDO:0011548	true	false
Atopic Dermatitis	MONDO:0004980	atopic eczema	true	MONDO:0004980	MONDO:0004980	true	true
Atopic dermatitis	MONDO:0004980	atopic eczema	true	MONDO:0004980	MONDO:0004980	true	true
Atransferrinemia	no match		false	no match	MONDO:0008846	true	false
Atrial amyloidosis	no match		false	no match		false	
Atrichia with Papular Lesions	no match		false	no match	MONDO:0008847	true	false
Atrichia with papular lesions	no match		false	no match	MONDO:0008847	true	false
Attention Deficit Hyperactivity Disorder	MONDO:0007743	attention deficit hyperactivity disorder	true	MONDO:0007743	MONDO:0007743	true	true
Atypical Progeroid Syndrome	no match		false	no match	MONDO:0019321	true	false
Au-Kline syndrome	no match		false	no match	MONDO:0014700	true	false
Auditory neuropathy due to OTOF mutations	no match		false	no match		false	
Auditory neuropathy spectrum disorder	no match		false	no match	MONDO:0021944	true	false
Auditory neuropathy spectrum disorder (ANSD)	no match		false	no match		false	
Auriculo-Condylar Syndrome	no match		false	no match	MONDO:0000107	true	false
Auriculo-condylar syndrome	no match		false	no match	MONDO:0000107	true	false
Auriculocondylar syndrome	no match		false	no match	MONDO:0000107	true	false
Autism Spectrum Disorder	MONDO:0005258	autism spectrum disorder	true	MONDO:0005258	MONDO:0005258;MONDO:0005260	true	true
Autism Spectrum Disorder (ASD)	MONDO:0005258	autism spectrum disorder	true	MONDO:0005258		false	
Autism Spectrum Disorder (without intellectual disability or language impairment)	no match		false	no match		false	
Autism Spectrum Disorder (without intellectual disability)	no match		false	no match		false	
Autism Spectrum Disorder with Macrocephaly	no match		false	no match		false	
Autism Spectrum Disorder with comorbid Epilepsy	no match		false	no match		false	
Autism spectrum disorder	MONDO:0005258	autism spectrum disorder	true	MONDO:0005258	MONDO:0005258;MONDO:0005260	true	true
Autism spectrum disorder due to CHD8 mutation	no match		false	no match		false	
Autism spectrum disorder due to unknown genetic factors	no match		false	no match		false	
Autism spectrum disorder with associated epilepsy	no match		false	no match		false	
Autism spectrum disorder with intellectual disability	no match		false	no match		false	
Autism spectrum disorder with language delay	no match		false	no match		false	
Autoimmune Cerebellar Ataxia	no match		false	no match		false	
Autoimmune Lymphoproliferative Syndrome	no match		false	no match	MONDO:0011158;MONDO:0017979	true	false
Autoimmune Lymphoproliferative Syndrome (ALPS)	no match		false	no match		false	
Autoimmune Neutropenia	no match		false	no match		false	
Autoimmune Polyendocrine Syndrome Type 1 (APS Type 1)	no match		false	no match		false	
Autoimmune Polyendocrine Syndrome Type 1 (APS-1)	no match		false	no match		false	
Autoimmune Polyendocrine Syndrome Type 1 (APS-1) / APECED	no match		false	no match		false	
Autoimmune Polyendocrine Syndrome Type 1 (APS1)	MONDO:0009925	autoimmune polyendocrine syndrome type 1	false	no match		false	
Autoimmune Polyendocrine Syndrome Type I (APS I)	MONDO:0009925	autoimmune polyendocrine syndrome type 1	false	no match		false	
Autoimmune Polyendocrine Syndrome Type I (APS-1)	MONDO:0009925	autoimmune polyendocrine syndrome type 1	false	no match		false	
Autoimmune Polyendocrine Syndrome Type II	no match		false	no match	MONDO:0010012	true	false
Autoimmune Polyendocrinopathy-Candidiasis-Ectodermal Dystrophy (APECED)	no match		false	no match	MONDO:0009411	true	false
Autoimmune Polyglandular Syndrome Type 1 (APS-1 or APECED)	no match		false	no match		false	
Autoimmune Polyglandular Syndrome Type 1 (APS-1)	MONDO:0009925	autoimmune polyendocrine syndrome type 1	false	no match		false	
Autoimmune Polyglandular Syndrome Type 2	no match		false	no match	MONDO:0010012	true	false
Autoimmune Polyglandular Syndrome Type I (APS I)	MONDO:0009925	autoimmune polyendocrine syndrome type 1	false	no match		false	
Autoimmune encephalitis	no match		false	no match	MONDO:0020640	true	false
Autoimmune hemolytic anemia	no match		false	no match	MONDO:0020108	true	false
Autoimmune hemolytic anemia (warm autoimmune type)	no match		false	no match		false	
Autoimmune inner ear disease	no match		false	no match	MONDO:0022518	true	false
Autoimmune lymphoproliferative syndrome	no match		false	no match	MONDO:0011158;MONDO:0017979	true	false
Autoimmune lymphoproliferative syndrome (ALPS)	no match		false	no match		false	
Autoimmune oophoritis	no match		false	no match	MONDO:0021950	true	false
Autoimmune polyendocrine syndrome type 1 (APS-1)	MONDO:0009925	autoimmune polyendocrine syndrome type 1	false	no match		false	
Autoimmune polyendocrine syndrome type I (APS-1/APECED)	no match		false	no match		false	
Autoimmune polyendocrinopathy-candidiasis-ectodermal dystrophy (APECED)	no match		false	no match	MONDO:0009411	true	false
Autoimmune polyglandular syndrome type 1 (APS1)	no match		false	no match		false	
Autoimmune retinopathy	no match		false	no match	MONDO:0100014	true	false
Autosomal Dominant Cutis Laxa Type I	no match		false	no match		false	
Autosomal Dominant Hyper IgE Syndrome	no match		false	no match	MONDO:0007818	true	false
Autosomal Dominant Hyper IgE Syndrome (STAT3 deficiency)	no match		false	no match		false	
Autosomal Dominant Hypocalcemia (ADH)	no match		false	no match		false	
Autosomal Dominant Hypocalcemia with Hypercalciuria	no match		false	no match		false	
Autosomal Dominant Lateral Temporal Lobe Epilepsy (ADLTE)	no match		false	no match		false	
Autosomal Dominant Nocturnal Frontal Lobe Epilepsy	no match		false	no match	MONDO:0000030	true	false
Autosomal Dominant Nocturnal Frontal Lobe Epilepsy (ADNFLE)	no match		false	no match		false	
Autosomal Dominant Optic Atrophy	no match		false	no match	MONDO:0020250	true	false
Autosomal Dominant Optic Atrophy Plus Syndrome	no match		false	no match	MONDO:0014720	true	false
Autosomal Dominant Polycystic Kidney Disease	MONDO:0004691	autosomal dominant polycystic kidney disease	true	MONDO:0004691	MONDO:0004691	true	true
Autosomal Recessive Agammaglobulinemia	no match		false	no match		false	
Autosomal Recessive Cutis Laxa Type 2A	no match		false	no match	MONDO:0018163	true	false
Autosomal Recessive Cutis Laxa Type I	no match		false	no match		false	
Autosomal Recessive Primary Microcephaly	no match		false	no match	MONDO:0016660	true	false
Autosomal Recessive Primary Microcephaly (MCPH)	no match		false	no match		false	
Autosomal Recessive Spastic Ataxia of Charlevoix-Saguenay (ARSACS)	no match		false	no match		false	
Autosomal dominant Hyper IgE syndrome	no match		false	no match	MONDO:0007818	true	false
Autosomal dominant Hyper IgE syndrome (Job syndrome)	no match		false	no match		false	
Autosomal dominant Hyper IgE syndrome (Job's syndrome)	no match		false	no match		false	
Autosomal dominant Hyper IgE syndrome (STAT3 deficiency)	no match		false	no match		false	
Autosomal dominant Progressive External Ophthalmoplegia (adPEO)	no match		false	no match		false	
Autosomal dominant cerebellar ataxia	no match		false	no match	MONDO:0020380	true	false
Autosomal dominant distal RTA due to SLC4A1 mutations	no match		false	no match		false	
Autosomal dominant distal renal tubular acidosis	no match		false	no match	MONDO:0008368	true	false
Autosomal dominant distal renal tubular acidosis (SLC4A1 mutation)	no match		false	no match		false	
Autosomal dominant hyper-IgE syndrome (Job syndrome)	no match		false	no match		false	
Autosomal dominant hyper-IgE syndrome (STAT3 deficiency)	no match		false	no match		false	
Autosomal dominant hypocalcemia	no match		false	no match	MONDO:0018543	true	false
Autosomal dominant hypocalcemia with hypercalciuria	no match		false	no match		false	
Autosomal dominant hypocalcemia with hypercalciuria (ADHH)	no match		false	no match		false	
Autosomal dominant hypophosphatemic rickets	MONDO:0008660	autosomal dominant hypophosphatemic rickets	true	MONDO:0008660	MONDO:0008660	true	true
Autosomal dominant nocturnal frontal lobe epilepsy	no match		false	no match	MONDO:0000030	true	false
Autosomal dominant nocturnal frontal lobe epilepsy (ADNFLE)	no match		false	no match		false	
Autosomal dominant non-syndromic hearing loss (DFNA3) due to GJB2 mutations	no match		false	no match		false	
Autosomal dominant non-syndromic hearing loss due to KCNQ4 mutations	no match		false	no match		false	
Autosomal dominant nonsyndromic hearing loss (DFNA)	MONDO:0019587	autosomal dominant nonsyndromic hearing loss	true	MONDO:0019587		false	
Autosomal dominant nonsyndromic hearing loss (GJB3-related)	no match		false	no match		false	
Autosomal dominant nonsyndromic sensorineural hearing loss	MONDO:0019587	autosomal dominant nonsyndromic hearing loss	true	MONDO:0019587		false	
Autosomal dominant optic atrophy	no match		false	no match	MONDO:0020250	true	false
Autosomal dominant optic atrophy plus syndrome (OPA1 mutations)	no match		false	no match		false	
Autosomal dominant osteopetrosis (Albers-Schönberg disease)	no match		false	no match		false	
Autosomal dominant polycystic kidney disease	MONDO:0004691	autosomal dominant polycystic kidney disease	true	MONDO:0004691	MONDO:0004691	true	true
Autosomal dominant polycystic kidney disease (ADPKD)	MONDO:0004691	autosomal dominant polycystic kidney disease	true	MONDO:0004691		false	
Autosomal dominant telomere-related pulmonary fibrosis (TERT or TERC mutations)	no match		false	no match		false	
Autosomal dominant tubulointerstitial kidney disease (ADTKD)	no match		false	no match		false	
Autosomal dominant tubulointerstitial kidney disease due to MUC1 mutation (ADTKD-MUC1)	no match		false	no match		false	
Autosomal dominant tubulointerstitial kidney disease due to UMOD mutation (ADTKD-UMOD)	no match		false	no match		false	
Autosomal recessive CARD9 deficiency	no match		false	no match		false	
Autosomal recessive Chronic Granulomatous Disease	no match		false	no match		false	
Autosomal recessive Hyper IgE syndrome (DOCK8 deficiency)	no match		false	no match		false	
Autosomal recessive agammaglobulinemia	no match		false	no match		false	
Autosomal recessive congenital ichthyosis	no match		false	no match	MONDO:0017265	true	false
Autosomal recessive cutis laxa type I	no match		false	no match		false	
Autosomal recessive cutis laxa type II	no match		false	no match		false	
Autosomal recessive cutis laxa type II (ATP6V0A2-related cutis laxa)	no match		false	no match		false	
Autosomal recessive cutis laxa type IIA	no match		false	no match		false	
Autosomal recessive distal RTA due to ATP6V0A4 mutations	no match		false	no match		false	
Autosomal recessive distal renal tubular acidosis	no match		false	no match	MONDO:0018440	true	false
Autosomal recessive distal renal tubular acidosis (ATP6V0A4 mutation)	no match		false	no match		false	
Autosomal recessive distal renal tubular acidosis with hearing loss (ATP6V1B1 mutation)	no match		false	no match		false	
Autosomal recessive distal renal tubular acidosis with preserved hearing (ATP6V0A4 mutation)	no match		false	no match		false	
Autosomal recessive juvenile Parkinsonism (PARK2 gene mutations)	no match		false	no match		false	
Autosomal recessive non-syndromic hearing loss (DFNB1) due to GJB2 mutations	no match		false	no match		false	
Autosomal recessive non-syndromic sensorineural hearing loss (GJB2 mutation)	no match		false	no match		false	
Autosomal recessive nonsyndromic hearing loss (GJB2-related)	no match		false	no match		false	
Autosomal recessive nonsyndromic sensorineural hearing loss (GJB2-related)	no match		false	no match		false	
Autosomal recessive polycystic kidney disease (ARPKD)	MONDO:0009889	autosomal recessive polycystic kidney disease	true	MONDO:0009889		false	
Autosomal recessive primary microcephaly	no match		false	no match	MONDO:0016660	true	false
Autosomal recessive primary microcephaly (MCPH)	no match		false	no match		false	
Autosomal recessive spastic ataxia of Charlevoix-Saguenay (ARSACS)	no match		false	no match		false	
Autosomal recessive spastic paraplegia type 11 (SPG11)	no match		false	no match		false	
Autosomal recessive spastic paraplegia type 15 (SPG15)	no match		false	no match		false	
Axenfeld-Rieger syndrome	no match		false	no match	MONDO:0019187	true	false
BAG3-related dilated cardiomyopathy	no match		false	no match		false	
BAP1 Tumor Predisposition Syndrome	no match		false	no match	MONDO:0013692	true	false
BAP1 tumor predisposition syndrome	no match		false	no match	MONDO:0013692	true	false
BMP15 gene mutation	no match		false	no match		false	
BRCA-related hereditary breast and ovarian cancer syndrome	MONDO:0003582	hereditary breast ovarian cancer syndrome	true	MONDO:0003582		false	
BRCA1 or BRCA2 mutation-related cancer predisposition	MONDO:0003582	hereditary breast ovarian cancer syndrome	true	MONDO:0003582		false	
BRCA1/2-related hereditary breast and ovarian cancer syndrome	MONDO:0003582	hereditary breast ovarian cancer syndrome	true	MONDO:0003582		false	
BRCA1/BRCA2 Mutation Carrier	no match		false	no match		false	
BRCA1/BRCA2 Mutation Syndromes	MONDO:0003582	hereditary breast ovarian cancer syndrome	true	MONDO:0003582		false	
BRCA1/BRCA2 Mutation-Associated Cancers	no match		false	no match		false	
BRCA1/BRCA2 mutation-associated cancers	no match		false	no match		false	
BRCA1/BRCA2 mutation-related cancers	no match		false	no match		false	
BRCA1/BRCA2-Associated Hereditary Breast and Ovarian Cancer Syndrome	MONDO:0003582	hereditary breast ovarian cancer syndrome	true	MONDO:0003582		false	
BRCA1/BRCA2-associated Hereditary Breast and Ovarian Cancer Syndrome	MONDO:0003582	hereditary breast ovarian cancer syndrome	true	MONDO:0003582		false	
BRCA1/BRCA2-associated hereditary cancer syndromes	MONDO:0003582	hereditary breast ovarian cancer syndrome	true	MONDO:0003582		false	
BRCA1/BRCA2-related Hereditary Breast and Ovarian Cancer Syndrome	MONDO:0003582	hereditary breast ovarian cancer syndrome	true	MONDO:0003582		false	
BRCA1/BRCA2-related hereditary breast and ovarian cancer syndrome	MONDO:0003582	hereditary breast ovarian cancer syndrome	true	MONDO:0003582		false	
BSCL2-Related Hereditary Neuropathy with Predisposition to Lipodystrophy	no match		false	no match		false	
Baller-Gerold syndrome	no match		false	no match	MONDO:0009039	true	false
Bamforth-Lazarus syndrome	no match		false	no match	MONDO:0009437	true	false
Bannayan-Riley-Ruvalcaba syndrome	no match		false	no match	MONDO:0007924	true	false
Bannayan-Riley-Ruvalcaba syndrome (PTEN hamartoma tumor syndrome)	no match		false	no match		false	
Bannayan–Riley–Ruvalcaba syndrome	no match		false	no match		false	
Baraitser-Winter Cerebral Dysgenesis	no match		false	no match		false	
Baraitser-Winter cerebrofrontofacial syndrome	no match		false	no match	MONDO:0017579	true	false
Baraitser-Winter syndrome	no match		false	no match	MONDO:0017579	true	false
Barakat syndrome	no match		false	no match	MONDO:0007797	true	false
Barakat syndrome (HDR syndrome)	no match		false	no match		false	
Bardet-Biedl Syndrome	MONDO:0015229	Bardet-Biedl syndrome	true	MONDO:0015229	MONDO:0014432;MONDO:0015229	true	true
Bardet-Biedl syndrome	MONDO:0015229	Bardet-Biedl syndrome	true	MONDO:0015229	MONDO:0014432;MONDO:0015229	true	true
Bardet–Biedl syndrome	MONDO:0015229	Bardet-Biedl syndrome	true	MONDO:0015229		false	
Bare Lymphocyte Syndrome	no match		false	no match	MONDO:0008855	true	false
Bare Lymphocyte Syndrome Type II (MHC Class II Deficiency)	no match		false	no match		false	
Barth Syndrome	MONDO:0010543	Barth syndrome	true	MONDO:0010543	MONDO:0010543	true	true
Barth syndrome	MONDO:0010543	Barth syndrome	true	MONDO:0010543	MONDO:0010543	true	true
Bartter Syndrome	no match		false	no match	MONDO:0015231	true	false
Bartter syndrome	no match		false	no match	MONDO:0015231	true	false
Bartter syndrome (Type V)	no match		false	no match		false	
Bartter syndrome type V	no match		false	no match	MONDO:0016983	true	false
Basal cell nevus syndrome (Gorlin syndrome)	MONDO:0007187	nevoid basal cell carcinoma syndrome	true	MONDO:0007187		false	
Batten disease	MONDO:0016295	neuronal ceroid lipofuscinosis	true	MONDO:0016295	MONDO:0019262	true	false
Batten disease (neuronal ceroid lipofuscinoses)	MONDO:0016295	neuronal ceroid lipofuscinosis	true	MONDO:0016295		false	
Batten disease (neuronal ceroid lipofuscinosis)	MONDO:0016295	neuronal ceroid lipofuscinosis	true	MONDO:0016295		false	
Bazex-Dupré-Christol Syndrome	no match		false	no match	MONDO:0010535	true	false
Bazex-Dupré-Christol syndrome	no match		false	no match	MONDO:0010535	true	false
Beals Syndrome (Congenital Contractural Arachnodactyly)	no match		false	no match		false	
Beals syndrome	no match		false	no match	MONDO:0007363	true	false
Beals syndrome (Congenital Contractural Arachnodactyly)	no match		false	no match		false	
Beals syndrome (Congenital contractural arachnodactyly)	no match		false	no match		false	
Beals syndrome (congenital contractural arachnodactyly)	no match		false	no match		false	
Beare-Stevenson cutis gyrata syndrome	no match		false	no match	MONDO:0007412	true	false
Becker Muscular Dystrophy	MONDO:0010311	Becker muscular dystrophy	true	MONDO:0010311	MONDO:0010311	true	true
Becker muscular dystrophy	MONDO:0010311	Becker muscular dystrophy	true	MONDO:0010311	MONDO:0010311	true	true
Becker muscular dystrophy (manifesting carrier)	no match		false	no match		false	
Beckwith-Wiedemann Syndrome	MONDO:0007534	Beckwith-Wiedemann syndrome	true	MONDO:0007534	MONDO:0007534	true	true
Beckwith-Wiedemann syndrome	MONDO:0007534	Beckwith-Wiedemann syndrome	true	MONDO:0007534	MONDO:0007534	true	true
Behr Syndrome	no match		false	no match	MONDO:0008858	true	false
Behr syndrome	no match		false	no match	MONDO:0008858	true	false
Behçet's Disease	MONDO:0007186	Behcet disease	false	no match	MONDO:0007191	true	false
Behçet's disease	MONDO:0007186	Behcet disease	false	no match	MONDO:0007191	true	false
Benign Childhood Epilepsy with Centrotemporal Spikes (Rolandic Epilepsy)	no match		false	no match		false	
Benign Congenital Hypotonia	no match		false	no match		false	
Benign Epilepsy of Infancy with Focal Seizures	no match		false	no match		false	
Benign Epilepsy with Centrotemporal Spikes (BECTS)	no match		false	no match		false	
Benign Epilepsy with Centrotemporal Spikes (Rolandic Epilepsy)	no match		false	no match		false	
Benign Familial Infantile Epilepsy	no match		false	no match	MONDO:0017615	true	false
Benign Familial Infantile Seizures	no match		false	no match	MONDO:0017615	true	false
Benign Familial Infantile Seizures (BFIS)	no match		false	no match		false	
Benign Familial Neonatal Epilepsy	no match		false	no match	MONDO:0016027	true	false
Benign Familial Neonatal Seizures	no match		false	no match	MONDO:0016027	true	false
Benign Familial Neonatal Seizures (BFNS)	no match		false	no match		false	
Benign Familial Neonatal-Infantile Seizures	no match		false	no match	MONDO:0011904	true	false
Benign Familial Neonatal-Infantile Seizures (BFNIS)	no match		false	no match		false	
Benign Febrile Seizures	no match		false	no match		false	
Benign Idiopathic Neonatal Convulsions	no match		false	no match		false	
Benign Infantile Epilepsy	no match		false	no match		false	
Benign Myoclonic Epilepsy in Infancy	no match		false	no match		false	
Benign Myoclonic Epilepsy of Infancy	no match		false	no match	MONDO:0100566	true	false
Benign Neonatal Convulsions	no match		false	no match		false	
Benign Neonatal Convulsions (BNC)	no match		false	no match		false	
Benign Neonatal Epilepsy	no match		false	no match		false	
Benign Neonatal Seizures	no match		false	no match	MONDO:0016027	true	false
Benign Occipital Epilepsy of Infancy	no match		false	no match		false	
Benign Rolandic Epilepsy (Benign Epilepsy with Centrotemporal Spikes)	no match		false	no match		false	
Benign epilepsy with centrotemporal spikes (BECTS)	no match		false	no match		false	
Benign familial infantile epilepsy	no match		false	no match	MONDO:0017615	true	false
Benign familial infantile epilepsy (BFIE)	no match		false	no match		false	
Benign familial infantile seizures	no match		false	no match	MONDO:0017615	true	false
Benign familial infantile seizures (BFIS)	no match		false	no match		false	
Benign familial neonatal epilepsy	no match		false	no match	MONDO:0016027	true	false
Benign familial neonatal seizures	no match		false	no match	MONDO:0016027	true	false
Benign familial neonatal seizures (BFNS)	no match		false	no match		false	
Benign familial neonatal seizures (KCNQ2/KCNQ3 mutations)	no match		false	no match		false	
Benign familial neonatal-infantile seizures	no match		false	no match	MONDO:0011904	true	false
Benign idiopathic neonatal seizures	no match		false	no match	MONDO:0018981	true	false
Benign infantile epilepsy	no match		false	no match		false	
Benign infantile seizures	no match		false	no match		false	
Benign myoclonic epilepsy in infancy	no match		false	no match		false	
Benign myoclonic epilepsy of infancy	no match		false	no match	MONDO:0100566	true	false
Benign neonatal seizures	no match		false	no match	MONDO:0016027	true	false
Benign partial epilepsy with frontal spikes	no match		false	no match		false	
Berardinelli-Seip Congenital Lipodystrophy	no match		false	no match	MONDO:0018883	true	false
Berardinelli-Seip Congenital Lipodystrophy (BSCL)	no match		false	no match		false	
Berardinelli-Seip Congenital Lipodystrophy (Type 2)	no match		false	no match		false	
Berardinelli-Seip congenital lipodystrophy	no match		false	no match	MONDO:0018883	true	false
Berardinelli-Seip congenital lipodystrophy (congenital generalized lipodystrophy)	no match		false	no match		false	
Berardinelli-Seip congenital lipodystrophy type 2	no match		false	no match		false	
Bernard-Soulier syndrome	MONDO:0009276	Bernard-Soulier syndrome	true	MONDO:0009276	MONDO:0009276	true	true
Best Disease (Vitelliform Macular Dystrophy)	MONDO:0007931	Best vitelliform macular dystrophy	true	MONDO:0007931		false	
Best Vitelliform Macular Dystrophy	MONDO:0007931	Best vitelliform macular dystrophy	true	MONDO:0007931	MONDO:0007931	true	true
Best disease (vitelliform macular dystrophy)	MONDO:0007931	Best vitelliform macular dystrophy	true	MONDO:0007931		false	
Best vitelliform macular dystrophy	MONDO:0007931	Best vitelliform macular dystrophy	true	MONDO:0007931	MONDO:0007931	true	true
Beta-Propeller Protein-Associated Neurodegeneration (BPAN)	no match		false	no match		false	
Beta-Thalassemia	MONDO:0019402	beta-thalassemia	false	no match		false	
Beta-Thalassemia Major	no match		false	no match	MONDO:0016486	true	false
Beta-ketothiolase deficiency	no match		false	no match	MONDO:0008760	true	false
Beta-propeller protein-associated neurodegeneration	no match		false	no match	MONDO:0010476	true	false
Beta-propeller protein-associated neurodegeneration (BPAN)	no match		false	no match		false	
Beta-thalassemia major	no match		false	no match	MONDO:0016486	true	false
Bethlem Myopathy	no match		false	no match	MONDO:0008029	true	false
Bethlem myopathy	no match		false	no match	MONDO:0008029	true	false
Bethlem myopathy (Collagen VI-related muscular dystrophy)	no match		false	no match		false	
Bethlem myopathy (Collagen VI-related myopathy)	no match		false	no match		false	
Bethlem myopathy (collagen VI-related myopathy)	no match		false	no match		false	
Bicuspid Aortic Valve Disease	no match		false	no match		false	
Bicuspid Aortic Valve with Associated Aortopathy	no match		false	no match		false	
Bicuspid Aortic Valve-associated Aortopathy	no match		false	no match		false	
Bicuspid aortic valve-associated aortopathy	no match		false	no match		false	
Bietti Crystalline Dystrophy	no match		false	no match		false	
Bietti crystalline dystrophy	no match		false	no match		false	
Bilateral Frontoparietal Polymicrogyria	no match		false	no match	MONDO:0011738	true	false
Bilateral Frontoparietal Polymicrogyria (BFPP)	no match		false	no match		false	
Bilateral frontoparietal polymicrogyria (GPR56-related)	no match		false	no match		false	
Bilateral perisylvian polymicrogyria due to TUBB2B mutations	no match		false	no match		false	
Bilateral perisylvian polymicrogyria syndrome	no match		false	no match		false	
Biliary atresia	MONDO:0008807	biliary atresia	false	no match	MONDO:0008867	true	false
Biotinidase Deficiency	MONDO:0009665	biotinidase deficiency	true	MONDO:0009665	MONDO:0009665	true	true
Biotinidase deficiency	MONDO:0009665	biotinidase deficiency	true	MONDO:0009665	MONDO:0009665	true	true
Birt-Hogg-Dube syndrome	no match		false	no match	MONDO:0800444	true	false
Birt-Hogg-Dubé Syndrome	no match		false	no match	MONDO:0800444	true	false
Birt-Hogg-Dubé syndrome	no match		false	no match	MONDO:0800444	true	false
Björnstad Syndrome	no match		false	no match	MONDO:0009872	true	false
Björnstad syndrome	no match		false	no match	MONDO:0009872	true	false
Blau syndrome	no match		false	no match	MONDO:0008523	true	false
Blepharocheilodontic syndrome	no match		false	no match	MONDO:0007339	true	false
Blepharophimosis Ptosis Epicanthus Inversus Syndrome (BPES)	no match		false	no match		false	
Blepharophimosis Ptosis Epicanthus Inversus Syndrome Type I	no match		false	no match		false	
Blepharophimosis Ptosis Epicanthus Inversus syndrome (BPES)	no match		false	no match		false	
Blepharophimosis ptosis epicanthus inversus syndrome type I (BPES type I)	no match		false	no match		false	
Blepharophimosis-Ptosis-Epicanthus Inversus Syndrome (BPES)	no match		false	no match		false	
Blepharophimosis-Ptosis-Epicanthus Inversus syndrome	no match		false	no match		false	
Blepharophimosis-Ptosis-Epicanthus Inversus syndrome (BPES)	no match		false	no match		false	
Blepharophimosis-ptosis-epicanthus inversus syndrome Type I	no match		false	no match		false	
Bloom Syndrome	MONDO:0008876	Bloom syndrome	true	MONDO:0008876	MONDO:0008876	true	true
Bloom syndrome	MONDO:0008876	Bloom syndrome	true	MONDO:0008876	MONDO:0008876	true	true
Blue cone monochromacy	no match		false	no match	MONDO:0010563	true	false
Bohring-Opitz Syndrome	no match		false	no match	MONDO:0011510	true	false
Bohring-Opitz syndrome	no match		false	no match	MONDO:0011510	true	false
Borjeson-Forssman-Lehmann syndrome	no match		false	no match	MONDO:0010537	true	false
Boston-type craniosynostosis	no match		false	no match		false	
Boucher-Neuhauser syndrome	no match		false	no match	MONDO:0008980	true	false
Boucher-Neuhäuser syndrome	no match		false	no match	MONDO:0008980	true	false
Brachio-oto-renal (BOR) syndrome	no match		false	no match		false	
Brachio-oto-renal syndrome	no match		false	no match		false	
Brachydactyly Type D	no match		false	no match	MONDO:0007222	true	false
Brachydactyly type A1	no match		false	no match	MONDO:0007215	true	false
Brachydactyly type A2	no match		false	no match	MONDO:0007216	true	false
Brachydactyly type C	no match		false	no match	MONDO:0007221	true	false
Brachydactyly type D	no match		false	no match	MONDO:0007222	true	false
Brachydactyly type E	no match		false	no match	MONDO:0019677	true	false
Brachydactyly-mental retardation syndrome	no match		false	no match	MONDO:0010886	true	false
Brachydactyly-short stature syndrome	no match		false	no match		false	
Bradyopsia	no match		false	no match	MONDO:0012033	true	false
Bradyopsia (RGS9 or R9AP deficiency)	no match		false	no match		false	
Bradyopsia (RGS9 or R9AP gene mutations)	no match		false	no match		false	
Branched-Chain Amino Acid Deficiency Disorder	no match		false	no match		false	
Branchio-Oculo-Facial syndrome	no match		false	no match	MONDO:0007235	true	false
Branchio-Oto-Renal (BOR) Syndrome	no match		false	no match		false	
Branchio-Oto-Renal (BOR) syndrome	no match		false	no match		false	
Branchio-oculo-facial syndrome	no match		false	no match	MONDO:0007235	true	false
Branchio-oto-renal (BOR) syndrome	no match		false	no match		false	
Branchio-oto-renal syndrome	no match		false	no match	MONDO:0007029	true	false
Branchiooculofacial syndrome	no match		false	no match	MONDO:0007235	true	false
Branchiootorenal syndrome	no match		false	no match	MONDO:0007029	true	false
Breath-holding spells	no match		false	no match	MONDO:0011861	true	false
Brittle Cornea Syndrome	no match		false	no match	MONDO:0009242	true	false
Brittle cornea syndrome	no match		false	no match	MONDO:0009242	true	false
Brody disease	no match		false	no match	MONDO:0010977	true	false
Brooke-Spiegler Syndrome	no match		false	no match	MONDO:0011512	true	false
Brooke-Spiegler syndrome	no match		false	no match	MONDO:0011512	true	false
Bruck Syndrome	no match		false	no match	MONDO:0017195	true	false
Bruck syndrome	no match		false	no match	MONDO:0017195	true	false
Brugada Syndrome	MONDO:0015263	Brugada syndrome	true	MONDO:0015263	MONDO:0015263	true	true
Brugada syndrome	MONDO:0015263	Brugada syndrome	true	MONDO:0015263	MONDO:0015263	true	true
Bulbar palsy	no match		false	no match		false	
C1r or C1s deficiency	no match		false	no match		false	
CACNA1A-related Episodic Ataxia Type 2	no match		false	no match		false	
CACNA1A-related disorders (e.g., Episodic Ataxia Type 2)	no match		false	no match		false	
CADASIL	MONDO:0000914	cerebral autosomal dominant arteriopathy with subcortical infarcts and leukoencephalopathy	true	MONDO:0000914	MONDO:0000914;MONDO:0007432	true	true
CADASIL (Cerebral Autosomal Dominant Arteriopathy with Subcortical Infarcts and Leukoencephalopathy)	MONDO:0000914	cerebral autosomal dominant arteriopathy with subcortical infarcts and leukoencephalopathy	true	MONDO:0000914		false	
CARD14-mediated psoriasis	no match		false	no match		false	
CARD9 Deficiency	no match		false	no match	MONDO:0008905	true	false
CARD9 deficiency	no match		false	no match	MONDO:0008905	true	false
CASK-related disorder	no match		false	no match	MONDO:1060192	true	false
CASK-related disorder (CASK gene mutation)	no match		false	no match		false	
CASK-related disorder (Microcephaly with Pontine and Cerebellar Hypoplasia)	no match		false	no match		false	
CASK-related disorders	no match		false	no match		false	
CASK-related disorders (e.g., MICPCH)	no match		false	no match		false	
CASK-related microcephaly with pontine and cerebellar hypoplasia (MICPCH)	no match		false	no match		false	
CATSPER gene mutations causing asthenozoospermia	no match		false	no match		false	
CATSPER-related male infertility	no match		false	no match		false	
CAV1-Associated Congenital Generalized Lipodystrophy	no match		false	no match		false	
CBL syndrome	no match		false	no match	MONDO:0013308	true	false
CCDC115-CDG (CCDC115 deficiency)	no match		false	no match		false	
CD19 deficiency	no match		false	no match		false	
CD3 deficiency	no match		false	no match	MONDO:0014276	true	false
CD45 deficiency	no match		false	no match	MONDO:0015702	true	false
CDKL5 Deficiency Disorder	no match		false	no match	MONDO:0100039	true	false
CDKL5 deficiency disorder	no match		false	no match	MONDO:0100039	true	false
CDKL5-related Disorder	no match		false	no match	MONDO:0100039	true	false
CDKL5-related Epileptic Encephalopathy	no match		false	no match		false	
CDKL5-related disorder	no match		false	no match	MONDO:0100039	true	false
CDKL5-related epileptic encephalopathy	no match		false	no match		false	
CEDNIK syndrome	no match		false	no match	MONDO:0012290	true	false
CEL-MODY (MODY 8)	no match		false	no match		false	
CHARGE Syndrome	MONDO:0008965	CHARGE syndrome	true	MONDO:0008965	MONDO:0008965	true	true
CHARGE syndrome	MONDO:0008965	CHARGE syndrome	true	MONDO:0008965	MONDO:0008965	true	true
CHD2-Related Epilepsy	no match		false	no match		false	
CHD2-related disorder	no match		false	no match		false	
CHD2-related epileptic encephalopathy	no match		false	no match		false	
CHD8 Mutation	no match		false	no match		false	
CHD8 Mutation-associated Autism Spectrum Disorder	no match		false	no match		false	
CHD8 Mutation-related Autism	no match		false	no match		false	
CHD8 gene mutation	no match		false	no match		false	
CHD8 mutation-associated autism	no match		false	no match		false	
CHD8 mutation-associated autism spectrum disorder	no match		false	no match		false	
CHD8-Related Autism Spectrum Disorder	no match		false	no match		false	
CHD8-related Autism Spectrum Disorder	no match		false	no match		false	
CHD8-related autism spectrum disorder	no match		false	no match		false	
CHD8-related disorder	no match		false	no match		false	
CHILD syndrome	no match		false	no match	MONDO:0010621;MONDO:0017014	true	false
CLOVES syndrome (Congenital Lipomatous Overgrowth, Vascular malformations, Epidermal nevi, and Spinal anomalies)	no match		false	no match		false	
CNKSR2-related intellectual disability and epilepsy	no match		false	no match		false	
CNTNAP2 mutation-associated Autism Spectrum Disorder	no match		false	no match		false	
CNTNAP2 mutation-associated autism spectrum disorder	no match		false	no match		false	
CNTNAP2-Related Autism	no match		false	no match		false	
CNTNAP2-Related Disorder	no match		false	no match		false	
CNTNAP2-related autism	no match		false	no match		false	
CNTNAP2-related autism spectrum disorder	no match		false	no match		false	
CNTNAP2-related disorder	no match		false	no match		false	
COACH syndrome	no match		false	no match	MONDO:0100349	true	false
COASY protein-associated neurodegeneration	no match		false	no match		false	
COG4-CDG (Congenital Disorder of Glycosylation Type IIj)	no match		false	no match		false	
COL4A1-related cerebrovascular disease	no match		false	no match		false	
COL4A1-related cerebrovascular disorder	no match		false	no match		false	
COL4A1-related disorder	no match		false	no match	MONDO:0800461	true	false
COL4A1-related disorders	no match		false	no match	MONDO:0800461	true	false
COPA Syndrome	no match		false	no match	MONDO:0014629	true	false
COX10 deficiency	no match		false	no match		false	
COX15 deficiency	no match		false	no match		false	
CTLA-4 Haploinsufficiency	no match		false	no match		false	
CTLA-4 deficiency	no match		false	no match		false	
CTLA4 Deficiency	no match		false	no match		false	
CTLA4 Haploinsufficiency	no match		false	no match	MONDO:0014493	true	false
CTLA4 haploinsufficiency	no match		false	no match	MONDO:0014493	true	false
CTNNB1-related neurodevelopmental disorder	no match		false	no match		false	
Callosal agenesis with intellectual disability	no match		false	no match		false	
Calmodulinopathy (CALM gene mutations)	no match		false	no match		false	
Calpainopathy (Limb-Girdle Muscular Dystrophy type 2A)	no match		false	no match		false	
Campomelic dysplasia	MONDO:0007251	campomelic dysplasia	true	MONDO:0007251	MONDO:0007251	true	true
Camurati-Engelmann disease	no match		false	no match	MONDO:0007542	true	false
Canavan Disease	MONDO:0010079	Canavan disease	true	MONDO:0010079	MONDO:0010079	true	true
Canavan disease	MONDO:0010079	Canavan disease	true	MONDO:0010079	MONDO:0010079	true	true
Cantu syndrome	no match		false	no match	MONDO:0009406	true	false
Cantú syndrome	no match		false	no match		false	
Carbamoyl phosphate synthetase I deficiency	no match		false	no match		false	
Carbonic anhydrase II deficiency	no match		false	no match	MONDO:0009818	true	false
Carbonic anhydrase II deficiency syndrome	no match		false	no match		false	
Cardiac Sarcoidosis	no match		false	no match	MONDO:0001707	true	false
Cardiac amyloidosis	no match		false	no match		false	
Cardiac hemochromatosis	no match		false	no match		false	
Cardiac sarcoidosis	no match		false	no match	MONDO:0001707	true	false
Cardiac variant of Fabry disease	no match		false	no match		false	
Cardio-Facio-Cutaneous (CFC) syndrome	MONDO:0015280	cardiofaciocutaneous syndrome	true	MONDO:0015280		false	
Cardio-facio-cutaneous syndrome	MONDO:0015280	cardiofaciocutaneous syndrome	true	MONDO:0015280	MONDO:0015280	true	true
Cardioencephalomyopathy due to SCO2 deficiency	no match		false	no match		false	
Cardiofaciocutaneous (CFC) syndrome	MONDO:0015280	cardiofaciocutaneous syndrome	true	MONDO:0015280	MONDO:0015280	true	true
Cardiofaciocutaneous Syndrome	MONDO:0015280	cardiofaciocutaneous syndrome	true	MONDO:0015280	MONDO:0007265;MONDO:0015280	true	true
Cardiofaciocutaneous syndrome	MONDO:0015280	cardiofaciocutaneous syndrome	true	MONDO:0015280	MONDO:0007265;MONDO:0015280	true	true
Carney complex	no match		false	no match	MONDO:0015285	true	false
Carnitine Palmitoyltransferase I (CPT I) deficiency	no match		false	no match		false	
Carnitine Palmitoyltransferase II Deficiency	no match		false	no match	MONDO:0015515	true	false
Carnitine Palmitoyltransferase II Deficiency (CPT II deficiency)	no match		false	no match		false	
Carnitine Uptake Deficiency	no match		false	no match	MONDO:0008919	true	false
Carnitine deficiency	no match		false	no match	MONDO:0008919	true	false
Carnitine palmitoyltransferase I (CPT I) deficiency	no match		false	no match		false	
Carnitine palmitoyltransferase I deficiency	no match		false	no match	MONDO:0009705	true	false
Carnitine palmitoyltransferase I deficiency (CPT I deficiency)	no match		false	no match		false	
Carnitine palmitoyltransferase II (CPT II) deficiency	no match		false	no match	MONDO:0015515	true	false
Carnitine palmitoyltransferase II deficiency	no match		false	no match	MONDO:0015515	true	false
Carnitine palmitoyltransferase II deficiency (CPT II deficiency)	no match		false	no match		false	
Carnitine transport deficiency	no match		false	no match		false	
Carnitine transporter deficiency	no match		false	no match	MONDO:0008919	true	false
Carnitine transporter deficiency (Primary carnitine deficiency)	no match		false	no match		false	
Carnitine transporter deficiency (primary carnitine deficiency)	no match		false	no match		false	
Carpal tunnel syndrome	no match		false	no match	MONDO:0007275;MONDO:0020730	true	false
Carpenter Syndrome	no match		false	no match	MONDO:0008710;MONDO:0019012	true	false
Carpenter syndrome	no match		false	no match	MONDO:0008710;MONDO:0019012	true	false
Carpenter syndrome (Acrocephalopolysyndactyly type II)	no match		false	no match		false	
Carpenter syndrome (acrocephalopolysyndactyly type II)	no match		false	no match		false	
Cartilage-Hair Hypoplasia	no match		false	no match	MONDO:0009595	true	false
Cartilage-Hair Hypoplasia (CHH)	no match		false	no match		false	
Cartilage-hair hypoplasia	no match		false	no match	MONDO:0009595	true	false
Carvajal syndrome	no match		false	no match	MONDO:0011581	true	false
Castleman Disease	MONDO:0015564	Castleman disease	true	MONDO:0015564	MONDO:0015564	true	true
Cat Eye Syndrome	no match		false	no match	MONDO:0007276	true	false
Cat Eye syndrome	no match		false	no match	MONDO:0007276	true	false
Cat eye syndrome	no match		false	no match	MONDO:0007276	true	false
Cat's Eye syndrome	no match		false	no match		false	
Cat-eye syndrome	no match		false	no match	MONDO:0007276	true	false
Cataracts	MONDO:0005129	cataract	true	MONDO:0005129		false	
Catecholaminergic Polymorphic Ventricular Tachycardia	MONDO:0017990	catecholaminergic polymorphic ventricular tachycardia	true	MONDO:0017990	MONDO:0017990	true	true
Catecholaminergic Polymorphic Ventricular Tachycardia (CPVT)	MONDO:0017990	catecholaminergic polymorphic ventricular tachycardia	true	MONDO:0017990		false	
Catecholaminergic polymorphic ventricular tachycardia	MONDO:0017990	catecholaminergic polymorphic ventricular tachycardia	true	MONDO:0017990	MONDO:0017990	true	true
Catecholaminergic polymorphic ventricular tachycardia (CPVT)	MONDO:0017990	catecholaminergic polymorphic ventricular tachycardia	true	MONDO:0017990		false	
Caudal regression syndrome	no match		false	no match	MONDO:0017607	true	false
Celiac Disease	MONDO:0005130	celiac disease	true	MONDO:0005130	MONDO:0005130	true	true
Cenani-Lenz syndactylism	no match		false	no match		false	
Cenani-Lenz syndactyly syndrome	no match		false	no match	MONDO:0008931	true	false
Central Core Disease	no match		false	no match	MONDO:0007294	true	false
Central core disease	no match		false	no match	MONDO:0007294	true	false
Centronuclear (myotubular) myopathy	MONDO:0018947	centronuclear myopathy	true	MONDO:0018947		false	
Centronuclear Myopathy	MONDO:0018947	centronuclear myopathy	true	MONDO:0018947	MONDO:0018947	true	true
Centronuclear myopathy	MONDO:0018947	centronuclear myopathy	true	MONDO:0018947	MONDO:0018947	true	true
Centronuclear myopathy (myotubular myopathy)	MONDO:0018947	centronuclear myopathy	true	MONDO:0018947		false	
Cerebral Autosomal Dominant Arteriopathy with Subcortical Infarcts and Leukoencephalopathy (CADASIL)	MONDO:0000914	cerebral autosomal dominant arteriopathy with subcortical infarcts and leukoencephalopathy	true	MONDO:0000914		false	
Cerebral Palsy	MONDO:0006497	cerebral palsy	true	MONDO:0006497	MONDO:0006497	true	true
Cerebral Palsy (spastic diplegia)	no match		false	no match		false	
Cerebral palsy	MONDO:0006497	cerebral palsy	true	MONDO:0006497	MONDO:0006497	true	true
Cerebral palsy (due to periventricular leukomalacia)	MONDO:0006497	cerebral palsy	true	MONDO:0006497		false	
Cerebral palsy (spastic diplegia subtype)	no match		false	no match		false	
Cerebral palsy (spastic diplegia type)	no match		false	no match		false	
Cerebral palsy (spastic diplegia)	no match		false	no match		false	
Cerebro-oculo-facio-skeletal (COFS) syndrome	no match		false	no match		false	
Cerebrooculofacioskeletal syndrome	no match		false	no match	MONDO:0008926	true	false
Cerebrotendinous Xanthomatosis	MONDO:0008948	cerebrotendinous xanthomatosis	true	MONDO:0008948	MONDO:0008948	true	true
Cerebrotendinous xanthomatosis	MONDO:0008948	cerebrotendinous xanthomatosis	true	MONDO:0008948	MONDO:0008948	true	true
Cervical Spondylotic Myelopathy	no match		false	no match		false	
Cervical spondylotic myelopathy	no match		false	no match		false	
Chanarin-Dorfman syndrome	no match		false	no match	MONDO:0010155;MONDO:0015611	true	false
Chanarin-Dorfman syndrome (Neutral lipid storage disease with ichthyosis)	no match		false	no match		false	
Char syndrome	no match		false	no match	MONDO:0008209	true	false
Charcot-Marie-Tooth Disease	MONDO:0015626	Charcot-Marie-Tooth disease	true	MONDO:0015626	MONDO:0015626	true	true
Charcot-Marie-Tooth Disease (Certain Subtypes)	MONDO:0015626	Charcot-Marie-Tooth disease	true	MONDO:0015626		false	
Charcot-Marie-Tooth Disease (Severe Early-Onset Form)	no match		false	no match		false	
Charcot-Marie-Tooth Disease Type 2	MONDO:0018993	Charcot-Marie-Tooth disease type 2	true	MONDO:0018993	MONDO:0018993	true	true
Charcot-Marie-Tooth Disease Type 2 (CMT2)	MONDO:0018993	Charcot-Marie-Tooth disease type 2	true	MONDO:0018993		false	
Charcot-Marie-Tooth Disease Type 3 (Dejerine-Sottas Disease)	no match		false	no match		false	
Charcot-Marie-Tooth Disease Type 4	MONDO:0018995	Charcot-Marie-Tooth disease type 4	true	MONDO:0018995	MONDO:0018995	true	true
Charcot-Marie-Tooth disease	MONDO:0015626	Charcot-Marie-Tooth disease	true	MONDO:0015626	MONDO:0015626	true	true
Charcot-Marie-Tooth disease (CMT)	MONDO:0015626	Charcot-Marie-Tooth disease	true	MONDO:0015626		false	
Charcot-Marie-Tooth disease Type 4C	no match		false	no match	MONDO:0011113	true	false
Charcot-Marie-Tooth disease type 2	MONDO:0018993	Charcot-Marie-Tooth disease type 2	true	MONDO:0018993	MONDO:0018993	true	true
Charcot-Marie-Tooth disease type 2 (CMT2)	MONDO:0018993	Charcot-Marie-Tooth disease type 2	true	MONDO:0018993		false	
Charcot-Marie-Tooth disease type 4	MONDO:0018995	Charcot-Marie-Tooth disease type 4	true	MONDO:0018995	MONDO:0018995	true	true
Charcot-Marie-Tooth disease type 4C	no match		false	no match	MONDO:0011113	true	false
Chediak-Higashi Syndrome	no match		false	no match	MONDO:0008963	true	false
Chediak-Higashi syndrome	no match		false	no match	MONDO:0008963	true	false
Chiari II malformation	no match		false	no match		false	
Chiari Malformation Type I	no match		false	no match	MONDO:0007316	true	false
Chiari malformation	no match		false	no match	MONDO:0000115	true	false
Childhood disintegrative disorder	no match		false	no match	MONDO:0015681	true	false
Cholesterol ester storage disease (lysosomal acid lipase deficiency)	no match		false	no match		false	
Cholesteryl ester storage disease (Lysosomal acid lipase deficiency)	no match		false	no match		false	
Chondrodysplasia Punctata	no match		false	no match	MONDO:0019701	true	false
Chondrodysplasia punctata	no match		false	no match	MONDO:0019701	true	false
Chondrodysplasia punctata (rhizomelic type)	no match		false	no match		false	
Chondrodysplasia punctata type II (Conradi-Hünermann syndrome)	no match		false	no match		false	
Chorea-Acanthocytosis	no match		false	no match	MONDO:0008695	true	false
Chorea-acanthocytosis	no match		false	no match	MONDO:0008695	true	false
Choroid plexus papilloma	no match		false	no match	MONDO:0009837	true	false
Choroideremia	no match		false	no match	MONDO:0010557	true	false
Christianson Syndrome	no match		false	no match	MONDO:0010278	true	false
Christianson syndrome	no match		false	no match	MONDO:0010278	true	false
Christianson syndrome (SLC9A6 mutations)	no match		false	no match		false	
Chromosomal abnormalities (e.g., agenesis of the corpus callosum associated with genetic syndromes)	no match		false	no match		false	
Chromosomal anomalies involving 3q duplication	no match		false	no match		false	
Chromosomal microdeletion syndrome	no match		false	no match		false	
Chromosome 16p11.2 deletion syndrome	no match		false	no match	MONDO:0012756	true	false
Chromosome 16p13.3 duplication syndrome	no match		false	no match	MONDO:0013273	true	false
Chromosome 18p deletion syndrome	no match		false	no match	MONDO:0007800	true	false
Chromosome 1p36 deletion syndrome	no match		false	no match	MONDO:0011929	true	false
Chromosome 2q37 deletion syndrome	no match		false	no match		false	
Chromosome 3p deletion syndrome	no match		false	no match		false	
Chromosome 8p23.1 deletion syndrome	no match		false	no match		false	
Chromosome 9p Deletion Syndrome	no match		false	no match	MONDO:0008013	true	false
Chromosome 9p deletion syndrome	no match		false	no match	MONDO:0008013	true	false
Chronic Granulomatous Disease	MONDO:0018305	chronic granulomatous disease	true	MONDO:0018305	MONDO:0018305	true	true
Chronic Granulomatous Disease (CGD)	MONDO:0018305	chronic granulomatous disease	true	MONDO:0018305		false	
Chronic Inflammatory Demyelinating Polyneuropathy	no match		false	no match	MONDO:0006702;MONDO:0016169	true	false
Chronic Mucocutaneous Candidiasis	no match		false	no match	MONDO:0015279	true	false
Chronic Mucocutaneous Candidiasis (CMC)	no match		false	no match		false	
Chronic Mucocutaneous Candidiasis (CMC) due to STAT1 Mutation	no match		false	no match		false	
Chronic Mucocutaneous Candidiasis (Familial Type)	no match		false	no match		false	
Chronic Mucocutaneous Candidiasis due to IL-17 Pathway Defects	no match		false	no match		false	
Chronic Progressive External Ophthalmoplegia	no match		false	no match		false	
Chronic Progressive External Ophthalmoplegia (CPEO)	no match		false	no match		false	
Chronic granulomatous disease	MONDO:0018305	chronic granulomatous disease	true	MONDO:0018305	MONDO:0018305	true	true
Chronic granulomatous disease (CGD)	MONDO:0018305	chronic granulomatous disease	true	MONDO:0018305		false	
Chronic idiopathic axonal neuropathy	no match		false	no match		false	
Chronic inflammatory demyelinating polyneuropathy	no match		false	no match	MONDO:0006702;MONDO:0016169	true	false
Chronic inflammatory demyelinating polyneuropathy (CIDP)	no match		false	no match		false	
Chronic mucocutaneous candidiasis	no match		false	no match	MONDO:0015279	true	false
Chronic mucocutaneous candidiasis (CMC disease)	no match		false	no match		false	
Chronic mucocutaneous candidiasis (CMC)	no match		false	no match		false	
Chronic mucocutaneous candidiasis disease	no match		false	no match		false	
Chronic myeloid leukemia	MONDO:0011996	chronic myelogenous leukemia, BCR-ABL1 positive	true	MONDO:0011996	MONDO:0011996	true	true
Chronic progressive external ophthalmoplegia	no match		false	no match		false	
Chronic progressive external ophthalmoplegia (CPEO)	no match		false	no match		false	
Chudley-McCullough syndrome	no match		false	no match	MONDO:0011411	true	false
Chédiak-Higashi Syndrome	MONDO:0008963	Chediak-Higashi syndrome	true	MONDO:0008963	MONDO:0008963	true	true
Chédiak-Higashi syndrome	MONDO:0008963	Chediak-Higashi syndrome	true	MONDO:0008963	MONDO:0008963	true	true
Citrin Deficiency (Type II Citrullinemia)	no match		false	no match		false	
Citrin deficiency (Neonatal intrahepatic cholestasis caused by citrin deficiency)	no match		false	no match		false	
Citrin deficiency (Type II citrullinemia)	no match		false	no match		false	
Citrin deficiency (neonatal intrahepatic cholestasis caused by citrin deficiency)	no match		false	no match		false	
Citrullinemia Type I	MONDO:0008816	citrullinemia type I	false	no match	MONDO:0008988	true	false
Citrullinemia Type I (Argininosuccinate synthetase deficiency)	MONDO:0008816	citrullinemia type I	false	no match		false	
Citrullinemia Type II (Citrin Deficiency)	no match		false	no match		false	
Citrullinemia type I	MONDO:0008816	citrullinemia type I	false	no match	MONDO:0008988	true	false
Citrullinemia type I (Argininosuccinate synthetase deficiency)	MONDO:0008816	citrullinemia type I	false	no match		false	
Citrullinemia type II (Citrin deficiency)	no match		false	no match		false	
Citrullinemia type II (citrin deficiency)	no match		false	no match		false	
Classic Autism (Kanner's Autism)	MONDO:0005260	autism	true	MONDO:0005260		false	
Classic Ehlers-Danlos Syndrome	no match		false	no match	MONDO:0007522	true	false
Classic homocystinuria (cystathionine beta-synthase deficiency)	MONDO:0009352	classic homocystinuria	true	MONDO:0009352		false	
Classical Ehlers-Danlos Syndrome	no match		false	no match	MONDO:0007522	true	false
Classical Ehlers-Danlos syndrome	no match		false	no match	MONDO:0007522	true	false
Classical Ehlers-Danlos syndrome (EDS Type I/II)	no match		false	no match		false	
Classical homocystinuria (cystathionine beta-synthase deficiency)	MONDO:0009352	classic homocystinuria	true	MONDO:0009352		false	
Classical-like Ehlers-Danlos Syndrome	no match		false	no match	MONDO:0011670	true	false
Cleidocranial dysostosis	MONDO:0007340	cleidocranial dysplasia	true	MONDO:0007340	MONDO:0007340	true	true
Cleidocranial dysplasia	MONDO:0007340	cleidocranial dysplasia	true	MONDO:0007340	MONDO:0007340	true	true
Clouston Syndrome (Hidrotic Ectodermal Dysplasia 2)	no match		false	no match		false	
Clouston Syndrome (Hidrotic Ectodermal Dysplasia type 2)	no match		false	no match		false	
Clouston Syndrome (Hidrotic Ectodermal Dysplasia)	no match		false	no match		false	
Clouston syndrome (Hidrotic ectodermal dysplasia type 2)	no match		false	no match		false	
Coats plus syndrome	no match		false	no match	MONDO:0012815	true	false
Cobalamin C deficiency (combined methylmalonic aciduria and homocystinuria)	MONDO:0010184	methylmalonic aciduria and homocystinuria type cblC	true	MONDO:0010184		false	
Cobblestone lissencephaly spectrum disorders	no match		false	no match		false	
Cobblestone lissencephaly syndromes	no match		false	no match		false	
Cochlear otosclerosis	no match		false	no match		false	
Cockayne Syndrome	MONDO:0016006	Cockayne syndrome	true	MONDO:0016006	MONDO:0016006	true	true
Cockayne syndrome	MONDO:0016006	Cockayne syndrome	true	MONDO:0016006	MONDO:0016006	true	true
Cockayne syndrome Type II	no match		false	no match	MONDO:0019570	true	false
Coenzyme Q10 deficiency	no match		false	no match	MONDO:0018151	true	false
Coffin-Lowry Syndrome	MONDO:0010561	Coffin-Lowry syndrome	true	MONDO:0010561	MONDO:0010561	true	true
Coffin-Lowry syndrome	MONDO:0010561	Coffin-Lowry syndrome	true	MONDO:0010561	MONDO:0010561	true	true
Coffin-Siris Syndrome	MONDO:0015452	Coffin-Siris syndrome	true	MONDO:0015452	MONDO:0007617;MONDO:0015452	true	true
Coffin-Siris syndrome	MONDO:0015452	Coffin-Siris syndrome	true	MONDO:0015452	MONDO:0007617;MONDO:0015452	true	true
Coffin–Siris syndrome	MONDO:0015452	Coffin-Siris syndrome	true	MONDO:0015452		false	
Cohen Syndrome	MONDO:0008999	Cohen syndrome	true	MONDO:0008999	MONDO:0008999	true	true
Cohen syndrome	MONDO:0008999	Cohen syndrome	true	MONDO:0008999	MONDO:0008999	true	true
Cole-Carpenter syndrome	no match		false	no match	MONDO:0016085	true	false
Collagen Type III deficiency	no match		false	no match		false	
Collagen VI-Related Myopathies	MONDO:0100228	collagen 6-related myopathy	false	no match		false	
Collagen VI-Related Myopathy	MONDO:0100228	collagen 6-related myopathy	false	no match	MONDO:0100225	true	false
Collagen VI-related Myopathy (Bethlem Myopathy)	no match		false	no match		false	
Collagen VI-related congenital muscular dystrophy	no match		false	no match		false	
Collagen VI-related congenital muscular dystrophy (Ullrich CMD)	no match		false	no match		false	
Collagen VI-related muscular dystrophy	MONDO:0100228	collagen 6-related myopathy	false	no match	MONDO:0100225	true	false
Collagen VI-related muscular dystrophy (e.g., Ullrich congenital muscular dystrophy)	MONDO:0100228	collagen 6-related myopathy	false	no match		false	
Collagen VI-related myopathies (e.g., Bethlem myopathy, Ullrich congenital muscular dystrophy)	MONDO:0100228	collagen 6-related myopathy	false	no match		false	
Collagen VI-related myopathy	MONDO:0100228	collagen 6-related myopathy	false	no match	MONDO:0100225	true	false
Collagen VI-related myopathy (Bethlem Myopathy or Ullrich Congenital Muscular Dystrophy)	MONDO:0100228	collagen 6-related myopathy	false	no match		false	
Collagen VI-related myopathy (Bethlem Myopathy)	no match		false	no match		false	
Collagen VI-related myopathy (Bethlem myopathy)	no match		false	no match		false	
Collagen VI-related myopathy (Ullrich congenital muscular dystrophy)	no match		false	no match		false	
Combined Immunodeficiency	MONDO:0015131	combined immunodeficiency	true	MONDO:0015131	MONDO:0015131	true	true
Combined Immunodeficiency with Autoimmune Features	no match		false	no match		false	
Combined hereditary multiple exostoses and enchondromatosis	no match		false	no match		false	
Combined oxidative phosphorylation deficiency	no match		false	no match	MONDO:0000732	true	false
Combined oxidative phosphorylation deficiency 1	no match		false	no match	MONDO:0012191	true	false
Combined oxidative phosphorylation deficiency disorders	no match		false	no match		false	
Common Variable Immunodeficiency	MONDO:0015517	common variable immunodeficiency	true	MONDO:0015517	MONDO:0015517	true	true
Common Variable Immunodeficiency (CVID)	MONDO:0015517	common variable immunodeficiency	true	MONDO:0015517		false	
Common variable immunodeficiency	MONDO:0015517	common variable immunodeficiency	true	MONDO:0015517	MONDO:0015517	true	true
Common variable immunodeficiency (CVID)	MONDO:0015517	common variable immunodeficiency	true	MONDO:0015517		false	
Complement component C1q deficiency	no match		false	no match		false	
Complement component C2 deficiency	no match		false	no match		false	
Complement component C4 deficiency	no match		false	no match		false	
Complement component deficiency (C1q, C2, or C4 deficiency)	no match		false	no match		false	
Complete STAT1 deficiency	no match		false	no match		false	
Complicated Hereditary Spastic Paraplegia	no match		false	no match	MONDO:0015150	true	false
Complicated hereditary spastic paraplegia	no match		false	no match	MONDO:0015150	true	false
Conduction system disease associated with HCN4 gene mutations	no match		false	no match		false	
Cone Dystrophy	MONDO:0000455	cone dystrophy	true	MONDO:0000455	MONDO:0000455	true	true
Cone dystrophy	MONDO:0000455	cone dystrophy	true	MONDO:0000455	MONDO:0000455	true	true
Cone-Rod Dystrophy	MONDO:0015993	cone-rod dystrophy	true	MONDO:0015993	MONDO:0011458;MONDO:0015993;MONDO:0100438	true	true
Cone-rod dystrophy	MONDO:0015993	cone-rod dystrophy	true	MONDO:0015993	MONDO:0011458;MONDO:0015993;MONDO:0100438	true	true
Congenital Alopecia Universalis	no match		false	no match		false	
Congenital Amegakaryocytic Thrombocytopenia	no match		false	no match	MONDO:0800451	true	false
Congenital Aplasia of the Breast and Nipple	no match		false	no match		false	
Congenital Bilateral Perisylvian Polymicrogyria (CBPP)	no match		false	no match		false	
Congenital Cataract	no match		false	no match		false	
Congenital Cataracts	no match		false	no match		false	
Congenital Contractural Arachnodactyly	no match		false	no match	MONDO:0007363	true	false
Congenital Contractural Arachnodactyly (Beals Syndrome)	no match		false	no match		false	
Congenital Contractural Arachnodactyly (Beals syndrome)	no match		false	no match		false	
Congenital Cytomegalovirus (CMV) infection	no match		false	no match		false	
Congenital Disorder of Glycosylation	MONDO:0015286	congenital disorder of glycosylation	true	MONDO:0015286	MONDO:0015286	true	true
Congenital Disorder of Glycosylation (CDG)	MONDO:0015286	congenital disorder of glycosylation	true	MONDO:0015286		false	
Congenital Disorder of Glycosylation (CDG) Type I	no match		false	no match		false	
Congenital Disorder of Glycosylation (CDG) Type Ia (PMM2-CDG)	no match		false	no match		false	
Congenital Disorder of Glycosylation (PMM2-CDG)	no match		false	no match		false	
Congenital Disorder of Glycosylation (e.g., PMM2-CDG)	MONDO:0015286	congenital disorder of glycosylation	true	MONDO:0015286		false	
Congenital Disorder of Glycosylation Type II	no match		false	no match	MONDO:0005501;MONDO:0011933	true	false
Congenital Disorder of Glycosylation Type IIe (COG7-CDG)	no match		false	no match		false	
Congenital Disorder of Glycosylation Type IIh (TMEM199-CDG)	no match		false	no match		false	
Congenital Disorder of Glycosylation Type Ia (PMM2-CDG)	no match		false	no match		false	
Congenital Disorder of Glycosylation type 1A (PMM2-CDG)	no match		false	no match		false	
Congenital Disorder of Glycosylation type Ia (PMM2-CDG)	no match		false	no match		false	
Congenital Disorders of Glycosylation	MONDO:0015286	congenital disorder of glycosylation	true	MONDO:0015286	MONDO:0015286	true	true
Congenital Disorders of Glycosylation (CDG Syndromes)	MONDO:0015286	congenital disorder of glycosylation	true	MONDO:0015286		false	
Congenital Disorders of Glycosylation (CDG)	MONDO:0015286	congenital disorder of glycosylation	true	MONDO:0015286		false	
Congenital Disorders of Glycosylation (CDG) syndrome	MONDO:0015286	congenital disorder of glycosylation	true	MONDO:0015286		false	
Congenital Distal Spinal Muscular Atrophy	no match		false	no match		false	
Congenital Fiber-Type Disproportion Myopathy	no match		false	no match	MONDO:0009711	true	false
Congenital Generalized Lipodystrophy	no match		false	no match	MONDO:0006536	true	false
Congenital Generalized Lipodystrophy (Berardinelli-Seip Syndrome)	no match		false	no match		false	
Congenital Generalized Lipodystrophy Type 1	no match		false	no match	MONDO:0012071	true	false
Congenital Generalized Lipodystrophy Type 2	no match		false	no match	MONDO:0010020	true	false
Congenital Hypomyelinating Neuropathy	no match		false	no match		false	
Congenital Hypothyroidism	MONDO:0018612	congenital hypothyroidism	true	MONDO:0018612	MONDO:0018612	true	true
Congenital Lactic Acidosis	no match		false	no match		false	
Congenital Long QT Syndrome	no match		false	no match	MONDO:0019171	true	false
Congenital Long QT Syndrome (LQTS)	no match		false	no match		false	
Congenital Long QT Syndrome Type 3 (LQT3)	no match		false	no match		false	
Congenital Muscular Dystrophies	MONDO:0019950	congenital muscular dystrophy	true	MONDO:0019950		false	
Congenital Muscular Dystrophy	MONDO:0019950	congenital muscular dystrophy	true	MONDO:0019950	MONDO:0019950	true	true
Congenital Muscular Dystrophy (CMD)	MONDO:0019950	congenital muscular dystrophy	true	MONDO:0019950		false	
Congenital Muscular Dystrophy Type 1A (Merosin-Deficient CMD)	no match		false	no match		false	
Congenital Muscular Dystrophy with Brain Malformations	no match		false	no match		false	
Congenital Muscular Dystrophy with Central Nervous System Involvement	no match		false	no match		false	
Congenital Myasthenic Syndrome	MONDO:0018940	congenital myasthenic syndrome	true	MONDO:0018940	MONDO:0018940	true	true
Congenital Myasthenic Syndromes	MONDO:0018940	congenital myasthenic syndrome	true	MONDO:0018940	MONDO:0018940	true	true
Congenital Myasthenic Syndromes (CMS)	MONDO:0018940	congenital myasthenic syndrome	true	MONDO:0018940		false	
Congenital Myopathies	MONDO:0019952	congenital myopathy	true	MONDO:0019952		false	
Congenital Myopathy	MONDO:0019952	congenital myopathy	true	MONDO:0019952	MONDO:0019952	true	true
Congenital Myotonic Dystrophy	no match		false	no match	MONDO:0023595	true	false
Congenital Myotonic Dystrophy (Type 1)	no match		false	no match		false	
Congenital Myotonic Dystrophy Type 1	no match		false	no match		false	
Congenital Nephrotic Syndrome (Finnish Type)	no match		false	no match		false	
Congenital Rubella Syndrome	no match		false	no match	MONDO:0017361	true	false
Congenital Rubella syndrome	no match		false	no match	MONDO:0017361	true	false
Congenital Sick Sinus Syndrome	no match		false	no match		false	
Congenital Stationary Night Blindness	no match		false	no match	MONDO:0016293	true	false
Congenital achromatopsia	MONDO:0018852	achromatopsia	true	MONDO:0018852		false	
Congenital adrenal hyperplasia	MONDO:0018479	congenital adrenal hyperplasia	true	MONDO:0018479	MONDO:0015898;MONDO:0018479	true	true
Congenital amegakaryocytic thrombocytopenia	no match		false	no match	MONDO:0800451	true	false
Congenital amegakaryocytic thrombocytopenia (CAMT)	no match		false	no match		false	
Congenital cataract	no match		false	no match		false	
Congenital cataracts	no match		false	no match		false	
Congenital cerebellar ataxia	no match		false	no match		false	
Congenital cerebellar hypoplasia	no match		false	no match	MONDO:0008939	true	false
Congenital combined pituitary hormone deficiency	no match		false	no match	MONDO:0018762	true	false
Congenital contractural arachnodactyly	no match		false	no match	MONDO:0007363	true	false
Congenital contractural arachnodactyly (Beals syndrome)	no match		false	no match		false	
Congenital cytomegalovirus (CMV) infection	no match		false	no match		false	
Congenital cytomegalovirus infection	no match		false	no match		false	
Congenital disorder of glycosylation	MONDO:0015286	congenital disorder of glycosylation	true	MONDO:0015286	MONDO:0015286	true	true
Congenital disorder of glycosylation (CDG)	MONDO:0015286	congenital disorder of glycosylation	true	MONDO:0015286		false	
Congenital disorder of glycosylation (CDG) type Ia	no match		false	no match		false	
Congenital disorder of glycosylation (PMM2-CDG)	no match		false	no match		false	
Congenital disorder of glycosylation type I	no match		false	no match	MONDO:0005500	true	false
Congenital disorder of glycosylation type II	no match		false	no match	MONDO:0005501;MONDO:0011933	true	false
Congenital disorder of glycosylation type II (CDG-II)	no match		false	no match		false	
Congenital disorder of glycosylation type Ia (PMM2-CDG)	no match		false	no match		false	
Congenital disorders of glycosylation	MONDO:0015286	congenital disorder of glycosylation	true	MONDO:0015286	MONDO:0015286	true	true
Congenital disorders of glycosylation (CDG syndromes)	MONDO:0015286	congenital disorder of glycosylation	true	MONDO:0015286		false	
Congenital disorders of glycosylation (CDG)	MONDO:0015286	congenital disorder of glycosylation	true	MONDO:0015286		false	
Congenital disorders of glycosylation (CDG) syndromes	MONDO:0015286	congenital disorder of glycosylation	true	MONDO:0015286		false	
Congenital disorders of glycosylation (CDG) type Ia	no match		false	no match		false	
Congenital disorders of glycosylation (PMM2-CDG)	no match		false	no match		false	
Congenital disorders of glycosylation type Ia (PMM2-CDG)	no match		false	no match		false	
Congenital disorders of glycosylation type Ib (MPI-CDG)	no match		false	no match		false	
Congenital distal spinal muscular atrophy	no match		false	no match		false	
Congenital dyserythropoietic anemia	no match		false	no match	MONDO:0019403	true	false
Congenital fiber type disproportion	no match		false	no match	MONDO:0009711	true	false
Congenital fiber type disproportion myopathy	no match		false	no match		false	
Congenital fiber-type disproportion myopathy	no match		false	no match	MONDO:0009711	true	false
Congenital generalized lipodystrophy	no match		false	no match	MONDO:0006536	true	false
Congenital generalized lipodystrophy (Berardinelli-Seip congenital lipodystrophy)	no match		false	no match		false	
Congenital generalized lipodystrophy type 1	no match		false	no match	MONDO:0012071	true	false
Congenital generalized lipodystrophy type 2	no match		false	no match	MONDO:0010020	true	false
Congenital generalized lipodystrophy type 4	no match		false	no match	MONDO:0013225	true	false
Congenital glaucoma	no match		false	no match	MONDO:0020366	true	false
Congenital heart defect	MONDO:0005453	congenital heart disease	true	MONDO:0005453	MONDO:0005453	true	true
Congenital hereditary endothelial dystrophy	no match		false	no match		false	
Congenital high myopia	no match		false	no match		false	
Congenital hypomyelinating neuropathy	no match		false	no match		false	
Congenital hypopituitarism	no match		false	no match	MONDO:0018762	true	false
Congenital hypothyroidism	MONDO:0018612	congenital hypothyroidism	true	MONDO:0018612	MONDO:0018612	true	true
Congenital hypothyroidism due to PAX8 mutations	MONDO:0018612	congenital hypothyroidism	true	MONDO:0018612		false	
Congenital hypothyroidism due to thyroglobulin gene mutations	no match		false	no match		false	
Congenital ichthyosiform erythroderma	no match		false	no match	MONDO:0019306	true	false
Congenital ichthyosiform erythroderma (CIE)	no match		false	no match		false	
Congenital insensitivity to pain (HSAN Type V)	no match		false	no match		false	
Congenital insensitivity to pain with anhidrosis (CIPA)	no match		false	no match		false	
Congenital lactic acidosis	no match		false	no match		false	
Congenital methemoglobinemia	no match		false	no match	MONDO:0018963	true	false
Congenital muscular dystrophy	MONDO:0019950	congenital muscular dystrophy	true	MONDO:0019950	MONDO:0019950	true	true
Congenital muscular dystrophy with cardiomyopathy	no match		false	no match		false	
Congenital muscular dystrophy with rigid spine	no match		false	no match		false	
Congenital myasthenic syndrome	MONDO:0018940	congenital myasthenic syndrome	true	MONDO:0018940	MONDO:0018940	true	true
Congenital myasthenic syndrome (AChE deficiency)	no match		false	no match		false	
Congenital myasthenic syndrome (CHRNE mutation)	no match		false	no match		false	
Congenital myasthenic syndrome (RAPSN mutation)	no match		false	no match		false	
Congenital myasthenic syndromes	MONDO:0018940	congenital myasthenic syndrome	true	MONDO:0018940	MONDO:0018940	true	true
Congenital myopathy	MONDO:0019952	congenital myopathy	true	MONDO:0019952	MONDO:0019952	true	true
Congenital myotonic dystrophy	no match		false	no match	MONDO:0023595	true	false
Congenital nephrotic syndrome (Finnish type)	no match		false	no match		false	
Congenital nephrotic syndrome of the Finnish type	no match		false	no match		false	
Congenital optic atrophy	no match		false	no match		false	
Congenital optic nerve hypoplasia	no match		false	no match		false	
Congenital retinal dystrophy	no match		false	no match		false	
Congenital rubella syndrome	no match		false	no match	MONDO:0017361	true	false
Congenital sideroblastic anemia	no match		false	no match	MONDO:0016828	true	false
Congenital stationary night blindness	no match		false	no match	MONDO:0016293	true	false
Congenital stationary night blindness (Riggs type)	no match		false	no match		false	
Congenital toxoplasmosis	no match		false	no match	MONDO:0005715	true	false
Conotruncal anomaly face syndrome	no match		false	no match	MONDO:0018923	true	false
Conradi-Hünermann-Happle syndrome	no match		false	no match	MONDO:0020603	true	false
Conradi-Hünermann-Happle syndrome (CDPX2)	no match		false	no match		false	
Constitutional Mismatch Repair Deficiency (CMMRD) syndrome	no match		false	no match		false	
Constitutional Mismatch Repair Deficiency Syndrome	no match		false	no match	MONDO:0031219	true	false
Constitutional mismatch repair deficiency (CMMRD) syndrome	no match		false	no match		false	
Constitutional mismatch repair deficiency syndrome (CMMRD)	no match		false	no match		false	
Copper Deficiency Myelopathy	no match		false	no match		false	
Cornelia de Lange Syndrome	MONDO:0016033	Cornelia de Lange syndrome	true	MONDO:0016033	MONDO:0016033	true	true
Cornelia de Lange syndrome	MONDO:0016033	Cornelia de Lange syndrome	true	MONDO:0016033	MONDO:0016033	true	true
Corpus callosum agenesis-intellectual disability syndrome	no match		false	no match		false	
Cortical Dysplasia-Focal Epilepsy Syndrome	no match		false	no match	MONDO:0012400	true	false
Cortical dysplasia	no match		false	no match	MONDO:0017094	true	false
Cortical malformations (e.g., focal cortical dysplasia)	no match		false	no match		false	
Corticobasal Degeneration	no match		false	no match	MONDO:0022308	true	false
Corticobasal degeneration	no match		false	no match	MONDO:0022308	true	false
Costello Syndrome	MONDO:0009026	Costello syndrome	true	MONDO:0009026	MONDO:0009026	true	true
Costello syndrome	MONDO:0009026	Costello syndrome	true	MONDO:0009026	MONDO:0009026	true	true
Cowden Syndrome	MONDO:0016063	Cowden syndrome	true	MONDO:0016063	MONDO:0016063	true	true
Cowden syndrome	MONDO:0016063	Cowden syndrome	true	MONDO:0016063	MONDO:0016063	true	true
Cowden syndrome (PTEN hamartoma tumor syndrome)	MONDO:0016063	Cowden syndrome	true	MONDO:0016063		false	
Craniodiaphyseal dysplasia	no match		false	no match	MONDO:0009031	true	false
Cranioectodermal Dysplasia	no match		false	no match	MONDO:0009032	true	false
Cranioectodermal Dysplasia (Sensenbrenner Syndrome)	no match		false	no match		false	
Cranioectodermal dysplasia (Sensenbrenner syndrome)	no match		false	no match		false	
Craniofacial microsomia	no match		false	no match	MONDO:0015397	true	false
Craniofrontonasal dysplasia	no match		false	no match	MONDO:0010570	true	false
Craniofrontonasal syndrome	no match		false	no match	MONDO:0010570	true	false
Craniometaphyseal dysplasia	no match		false	no match	MONDO:0015465	true	false
Creatine transporter deficiency	no match		false	no match	MONDO:0010305	true	false
Creatine transporter deficiency (SLC6A8 deficiency)	no match		false	no match		false	
Creutzfeldt-Jakob Disease	no match		false	no match	MONDO:0007403	true	false
Creutzfeldt-Jakob disease	no match		false	no match	MONDO:0007403	true	false
Cri du Chat Syndrome	no match		false	no match	MONDO:0007404	true	false
Cri du Chat syndrome	no match		false	no match	MONDO:0007404	true	false
Cri du Chat syndrome (5p deletion syndrome)	no match		false	no match		false	
Cri du Chat syndrome (Chromosome 5p deletion)	no match		false	no match		false	
Cri du chat syndrome	no match		false	no match	MONDO:0007404	true	false
Cri-du-Chat syndrome	no match		false	no match	MONDO:0007404	true	false
Cri-du-chat Syndrome	no match		false	no match	MONDO:0007404	true	false
Cri-du-chat syndrome	no match		false	no match	MONDO:0007404	true	false
Cri-du-chat syndrome (5p deletion syndrome)	no match		false	no match		false	
Cri-du-chat syndrome (5p minus syndrome)	no match		false	no match		false	
Crossed polydactyly (Type II)	no match		false	no match		false	
Crossed polydactyly (Type IV)	no match		false	no match		false	
Crouzon syndrome	no match		false	no match	MONDO:0007405	true	false
Currarino syndrome	no match		false	no match	MONDO:0008305	true	false
Cushing's Syndrome	no match		false	no match	MONDO:0018912	true	false
Cushing's syndrome	no match		false	no match	MONDO:0018912	true	false
Cutis Laxa	no match		false	no match	MONDO:0016175	true	false
Cutis Laxa Type 1	no match		false	no match		false	
Cutis laxa	no match		false	no match	MONDO:0016175	true	false
Cutis laxa syndrome	no match		false	no match		false	
Cutis laxa syndrome type I	no match		false	no match		false	
Cutis laxa type II	no match		false	no match		false	
Cutis laxa, autosomal recessive type II (ATP6V0A2-related cutis laxa)	no match		false	no match		false	
Cutis marmorata telangiectatica congenita	no match		false	no match	MONDO:0009055	true	false
Cystathioninuria	no match		false	no match	MONDO:0009058	true	false
Cystic Fibrosis	MONDO:0009061	cystic fibrosis	true	MONDO:0009061	MONDO:0009061	true	true
Cystic fibrosis	MONDO:0009061	cystic fibrosis	true	MONDO:0009061	MONDO:0009061	true	true
Cystinosis	no match		false	no match	MONDO:0016239	true	false
Cytochrome c oxidase (complex IV) deficiency	no match		false	no match		false	
Cytochrome c oxidase deficiency	no match		false	no match	MONDO:0033885	true	false
DCX-related lissencephaly	no match		false	no match		false	
DDX3X syndrome	no match		false	no match		false	
DDX3X-related intellectual disability	no match		false	no match	MONDO:0010497	true	false
DEND syndrome (developmental delay, epilepsy, neonatal diabetes)	no match		false	no match		false	
DEPDC5-related epilepsy	no match		false	no match		false	
DEPDC5-related focal cortical dysplasia and epilepsy	no match		false	no match		false	
DEPDC5-related focal epilepsy	no match		false	no match		false	
DES-related cardiomyopathy	no match		false	no match		false	
DES-related dilated cardiomyopathy	no match		false	no match		false	
DFNA3 nonsyndromic sensorineural hearing loss	no match		false	no match		false	
DFNB1 nonsyndromic sensorineural hearing loss	no match		false	no match		false	
DFNB9 nonsyndromic sensorineural hearing loss	no match		false	no match		false	
DGUOK-related mitochondrial DNA depletion syndrome	no match		false	no match		false	
DICER1 syndrome	no match		false	no match	MONDO:0100216	true	false
DISC1 Gene Mutation	no match		false	no match		false	
DISC1 gene mutation	no match		false	no match		false	
DNAH1-related Multiple Morphological Abnormalities of the Sperm Flagella (MMAF)	no match		false	no match		false	
DNASE1 deficiency	no match		false	no match		false	
DNASE1L3 deficiency	no match		false	no match		false	
DNM2-related Centronuclear Myopathy	no match		false	no match	MONDO:0008048	true	false
DOCK8 deficiency	no match		false	no match	MONDO:0009478	true	false
DOCK8 deficiency (autosomal recessive Hyper IgE syndrome)	no match		false	no match		false	
DOCK8 deficiency (autosomal recessive hyper-IgE syndrome)	no match		false	no match		false	
DOLK-CDG	no match		false	no match		false	
DOOR syndrome	no match		false	no match	MONDO:0009079	true	false
DOORS Syndrome	no match		false	no match	MONDO:0009079	true	false
DYRK1A-related intellectual disability syndrome	no match		false	no match	MONDO:0013578	true	false
DYT1 Early-Onset Primary Dystonia	no match		false	no match		false	
DYT1 dystonia (TOR1A-related dystonia)	no match		false	no match		false	
Dandy-Walker Malformation	no match		false	no match		false	
Dandy-Walker malformation	no match		false	no match		false	
Danon disease	MONDO:0010281	Danon disease	true	MONDO:0010281	MONDO:0010281	true	true
Danon disease (LAMP2 deficiency)	MONDO:0010281	Danon disease	true	MONDO:0010281		false	
De Barsy Syndrome	no match		false	no match	MONDO:0017569	true	false
De Barsy syndrome	no match		false	no match	MONDO:0017569	true	false
Dectin-1 deficiency	no match		false	no match		false	
Dectin-1 deficiency (CLEC7A deficiency)	no match		false	no match		false	
Deficiency of Adenosine Deaminase 2 (DADA2)	MONDO:0014306	vasculitis due to ADA2 deficiency	false	no match		false	
Deficiency of adenosine deaminase 2 (DADA2)	MONDO:0014306	vasculitis due to ADA2 deficiency	false	no match		false	
Deficiency of complement factor I (CFI deficiency)	no match		false	no match		false	
Deficiency of interleukin-36 receptor antagonist (DITRA)	no match		false	no match		false	
Deficiency of the IL-1 receptor antagonist (DIRA)	no match		false	no match		false	
Dejerine-Sottas Disease (CMT Type 3)	no match		false	no match		false	
Dejerine-Sottas disease	no match		false	no match	MONDO:0007790	true	false
Dejerine-Sottas disease (Charcot-Marie-Tooth disease type 3)	no match		false	no match		false	
Deletion 18p syndrome	no match		false	no match	MONDO:0007800	true	false
Dementia with Lewy bodies	MONDO:0007488	Lewy body dementia	true	MONDO:0007488	MONDO:0007488	true	true
Dent Disease	no match		false	no match	MONDO:0015612	true	false
Dent disease	no match		false	no match	MONDO:0015612	true	false
Dentatorubral-Pallidoluysian Atrophy (DRPLA)	MONDO:0007150	dentatorubral-pallidoluysian atrophy	false	no match		false	
Dentatorubral-pallidoluysian atrophy	MONDO:0007150	dentatorubral-pallidoluysian atrophy	false	no match	MONDO:0007435	true	false
Dentatorubral-pallidoluysian atrophy (DRPLA)	MONDO:0007150	dentatorubral-pallidoluysian atrophy	false	no match		false	
Denys-Drash Syndrome	no match		false	no match	MONDO:0008682	true	false
Denys-Drash syndrome	no match		false	no match	MONDO:0008682	true	false
Dercum's disease (Adiposis dolorosa)	no match		false	no match		false	
Dermatomyositis	MONDO:0016367	dermatomyositis	true	MONDO:0016367	MONDO:0016367	true	true
Dermatosparaxis Ehlers-Danlos Syndrome	no match		false	no match	MONDO:0009161	true	false
Desbuquois dysplasia	no match		false	no match	MONDO:0015426	true	false
Desmin-related cardiomyopathy	no match		false	no match		false	
Desmin-related cardiomyopathy (DES gene mutations)	no match		false	no match		false	
Desmin-related cardiomyopathy (DES mutations)	no match		false	no match		false	
Desmin-related myopathy	no match		false	no match		false	
Desminopathy	no match		false	no match	MONDO:0011076	true	false
Desminopathy (DES gene mutation)	no match		false	no match		false	
Desmoplakin cardiomyopathy	no match		false	no match		false	
Desmoplakin-related dilated cardiomyopathy with ectodermal features	no match		false	no match		false	
Developmental Coordination Disorder (Dyspraxia)	no match		false	no match		false	
Developmental Delay, Epilepsy, and Neonatal Diabetes mellitus (DEND) syndrome	no match		false	no match		false	
Developmental Language Disorder	no match		false	no match	MONDO:0010821	true	false
Developmental coordination disorder	no match		false	no match	MONDO:0004922	true	false
DiGeorge Syndrome	no match		false	no match	MONDO:0008564;MONDO:0018923	true	false
DiGeorge Syndrome (22q11.2 Deletion Syndrome)	no match		false	no match		false	
DiGeorge Syndrome (22q11.2 deletion syndrome)	no match		false	no match		false	
DiGeorge syndrome	no match		false	no match	MONDO:0008564;MONDO:0018923	true	false
DiGeorge syndrome (22q11.2 deletion syndrome)	no match		false	no match		false	
DiGeorge syndrome (22q11.2 deletion)	no match		false	no match		false	
Diabetes mellitus	MONDO:0005015	diabetes mellitus	true	MONDO:0005015	MONDO:0005015	true	true
Diabetic retinopathy	MONDO:0005266	diabetic retinopathy	true	MONDO:0005266	MONDO:0005266	true	true
Diamond-Blackfan Anemia	MONDO:0015253	Diamond-Blackfan anemia	true	MONDO:0015253	MONDO:0015253	true	true
Diamond-Blackfan anemia	MONDO:0015253	Diamond-Blackfan anemia	true	MONDO:0015253	MONDO:0015253	true	true
Diastrophic dysplasia	no match		false	no match	MONDO:0009107	true	false
Diffuse Mesangial Sclerosis	no match		false	no match	MONDO:0009733	true	false
Digoxin Effect	no match		false	no match		false	
Digoxin toxicity	no match		false	no match		false	
Dihydrolipoamide dehydrogenase deficiency	no match		false	no match	MONDO:0009529	true	false
Dihydropteridine reductase deficiency	no match		false	no match	MONDO:0009862	true	false
Dilated Cardiomyopathy with Ataxia Syndrome (DCMA syndrome)	no match		false	no match		false	
Dilated Cardiomyopathy with Ataxia Syndrome (DCMA)	no match		false	no match		false	
Dilated cardiomyopathy due to LMNA gene mutations	no match		false	no match		false	
Dilated cardiomyopathy due to SCN5A mutations	no match		false	no match		false	
Dilated cardiomyopathy with ataxia (DCMA) syndrome	no match		false	no match		false	
Diminished Ovarian Reserve (DOR)	no match		false	no match		false	
Disorders of taurine metabolism	no match		false	no match		false	
Distal Arthrogryposis Type 1	no match		false	no match	MONDO:0015240	true	false
Distal Arthrogryposis Type 1 (DA1)	no match		false	no match		false	
Distal Arthrogryposis Type 5 (DA5)	no match		false	no match		false	
Distal Arthrogryposis type 1 (DA1)	no match		false	no match		false	
Distal Hereditary Motor Neuropathy	no match		false	no match	MONDO:0018894	true	false
Distal Muscular Dystrophy	no match		false	no match	MONDO:0018949	true	false
Distal Spinal Muscular Atrophy	no match		false	no match	MONDO:0018894	true	false
Distal arthrogryposis	no match		false	no match	MONDO:0019942	true	false
Distal arthrogryposis type 1	no match		false	no match	MONDO:0015240	true	false
Distal arthrogryposis type 1 (DA1)	no match		false	no match		false	
Distal arthrogryposis type 2B (Sheldon-Hall syndrome)	no match		false	no match		false	
Distal arthrogryposis type 5	no match		false	no match	MONDO:0007158	true	false
Distal hereditary motor neuropathy	no match		false	no match	MONDO:0018894	true	false
Distal hereditary motor neuropathy (dHMN)	no match		false	no match		false	
Distal hereditary motor neuropathy with pyramidal signs	no match		false	no match		false	
Distal muscular dystrophy	no match		false	no match	MONDO:0018949	true	false
Distal myopathy	MONDO:0018949	distal myopathy	true	MONDO:0018949	MONDO:0018949	true	true
Distal renal tubular acidosis	MONDO:0015827	distal renal tubular acidosis	true	MONDO:0015827	MONDO:0015827	true	true
Distal renal tubular acidosis (Type 1 RTA)	MONDO:0015827	distal renal tubular acidosis	true	MONDO:0015827		false	
Distal renal tubular acidosis (Type 1)	MONDO:0015827	distal renal tubular acidosis	true	MONDO:0015827		false	
Distal renal tubular acidosis (Type I RTA)	MONDO:0015827	distal renal tubular acidosis	true	MONDO:0015827		false	
Distal renal tubular acidosis (Type I)	MONDO:0015827	distal renal tubular acidosis	true	MONDO:0015827		false	
Distal renal tubular acidosis (dRTA)	MONDO:0015827	distal renal tubular acidosis	true	MONDO:0015827		false	
Distal renal tubular acidosis associated with hereditary elliptocytosis (SLC4A1 mutation)	no match		false	no match		false	
Distal spinal muscular atrophy	no match		false	no match	MONDO:0018894	true	false
Distal spinal muscular atrophy (DSMA)	no match		false	no match		false	
Distal spinal muscular atrophy type 1	no match		false	no match		false	
Dominant Optic Atrophy	no match		false	no match	MONDO:0020250	true	false
Dominant Optic Atrophy (DOA)	no match		false	no match		false	
Dominant optic atrophy	no match		false	no match	MONDO:0020250	true	false
Donnai-Barrow syndrome	no match		false	no match	MONDO:0009104	true	false
Donohue syndrome	no match		false	no match	MONDO:0009517	true	false
Donohue syndrome (leprechaunism)	no match		false	no match		false	
Doose syndrome (Myoclonic-Astatic Epilepsy)	no match		false	no match		false	
Doose syndrome (Myoclonic-astatic epilepsy)	no match		false	no match		false	
Doose syndrome (myoclonic-astatic epilepsy)	no match		false	no match		false	
Doose syndrome (myoclonic-atonic epilepsy)	no match		false	no match		false	
Dopa-responsive dystonia	no match		false	no match	MONDO:0016812	true	false
Dopa-responsive dystonia (Segawa disease)	no match		false	no match		false	
Dopamine transporter deficiency syndrome	no match		false	no match	MONDO:0013150;MONDO:0700117	true	false
Down Syndrome	MONDO:0008608	Down syndrome	true	MONDO:0008608	MONDO:0008608	true	true
Down Syndrome (Trisomy 21)	MONDO:0008608	Down syndrome	true	MONDO:0008608		false	
Down syndrome	MONDO:0008608	Down syndrome	true	MONDO:0008608	MONDO:0008608	true	true
Down syndrome (Trisomy 21)	MONDO:0008608	Down syndrome	true	MONDO:0008608		false	
Dravet Syndrome	MONDO:0100135	Dravet syndrome	true	MONDO:0100135	MONDO:0100135	true	true
Dravet Syndrome (SCN1A mutations)	MONDO:0100135	Dravet syndrome	true	MONDO:0100135		false	
Dravet syndrome	MONDO:0100135	Dravet syndrome	true	MONDO:0100135	MONDO:0100135	true	true
Dravet syndrome (SCN1A mutation)	MONDO:0100135	Dravet syndrome	true	MONDO:0100135		false	
Dravet syndrome (SCN1A mutations)	MONDO:0100135	Dravet syndrome	true	MONDO:0100135		false	
Dravet syndrome (SCN1A-related epileptic encephalopathy)	MONDO:0100135	Dravet syndrome	true	MONDO:0100135		false	
Dravet syndrome (SCN1A-related)	MONDO:0100135	Dravet syndrome	true	MONDO:0100135		false	
Dravet syndrome (Severe Myoclonic Epilepsy of Infancy)	MONDO:0100135	Dravet syndrome	true	MONDO:0100135		false	
Duane-Radial Ray Syndrome (Okihiro Syndrome)	no match		false	no match		false	
Duane-Radial Ray syndrome	no match		false	no match	MONDO:0011812	true	false
Duane-Radial Ray syndrome (Okihiro syndrome)	no match		false	no match		false	
Duane-radial ray syndrome	no match		false	no match	MONDO:0011812	true	false
Duane-radial ray syndrome (Okihiro syndrome)	no match		false	no match		false	
Dubowitz Syndrome	no match		false	no match	MONDO:0009124	true	false
Dubowitz syndrome	no match		false	no match	MONDO:0009124	true	false
Duchenne Muscular Dystrophy	MONDO:0010679	Duchenne muscular dystrophy	true	MONDO:0010679	MONDO:0010679	true	true
Duchenne muscular dystrophy	MONDO:0010679	Duchenne muscular dystrophy	true	MONDO:0010679	MONDO:0010679	true	true
Duchenne muscular dystrophy (less likely due to later onset and survival to 39 years)	MONDO:0010679	Duchenne muscular dystrophy	true	MONDO:0010679		false	
Dunnigan-Type Familial Partial Lipodystrophy	no match		false	no match		false	
Dunnigan-type familial partial lipodystrophy (FPLD type 2)	no match		false	no match		false	
Duplication 15q11.2-q13.1 syndrome (Dup15q syndrome)	no match		false	no match		false	
Duplication 7q11.23 syndrome	no match		false	no match		false	
Dyggve-Melchior-Clausen Syndrome	no match		false	no match	MONDO:0009130	true	false
Dyggve-Melchior-Clausen syndrome	no match		false	no match	MONDO:0009130	true	false
Dysferlinopathy (Limb-Girdle Muscular Dystrophy type 2B)	no match		false	no match		false	
Dyskeratosis Congenita	MONDO:0015780	dyskeratosis congenita	true	MONDO:0015780	MONDO:0015780	true	true
Dyskeratosis congenita	MONDO:0015780	dyskeratosis congenita	true	MONDO:0015780	MONDO:0015780	true	true
Dysosteosclerosis	no match		false	no match	MONDO:0009138	true	false
Dysplasia of the Fibrous Sheath (DFS)	no match		false	no match		false	
Dystroglycanopathy	no match		false	no match	MONDO:0018282	true	false
Dystrophinopathies (e.g., Duchenne Muscular Dystrophy)	no match		false	no match		false	
Dystrophinopathy (Duchenne Muscular Dystrophy)	MONDO:0010679	Duchenne muscular dystrophy	true	MONDO:0010679		false	
EEC Syndrome (Ectrodactyly-Ectodermal Dysplasia-Cleft Lip/Palate Syndrome)	no match		false	no match		false	
EEC syndrome (Ectrodactyly-Ectodermal Dysplasia-Clefting syndrome)	no match		false	no match		false	
EEC syndrome (Ectrodactyly-ectodermal dysplasia-cleft lip/palate syndrome)	no match		false	no match		false	
ERF-related craniosynostosis	no match		false	no match	MONDO:0010929	true	false
Early Infantile Epileptic Encephalopathy	no match		false	no match	MONDO:0800491	true	false
Early Infantile Epileptic Encephalopathy (EIEE)	no match		false	no match		false	
Early Infantile Epileptic Encephalopathy (EIEE) due to other genetic mutations	no match		false	no match		false	
Early Infantile Epileptic Encephalopathy (KCNQ2-related epileptic encephalopathy)	no match		false	no match		false	
Early Infantile Epileptic Encephalopathy (KCNQ2-related)	no match		false	no match		false	
Early Infantile Epileptic Encephalopathy (Ohtahara Syndrome)	no match		false	no match		false	
Early Infantile Epileptic Encephalopathy (Ohtahara syndrome)	no match		false	no match		false	
Early Infantile Epileptic Encephalopathy (STXBP1-related)	no match		false	no match		false	
Early Infantile Epileptic Encephalopathy Type 7 (KCNQ2 encephalopathy)	no match		false	no match		false	
Early Infantile Epileptic Encephalopathy due to ARX Mutation	no match		false	no match		false	
Early Infantile Epileptic Encephalopathy due to ARX mutations	no match		false	no match		false	
Early Infantile Epileptic Encephalopathy due to STXBP1 mutation	no match		false	no match		false	
Early Infantile Epileptic Encephalopathy due to STXBP1 mutations	no match		false	no match		false	
Early Infantile Epileptic Encephalopathy of unknown etiology	no match		false	no match		false	
Early Myoclonic Encephalopathy	no match		false	no match	MONDO:0800491	true	false
Early Myoclonic Encephalopathy (EME)	no match		false	no match		false	
Early infantile epileptic encephalopathy	no match		false	no match	MONDO:0800491	true	false
Early infantile epileptic encephalopathy (EIEE)	no match		false	no match		false	
Early infantile epileptic encephalopathy (Ohtahara syndrome)	no match		false	no match		false	
Early infantile epileptic encephalopathy due to CDKL5 mutations	no match		false	no match		false	
Early infantile epileptic encephalopathy due to KCNT1 mutations	no match		false	no match		false	
Early infantile epileptic encephalopathy due to STXBP1 mutation	no match		false	no match		false	
Early infantile epileptic encephalopathy due to STXBP1 mutations	no match		false	no match		false	
Early infantile epileptic encephalopathy of unknown etiology	no match		false	no match		false	
Early infantile epileptic encephalopathy type 7 (KCNQ2-related epileptic encephalopathy)	no match		false	no match		false	
Early myoclonic encephalopathy	no match		false	no match	MONDO:0800491	true	false
Early myoclonic encephalopathy (EME)	no match		false	no match		false	
Early repolarization syndrome	no match		false	no match		false	
Early-Onset Absence Epilepsy	no match		false	no match		false	
Early-Onset Focal Epilepsy due to SCN2A Mutation	no match		false	no match		false	
Early-Onset Osteoarthritis and Osteochondritis Dissecans (COL9A3-related)	no match		false	no match		false	
Early-Onset Retinitis Pigmentosa	no match		false	no match		false	
Early-Onset Spinocerebellar Ataxia	no match		false	no match		false	
Early-onset Alzheimer's disease (familial type)	no match		false	no match		false	
Early-onset Hereditary Spastic Paraplegia	no match		false	no match		false	
Early-onset Parkinson disease (PARK2 mutations)	no match		false	no match		false	
Early-onset Parkinson's disease	no match		false	no match		false	
Early-onset Parkinson's disease (PARK2 mutations)	no match		false	no match		false	
Early-onset Parkinsonism due to PARK2 mutations	no match		false	no match		false	
Early-onset Spinocerebellar Ataxia (SCA)	no match		false	no match		false	
Early-onset familial Alzheimer's disease	no match		false	no match		false	
Early-onset monogenic SLE due to PRKCD mutation	no match		false	no match		false	
Early-onset multiple sclerosis	no match		false	no match		false	
Early-onset neuronal ceroid lipofuscinosis	no match		false	no match		false	
Early-onset osteoarthritis due to COL2A1 mutation	no match		false	no match		false	
Early-onset retinitis pigmentosa	no match		false	no match		false	
Early-onset spinocerebellar ataxia	no match		false	no match		false	
Early-stage retinitis pigmentosa	MONDO:0019200	retinitis pigmentosa	true	MONDO:0019200		false	
Ectodermal Dysplasia	MONDO:0019287	ectodermal dysplasia syndrome	true	MONDO:0019287	MONDO:0009773;MONDO:0019287	true	true
Ectodermal Dysplasia (e.g., Clouston syndrome)	MONDO:0019287	ectodermal dysplasia syndrome	true	MONDO:0019287		false	
Ectodermal Dysplasia with Aplasia of the Nipple	no match		false	no match		false	
Ectodermal Dysplasia, Hair/Nail Type	no match		false	no match		false	
Ectodermal dysplasia	MONDO:0019287	ectodermal dysplasia syndrome	true	MONDO:0019287	MONDO:0009773;MONDO:0019287	true	true
Ectodermal dysplasia syndromes	MONDO:0019287	ectodermal dysplasia syndrome	true	MONDO:0019287		false	
Ectodermal dysplasia with cardiomyopathy	no match		false	no match		false	
Ectopia Lentis et Pupillae	no match		false	no match	MONDO:0009153	true	false
Ectopia Lentis syndrome	no match		false	no match	MONDO:0015998	true	false
Ectopia lentis et pupillae	no match		false	no match	MONDO:0009153	true	false
Ectopia lentis syndrome	no match		false	no match	MONDO:0015998	true	false
Ectrodactyly-Ectodermal Dysplasia-Cleft Lip/Palate (EEC) Syndrome	no match		false	no match		false	
Ectrodactyly-Ectodermal Dysplasia-Cleft Lip/Palate (EEC) syndrome	no match		false	no match		false	
Ectrodactyly-Ectodermal Dysplasia-Clefting syndrome (EEC syndrome)	no match		false	no match		false	
Ectrodactyly-ectodermal dysplasia-cleft syndrome	no match		false	no match	MONDO:0010004	true	false
Edwards syndrome	no match		false	no match	MONDO:0018071	true	false
Edwards syndrome (Trisomy 18)	no match		false	no match		false	
Ehlers-Danlos Syndrome	MONDO:0020066	Ehlers-Danlos syndrome	true	MONDO:0020066	MONDO:0020066	true	true
Ehlers-Danlos Syndrome (Classical Type)	MONDO:0007522	Ehlers-Danlos syndrome, classic type	true	MONDO:0007522		false	
Ehlers-Danlos Syndrome (Vascular Type)	MONDO:0017314	Ehlers-Danlos syndrome, vascular type	true	MONDO:0017314		false	
Ehlers-Danlos Syndrome (hypermobility type)	MONDO:0007523	Ehlers-Danlos syndrome, hypermobility type	true	MONDO:0007523		false	
Ehlers-Danlos Syndrome (vascular type)	MONDO:0017314	Ehlers-Danlos syndrome, vascular type	true	MONDO:0017314		false	
Ehlers-Danlos Syndrome, Vascular Type	MONDO:0017314	Ehlers-Danlos syndrome, vascular type	true	MONDO:0017314	MONDO:0007524;MONDO:0017314	true	true
Ehlers-Danlos Syndrome, hypermobility type	MONDO:0007523	Ehlers-Danlos syndrome, hypermobility type	true	MONDO:0007523	MONDO:0007523	true	true
Ehlers-Danlos syndrome	MONDO:0020066	Ehlers-Danlos syndrome	true	MONDO:0020066	MONDO:0020066	true	true
Ehlers-Danlos syndrome (Classical type)	MONDO:0007522	Ehlers-Danlos syndrome, classic type	true	MONDO:0007522		false	
Ehlers-Danlos syndrome (EDS), classical type	MONDO:0007522	Ehlers-Danlos syndrome, classic type	true	MONDO:0007522		false	
Ehlers-Danlos syndrome (EDS), hypermobile type	MONDO:0007523	Ehlers-Danlos syndrome, hypermobility type	true	MONDO:0007523		false	
Ehlers-Danlos syndrome (Hypermobility type)	MONDO:0007523	Ehlers-Danlos syndrome, hypermobility type	true	MONDO:0007523		false	
Ehlers-Danlos syndrome (certain subtypes)	MONDO:0020066	Ehlers-Danlos syndrome	true	MONDO:0020066		false	
Ehlers-Danlos syndrome (certain types)	MONDO:0020066	Ehlers-Danlos syndrome	true	MONDO:0020066		false	
Ehlers-Danlos syndrome (classical or hypermobility types)	MONDO:0020066	Ehlers-Danlos syndrome	true	MONDO:0020066		false	
Ehlers-Danlos syndrome (classical type)	MONDO:0007522	Ehlers-Danlos syndrome, classic type	true	MONDO:0007522		false	
Ehlers-Danlos syndrome (dermatosparaxis type)	no match		false	no match		false	
Ehlers-Danlos syndrome (hypermobile type)	MONDO:0007523	Ehlers-Danlos syndrome, hypermobility type	true	MONDO:0007523		false	
Ehlers-Danlos syndrome (hypermobility type)	MONDO:0007523	Ehlers-Danlos syndrome, hypermobility type	true	MONDO:0007523		false	
Ehlers-Danlos syndrome (kyphoscoliotic type)	no match		false	no match		false	
Ehlers-Danlos syndrome (vascular type)	MONDO:0017314	Ehlers-Danlos syndrome, vascular type	true	MONDO:0017314		false	
Ehlers-Danlos syndrome type VIII (periodontal type)	no match		false	no match		false	
Ehlers-Danlos syndrome vascular type	MONDO:0017314	Ehlers-Danlos syndrome, vascular type	true	MONDO:0017314		false	
Ehlers-Danlos syndrome, Arthrochalasia type	no match		false	no match	MONDO:0007525	true	false
Ehlers-Danlos syndrome, Classical type	no match		false	no match		false	
Ehlers-Danlos syndrome, Hypermobile type	MONDO:0007523	Ehlers-Danlos syndrome, hypermobility type	true	MONDO:0007523	MONDO:0007523	true	true
Ehlers-Danlos syndrome, arthrochalasia type	no match		false	no match	MONDO:0007525	true	false
Ehlers-Danlos syndrome, classical type	no match		false	no match		false	
Ehlers-Danlos syndrome, hypermobile type	MONDO:0007523	Ehlers-Danlos syndrome, hypermobility type	true	MONDO:0007523	MONDO:0007523	true	true
Ehlers-Danlos syndrome, hypermobility type	MONDO:0007523	Ehlers-Danlos syndrome, hypermobility type	true	MONDO:0007523	MONDO:0007523	true	true
Ehlers-Danlos syndrome, hypermobility type (EDS Type III)	MONDO:0007523	Ehlers-Danlos syndrome, hypermobility type	true	MONDO:0007523		false	
Ehlers-Danlos syndrome, kyphoscoliosis type (Type VI)	no match		false	no match		false	
Ehlers-Danlos syndrome, kyphoscoliotic type	no match		false	no match	MONDO:0016002	true	false
Ehlers-Danlos syndrome, kyphoscoliotic type (EDS type VI)	no match		false	no match		false	
Ehlers-Danlos syndrome, progeroid type	no match		false	no match		false	
Ehlers-Danlos syndrome, vascular type	MONDO:0017314	Ehlers-Danlos syndrome, vascular type	true	MONDO:0017314	MONDO:0007524;MONDO:0017314	true	true
Ehlers-Danlos syndrome, vascular type (EDS Type IV)	MONDO:0017314	Ehlers-Danlos syndrome, vascular type	true	MONDO:0017314		false	
Ehlers-Danlos syndrome, vascular type (Type IV)	MONDO:0017314	Ehlers-Danlos syndrome, vascular type	true	MONDO:0017314		false	
Electrical Status Epilepticus in Sleep (ESES)	no match		false	no match		false	
Ellis-van Creveld Syndrome	MONDO:0009162	Ellis-van Creveld syndrome	true	MONDO:0009162	MONDO:0009162	true	true
Ellis-van Creveld syndrome	MONDO:0009162	Ellis-van Creveld syndrome	true	MONDO:0009162	MONDO:0009162	true	true
Ellis–van Creveld syndrome	MONDO:0009162	Ellis-van Creveld syndrome	true	MONDO:0009162		false	
Emanuel syndrome	no match		false	no match	MONDO:0012176	true	false
Emery-Dreifuss Muscular Dystrophy	MONDO:0016830	Emery-Dreifuss muscular dystrophy	true	MONDO:0016830	MONDO:0016830	true	true
Emery-Dreifuss Muscular Dystrophy (EDMD)	MONDO:0016830	Emery-Dreifuss muscular dystrophy	true	MONDO:0016830		false	
Emery-Dreifuss muscular dystrophy	MONDO:0016830	Emery-Dreifuss muscular dystrophy	true	MONDO:0016830	MONDO:0016830	true	true
Emery-Dreifuss muscular dystrophy (EDMD)	MONDO:0016830	Emery-Dreifuss muscular dystrophy	true	MONDO:0016830		false	
Enamel Renal Syndrome	no match		false	no match	MONDO:0008771	true	false
Enamel-Renal Syndrome	no match		false	no match	MONDO:0008771	true	false
Enamel-Renal Syndrome (ERS)	no match		false	no match		false	
Enamel-renal syndrome (Amelogenesis imperfecta-nephrocalcinosis syndrome)	no match		false	no match		false	
Encephalitis	MONDO:0019956	encephalitis	true	MONDO:0019956	MONDO:0019956	true	true
Enhanced S-Cone Syndrome	no match		false	no match	MONDO:0100288	true	false
Enhanced S-cone Syndrome	no match		false	no match	MONDO:0100288	true	false
Enhanced S-cone syndrome	no match		false	no match	MONDO:0100288	true	false
Enhanced S-cone syndrome (Goldmann-Favre syndrome)	no match		false	no match		false	
Eosinophilic Fasciitis (Shulman's Disease)	no match		false	no match		false	
Eosinophilic fasciitis	no match		false	no match	MONDO:0009175	true	false
Eosinophilic granulomatosis with polyangiitis	no match		false	no match	MONDO:0015943	true	false
Epidermolysis bullosa	MONDO:0006541	epidermolysis bullosa	true	MONDO:0006541	MONDO:0006541	true	true
Epidermolysis bullosa simplex	MONDO:0017610	epidermolysis bullosa simplex	true	MONDO:0017610	MONDO:0017610	true	true
Epidermolytic ichthyosis	no match		false	no match	MONDO:0007239	true	false
Epilepsy	MONDO:0005027	epilepsy	true	MONDO:0005027	MONDO:0005027	true	true
Epilepsy of Infancy with Migrating Focal Seizures	no match		false	no match	MONDO:0017385	true	false
Epilepsy of infancy with migrating focal seizures (KCNT1 mutations)	no match		false	no match		false	
Epilepsy with Continuous Spike and Wave during Slow Sleep (CSWS)	no match		false	no match		false	
Epilepsy with Eyelid Myoclonia (Jeavons Syndrome)	no match		false	no match		false	
Epilepsy with Myoclonic Absences	no match		false	no match	MONDO:0019487	true	false
Epilepsy with Myoclonic-Astatic Seizures (Doose Syndrome)	no match		false	no match		false	
Epilepsy with Myoclonic-Atonic Seizures (Doose Syndrome)	no match		false	no match		false	
Epilepsy with continuous spike and wave during slow sleep	no match		false	no match		false	
Epilepsy with continuous spike-and-wave during sleep (CSWS)	no match		false	no match		false	
Epilepsy with continuous spike-waves during slow sleep (CSWS)	no match		false	no match		false	
Epilepsy with myoclonic-atonic seizures	no match		false	no match	MONDO:0014633	true	false
Epileptic Encephalopathy with Continuous Spike-and-Wave during Sleep (CSWS syndrome)	no match		false	no match		false	
Epileptic Encephalopathy with Continuous Spike-and-Wave during Slow Sleep (CSWS)	no match		false	no match		false	
Epileptic encephalopathy	MONDO:0100062	developmental and epileptic encephalopathy	true	MONDO:0100062		false	
Epileptic encephalopathy due to CDKL5 mutations	MONDO:0010375	developmental and epileptic encephalopathy, 2	false	no match		false	
Epileptic encephalopathy with continuous spike-and-wave during slow sleep (CSWS)	no match		false	no match		false	
Epileptic encephalopathy, early infantile (EIEE)	MONDO:0100062	developmental and epileptic encephalopathy	true	MONDO:0100062		false	
Episodic Ataxia	no match		false	no match	MONDO:0016227	true	false
Episodic Ataxia Type 1	no match		false	no match	MONDO:0008047	true	false
Episodic Ataxia Type 2	no match		false	no match	MONDO:0007163	true	false
Episodic ataxia type 1	no match		false	no match	MONDO:0008047	true	false
Episodic ataxia type 2	no match		false	no match	MONDO:0007163	true	false
Episodic ataxia type 6	no match		false	no match	MONDO:0012982	true	false
Erythrokeratodermia variabilis	no match		false	no match	MONDO:0017851	true	false
Erythropoietic protoporphyria	no match		false	no match	MONDO:0001676;MONDO:0008319	true	false
Esophageal atresia	MONDO:0001044	esophageal atresia	true	MONDO:0001044	MONDO:0001044	true	true
Essential Myoclonus	no match		false	no match		false	
Essential thrombocythemia	MONDO:0005029	essential thrombocythemia	true	MONDO:0005029	MONDO:0005029	true	true
Evans Syndrome	no match		false	no match	MONDO:0016030	true	false
Evans syndrome	no match		false	no match	MONDO:0016030	true	false
Expressive language disorder	no match		false	no match	MONDO:0001276	true	false
FBXL4-related mitochondrial DNA depletion syndrome	no match		false	no match		false	
FBXL4-related mitochondrial disease	no match		false	no match		false	
FG Syndrome	no match		false	no match	MONDO:0002010	true	false
FG Syndrome (Opitz–Kaveggia Syndrome)	no match		false	no match		false	
FG Syndrome (Opitz–Kaveggia syndrome)	no match		false	no match		false	
FG syndrome	no match		false	no match	MONDO:0002010	true	false
FG syndrome (Opitz-Kaveggia syndrome)	no match		false	no match		false	
FG syndrome (Opitz–Kaveggia syndrome)	no match		false	no match		false	
FHONDA syndrome (Foveal Hypoplasia with Optic Nerve Decussation Defects and Anterior Nystagmus)	no match		false	no match		false	
FKRP-related congenital muscular dystrophy	no match		false	no match		false	
FLNA Mutation-Related Disorders	no match		false	no match		false	
FLNA-related Disorder	no match		false	no match		false	
FLNA-related periventricular nodular heterotopia	no match		false	no match		false	
FLNC-related cardiomyopathy	no match		false	no match		false	
FLNC-related dilated cardiomyopathy	no match		false	no match		false	
FMR1 premutation-associated conditions	no match		false	no match		false	
FOXE1 deficiency	no match		false	no match		false	
FOXG1 Syndrome	no match		false	no match	MONDO:0100040	true	false
FOXG1 syndrome	no match		false	no match	MONDO:0100040	true	false
FOXL2 gene mutation	no match		false	no match		false	
FOXN1 Deficiency	no match		false	no match	MONDO:0011132	true	false
FOXP1 syndrome	no match		false	no match	MONDO:0013352	true	false
FOXP1-related intellectual disability syndrome	no match		false	no match		false	
FOXP2-related speech and language disorder	no match		false	no match		false	
FREM1-related craniosynostosis	no match		false	no match		false	
Fabry Disease	MONDO:0010526	Fabry disease	true	MONDO:0010526	MONDO:0010526	true	true
Fabry disease	MONDO:0010526	Fabry disease	true	MONDO:0010526	MONDO:0010526	true	true
Facioscapulohumeral Muscular Dystrophy	no match		false	no match	MONDO:0001347	true	false
Facioscapulohumeral Muscular Dystrophy (FSHD)	MONDO:0020122	facioscapulohumeral muscular dystrophy	false	no match		false	
Facioscapulohumeral muscular dystrophy	MONDO:0020122	facioscapulohumeral muscular dystrophy	false	no match	MONDO:0001347	true	false
Facioscapuloperoneal muscular dystrophy	no match		false	no match		false	
Factor V Leiden Thrombophilia	no match		false	no match		false	
Factor V Leiden thrombophilia	no match		false	no match		false	
Factor V deficiency	no match		false	no match	MONDO:0020586	true	false
Factor VII deficiency	no match		false	no match	MONDO:0002244	true	false
Factor XI deficiency (Hemophilia C)	no match		false	no match		false	
Factor XIII deficiency	no match		false	no match	MONDO:0002241	true	false
Fahr's disease	no match		false	no match		false	
Fahr's disease (Familial Idiopathic Basal Ganglia Calcification)	no match		false	no match		false	
Familial Atrial Fibrillation	no match		false	no match	MONDO:0018054	true	false
Familial Atrial Septal Defect (GATA4 mutation)	no match		false	no match		false	
Familial Creutzfeldt-Jakob disease	no match		false	no match		false	
Familial Dysautonomia	MONDO:0009131	familial dysautonomia	true	MONDO:0009131	MONDO:0009131	true	true
Familial Dysautonomia (Riley-Day syndrome)	MONDO:0009131	familial dysautonomia	true	MONDO:0009131		false	
Familial Ectopia Lentis	no match		false	no match	MONDO:0015998	true	false
Familial Exudative Vitreoretinopathy	no match		false	no match	MONDO:0019516	true	false
Familial Focal Epilepsy with Variable Foci	no match		false	no match	MONDO:0020310	true	false
Familial Focal Epilepsy with Variable Foci (FFEVF)	no match		false	no match		false	
Familial Hemiplegic Migraine	no match		false	no match	MONDO:0000700	true	false
Familial Hemophagocytic Lymphohistiocytosis	MONDO:0015541	familial hemophagocytic lymphohistiocytosis	true	MONDO:0015541	MONDO:0009974;MONDO:0015540;MONDO:0015541	true	true
Familial Hiatal Hernia	no match		false	no match		false	
Familial High Hypermetropia (Hyperopia 1)	no match		false	no match		false	
Familial Hypercholesterolemia	MONDO:0005439	familial hypercholesterolemia	true	MONDO:0005439	MONDO:0005439	true	true
Familial Hyperopia	no match		false	no match		false	
Familial Hypomagnesemia with Hypercalciuria and Nephrocalcinosis	no match		false	no match		false	
Familial Hypomagnesemia with Hypercalciuria and Nephrocalcinosis (FHHNC)	no match		false	no match		false	
Familial Hypoparathyroidism	no match		false	no match	MONDO:0016390	true	false
Familial Isolated Hypoparathyroidism	no match		false	no match	MONDO:0016390	true	false
Familial Isolated Mitral Valve Prolapse	no match		false	no match		false	
Familial Mediterranean fever	MONDO:0018088	familial Mediterranean fever	true	MONDO:0018088	MONDO:0009572;MONDO:0018088	true	true
Familial Multiple Lipomatosis	no match		false	no match	MONDO:0007909	true	false
Familial Osteochondritis Dissecans (ACAN-related)	no match		false	no match		false	
Familial Partial Lipodystrophy (Dunnigan Type)	no match		false	no match		false	
Familial Partial Lipodystrophy (Dunnigan type)	no match		false	no match		false	
Familial Partial Lipodystrophy Type 1 (Köbberling Type)	no match		false	no match		false	
Familial Partial Lipodystrophy Type 2	no match		false	no match	MONDO:0007906	true	false
Familial Partial Lipodystrophy Type 2 (Dunnigan Disease)	no match		false	no match		false	
Familial Partial Lipodystrophy Type 2 (Dunnigan Variety)	no match		false	no match		false	
Familial Partial Lipodystrophy Type 2 (Dunnigan-Type)	no match		false	no match		false	
Familial Partial Lipodystrophy Type 2 (Dunnigan-type)	no match		false	no match		false	
Familial Partial Lipodystrophy Type 3	no match		false	no match	MONDO:0011448	true	false
Familial Partial Lipodystrophy Type 3 (PPARG Mutation)	no match		false	no match		false	
Familial Partial Lipodystrophy due to PPARG mutations	no match		false	no match		false	
Familial Partial Lipodystrophy type 2 (Dunnigan-type)	no match		false	no match		false	
Familial Partial Lipodystrophy type 2 (FPLD2)	no match		false	no match		false	
Familial Partial Lipodystrophy type 3	no match		false	no match	MONDO:0011448	true	false
Familial Partial Lipodystrophy type 3 (FPLD3)	no match		false	no match		false	
Familial Progressive Cardiac Conduction Defect	no match		false	no match		false	
Familial Progressive Cardiac Conduction Defect (Lenègre-Lev Disease)	no match		false	no match		false	
Familial Progressive Cardiac Conduction Defect (PCCD)	no match		false	no match		false	
Familial Pulmonary Fibrosis due to TERT mutation	no match		false	no match		false	
Familial Short QT Syndrome	no match		false	no match		false	
Familial Sick Sinus Syndrome	no match		false	no match	MONDO:0012061	true	false
Familial Sinus Bradycardia	no match		false	no match		false	
Familial Sinus Node Dysfunction	no match		false	no match	MONDO:0012061	true	false
Familial Spastic Paraparesis	MONDO:0019064	hereditary spastic paraplegia	true	MONDO:0019064	MONDO:0019064	true	true
Familial Thoracic Aortic Aneurysm Syndrome	MONDO:0019625	familial thoracic aortic aneurysm and aortic dissection	true	MONDO:0019625		false	
Familial Thoracic Aortic Aneurysm and Dissection	MONDO:0019625	familial thoracic aortic aneurysm and aortic dissection	true	MONDO:0019625		false	
Familial Thoracic Aortic Aneurysm and Dissection (FTAAD)	MONDO:0019625	familial thoracic aortic aneurysm and aortic dissection	true	MONDO:0019625		false	
Familial Thoracic Aortic Aneurysm and Dissection (FTAAD) syndrome	MONDO:0019625	familial thoracic aortic aneurysm and aortic dissection	true	MONDO:0019625		false	
Familial Thoracic Aortic Aneurysm and Dissection (TAAD)	MONDO:0019625	familial thoracic aortic aneurysm and aortic dissection	true	MONDO:0019625		false	
Familial Thoracic Aortic Aneurysm and Dissection (TAAD) due to ACTA2 mutations	no match		false	no match		false	
Familial Thoracic Aortic Aneurysm and Dissections	MONDO:0019625	familial thoracic aortic aneurysm and aortic dissection	true	MONDO:0019625		false	
Familial adenomatous polyposis	MONDO:0021056	familial adenomatous polyposis	false	no match	MONDO:0021055	true	false
Familial amyloid polyneuropathy	no match		false	no match	MONDO:0007100	true	false
Familial atrial fibrillation	no match		false	no match	MONDO:0018054	true	false
Familial atrial fibrillation due to NPPA gene mutation	no match		false	no match		false	
Familial atrial septal defect with atrioventricular conduction defects (NKX2-5 mutation)	no match		false	no match		false	
Familial atrioventricular block due to TRPM4 gene mutations	no match		false	no match		false	
Familial chilblain lupus (TREX1 mutation)	no match		false	no match		false	
Familial dilated cardiomyopathy	MONDO:0016333	familial isolated dilated cardiomyopathy	false	no match	MONDO:0005021;MONDO:0016333	true	false
Familial dilated cardiomyopathy (TTN gene mutations)	no match		false	no match		false	
Familial dilated cardiomyopathy (genetic causes)	no match		false	no match		false	
Familial dilated cardiomyopathy (other genetic causes)	no match		false	no match		false	
Familial dilated cardiomyopathy due to SCN5A mutations	no match		false	no match		false	
Familial dilated cardiomyopathy due to TTN mutations	no match		false	no match		false	
Familial dysautonomia	MONDO:0009131	familial dysautonomia	true	MONDO:0009131	MONDO:0009131	true	true
Familial dysautonomia (Riley-Day syndrome)	MONDO:0009131	familial dysautonomia	true	MONDO:0009131		false	
Familial ectopia lentis	no match		false	no match	MONDO:0015998	true	false
Familial exudative vitreoretinopathy	MONDO:0019516	familial exudative vitreoretinopathy	true	MONDO:0019516	MONDO:0019516	true	true
Familial exudative vitreoretinopathy (FEVR)	MONDO:0019516	familial exudative vitreoretinopathy	true	MONDO:0019516		false	
Familial hemiplegic migraine	no match		false	no match	MONDO:0000700	true	false
Familial hemiplegic migraine type 1	no match		false	no match	MONDO:0020756	true	false
Familial hemophagocytic lymphohistiocytosis	MONDO:0015541	familial hemophagocytic lymphohistiocytosis	true	MONDO:0015541	MONDO:0009974;MONDO:0015540;MONDO:0015541	true	true
Familial hemophagocytic lymphohistiocytosis (FHL)	MONDO:0015541	familial hemophagocytic lymphohistiocytosis	true	MONDO:0015541		false	
Familial high hyperopia	no match		false	no match		false	
Familial high myopia (MYP1)	no match		false	no match		false	
Familial hypercholesterolemia	MONDO:0005439	familial hypercholesterolemia	true	MONDO:0005439	MONDO:0005439	true	true
Familial hyperopia with amblyopia	no match		false	no match		false	
Familial hypertrophic cardiomyopathy	MONDO:0024573	familial hypertrophic cardiomyopathy	true	MONDO:0024573	MONDO:0005045;MONDO:0024573	true	true
Familial hypomagnesemia with hypercalciuria and nephrocalcinosis	no match		false	no match		false	
Familial hypomagnesemia with hypercalciuria and nephrocalcinosis (FHHNC)	no match		false	no match		false	
Familial hypomagnesemia with secondary hypocalcemia (HSH)	no match		false	no match		false	
Familial isolated atrial septal defect	no match		false	no match		false	
Familial isolated ectopia lentis	no match		false	no match		false	
Familial juvenile hyperuricemic nephropathy (FJHN)	no match		false	no match		false	
Familial left ventricular noncompaction cardiomyopathy	no match		false	no match		false	
Familial microcephaly	no match		false	no match		false	
Familial microspherophakia	no match		false	no match		false	
Familial multiple lipomatosis	no match		false	no match	MONDO:0007909	true	false
Familial neonatal-infantile seizures	no match		false	no match		false	
Familial partial lipodystrophy	no match		false	no match	MONDO:0020088	true	false
Familial partial lipodystrophy (Dunnigan type)	no match		false	no match		false	
Familial partial lipodystrophy type 1	no match		false	no match	MONDO:0012072	true	false
Familial partial lipodystrophy type 2 (Dunnigan type)	no match		false	no match		false	
Familial partial lipodystrophy type 2 (Dunnigan-type lipodystrophy)	no match		false	no match		false	
Familial partial lipodystrophy type 2 (Dunnigan-type)	no match		false	no match		false	
Familial partial lipodystrophy type 3	no match		false	no match	MONDO:0011448	true	false
Familial partial lipodystrophy type 4	no match		false	no match	MONDO:0013478	true	false
Familial platelet disorder with predisposition to acute myeloid leukemia (RUNX1 mutation)	no match		false	no match		false	
Familial platelet disorder with predisposition to myeloid malignancy (RUNX1 mutation)	no match		false	no match		false	
Familial progressive cardiac conduction defect	no match		false	no match		false	
Familial renal glycosuria	no match		false	no match		false	
Familial sick sinus syndrome	no match		false	no match	MONDO:0012061	true	false
Familial tall stature	no match		false	no match		false	
Familial thoracic aortic aneurysm	no match		false	no match		false	
Familial thoracic aortic aneurysm and dissection	no match		false	no match		false	
Familial thoracic aortic aneurysm and dissection (FTAAD)	no match		false	no match		false	
Familial thoracic aortic aneurysm and dissection (TAAD)	no match		false	no match		false	
Familial thoracic aortic aneurysm and dissection (TAAD) syndrome	no match		false	no match		false	
Familial thoracic aortic aneurysm and dissection syndrome	no match		false	no match		false	
Familial thoracic aortic aneurysm and dissection syndromes	no match		false	no match		false	
Familial thoracic aortic aneurysm syndrome	no match		false	no match		false	
Familial transthyretin amyloidosis	no match		false	no match		false	
Familial truncus arteriosus due to NOTCH1 gene mutations	no match		false	no match		false	
Fanconi Anemia	MONDO:0019391	Fanconi anemia	true	MONDO:0019391	MONDO:0019391	true	true
Fanconi Syndrome	MONDO:0001083	Fanconi syndrome	true	MONDO:0001083	MONDO:0001083	true	true
Fanconi anemia	MONDO:0019391	Fanconi anemia	true	MONDO:0019391	MONDO:0019391	true	true
Fanconi syndrome	MONDO:0001083	Fanconi syndrome	true	MONDO:0001083	MONDO:0001083	true	true
Fanconi-Bickel Syndrome	MONDO:0009287	Fanconi-Bickel syndrome	false	no match	MONDO:0009216	true	false
Fanconi-Bickel syndrome	MONDO:0009287	Fanconi-Bickel syndrome	false	no match	MONDO:0009216	true	false
Farber Disease	no match		false	no match	MONDO:0009218	true	false
Farber disease	MONDO:0009214	Farber lipogranulomatosis	false	no match	MONDO:0009218	true	false
Fatty Acid Hydroxylase-associated Neurodegeneration (FAHN)	no match		false	no match		false	
Fatty Acid Oxidation Disorders	no match		false	no match		false	
Fatty acid hydroxylase-associated neurodegeneration	no match		false	no match	MONDO:0017999	true	false
Fatty acid oxidation disorder (e.g., VLCAD deficiency)	no match		false	no match		false	
Fatty acid oxidation disorders	no match		false	no match		false	
Fatty acid oxidation disorders (e.g., MCAD deficiency)	no match		false	no match		false	
Febrile infection-related epilepsy syndrome (FIRES)	no match		false	no match	MONDO:0015584	true	false
Febrile seizures	no match		false	no match		false	
Fechtner syndrome	no match		false	no match	MONDO:0015912	true	false
Feingold syndrome	no match		false	no match	MONDO:0015267	true	false
Ferguson-Smith disease	no match		false	no match	MONDO:0007566	true	false
Ferguson-Smith disease (Familial multiple self-healing squamous epithelioma)	no match		false	no match		false	
Ferguson-Smith disease (Multiple Self-Healing Squamous Epithelioma)	no match		false	no match		false	
Ferguson-Smith disease (Multiple Self-healing Squamous Epithelioma)	no match		false	no match		false	
Ferguson-Smith syndrome	no match		false	no match	MONDO:0007566	true	false
Fetal Alcohol Spectrum Disorder	no match		false	no match	MONDO:0000408	true	false
Fetal Alcohol Spectrum Disorder (FASD)	no match		false	no match		false	
Fetal Alcohol Syndrome	no match		false	no match	MONDO:0000408;MONDO:0016011	true	false
Fetal Valproate Syndrome	no match		false	no match	MONDO:0012275	true	false
Fetal alcohol spectrum disorder	no match		false	no match	MONDO:0000408	true	false
Fetal alcohol spectrum disorders	no match		false	no match	MONDO:0000408;MONDO:0016011	true	false
Fetal alcohol syndrome	no match		false	no match	MONDO:0000408;MONDO:0016011	true	false
Fibrodysplasia ossificans progressiva	MONDO:0007606	fibrodysplasia ossificans progressiva	true	MONDO:0007606	MONDO:0003964;MONDO:0007606	true	true
Fibromuscular Dysplasia	no match		false	no match	MONDO:0006761	true	false
Fibromuscular dysplasia	no match		false	no match	MONDO:0006761	true	false
Fibrous dysplasia	no match		false	no match	MONDO:0000845	true	false
Fibular hemimelia syndrome	no match		false	no match		false	
Filamin C-related cardiomyopathy	no match		false	no match		false	
Floating-Harbor Syndrome	no match		false	no match	MONDO:0007621	true	false
Floating-Harbor syndrome	no match		false	no match	MONDO:0007621	true	false
Focal Cortical Dysplasia	no match		false	no match		false	
Focal Cortical Dysplasia Type IIb	no match		false	no match		false	
Focal Dermal Hypoplasia (Goltz Syndrome)	MONDO:0010592	focal dermal hypoplasia	true	MONDO:0010592		false	
Focal acral hyperkeratosis	no match		false	no match	MONDO:0017677	true	false
Focal cortical dysplasia	no match		false	no match		false	
Focal cortical dysplasia Type II due to MTOR mutation	no match		false	no match		false	
Foetal Alcohol Spectrum Disorder	no match		false	no match		false	
Folate receptor alpha deficiency	no match		false	no match		false	
Food protein-induced enteropathy	no match		false	no match		false	
Foveal Hypoplasia	no match		false	no match	MONDO:0044203	true	false
Foveal hypoplasia	no match		false	no match	MONDO:0044203	true	false
Foveal hypoplasia due to PAX6 mutation	no match		false	no match		false	
Fragile X Syndrome	MONDO:0010383	fragile X syndrome	true	MONDO:0010383	MONDO:0010383	true	true
Fragile X Syndrome (Female)	MONDO:0010383	fragile X syndrome	true	MONDO:0010383		false	
Fragile X syndrome	MONDO:0010383	fragile X syndrome	true	MONDO:0010383	MONDO:0010383	true	true
Fragile X syndrome (severe cases)	MONDO:0010383	fragile X syndrome	true	MONDO:0010383		false	
Fragile X-associated Tremor/Ataxia Syndrome (FXTAS)	MONDO:0010382	fragile X-associated tremor/ataxia syndrome	true	MONDO:0010382		false	
Fragile X-associated primary ovarian insufficiency	no match		false	no match	MONDO:0010706	true	false
Fragile X-associated primary ovarian insufficiency (FXPOI)	no match		false	no match		false	
Fragile X-associated tremor/ataxia syndrome	MONDO:0010382	fragile X-associated tremor/ataxia syndrome	true	MONDO:0010382	MONDO:0010382	true	true
Fragile X-associated tremor/ataxia syndrome (FXTAS)	MONDO:0010382	fragile X-associated tremor/ataxia syndrome	true	MONDO:0010382		false	
Fraser syndrome	no match		false	no match	MONDO:0009046	true	false
Frasier syndrome	no match		false	no match	MONDO:0007635	true	false
Freeman-Sheldon Syndrome	no match		false	no match	MONDO:0008675	true	false
Freeman-Sheldon syndrome	no match		false	no match	MONDO:0008675	true	false
Friedreich Ataxia	no match		false	no match	MONDO:0100339;MONDO:0100340	true	false
Friedreich ataxia	no match		false	no match	MONDO:0100339;MONDO:0100340	true	false
Friedreich's Ataxia	no match		false	no match	MONDO:0100339	true	false
Friedreich's ataxia	no match		false	no match	MONDO:0100339	true	false
Friedreich's ataxia (late-onset type)	no match		false	no match		false	
Friedreich's ataxia (late-onset)	no match		false	no match		false	
Friedrich ataxia	no match		false	no match		false	
Frontometaphyseal Dysplasia	no match		false	no match	MONDO:0015942	true	false
Frontometaphyseal dysplasia	no match		false	no match	MONDO:0015942	true	false
Frontonasal dysplasia	no match		false	no match	MONDO:0016643	true	false
Frontotemporal Dementia	MONDO:0017276	frontotemporal dementia	true	MONDO:0017276	MONDO:0010857;MONDO:0017276	true	true
Frontotemporal dementia	MONDO:0017276	frontotemporal dementia	true	MONDO:0017276	MONDO:0010857;MONDO:0017276	true	true
Frontotemporal dementia with parkinsonism linked to chromosome 17	no match		false	no match		false	
Fructose 1,6-bisphosphatase deficiency	no match		false	no match		false	
Fructose-1,6-bisphosphatase Deficiency	no match		false	no match	MONDO:0009251	true	false
Fructose-1,6-bisphosphatase deficiency	no match		false	no match	MONDO:0009251	true	false
Fryns syndrome	no match		false	no match	MONDO:0009253	true	false
Fuchs Endothelial Corneal Dystrophy	no match		false	no match		false	
Fuchs endothelial corneal dystrophy	no match		false	no match		false	
Fuchs' endothelial corneal dystrophy	no match		false	no match		false	
Fuhrmann syndrome	no match		false	no match	MONDO:0009232	true	false
Fukuyama Congenital Muscular Dystrophy	no match		false	no match	MONDO:0009678	true	false
Fukuyama congenital muscular dystrophy	no match		false	no match	MONDO:0009678	true	false
Fumarase deficiency	no match		false	no match	MONDO:0011730	true	false
Fundus Albipunctatus	no match		false	no match	MONDO:0007639;MONDO:0100443;MONDO:0100444	true	false
Fundus albipunctatus	no match		false	no match	MONDO:0007639;MONDO:0100443;MONDO:0100444	true	false
G6PD Deficiency	MONDO:0005775	G6PD deficiency	true	MONDO:0005775	MONDO:0005775;MONDO:0040671	true	true
G6PD deficiency	MONDO:0005775	G6PD deficiency	true	MONDO:0005775	MONDO:0005775;MONDO:0040671	true	true
GABA transporter type 1 deficiency	no match		false	no match		false	
GABA-transaminase deficiency	no match		false	no match		false	
GATA1-related thrombocytopenia	no match		false	no match		false	
GATA2 deficiency	no match		false	no match	MONDO:0042982	true	false
GATA2 deficiency (MonoMAC syndrome)	no match		false	no match		false	
GATA4-related congenital heart disease	no match		false	no match		false	
GATAD2B-related intellectual disability	no match		false	no match		false	
GCK-MODY (MODY 2)	no match		false	no match		false	
GJA5-related cardiac conduction disease	no match		false	no match		false	
GJB2-related nonsyndromic sensorineural hearing loss	no match		false	no match		false	
GJB6-related nonsyndromic sensorineural hearing loss	no match		false	no match		false	
GLI2-related holoprosencephaly	no match		false	no match		false	
GLUT1 Deficiency Syndrome	MONDO:0000188	GLUT1 deficiency syndrome	true	MONDO:0000188	MONDO:0000188;MONDO:0011724	true	true
GLUT1 deficiency syndrome	MONDO:0000188	GLUT1 deficiency syndrome	true	MONDO:0000188	MONDO:0000188;MONDO:0011724	true	true
GM1 Gangliosidosis Type I	no match		false	no match		false	
GM1 gangliosidosis	MONDO:0018149	GM1 gangliosidosis	true	MONDO:0018149	MONDO:0018149	true	true
GM1 gangliosidosis Type I (infantile form)	no match		false	no match		false	
GM1 gangliosidosis type 1 (infantile form)	no match		false	no match		false	
GM1 gangliosidosis type I	no match		false	no match		false	
GM1 gangliosidosis type II (juvenile form)	no match		false	no match		false	
GM2 gangliosidosis	no match		false	no match	MONDO:0017720	true	false
GM2 gangliosidosis (Tay-Sachs disease)	MONDO:0010100	Tay-Sachs disease	true	MONDO:0010100		false	
GMPPB-related congenital disorder of glycosylation (CDG)	no match		false	no match		false	
GNAO1-related epileptic encephalopathy	no match		false	no match		false	
GNAO1-related neurodevelopmental disorder	no match		false	no match		false	
GNE myopathy (hereditary inclusion body myopathy)	no match		false	no match		false	
GPR56-Related Polymicrogyria	no match		false	no match		false	
GPR56-related bilateral frontoparietal polymicrogyria	no match		false	no match		false	
GPR56-related polymicrogyria	no match		false	no match		false	
GRACILE syndrome	no match		false	no match	MONDO:0011308	true	false
GRIN2A-Related Epileptic Encephalopathy	no match		false	no match		false	
GRIN2A-related Epileptic Encephalopathy	no match		false	no match		false	
GRIN2A-related disorder	no match		false	no match		false	
GRIN2A-related epilepsy	no match		false	no match		false	
GRIN2A-related epilepsy-aphasia spectrum disorder	no match		false	no match		false	
GRIN2A-related epilepsy-aphasia syndrome	no match		false	no match		false	
GRIN2A-related epileptic encephalopathy	no match		false	no match		false	
GRIN2B-Related Neurodevelopmental Disorder	no match		false	no match	MONDO:0013509	true	false
GRIN2B-related neurodevelopmental disorder	no match		false	no match	MONDO:0013509	true	false
GTP cyclohydrolase I deficiency	no match		false	no match	MONDO:0100184	true	false
Gabriele-de Vries syndrome	no match		false	no match		false	
Galactosemia	no match		false	no match	MONDO:0018116	true	false
Galactosialidosis	MONDO:0009737	galactosialidosis	true	MONDO:0009737	MONDO:0009737	true	true
Galloway-Mowat Syndrome	no match		false	no match	MONDO:0009627	true	false
Galloway-Mowat syndrome	no match		false	no match	MONDO:0009627	true	false
Gastroesophageal reflux disease (GERD)	MONDO:0007186	gastroesophageal reflux disease	true	MONDO:0007186		false	
Gaucher Disease	MONDO:0018150	Gaucher disease	true	MONDO:0018150	MONDO:0018150	true	true
Gaucher disease	MONDO:0018150	Gaucher disease	true	MONDO:0018150	MONDO:0018150	true	true
Gaucher disease Type 3	MONDO:0009267	Gaucher disease type III	true	MONDO:0009267		false	
Gaucher disease Type II	MONDO:0009266	Gaucher disease type II	true	MONDO:0009266	MONDO:0009266	true	true
Gaucher disease type 2	MONDO:0009266	Gaucher disease type II	true	MONDO:0009266		false	
Gaucher disease type 3	MONDO:0009267	Gaucher disease type III	true	MONDO:0009267		false	
Gaucher disease type II	MONDO:0009266	Gaucher disease type II	true	MONDO:0009266	MONDO:0009266	true	true
Geleophysic dysplasia	no match		false	no match	MONDO:0000127	true	false
Generalized Epilepsy with Febrile Seizures Plus (GEFS+)	no match		false	no match		false	
Generalized Eruptive Keratoacanthoma of Grzybowski	no match		false	no match		false	
Generalized Eruptive Keratoacanthomas (Grzybowski Syndrome)	no match		false	no match		false	
Generalized epilepsy with febrile seizures plus (GEFS+)	no match		false	no match		false	
Generalized eruptive keratoacanthomas	no match		false	no match		false	
Generalized eruptive keratoacanthomas (Grzybowski syndrome)	no match		false	no match		false	
Generalized eruptive keratoacanthomas of Grzybowski	no match		false	no match	MONDO:0018471	true	false
Generalized lymphatic dysplasia	no match		false	no match		false	
Generalized morphea	no match		false	no match		false	
Genetic Epilepsy	no match		false	no match		false	
Genetic Epilepsy with Febrile Seizures Plus (GEFS+)	no match		false	no match		false	
Genetic Epilepsy with Myoclonic Absences	no match		false	no match		false	
Genetic Focal Epilepsy due to DEPDC5 Mutation	no match		false	no match		false	
Genetic epilepsy with febrile seizures plus (GEFS+)	no match		false	no match		false	
Genetic epileptic encephalopathies	no match		false	no match		false	
Genetic generalized epilepsy	no match		false	no match	MONDO:0100575	true	false
Genitopatellar syndrome	no match		false	no match	MONDO:0011640	true	false
Geroderma Osteodysplastica	no match		false	no match	MONDO:0009271	true	false
Geroderma Osteodysplasticum	no match		false	no match	MONDO:0009271	true	false
Geroderma osteodysplastica	no match		false	no match	MONDO:0009271	true	false
Geroderma osteodysplasticum	no match		false	no match	MONDO:0009271	true	false
Gerodermia Osteodysplastica	no match		false	no match		false	
Gerodermia osteodysplastica	no match		false	no match		false	
Gerstmann-Sträussler-Scheinker syndrome	no match		false	no match		false	
Giant Axonal Neuropathy	no match		false	no match	MONDO:0000128	true	false
Giant axonal neuropathy	no match		false	no match	MONDO:0000128	true	false
Gitelman Syndrome	no match		false	no match	MONDO:0009904	true	false
Gitelman syndrome	no match		false	no match	MONDO:0009904	true	false
Glanzmann thrombasthenia	no match		false	no match	MONDO:0100326	true	false
Glaucoma	MONDO:0005041	glaucoma	true	MONDO:0005041	MONDO:0005041	true	true
Globozoospermia	no match		false	no match		false	
Glucose Transporter Type 1 Deficiency Syndrome	MONDO:0000188	GLUT1 deficiency syndrome	true	MONDO:0000188	MONDO:0011724	true	false
Glucose transporter type 1 (GLUT1) deficiency syndrome	MONDO:0000188	GLUT1 deficiency syndrome	true	MONDO:0000188		false	
Glucose transporter type 1 deficiency syndrome	MONDO:0000188	GLUT1 deficiency syndrome	true	MONDO:0000188	MONDO:0011724	true	false
Glucose transporter type 1 deficiency syndrome (GLUT1 deficiency)	MONDO:0000188	GLUT1 deficiency syndrome	true	MONDO:0000188		false	
Glucose transporter type 1 deficiency syndrome (SLC2A1 deficiency)	MONDO:0000188	GLUT1 deficiency syndrome	true	MONDO:0000188		false	
Glucose transporter type 1 deficiency syndrome (SLC2A1 mutation)	MONDO:0000188	GLUT1 deficiency syndrome	true	MONDO:0000188		false	
Glucose-6-phosphate dehydrogenase (G6PD) deficiency	no match		false	no match		false	
Glut1 deficiency syndrome	MONDO:0000188	GLUT1 deficiency syndrome	true	MONDO:0000188	MONDO:0000188;MONDO:0011724	true	true
Glutaric Acidemia Type I	MONDO:0009281	glutaryl-CoA dehydrogenase deficiency	true	MONDO:0009281	MONDO:0009281	true	true
Glutaric Aciduria Type I	MONDO:0009281	glutaryl-CoA dehydrogenase deficiency	true	MONDO:0009281		false	
Glutaric acidemia Type I	MONDO:0009281	glutaryl-CoA dehydrogenase deficiency	true	MONDO:0009281	MONDO:0009281	true	true
Glutaric acidemia type I	MONDO:0009281	glutaryl-CoA dehydrogenase deficiency	true	MONDO:0009281	MONDO:0009281	true	true
Glutaric acidemia type II	MONDO:0009282	multiple acyl-CoA dehydrogenase deficiency	true	MONDO:0009282	MONDO:0009282	true	true
Glutaric acidemia type II (Multiple Acyl-CoA Dehydrogenase Deficiency)	MONDO:0009282	multiple acyl-CoA dehydrogenase deficiency	true	MONDO:0009282		false	
Glutaric acidemia type II (Multiple acyl-CoA dehydrogenase deficiency)	MONDO:0009282	multiple acyl-CoA dehydrogenase deficiency	true	MONDO:0009282		false	
Glutaric aciduria type 1	MONDO:0009281	glutaryl-CoA dehydrogenase deficiency	true	MONDO:0009281	MONDO:0009281	true	true
Glutaric aciduria type I	MONDO:0009281	glutaryl-CoA dehydrogenase deficiency	true	MONDO:0009281		false	
Glutaric aciduria type II	MONDO:0009282	multiple acyl-CoA dehydrogenase deficiency	true	MONDO:0009282	MONDO:0009282	true	true
Glycine Encephalopathy	no match		false	no match	MONDO:0011612	true	false
Glycine encephalopathy	no match		false	no match	MONDO:0011612	true	false
Glycine encephalopathy (Non-ketotic hyperglycinemia)	no match		false	no match		false	
Glycine encephalopathy (Nonketotic hyperglycinemia)	no match		false	no match		false	
Glycine encephalopathy (non-ketotic hyperglycinemia)	no match		false	no match		false	
Glycine encephalopathy (nonketotic hyperglycinemia)	no match		false	no match		false	
Glycogen Storage Disease Type I	no match		false	no match	MONDO:0002413	true	false
Glycogen Storage Disease Type I (Von Gierke Disease)	no match		false	no match		false	
Glycogen Storage Disease Type II (Pompe Disease)	MONDO:0009290	glycogen storage disease II	true	MONDO:0009290		false	
Glycogen Storage Disease Type II (Pompe disease)	MONDO:0009290	glycogen storage disease II	true	MONDO:0009290		false	
Glycogen Storage Disease Type III (Cori disease)	MONDO:0009291	glycogen storage disease III	true	MONDO:0009291		false	
Glycogen Storage Disease Type IV (Andersen Disease)	MONDO:0009292	glycogen storage disease IV	true	MONDO:0009292		false	
Glycogen Storage Disease Type Ib	no match		false	no match	MONDO:0009288	true	false
Glycogen storage disease Type I	no match		false	no match	MONDO:0002413	true	false
Glycogen storage disease Type I (Von Gierke disease)	no match		false	no match		false	
Glycogen storage disease type I	no match		false	no match	MONDO:0002413	true	false
Glycogen storage disease type I (Von Gierke disease)	no match		false	no match		false	
Glycogen storage disease type I (von Gierke disease)	no match		false	no match		false	
Glycogen storage disease type II (Pompe disease)	MONDO:0009290	glycogen storage disease II	true	MONDO:0009290		false	
Glycogen storage disease type III	MONDO:0009291	glycogen storage disease III	true	MONDO:0009291	MONDO:0009291	true	true
Glycogen storage disease type III (Cori disease)	MONDO:0009291	glycogen storage disease III	true	MONDO:0009291		false	
Glycogen storage disease type IV (Andersen disease)	MONDO:0009292	glycogen storage disease IV	true	MONDO:0009292		false	
Glycogen storage disease type V (McArdle disease)	MONDO:0009293	glycogen storage disease V	true	MONDO:0009293		false	
Glycogen storage disease type VII (Tarui disease)	no match		false	no match		false	
Goldberg-Shprintzen Syndrome	no match		false	no match	MONDO:0012280	true	false
Goldenhar Syndrome	no match		false	no match	MONDO:0015397	true	false
Goldenhar Syndrome (Oculo-Auriculo-Vertebral Spectrum)	no match		false	no match		false	
Goldenhar syndrome	no match		false	no match	MONDO:0015397	true	false
Goldenhar syndrome (Oculo-auriculo-vertebral spectrum)	no match		false	no match		false	
Goldenhar syndrome (Oculoauriculovertebral spectrum)	no match		false	no match		false	
Goldenhar syndrome (oculo-auriculo-vertebral spectrum)	no match		false	no match		false	
Goldenhar syndrome (oculoauriculovertebral spectrum)	no match		false	no match		false	
Goldmann-Favre Syndrome	no match		false	no match	MONDO:0100289	true	false
Goldmann-Favre syndrome (enhanced S-cone syndrome)	no match		false	no match		false	
Good Syndrome	no match		false	no match	MONDO:0015696	true	false
Good's Syndrome (Thymoma-associated Immunodeficiency)	no match		false	no match		false	
Good's syndrome	no match		false	no match		false	
Gordon Holmes syndrome	no match		false	no match	MONDO:0008935	true	false
Gordon syndrome	no match		false	no match	MONDO:0007252	true	false
Gorham-Stout disease	no match		false	no match	MONDO:0007414	true	false
Gorlin syndrome	MONDO:0007187	nevoid basal cell carcinoma syndrome	true	MONDO:0007187	MONDO:0007187	true	true
Gorlin syndrome (Nevoid Basal Cell Carcinoma Syndrome)	MONDO:0007187	nevoid basal cell carcinoma syndrome	true	MONDO:0007187		false	
Gorlin syndrome (Nevoid basal cell carcinoma syndrome)	MONDO:0007187	nevoid basal cell carcinoma syndrome	true	MONDO:0007187		false	
Gorlin syndrome (nevoid basal cell carcinoma syndrome)	MONDO:0007187	nevoid basal cell carcinoma syndrome	true	MONDO:0007187		false	
Gorlin-Chaudhry-Moss syndrome	no match		false	no match	MONDO:0012853	true	false
Granular Corneal Dystrophy	no match		false	no match	MONDO:0001490	true	false
Granulomatosis with polyangiitis	no match		false	no match	MONDO:0012105	true	false
Gray platelet syndrome	no match		false	no match	MONDO:0007686	true	false
Greig Cephalopolysyndactyly Syndrome	no match		false	no match	MONDO:0008287	true	false
Greig cephalopolysyndactyly syndrome	no match		false	no match	MONDO:0008287	true	false
Griscelli Syndrome	no match		false	no match	MONDO:0018306	true	false
Griscelli Syndrome Type 2	no match		false	no match	MONDO:0011872	true	false
Griscelli syndrome	no match		false	no match	MONDO:0018306	true	false
Griscelli syndrome Type 2	no match		false	no match	MONDO:0011872	true	false
Griscelli syndrome type 1	no match		false	no match	MONDO:0008962	true	false
Griscelli syndrome type 2	no match		false	no match	MONDO:0011872	true	false
Griscelli syndrome type 3	no match		false	no match	MONDO:0012220	true	false
Griscelli syndrome type II	no match		false	no match		false	
Grzybowski Syndrome	no match		false	no match	MONDO:0018471	true	false
Grzybowski syndrome	no match		false	no match	MONDO:0018471	true	false
Guanidinoacetate methyltransferase (GAMT) deficiency	no match		false	no match		false	
Gyrate Atrophy	no match		false	no match	MONDO:0009796	true	false
Gyrate Atrophy of the Choroid and Retina	no match		false	no match		false	
Gyrate atrophy	no match		false	no match	MONDO:0009796	true	false
Gyrate atrophy of the choroid and retina	no match		false	no match		false	
HDR syndrome (Hypoparathyroidism, Deafness, and Renal dysplasia)	no match		false	no match		false	
HESX1 mutation-associated holoprosencephaly	no match		false	no match		false	
HFE hemochromatosis	no match		false	no match		false	
HIV infection	MONDO:0005109	HIV infectious disease	true	MONDO:0005109	MONDO:0005109	true	true
HIV-associated Lipodystrophy	no match		false	no match		false	
HMG-CoA lyase deficiency	no match		false	no match	MONDO:0009520	true	false
HNF1A-MODY (MODY 3)	no match		false	no match		false	
HNF1A-Maturity-onset diabetes of the young (MODY3)	no match		false	no match		false	
HNF1B-MODY (MODY 5)	no match		false	no match		false	
HNF1B-Maturity-onset diabetes of the young (MODY5)	no match		false	no match		false	
HNF1B-associated disease (MODY5)	no match		false	no match		false	
HNF4A-MODY (MODY 1)	no match		false	no match		false	
HNF4A-Maturity-onset diabetes of the young (MODY1)	no match		false	no match		false	
HNRNPH2-related neurodevelopmental disorder	no match		false	no match		false	
HNRNPU-related epileptic encephalopathy	no match		false	no match		false	
HTLV-1 Associated Myelopathy	no match		false	no match		false	
HTLV-1 Associated Myelopathy (Tropical Spastic Paraparesis)	no match		false	no match		false	
HTLV-1 associated myelopathy	no match		false	no match		false	
Haas type polysyndactyly	no match		false	no match		false	
Haas-type polysyndactyly	no match		false	no match		false	
Hajdu-Cheney Syndrome	no match		false	no match	MONDO:0007057	true	false
Hajdu-Cheney syndrome	no match		false	no match	MONDO:0007057	true	false
Hallermann-Streiff Syndrome	no match		false	no match	MONDO:0009318	true	false
Hallermann-Streiff syndrome	no match		false	no match	MONDO:0009318	true	false
Hand-foot-genital syndrome	no match		false	no match	MONDO:0007698	true	false
Hanhart syndrome	no match		false	no match	MONDO:0007073	true	false
Harlequin ichthyosis	no match		false	no match	MONDO:0009443	true	false
Hartnup Disease	no match		false	no match	MONDO:0009324	true	false
Hartnup disease	no match		false	no match	MONDO:0009324	true	false
Hartsfield syndrome	no match		false	no match	MONDO:0014196	true	false
Hay-Wells Syndrome (AEC Syndrome)	no match		false	no match		false	
Hay-Wells syndrome (Ankyloblepharon-Ectodermal Dysplasia–Cleft Lip/Palate syndrome)	no match		false	no match		false	
Hearing Impairment	no match		false	no match	MONDO:0005365	true	false
Helsmoortel-Van der Aa syndrome	MONDO:0014379	Helsmoortel-van der Aa syndrome	true	MONDO:0014379	MONDO:0014379	true	true
Helsmoortel-Van der Aa syndrome (ADNP syndrome)	MONDO:0014379	Helsmoortel-van der Aa syndrome	true	MONDO:0014379		false	
Helsmoortel-van der Aa syndrome (ADNP syndrome)	MONDO:0014379	Helsmoortel-van der Aa syndrome	true	MONDO:0014379		false	
Hemiconvulsion-Hemiplegia Syndrome	no match		false	no match		false	
Hemifacial hyperplasia	no match		false	no match		false	
Hemifacial microsomia	no match		false	no match	MONDO:0015397	true	false
Hemimegalencephaly	no match		false	no match	MONDO:0020492	true	false
Hemochromatosis	no match		false	no match	MONDO:0006507;MONDO:0021001	true	false
Hemophagocytic Lymphohistiocytosis	no match		false	no match	MONDO:0015540	true	false
Hemophagocytic Lymphohistiocytosis (HLH)	no match		false	no match		false	
Hemophagocytic lymphohistiocytosis	no match		false	no match	MONDO:0015540	true	false
Hemophagocytic lymphohistiocytosis (HLH)	no match		false	no match		false	
Hemophilia A	MONDO:0010602	hemophilia A	true	MONDO:0010602	MONDO:0010602	true	true
Hemophilia B	MONDO:0010604	hemophilia B	true	MONDO:0010604	MONDO:0010604	true	true
Hennekam lymphangiectasia-lymphedema syndrome	no match		false	no match	MONDO:0016256	true	false
Hennekam syndrome	no match		false	no match	MONDO:0016256	true	false
Henoch-Schönlein purpura	no match		false	no match		false	
Hereditary Hemochromatosis	MONDO:0006507	hereditary hemochromatosis	true	MONDO:0006507	MONDO:0006507	true	true
Hereditary Hemorrhagic Telangiectasia	MONDO:0019180	hereditary hemorrhagic telangiectasia	true	MONDO:0019180	MONDO:0019180	true	true
Hereditary Inclusion Body Myopathy	no match		false	no match		false	
Hereditary Motor Neuropathy Type II (HMN II)	no match		false	no match		false	
Hereditary Motor Neuropathy with Pyramidal Signs	no match		false	no match		false	
Hereditary Motor and Sensory Neuropathy with Agenesis of the Corpus Callosum (HMSN/ACC)	no match		false	no match		false	
Hereditary Multiple Exostoses	no match		false	no match	MONDO:0005508	true	false
Hereditary Multiple Exostoses (Multiple Osteochondromas)	no match		false	no match		false	
Hereditary Sensory and Autonomic Neuropathy (HSAN)	MONDO:0015364	hereditary sensory and autonomic neuropathy	true	MONDO:0015364		false	
Hereditary Sensory and Autonomic Neuropathy Type II (HSAN II)	no match		false	no match		false	
Hereditary Sensory and Autonomic Neuropathy Type IIA (HSAN IIA)	no match		false	no match		false	
Hereditary Sensory and Autonomic Neuropathy Type III (Familial Dysautonomia)	MONDO:0009131	familial dysautonomia	true	MONDO:0009131		false	
Hereditary Sensory and Motor Neuropathy (Charcot-Marie-Tooth Disease)	MONDO:0015626	Charcot-Marie-Tooth disease	true	MONDO:0015626		false	
Hereditary Spastic Paraplegia	MONDO:0019064	hereditary spastic paraplegia	true	MONDO:0019064	MONDO:0019064	true	true
Hereditary Spastic Paraplegia (Complex Forms)	no match		false	no match		false	
Hereditary Spastic Paraplegia (Complicated Form)	no match		false	no match		false	
Hereditary Spastic Paraplegia (Complicated type with nystagmus)	no match		false	no match		false	
Hereditary Spastic Paraplegia (HSP)	MONDO:0019064	hereditary spastic paraplegia	true	MONDO:0019064		false	
Hereditary Spastic Paraplegia (HSP) with peripheral neuropathy	no match		false	no match		false	
Hereditary Spastic Paraplegia (complicated type)	no match		false	no match		false	
Hereditary Spastic Paraplegia (pure form)	no match		false	no match		false	
Hereditary Spastic Paraplegia with Cerebellar Atrophy	no match		false	no match		false	
Hereditary Spastic Paraplegia with Cerebellar Involvement	no match		false	no match		false	
Hereditary Spastic Paraplegia with Peripheral Neuropathy	no match		false	no match		false	
Hereditary Spherocytosis	MONDO:0019350	hereditary spherocytosis	true	MONDO:0019350	MONDO:0019350	true	true
Hereditary distal motor neuropathy with pyramidal signs	no match		false	no match		false	
Hereditary distal renal tubular acidosis	no match		false	no match		false	
Hereditary distal renal tubular acidosis (Type I RTA)	no match		false	no match		false	
Hereditary distal renal tubular acidosis due to SLC4A1 mutation	no match		false	no match		false	
Hereditary elliptocytosis	no match		false	no match	MONDO:0017319	true	false
Hereditary elliptocytosis due to SLC4A1 mutation	no match		false	no match		false	
Hereditary fructose intolerance	no match		false	no match	MONDO:0009249	true	false
Hereditary fructose intolerance (Aldolase B deficiency)	no match		false	no match		false	
Hereditary gingival fibromatosis	no match		false	no match	MONDO:0016070	true	false
Hereditary hemochromatosis	MONDO:0006507	hereditary hemochromatosis	true	MONDO:0006507	MONDO:0006507	true	true
Hereditary hemorrhagic telangiectasia	MONDO:0019180	hereditary hemorrhagic telangiectasia	true	MONDO:0019180	MONDO:0019180	true	true
Hereditary hyperekplexia	no match		false	no match	MONDO:0021022	true	false
Hereditary hyperekplexia (Startle disease)	no match		false	no match		false	
Hereditary motor and sensory neuropathy type 2	MONDO:0018993	Charcot-Marie-Tooth disease type 2	true	MONDO:0018993	MONDO:0018993	true	true
Hereditary motor and sensory neuropathy type II	MONDO:0018993	Charcot-Marie-Tooth disease type 2	true	MONDO:0018993		false	
Hereditary motor and sensory neuropathy type III (Dejerine-Sottas disease)	no match		false	no match		false	
Hereditary motor neuropathy	no match		false	no match		false	
Hereditary multiple exostoses	no match		false	no match	MONDO:0005508	true	false
Hereditary neuropathy with liability to pressure palsies (HNPP)	MONDO:0008087	hereditary neuropathy with liability to pressure palsies	true	MONDO:0008087		false	
Hereditary pulmonary arterial hypertension (BMPR2 mutation)	no match		false	no match		false	
Hereditary sensory and autonomic neuropathy	MONDO:0015364	hereditary sensory and autonomic neuropathy	true	MONDO:0015364	MONDO:0015364	true	true
Hereditary sensory and autonomic neuropathy (HSAN)	MONDO:0015364	hereditary sensory and autonomic neuropathy	true	MONDO:0015364		false	
Hereditary sensory and autonomic neuropathy type II	no match		false	no match	MONDO:0019941	true	false
Hereditary sensory and autonomic neuropathy type II (HSAN II)	no match		false	no match		false	
Hereditary sensory and motor neuropathy with ataxia	no match		false	no match		false	
Hereditary sideroblastic anemia	no match		false	no match		false	
Hereditary spastic paraplegia	MONDO:0019064	hereditary spastic paraplegia	true	MONDO:0019064	MONDO:0019064	true	true
Hereditary spastic paraplegia (AP-4-associated types)	no match		false	no match		false	
Hereditary spastic paraplegia (HSP)	MONDO:0019064	hereditary spastic paraplegia	true	MONDO:0019064		false	
Hereditary spastic paraplegia (HSP) with optic neuropathy	no match		false	no match		false	
Hereditary spastic paraplegia (HSP), complicated form	no match		false	no match		false	
Hereditary spastic paraplegia (complex type)	no match		false	no match		false	
Hereditary spastic paraplegia (complicated form with optic neuropathy)	no match		false	no match		false	
Hereditary spastic paraplegia (complicated form)	no match		false	no match		false	
Hereditary spastic paraplegia (complicated forms)	no match		false	no match		false	
Hereditary spastic paraplegia (complicated type)	no match		false	no match		false	
Hereditary spastic paraplegia (infantile-onset forms)	no match		false	no match		false	
Hereditary spastic paraplegia (pure form)	no match		false	no match		false	
Hereditary spastic paraplegia type 10 (SPG10)	no match		false	no match		false	
Hereditary spastic paraplegia type 11 (SPG11)	no match		false	no match		false	
Hereditary spastic paraplegia type 15 (SPG15)	no match		false	no match		false	
Hereditary spastic paraplegia type 2 (SPG2)	no match		false	no match		false	
Hereditary spastic paraplegia type 31 (SPG31)	no match		false	no match		false	
Hereditary spastic paraplegia type 3A	no match		false	no match	MONDO:0008437	true	false
Hereditary spastic paraplegia type 3A (SPG3A)	no match		false	no match		false	
Hereditary spastic paraplegia type 4	no match		false	no match	MONDO:0008438	true	false
Hereditary spastic paraplegia type 4 (SPG4)	no match		false	no match		false	
Hereditary spastic paraplegia type 47 (SPG47)	no match		false	no match		false	
Hereditary spastic paraplegia type 50 (SPG50)	no match		false	no match		false	
Hereditary spastic paraplegia with complex features	no match		false	no match		false	
Hereditary spherocytosis	MONDO:0019350	hereditary spherocytosis	true	MONDO:0019350	MONDO:0019350	true	true
Hereditary spherocytosis with distal renal tubular acidosis	no match		false	no match		false	
Hereditary spherocytosis with distal renal tubular acidosis (SLC4A1 mutation)	no match		false	no match		false	
Hereditary spherocytosis with renal tubular acidosis	no match		false	no match		false	
Hereditary stomatocytosis	MONDO:0008240	overhydrated hereditary stomatocytosis	false	no match	MONDO:0020102	true	false
Hereditary stomatocytosis with distal renal tubular acidosis	no match		false	no match		false	
Hereditary tyrosinemia type I	MONDO:0010161	tyrosinemia type I	true	MONDO:0010161		false	
Hereditary xanthinuria	no match		false	no match	MONDO:0018106	true	false
Hereditary xerocytosis	no match		false	no match	MONDO:0017910	true	false
Heritable pulmonary arterial hypertension	no match		false	no match	MONDO:0017148	true	false
Hermansky-Pudlak Syndrome	no match		false	no match	MONDO:0019312	true	false
Hermansky-Pudlak Syndrome (HPS)	no match		false	no match		false	
Hermansky-Pudlak syndrome	no match		false	no match	MONDO:0019312	true	false
Heterotaxy syndrome	MONDO:0018677	heterotaxy	false	no match	MONDO:0018677	true	false
Heterotaxy syndrome with polysplenia (left atrial isomerism)	MONDO:0018677	heterotaxy	false	no match		false	
Hidrotic Ectodermal Dysplasia (Clouston Syndrome)	no match		false	no match		false	
High Myopia-associated Degeneration	no match		false	no match		false	
Hirschsprung disease	MONDO:0018309	Hirschsprung disease	true	MONDO:0018309	MONDO:0007723;MONDO:0018309	true	true
Holocarboxylase synthetase deficiency	no match		false	no match	MONDO:0009666	true	false
Holoprosencephaly	MONDO:0016296	holoprosencephaly	true	MONDO:0016296	MONDO:0016296	true	true
Holoprosencephaly Sequence	no match		false	no match	MONDO:0016296	true	false
Holoprosencephaly due to **SHH** mutation	no match		false	no match		false	
Holoprosencephaly due to **SIX3** mutation	no match		false	no match		false	
Holoprosencephaly due to **ZIC2** mutation	no match		false	no match		false	
Holoprosencephaly due to SHH gene mutation	no match		false	no match		false	
Holoprosencephaly due to SIX3 gene mutation	no match		false	no match		false	
Holoprosencephaly due to ZIC2 gene mutation	no match		false	no match		false	
Holoprosencephaly sequence	no match		false	no match	MONDO:0016296	true	false
Holt-Oram Syndrome	MONDO:0007732	Holt-Oram syndrome	true	MONDO:0007732	MONDO:0007732	true	true
Holt-Oram syndrome	MONDO:0007732	Holt-Oram syndrome	true	MONDO:0007732	MONDO:0007732	true	true
Homocystinuria	no match		false	no match	MONDO:0004737	true	false
Homocystinuria (cystathionine beta-synthase deficiency)	MONDO:0009352	classic homocystinuria	true	MONDO:0009352		false	
Howel-Evans syndrome (tylosis with esophageal cancer)	no match		false	no match		false	
Hoyeraal-Hreidarsson syndrome	no match		false	no match	MONDO:0015780;MONDO:0018045	true	false
Hunter Syndrome (Mucopolysaccharidosis Type II)	MONDO:0010674	mucopolysaccharidosis type 2	true	MONDO:0010674		false	
Hunter syndrome	MONDO:0010674	mucopolysaccharidosis type 2	true	MONDO:0010674	MONDO:0010674	true	true
Hunter syndrome (MPS II)	MONDO:0010674	mucopolysaccharidosis type 2	true	MONDO:0010674		false	
Hunter syndrome (Mucopolysaccharidosis Type II)	MONDO:0010674	mucopolysaccharidosis type 2	true	MONDO:0010674		false	
Hunter syndrome (Mucopolysaccharidosis type II)	MONDO:0010674	mucopolysaccharidosis type 2	true	MONDO:0010674		false	
Hunter-McAlpine syndrome	no match		false	no match	MONDO:0011065	true	false
Huntington Disease	MONDO:0007739	Huntington disease	true	MONDO:0007739	MONDO:0007739	true	true
Huntington disease	MONDO:0007739	Huntington disease	true	MONDO:0007739	MONDO:0007739	true	true
Huntington disease (juvenile onset)	no match		false	no match		false	
Huntington's Disease	MONDO:0007739	Huntington disease	true	MONDO:0007739	MONDO:0007739	true	true
Huntington's Disease (Juvenile Onset)	no match		false	no match		false	
Huntington's disease	MONDO:0007739	Huntington disease	true	MONDO:0007739	MONDO:0007739	true	true
Huntington's disease (juvenile-onset)	no match		false	no match		false	
Huntington's disease-like 2	no match		false	no match		false	
Hurler syndrome	no match		false	no match	MONDO:0001586;MONDO:0011758	true	false
Hurler syndrome (Mucopolysaccharidosis Type I)	no match		false	no match		false	
Hurler syndrome (Mucopolysaccharidosis type I)	no match		false	no match		false	
Hutchinson-Gilford Progeria Syndrome	MONDO:0010135	Hutchinson-Gilford progeria syndrome	false	no match	MONDO:0008310	true	false
Hutchinson-Gilford Progeria syndrome	MONDO:0010135	Hutchinson-Gilford progeria syndrome	false	no match	MONDO:0008310	true	false
Hutchinson-Gilford progeria syndrome	MONDO:0010135	Hutchinson-Gilford progeria syndrome	false	no match	MONDO:0008310	true	false
Hydrolethalus syndrome	no match		false	no match	MONDO:0006037;MONDO:0009365	true	false
Hyper IgE Syndrome (Job's Syndrome)	no match		false	no match		false	
Hyper IgE Syndrome (STAT3 deficiency)	no match		false	no match		false	
Hyper IgE syndrome (Job syndrome)	no match		false	no match		false	
Hyper IgE syndrome (Job's syndrome)	no match		false	no match		false	
Hyper IgM Syndrome	no match		false	no match	MONDO:0010626	true	false
Hyper IgM syndrome	no match		false	no match	MONDO:0010626	true	false
Hyper-IgE Syndrome (Job's Syndrome)	no match		false	no match		false	
Hyper-IgE syndrome (Job syndrome)	no match		false	no match		false	
Hypercalcemia	no match		false	no match	MONDO:0001566	true	false
Hyperekplexia	no match		false	no match	MONDO:0017658;MONDO:0021022	true	false
Hyperekplexia (Startle Disease)	no match		false	no match		false	
Hyperimmunoglobulin E syndrome (Job syndrome)	no match		false	no match		false	
Hyperkalemia	no match		false	no match		false	
Hypermobile Ehlers-Danlos Syndrome	MONDO:0007523	hypermobile Ehlers-Danlos syndrome	true	MONDO:0007523	MONDO:0007523	true	true
Hypermobile Ehlers-Danlos syndrome	MONDO:0007523	hypermobile Ehlers-Danlos syndrome	true	MONDO:0007523	MONDO:0007523	true	true
Hypermobility Ehlers-Danlos syndrome	MONDO:0007523	hypermobile Ehlers-Danlos syndrome	true	MONDO:0007523		false	
Hyperornithinemia-Hyperammonemia-Homocitrullinuria (HHH) syndrome	no match		false	no match		false	
Hyperornithinemia-hyperammonemia-homocitrullinuria (HHH) syndrome	no match		false	no match		false	
Hyperparathyroidism	no match		false	no match	MONDO:0001741	true	false
Hypertensive heart disease	no match		false	no match	MONDO:0001302	true	false
Hyperthermia	no match		false	no match		false	
Hyperthyroidism	MONDO:0004425	hyperthyroidism	true	MONDO:0004425	MONDO:0004425	true	true
Hypertrichosis-Intellectual Disability Syndrome	no match		false	no match		false	
Hypertrophic Cardiomyopathy	MONDO:0005045	hypertrophic cardiomyopathy	true	MONDO:0005045	MONDO:0005045	true	true
Hypertrophic cardiomyopathy	MONDO:0005045	hypertrophic cardiomyopathy	true	MONDO:0005045	MONDO:0005045	true	true
Hypervalinemia	no match		false	no match		false	
Hypocalcemia-Induced Neonatal Seizures	no match		false	no match		false	
Hypocalcemia-Induced Seizures	no match		false	no match		false	
Hypocalcemia-induced neonatal seizures	no match		false	no match		false	
Hypocalcemia-induced seizures	no match		false	no match		false	
Hypocellular myelodysplastic syndrome	no match		false	no match		false	
Hypochondroplasia	no match		false	no match	MONDO:0007793	true	false
Hypoglycemia-induced seizures	no match		false	no match		false	
Hypohidrotic Ectodermal Dysplasia	no match		false	no match	MONDO:0016535	true	false
Hypohidrotic ectodermal dysplasia	no match		false	no match	MONDO:0016535	true	false
Hypomagnesemia with secondary hypocalcemia	no match		false	no match		false	
Hypomagnesemia with secondary hypocalcemia (HSH)	no match		false	no match		false	
Hypomelanosis of Ito	no match		false	no match	MONDO:0010302	true	false
Hypomyelinating leukodystrophy	no match		false	no match	MONDO:0019046	true	false
Hypomyelinating leukodystrophy type 2 (Pelizaeus-Merzbacher-like disease)	no match		false	no match		false	
Hypomyelinating leukodystrophy type 6 (H-ABC disease)	no match		false	no match		false	
Hypomyelinating leukodystrophy type 6 (TUBB4A-related leukodystrophy)	no match		false	no match		false	
Hypomyelination with Atrophy of Basal Ganglia and Cerebellum (H-ABC)	no match		false	no match		false	
Hypomyelination with Brainstem and Spinal Cord Involvement (HBSL)	no match		false	no match		false	
Hypomyelination with atrophy of basal ganglia and cerebellum (H-ABC syndrome)	no match		false	no match		false	
Hypomyelination with atrophy of basal ganglia and cerebellum (H-ABC)	no match		false	no match		false	
Hypomyelination with atrophy of basal ganglia and cerebellum (TUBB4A-related leukodystrophy)	no match		false	no match		false	
Hypomyelination with atrophy of the basal ganglia and cerebellum (H-ABC disease)	no match		false	no match		false	
Hypomyelination with atrophy of the basal ganglia and cerebellum (H-ABC syndrome)	no match		false	no match		false	
Hypomyelination with atrophy of the basal ganglia and cerebellum (H-ABC)	no match		false	no match		false	
Hypomyelination with congenital cataract and neurological deficits (HCC)	no match		false	no match		false	
Hypomyelination with thin corpus callosum (HCC)	no match		false	no match		false	
Hypoparathyroidism	no match		false	no match	MONDO:0001220	true	false
Hypoparathyroidism, Sensorineural Deafness, and Renal Dysplasia (HDR) Syndrome	no match		false	no match		false	
Hypoparathyroidism-Deafness-Renal Dysplasia (HDR) Syndrome	no match		false	no match		false	
Hypoparathyroidism-Retardation-Dysmorphism (HRD) Syndrome	no match		false	no match		false	
Hypoparathyroidism-Retardation-Dysmorphism Syndrome (HDR Syndrome)	no match		false	no match		false	
Hypoparathyroidism-retardation-dysmorphism syndrome (Sanjad-Sakati syndrome)	no match		false	no match		false	
Hypophosphatasia	no match		false	no match	MONDO:0018570	true	false
Hypophosphatemic rickets	no match		false	no match	MONDO:0024300	true	false
Hypoplastic Amelogenesis Imperfecta	no match		false	no match	MONDO:0015047	true	false
Hypoplastic Left Heart Syndrome	no match		false	no match	MONDO:0004933	true	false
Hypoplastic amelogenesis imperfecta	no match		false	no match	MONDO:0015047	true	false
Hypoplastic myelodysplastic syndrome	no match		false	no match		false	
Hypothalamic hamartoma	no match		false	no match	MONDO:0009436	true	false
Hypothyroidism	MONDO:0005420	hypothyroidism	true	MONDO:0005420	MONDO:0005420	true	true
Hypotrichosis with Juvenile Macular Dystrophy	no match		false	no match	MONDO:0011107	true	false
Hypotrichosis with Nail Dysplasia	no match		false	no match		false	
Hypotrichosis with Nail Dystrophy	no match		false	no match		false	
Hypotrichosis with dilated cardiomyopathy	no match		false	no match		false	
Hypotrichosis with nail dystrophy	no match		false	no match		false	
Hypoxic-Ischemic Encephalopathy	no match		false	no match	MONDO:0006663	true	false
I-cell disease (Mucolipidosis II)	no match		false	no match		false	
ICF Syndrome (Immunodeficiency, Centromere Instability, and Facial Anomalies Syndrome)	no match		false	no match		false	
ICF syndrome (Immunodeficiency, Centromeric instability, and Facial anomalies syndrome)	no match		false	no match		false	
ICF syndrome (Immunodeficiency, Centromeric instability, and Facial anomalies)	no match		false	no match		false	
IFN-γR1 deficiency (Interferon-gamma receptor 1 deficiency)	no match		false	no match		false	
IFNGR1 deficiency (Interferon gamma receptor 1 deficiency)	no match		false	no match		false	
IL-12 p40 deficiency	no match		false	no match		false	
IL-12 receptor beta-1 deficiency	no match		false	no match		false	
IL-12 receptor beta1 deficiency	no match		false	no match		false	
IL-17 receptor deficiency	no match		false	no match		false	
IL12RB1 deficiency (Interleukin-12 receptor beta-1 deficiency)	no match		false	no match		false	
IL12Rβ1 deficiency (Interleukin-12 receptor beta 1 deficiency)	no match		false	no match		false	
IL12p40 deficiency (Interleukin-12 p40 deficiency)	no match		false	no match		false	
IL17RA Deficiency	no match		false	no match		false	
INS-MODY (MODY 10)	no match		false	no match		false	
INSR-Related Severe Insulin Resistance Syndrome	no match		false	no match		false	
IPEX Syndrome	MONDO:0010430	IPEX syndrome	false	no match	MONDO:0010580	true	false
IPEX Syndrome (Immune Dysregulation, Polyendocrinopathy, Enteropathy, X-linked)	MONDO:0010430	IPEX syndrome	false	no match		false	
IPEX syndrome	MONDO:0010430	IPEX syndrome	false	no match	MONDO:0010580	true	false
IPEX syndrome (Immune dysregulation, Polyendocrinopathy, Enteropathy, X-linked)	MONDO:0010430	IPEX syndrome	false	no match		false	
IPEX-like syndrome	no match		false	no match		false	
Ichthyosis Follicularis Atrichia Photophobia (IFAP) syndrome	no match		false	no match		false	
Ichthyosis Follicularis with Alopecia and Photophobia (IFAP) Syndrome	no match		false	no match		false	
Ichthyosis Follicularis with Alopecia and Photophobia (IFAP) syndrome	no match		false	no match		false	
Ichthyosis Follicularis, Alopecia, and Photophobia (IFAP) syndrome	no match		false	no match		false	
Ichthyosis Follicularis-Alopecia-Photophobia (IFAP) syndrome	no match		false	no match		false	
Idiopathic Autism Spectrum Disorder	no match		false	no match		false	
Idiopathic Focal Epilepsy	no match		false	no match		false	
Idiopathic Focal Epilepsy of Infancy	no match		false	no match		false	
Idiopathic Generalized Epilepsy	no match		false	no match	MONDO:0005579	true	false
Idiopathic Hypoparathyroidism	no match		false	no match		false	
Idiopathic Pulmonary Fibrosis	MONDO:0008345	idiopathic pulmonary fibrosis	false	no match	MONDO:0800029;MONDO:0800504	true	false
Idiopathic autism spectrum disorder	no match		false	no match		false	
Idiopathic distal renal tubular acidosis	no match		false	no match		false	
Idiopathic epilepsy	no match		false	no match		false	
Idiopathic first-degree atrioventricular block	no match		false	no match		false	
Idiopathic generalized epilepsy of infancy	no match		false	no match		false	
Idiopathic hypercalciuria	no match		false	no match	MONDO:0700418	true	false
Idiopathic infantile hypercalcemia	no match		false	no match	MONDO:0000212	true	false
Idiopathic juvenile osteoporosis	no match		false	no match	MONDO:0019409	true	false
Idiopathic late-onset cerebellar ataxia	no match		false	no match	MONDO:0016591	true	false
Idiopathic late-onset cerebellar ataxia (ILOCA)	no match		false	no match		false	
Idiopathic pulmonary fibrosis	MONDO:0008345	idiopathic pulmonary fibrosis	false	no match	MONDO:0800029;MONDO:0800504	true	false
Idiopathic pulmonary fibrosis with secondary liver involvement	no match		false	no match		false	
Idiopathic ventricular tachycardia	no match		false	no match		false	
IgG Subclass Deficiency	no match		false	no match	MONDO:0045045	true	false
IgG2 Subclass Deficiency	no match		false	no match		false	
IgG4-related disease	no match		false	no match	MONDO:0017287	true	false
Immotile Cilia Syndrome	MONDO:0016575	primary ciliary dyskinesia	true	MONDO:0016575		false	
Immune Dysregulation Syndromes	no match		false	no match		false	
Immune Dysregulation, Polyendocrinopathy, Enteropathy, X-linked (IPEX) Syndrome	MONDO:0010430	IPEX syndrome	false	no match		false	
Immune thrombocytopenic purpura	no match		false	no match		false	
Immunodeficiency, Centromeric Instability and Facial Anomalies Syndrome (ICF syndrome)	no match		false	no match		false	
Immunodeficiency, Centromeric Instability, and Facial Anomalies (ICF) syndrome	no match		false	no match		false	
Immunodeficiency, Centromeric instability, and Facial anomalies (ICF) syndrome	no match		false	no match		false	
Immunodeficiency, Polyendocrinopathy, Enteropathy, X-linked (IPEX) Syndrome	MONDO:0010430	IPEX syndrome	false	no match		false	
Immunodeficiency-Centromeric Instability-Facial Anomalies (ICF) Syndrome	no match		false	no match		false	
Immunodeficiency-centromeric instability-facial anomalies (ICF) syndrome	no match		false	no match		false	
Immunodeficiency–centromeric instability–facial anomalies (ICF) syndrome	no match		false	no match		false	
Inborn errors of metabolism	MONDO:0019052	inborn errors of metabolism	true	MONDO:0019052	MONDO:0019052	true	true
Inclusion Body Myopathy	no match		false	no match		false	
Inclusion Body Myositis	no match		false	no match	MONDO:0007827	true	false
Inclusion body myopathy with Paget disease of bone and frontotemporal dementia (IBMPFD)	no match		false	no match		false	
Inclusion body myositis	MONDO:0007827	inclusion body myositis	true	MONDO:0007827	MONDO:0007827	true	true
Incomplete distal renal tubular acidosis	no match		false	no match		false	
Infantile Neuroaxonal Dystrophy (INAD) due to PLA2G6 mutation	no match		false	no match		false	
Infantile Neuronal Ceroid Lipofuscinosis	no match		false	no match	MONDO:0009744;MONDO:0019261	true	false
Infantile Nystagmus Syndrome (FRMD7-related)	no match		false	no match		false	
Infantile Pompe disease	no match		false	no match		false	
Infantile Systemic Hyalinosis	no match		false	no match	MONDO:0016331	true	false
Infantile acute leukemia	no match		false	no match		false	
Infantile neuroaxonal dystrophy	no match		false	no match	MONDO:0024457	true	false
Infantile neuroaxonal dystrophy (INAD)	no match		false	no match		false	
Infantile neuronal ceroid lipofuscinosis	no match		false	no match	MONDO:0009744;MONDO:0019261	true	false
Infantile neuronal ceroid lipofuscinosis (CLN1 disease)	MONDO:0009744	CLN1 disease	true	MONDO:0009744		false	
Infantile polyarteritis nodosa	no match		false	no match	MONDO:0012727	true	false
Infantile spasms (West syndrome)	no match		false	no match		false	
Infantile spasms due to ARX gene mutations	no match		false	no match		false	
Infantile-Onset Spinocerebellar Ataxia	no match		false	no match		false	
Infantile-onset ascending hereditary spastic paralysis	no match		false	no match	MONDO:0011797	true	false
Insufficient information to provide a diagnosis	no match		false	no match		false	
Intellectual developmental disorder of unknown cause	no match		false	no match		false	
Intellectual disability of unknown etiology	no match		false	no match		false	
Interferon Gamma Receptor 1 Deficiency (IFNGR1 Deficiency)	no match		false	no match		false	
Interferon Gamma Receptor 2 Deficiency (IFNGR2 Deficiency)	no match		false	no match		false	
Interferon gamma receptor 1 (IFNγR1) deficiency	no match		false	no match		false	
Interferon gamma receptor 1 deficiency (IFNGR1 deficiency)	no match		false	no match		false	
Interferon gamma receptor 2 deficiency (IFNGR2 deficiency)	no match		false	no match		false	
Interferon gamma receptor deficiency	no match		false	no match		false	
Interferon-gamma receptor 1 deficiency	no match		false	no match		false	
Interferon-gamma receptor deficiency	no match		false	no match		false	
Interleukin-12 Receptor Beta-1 Deficiency (IL12RB1 Deficiency)	no match		false	no match		false	
Interleukin-12 p40 deficiency	no match		false	no match		false	
Interleukin-12 receptor beta 1 (IL12Rβ1) deficiency	no match		false	no match		false	
Interleukin-12 receptor beta1 deficiency (IL12RB1 deficiency)	no match		false	no match		false	
Interleukin-7 receptor alpha chain (IL7RA) deficiency	no match		false	no match		false	
Intracranial hemorrhage	no match		false	no match		false	
Intramedullary Spinal Cord Tumor	no match		false	no match		false	
Iridocorneal Endothelial Syndrome	no match		false	no match	MONDO:0018988	true	false
Ischiopatellar Dysplasia	no match		false	no match	MONDO:0007841	true	false
Isolated Aortic Root Aneurysm	no match		false	no match		false	
Isolated Brachydactyly Type A2	no match		false	no match		false	
Isolated Brachydactyly Type E	no match		false	no match		false	
Isolated Cardiac Conduction Disease	no match		false	no match		false	
Isolated Coloboma with Cataract	no match		false	no match		false	
Isolated Ectopia Lentis	no match		false	no match	MONDO:0015998	true	false
Isolated Foveal Hypoplasia	no match		false	no match	MONDO:0034978	true	false
Isolated Foveal Hypoplasia (due to PAX6 mutations)	no match		false	no match		false	
Isolated Microtia	no match		false	no match		false	
Isolated Ocular Coloboma	no match		false	no match		false	
Isolated Ocular Colobomas	no match		false	no match		false	
Isolated Optic Nerve Hypoplasia	no match		false	no match	MONDO:0008136	true	false
Isolated Postaxial Polydactyly	no match		false	no match		false	
Isolated Situs Inversus Totalis	no match		false	no match		false	
Isolated Triphalangeal Thumb	no match		false	no match		false	
Isolated cardiac conduction disease due to SCN5A mutations	no match		false	no match		false	
Isolated congenital aortic aneurysm/dissection	no match		false	no match		false	
Isolated congenital hypothyroidism with cleft palate	no match		false	no match		false	
Isolated congenital micrognathia	no match		false	no match		false	
Isolated craniosynostosis with cleft lip and palate	no match		false	no match		false	
Isolated ectopia lentis	no match		false	no match	MONDO:0015998	true	false
Isolated ectopia lentis (autosomal dominant ectopia lentis)	no match		false	no match		false	
Isolated familial ectopia lentis	no match		false	no match		false	
Isolated foveal hypoplasia	no match		false	no match	MONDO:0034978	true	false
Isolated high myopia (familial)	no match		false	no match		false	
Isolated hypogonadotropic hypogonadism	no match		false	no match		false	
Isolated hypoparathyroidism	no match		false	no match		false	
Isolated iris coloboma	no match		false	no match		false	
Isolated lissencephaly sequence	no match		false	no match		false	
Isolated macrodactyly	no match		false	no match		false	
Isolated macrodontia	no match		false	no match		false	
Isolated microphthalmia	no match		false	no match	MONDO:0000062	true	false
Isolated microspherophakia	no match		false	no match		false	
Isolated ocular coloboma	no match		false	no match		false	
Isolated optic nerve hypoplasia	no match		false	no match	MONDO:0008136	true	false
Isolated optic nerve hypoplasia with retinal coloboma	no match		false	no match		false	
Isolated postaxial polydactyly	no match		false	no match		false	
Isolated primary microcephaly (MCPH)	no match		false	no match		false	
Isolated retinal coloboma	no match		false	no match		false	
Isolated sulfite oxidase deficiency	no match		false	no match	MONDO:0010089	true	false
Isolated thumb hypoplasia	no match		false	no match		false	
Isolated triphalangeal thumb	no match		false	no match		false	
Isolated uveal coloboma	no match		false	no match		false	
Isovaleric Acidemia	MONDO:0009475	isovaleric acidemia	true	MONDO:0009475	MONDO:0009475	true	true
Ivemark syndrome	no match		false	no match	MONDO:0008832	true	false
Ivemark syndrome (Polysplenia syndrome)	no match		false	no match		false	
Jacobsen Syndrome	MONDO:0007838	Jacobsen syndrome	true	MONDO:0007838	MONDO:0007838	true	true
Jacobsen Syndrome (11q Deletion Syndrome)	MONDO:0007838	Jacobsen syndrome	true	MONDO:0007838		false	
Jacobsen syndrome	MONDO:0007838	Jacobsen syndrome	true	MONDO:0007838	MONDO:0007838	true	true
Jacobsen syndrome (11q deletion syndrome)	MONDO:0007838	Jacobsen syndrome	true	MONDO:0007838		false	
Jalili Syndrome	no match		false	no match	MONDO:0009007	true	false
Janus kinase 3 (JAK3) deficiency	no match		false	no match		false	
Jarcho-Levin syndrome	no match		false	no match	MONDO:0000359;MONDO:0010180	true	false
Jervell and Lange-Nielsen Syndrome	no match		false	no match	MONDO:0002441;MONDO:0024540	true	false
Jervell and Lange-Nielsen syndrome	no match		false	no match	MONDO:0002441;MONDO:0024540	true	false
Jeune syndrome (Asphyxiating Thoracic Dystrophy)	no match		false	no match		false	
Jeune syndrome (Asphyxiating thoracic dystrophy)	no match		false	no match		false	
Jeune syndrome (asphyxiating thoracic dystrophy)	no match		false	no match		false	
Jones syndrome	no match		false	no match	MONDO:0007612	true	false
Joubert Syndrome	MONDO:0018772	Joubert syndrome	true	MONDO:0018772	MONDO:0018772	true	true
Joubert Syndrome with Orofaciodigital Features	no match		false	no match		false	
Joubert syndrome	MONDO:0018772	Joubert syndrome	true	MONDO:0018772	MONDO:0018772	true	true
Joubert syndrome with hepatic involvement	no match		false	no match		false	
Joubert syndrome with polydactyly	no match		false	no match		false	
Juberg-Hayward syndrome	no match		false	no match	MONDO:0008992	true	false
Juvenile Absence Epilepsy	no match		false	no match	MONDO:0800453	true	false
Juvenile Amyotrophic Lateral Sclerosis	no match		false	no match	MONDO:0017593	true	false
Juvenile Amyotrophic Lateral Sclerosis (ALS)	no match		false	no match		false	
Juvenile GM1 gangliosidosis	no match		false	no match	MONDO:0009261	true	false
Juvenile GM2 gangliosidosis (Tay-Sachs disease)	no match		false	no match		false	
Juvenile Huntington Disease	no match		false	no match	MONDO:0016621	true	false
Juvenile Huntington disease	no match		false	no match	MONDO:0016621	true	false
Juvenile Huntington's Disease	no match		false	no match		false	
Juvenile Huntington's disease	no match		false	no match		false	
Juvenile Hyaline Fibromatosis	no match		false	no match	MONDO:0016071	true	false
Juvenile Macular Degeneration	no match		false	no match		false	
Juvenile Myasthenia Gravis	no match		false	no match	MONDO:0018325	true	false
Juvenile Myoclonic Epilepsy	MONDO:0009696	juvenile myoclonic epilepsy	true	MONDO:0009696	MONDO:0009696	true	true
Juvenile Myoclonic Epilepsy (JME)	MONDO:0009696	juvenile myoclonic epilepsy	true	MONDO:0009696		false	
Juvenile Neuronal Ceroid Lipofuscinosis (Batten Disease)	no match		false	no match		false	
Juvenile Paget disease	no match		false	no match	MONDO:0009394	true	false
Juvenile Parkinson's disease	no match		false	no match		false	
Juvenile Parkinson's disease (PARK2 mutation)	no match		false	no match		false	
Juvenile Parkinson's disease (PARK2 mutations)	no match		false	no match		false	
Juvenile Parkinson's disease (PARK2-related)	no match		false	no match		false	
Juvenile Parkinson's disease (Parkin gene mutation)	no match		false	no match		false	
Juvenile Parkinsonism (PARK2 mutations)	no match		false	no match		false	
Juvenile Primary Lateral Sclerosis	no match		false	no match	MONDO:0011663	true	false
Juvenile X-linked retinoschisis	MONDO:0010725	X-linked retinoschisis	true	MONDO:0010725	MONDO:0010725	true	true
Juvenile absence epilepsy	no match		false	no match	MONDO:0800453	true	false
Juvenile amyotrophic lateral sclerosis	no match		false	no match	MONDO:0017593	true	false
Juvenile amyotrophic lateral sclerosis (ALS)	no match		false	no match		false	
Juvenile macular degeneration	no match		false	no match		false	
Juvenile multiple sclerosis	no match		false	no match		false	
Juvenile myasthenia gravis	no match		false	no match	MONDO:0018325	true	false
Juvenile myoclonic epilepsy	MONDO:0009696	juvenile myoclonic epilepsy	true	MONDO:0009696	MONDO:0009696	true	true
Juvenile neuronal ceroid lipofuscinosis	no match		false	no match	MONDO:0019262	true	false
Juvenile open-angle glaucoma	no match		false	no match		false	
Juvenile primary lateral sclerosis	no match		false	no match	MONDO:0011663	true	false
Juvenile-Onset Alexander Disease	no match		false	no match		false	
Juvenile-Onset Amyotrophic Lateral Sclerosis (ALS)	no match		false	no match		false	
Juvenile-onset Amyotrophic Lateral Sclerosis (ALS)	no match		false	no match		false	
Juvenile-onset Huntington disease	no match		false	no match		false	
Juvenile-onset Huntington's disease (Westphal variant)	no match		false	no match		false	
Juvenile-onset amyotrophic lateral sclerosis (ALS type 4)	no match		false	no match		false	
KAT6A syndrome	no match		false	no match	MONDO:0014558	true	false
KBG Syndrome	no match		false	no match	MONDO:0007846	true	false
KBG syndrome	no match		false	no match	MONDO:0007846	true	false
KCNQ2 Encephalopathy	no match		false	no match		false	
KCNQ2 encephalopathy	no match		false	no match		false	
KCNQ2 epileptic encephalopathy	no match		false	no match		false	
KCNQ2-Associated Epileptic Encephalopathy	no match		false	no match		false	
KCNQ2-Related Benign Neonatal Epilepsy	no match		false	no match		false	
KCNQ2-Related Epilepsy	no match		false	no match		false	
KCNQ2-Related Epileptic Encephalopathy	no match		false	no match		false	
KCNQ2-Related Neonatal Epilepsy	no match		false	no match		false	
KCNQ2-Related Neonatal Epileptic Encephalopathy	no match		false	no match		false	
KCNQ2-related Early-Onset Epileptic Encephalopathy	no match		false	no match		false	
KCNQ2-related Epilepsy	no match		false	no match		false	
KCNQ2-related Epileptic Encephalopathy	no match		false	no match		false	
KCNQ2-related Neonatal Epileptic Encephalopathy	no match		false	no match		false	
KCNQ2-related benign neonatal epilepsy	no match		false	no match		false	
KCNQ2-related early infantile epileptic encephalopathy	no match		false	no match		false	
KCNQ2-related early-onset epileptic encephalopathy	no match		false	no match		false	
KCNQ2-related epilepsy	no match		false	no match		false	
KCNQ2-related epileptic encephalopathy	no match		false	no match		false	
KCNQ2-related epileptic encephalopathy (Early Infantile Epileptic Encephalopathy Type 7)	no match		false	no match		false	
KCNQ2-related neonatal epilepsy	no match		false	no match		false	
KCNQ2-related neonatal epileptic encephalopathy	no match		false	no match		false	
KCNQ3-Related Neonatal Epilepsy	no match		false	no match		false	
KCNQ3-related epilepsy	no match		false	no match		false	
KCNQ3-related epileptic encephalopathy	no match		false	no match		false	
KCNQ3-related neonatal epileptic encephalopathy	no match		false	no match		false	
KCNT1-Related Epileptic Encephalopathy	no match		false	no match		false	
KCNT1-related early infantile epileptic encephalopathy	no match		false	no match		false	
KDM5C-related X-linked intellectual disability	no match		false	no match		false	
KIAA2022-related intellectual disability	no match		false	no match		false	
KID syndrome (Keratitis-Ichthyosis-Deafness syndrome)	no match		false	no match		false	
KIF1A-Associated Neurological Disorder	no match		false	no match		false	
KIF1A-Associated Neurological Disorder (KAND)	no match		false	no match		false	
KIF1A-associated neurological disorder	no match		false	no match		false	
KIF1A-associated neurological disorder (KAND)	no match		false	no match		false	
KIF1A-related disorder	no match		false	no match		false	
KIF1A-related disorders	no match		false	no match		false	
KLF11-MODY (MODY 7)	no match		false	no match		false	
KMT2B-related dystonia	no match		false	no match		false	
KPTN-related intellectual disability with seizures	no match		false	no match		false	
Kabuki Syndrome	MONDO:0016512	Kabuki syndrome	true	MONDO:0016512	MONDO:0016512	true	true
Kabuki syndrome	MONDO:0016512	Kabuki syndrome	true	MONDO:0016512	MONDO:0016512	true	true
Kallmann Syndrome	MONDO:0018800	Kallmann syndrome	true	MONDO:0018800	MONDO:0018800	true	true
Kallmann syndrome	MONDO:0018800	Kallmann syndrome	true	MONDO:0018800	MONDO:0018800	true	true
Kartagener syndrome	no match		false	no match	MONDO:0016575	true	false
Kawasaki disease	MONDO:0012727	Kawasaki disease	true	MONDO:0012727	MONDO:0012727	true	true
Kearns-Sayre Syndrome	MONDO:0010787	Kearns-Sayre syndrome	true	MONDO:0010787	MONDO:0010787	true	true
Kearns-Sayre Syndrome (KSS)	MONDO:0010787	Kearns-Sayre syndrome	true	MONDO:0010787		false	
Kearns-Sayre syndrome	MONDO:0010787	Kearns-Sayre syndrome	true	MONDO:0010787	MONDO:0010787	true	true
Kennedy disease	MONDO:0010735	Kennedy disease	true	MONDO:0010735	MONDO:0010735	true	true
Kennedy disease (spinobulbar muscular atrophy)	MONDO:0010735	Kennedy disease	true	MONDO:0010735		false	
Kennedy's disease (spinal and bulbar muscular atrophy)	MONDO:0010735	Kennedy disease	true	MONDO:0010735		false	
Kenny-Caffey Syndrome Type 1	no match		false	no match	MONDO:0009486	true	false
Keratitis-Ichthyosis-Deafness (KID) Syndrome	no match		false	no match		false	
Keratitis-Ichthyosis-Deafness (KID) syndrome	no match		false	no match		false	
Keratitis-ichthyosis-deafness (KID) syndrome	no match		false	no match		false	
Keratoacanthoma centrifugum marginatum	no match		false	no match		false	
Keratoconus	MONDO:0015486	keratoconus	true	MONDO:0015486	MONDO:0015486	true	true
King-Denborough Syndrome	no match		false	no match	MONDO:0020485	true	false
King-Denborough syndrome	no match		false	no match	MONDO:0020485	true	false
Kleefstra Syndrome	no match		false	no match	MONDO:0012455;MONDO:0027407	true	false
Kleefstra syndrome	no match		false	no match	MONDO:0012455;MONDO:0027407	true	false
Kleefstra syndrome (9q34.3 deletion syndrome)	no match		false	no match		false	
Klinefelter syndrome	MONDO:0018052	Klinefelter syndrome	false	no match	MONDO:0006823	true	false
Klinefelter syndrome (47,XXY)	MONDO:0018052	Klinefelter syndrome	false	no match		false	
Klippel-Feil syndrome	no match		false	no match	MONDO:0001029	true	false
Klippel-Trenaunay syndrome	no match		false	no match	MONDO:0007864	true	false
Kniest Dysplasia	no match		false	no match	MONDO:0007987	true	false
Kniest dysplasia	no match		false	no match	MONDO:0007987	true	false
Knobloch Syndrome	no match		false	no match	MONDO:0800166	true	false
Knobloch syndrome	no match		false	no match	MONDO:0800166	true	false
Kohlschütter-Tönz Syndrome	no match		false	no match		false	
Kohlschütter-Tönz syndrome	no match		false	no match		false	
Koolen-De Vries syndrome	no match		false	no match	MONDO:0012496	true	false
Koolen-de Vries syndrome	no match		false	no match	MONDO:0012496	true	false
Koolen-de Vries syndrome (17q21.31 microdeletion syndrome)	no match		false	no match		false	
Kousseff syndrome	no match		false	no match	MONDO:0016522	true	false
Krabbe Disease	MONDO:0009499	Krabbe disease	true	MONDO:0009499	MONDO:0009499	true	true
Krabbe Disease (Globoid Cell Leukodystrophy)	MONDO:0009499	Krabbe disease	true	MONDO:0009499		false	
Krabbe Disease (Infantile Onset)	no match		false	no match		false	
Krabbe disease	MONDO:0009499	Krabbe disease	true	MONDO:0009499	MONDO:0009499	true	true
Krabbe disease (Globoid Cell Leukodystrophy)	MONDO:0009499	Krabbe disease	true	MONDO:0009499		false	
Krabbe disease (Globoid cell leukodystrophy)	MONDO:0009499	Krabbe disease	true	MONDO:0009499		false	
Krabbe disease (Infantile form)	no match		false	no match		false	
Krabbe disease (adult-onset)	no match		false	no match		false	
Krabbe disease (globoid cell leukodystrophy)	MONDO:0009499	Krabbe disease	true	MONDO:0009499		false	
Krabbe disease (late-onset form)	no match		false	no match		false	
Krabbe disease (late-onset)	no match		false	no match		false	
Kufor-Rakeb Syndrome	no match		false	no match	MONDO:0011706	true	false
Kufor-Rakeb syndrome	no match		false	no match	MONDO:0011706	true	false
Kufor-Rakeb syndrome (ATP13A2 mutations)	no match		false	no match		false	
Kufor-Rakeb syndrome (ATP13A2-related juvenile-onset parkinsonism)	no match		false	no match		false	
Kufor-Rakeb syndrome (PARK9)	no match		false	no match		false	
Kufor-Rakeb syndrome (PARK9-associated parkinsonism)	no match		false	no match		false	
Kufs disease (adult neuronal ceroid lipofuscinosis)	no match		false	no match		false	
Kyphoscoliotic Ehlers-Danlos syndrome	no match		false	no match	MONDO:0016002	true	false
Kyphoscoliotic Ehlers-Danlos syndrome (kEDS)	no match		false	no match		false	
L-2-Hydroxyglutaric Aciduria	no match		false	no match	MONDO:0009370	true	false
L-2-Hydroxyglutaric aciduria	no match		false	no match	MONDO:0009370	true	false
L-2-hydroxyglutaric aciduria	no match		false	no match	MONDO:0009370	true	false
L1 Syndrome (L1CAM-related disorder)	no match		false	no match		false	
L1 syndrome	no match		false	no match	MONDO:0017140	true	false
L1 syndrome (L1CAM mutation disorders)	no match		false	no match		false	
L1 syndrome (L1CAM mutation)	no match		false	no match		false	
L1 syndrome (L1CAM mutations)	no match		false	no match		false	
L1 syndrome (L1CAM-associated X-linked hydrocephalus)	no match		false	no match		false	
L1 syndrome (L1CAM-associated disorders)	no match		false	no match		false	
L1 syndrome (L1CAM-related disorder)	no match		false	no match		false	
L1 syndrome (L1CAM-related disorders)	no match		false	no match		false	
L1 syndrome (X-linked hydrocephalus due to L1CAM mutations)	no match		false	no match		false	
L1 syndrome (X-linked hydrocephalus syndrome)	no match		false	no match		false	
L1 syndrome (X-linked hydrocephalus)	no match		false	no match		false	
L1CAM-associated X-linked hydrocephalus	no match		false	no match		false	
L1CAM-related X-linked hydrocephalus	no match		false	no match		false	
L1CAM-related disorder	no match		false	no match		false	
L1CAM-related disorder (MASA syndrome)	no match		false	no match		false	
L1CAM-related disorder (X-linked hydrocephalus)	no match		false	no match		false	
L1CAM-related hydrocephalus	no match		false	no match		false	
L2-Hydroxyglutaric aciduria	MONDO:0009281	L-2-hydroxyglutaric aciduria	false	no match		false	
LADD Syndrome (Lacrimo-Auriculo-Dento-Digital Syndrome)	no match		false	no match		false	
LADD syndrome	no match		false	no match	MONDO:0007872	true	false
LAMA2-Related Congenital Muscular Dystrophy	no match		false	no match		false	
LAMA2-related congenital muscular dystrophy (Merosin-deficient CMD)	no match		false	no match		false	
LEOPARD Syndrome	MONDO:0007893	Noonan syndrome with multiple lentigines	true	MONDO:0007893	MONDO:0007893	true	true
LEOPARD syndrome	MONDO:0007893	Noonan syndrome with multiple lentigines	true	MONDO:0007893	MONDO:0007893	true	true
LEOPARD syndrome (Multiple Lentigines Syndrome)	MONDO:0007893	Noonan syndrome with multiple lentigines	true	MONDO:0007893		false	
LEOPARD syndrome (Noonan syndrome with Multiple Lentigines)	MONDO:0007893	Noonan syndrome with multiple lentigines	true	MONDO:0007893		false	
LEOPARD syndrome (Noonan syndrome with multiple lentigines)	MONDO:0007893	Noonan syndrome with multiple lentigines	true	MONDO:0007893		false	
LEOPARD syndrome (multiple lentigines syndrome)	MONDO:0007893	Noonan syndrome with multiple lentigines	true	MONDO:0007893		false	
LIG4 deficiency syndrome	no match		false	no match		false	
LIS1-related lissencephaly	no match		false	no match		false	
LMNA-Related Lipodystrophy	no match		false	no match		false	
LMNA-Related Muscular Dystrophy with Lipodystrophy	no match		false	no match		false	
LMNA-Related Neuromuscular Disease	no match		false	no match		false	
LMNA-associated dilated cardiomyopathy	no match		false	no match		false	
LMNA-associated peripheral neuropathy	no match		false	no match		false	
LMNA-related Cardiac Conduction Disease	no match		false	no match		false	
LMNA-related Congenital Muscular Dystrophy	no match		false	no match	MONDO:0013178	true	false
LMNA-related Muscular Dystrophy	no match		false	no match		false	
LMNA-related cardiac conduction disorder	no match		false	no match		false	
LMNA-related cardiomyopathy	no match		false	no match		false	
LMNA-related cardiomyopathy (Lamin A/C gene mutation)	no match		false	no match		false	
LMNA-related congenital muscular dystrophy	no match		false	no match	MONDO:0013178	true	false
LMNA-related dilated cardiomyopathy	no match		false	no match		false	
LMNA-related dilated cardiomyopathy with conduction defects	no match		false	no match		false	
LMNA-related muscular dystrophy	no match		false	no match		false	
LMNA-related muscular dystrophy (Limb-girdle muscular dystrophy type 1B)	no match		false	no match		false	
LMNA-related muscular dystrophy with lipodystrophy	no match		false	no match		false	
LMNA-related progeroid syndrome	no match		false	no match		false	
LRBA Deficiency	no match		false	no match		false	
LRBA deficiency	no match		false	no match		false	
LRP5 mutation-related osteoporosis	no match		false	no match		false	
LTBP4-related cutis laxa	no match		false	no match		false	
LTBP4-related cutis laxa (Autosomal recessive cutis laxa type IC)	no match		false	no match		false	
LTBP4-related cutis laxa (autosomal recessive cutis laxa type IC)	no match		false	no match		false	
Lacrimo-Auriculo-Dento-Digital (LADD) syndrome	no match		false	no match		false	
Lacrimo-auriculo-dento-digital (LADD) syndrome	no match		false	no match		false	
Lafora Disease	MONDO:0009697	Lafora disease	true	MONDO:0009697	MONDO:0009697	true	true
Lafora disease	MONDO:0009697	Lafora disease	true	MONDO:0009697	MONDO:0009697	true	true
Lafora disease (Lafora progressive myoclonus epilepsy)	no match		false	no match		false	
Laing distal myopathy	no match		false	no match	MONDO:0008050	true	false
Lambert-Eaton Myasthenic Syndrome	no match		false	no match	MONDO:0018556	true	false
Lamellar ichthyosis	no match		false	no match	MONDO:0017778	true	false
Lamin A/C Cardiomyopathy (LMNA mutation)	no match		false	no match		false	
Lamin A/C cardiomyopathy	no match		false	no match		false	
Lamin A/C cardiomyopathy (LMNA-related dilated cardiomyopathy)	no match		false	no match		false	
Lamin A/C-related congenital muscular dystrophy	no match		false	no match		false	
Lamin A/C-related dilated cardiomyopathy with ectodermal dysplasia	no match		false	no match		false	
Lamin A/C-related muscular dystrophy	no match		false	no match		false	
Lamin A/C-related muscular dystrophy (LMNA-related muscular dystrophy)	no match		false	no match		false	
Laminin Alpha-2 Deficient Congenital Muscular Dystrophy	no match		false	no match		false	
Laminopathy (LMNA-related Muscular Dystrophy)	no match		false	no match		false	
Laminopathy-associated Muscular Dystrophy	no match		false	no match		false	
Landau-Kleffner Syndrome	no match		false	no match	MONDO:0009509	true	false
Landau-Kleffner syndrome	no match		false	no match	MONDO:0009509	true	false
Langer mesomelic dysplasia	no match		false	no match	MONDO:0009588	true	false
Langer-Giedion syndrome	no match		false	no match	MONDO:0007874	true	false
Langer-Giedion syndrome (Trichorhinophalangeal syndrome type II)	no match		false	no match		false	
Langerhans cell histiocytosis	MONDO:0018310	Langerhans cell histiocytosis	true	MONDO:0018310	MONDO:0017025;MONDO:0017029;MONDO:0018310	true	true
Large Neutral Amino Acid Transporter 1 (LAT1) Deficiency	no match		false	no match		false	
Laron syndrome	no match		false	no match	MONDO:0009877	true	false
Larsen Syndrome	no match		false	no match	MONDO:0007875	true	false
Larsen syndrome	no match		false	no match	MONDO:0007875	true	false
Laryngomalacia	no match		false	no match		false	
Late-Onset Cerebellar Degeneration	no match		false	no match		false	
Late-onset Pompe disease	no match		false	no match		false	
Late-onset Pompe disease (Glycogen storage disease type II)	no match		false	no match		false	
Late-onset Tay-Sachs disease	no match		false	no match		false	
Lathosterolosis	no match		false	no match	MONDO:0011816	true	false
Lattice Corneal Dystrophy	no match		false	no match	MONDO:0004686	true	false
Laurence-Moon Syndrome	no match		false	no match	MONDO:0009514	true	false
Laurence-Moon syndrome	no match		false	no match	MONDO:0009514	true	false
Laurin-Sandrow syndrome	no match		false	no match	MONDO:0007615	true	false
Lead poisoning	no match		false	no match	MONDO:0018019	true	false
Leber Congenital Amaurosis	MONDO:0018998	Leber congenital amaurosis	true	MONDO:0018998	MONDO:0018998	true	true
Leber Hereditary Optic Neuropathy	MONDO:0010788	Leber hereditary optic neuropathy	true	MONDO:0010788	MONDO:0010788	true	true
Leber Hereditary Optic Neuropathy (LHON)	MONDO:0010788	Leber hereditary optic neuropathy	true	MONDO:0010788		false	
Leber congenital amaurosis	MONDO:0018998	Leber congenital amaurosis	true	MONDO:0018998	MONDO:0018998	true	true
Leber hereditary optic neuropathy	MONDO:0010788	Leber hereditary optic neuropathy	true	MONDO:0010788	MONDO:0010788	true	true
Leber hereditary optic neuropathy (LHON)	MONDO:0010788	Leber hereditary optic neuropathy	true	MONDO:0010788		false	
Leber's Hereditary Optic Neuropathy	MONDO:0010788	Leber hereditary optic neuropathy	true	MONDO:0010788		false	
Leber's congenital amaurosis	MONDO:0018998	Leber congenital amaurosis	true	MONDO:0018998		false	
Leber's hereditary optic neuropathy	MONDO:0010788	Leber hereditary optic neuropathy	true	MONDO:0010788		false	
Leber's hereditary optic neuropathy (LHON) plus spastic paraplegia	no match		false	no match		false	
Leber's hereditary optic neuropathy (LHON) with spastic paraplegia	no match		false	no match		false	
Lebers hereditary optic neuropathy	MONDO:0010788	Leber hereditary optic neuropathy	true	MONDO:0010788		false	
Left atrial isomerism (Polysplenia syndrome)	no match		false	no match		false	
Left ventricular noncompaction cardiomyopathy	no match		false	no match		false	
Legius Syndrome	MONDO:0012690	Legius syndrome	false	no match	MONDO:0012669	true	false
Legius syndrome	MONDO:0012690	Legius syndrome	false	no match	MONDO:0012669	true	false
Leigh Syndrome	MONDO:0009723	Leigh syndrome	true	MONDO:0009723	MONDO:0009723	true	true
Leigh Syndrome (Mitochondrial Disorder)	MONDO:0009723	Leigh syndrome	true	MONDO:0009723		false	
Leigh Syndrome (Mitochondrial Encephalopathy)	MONDO:0009723	Leigh syndrome	true	MONDO:0009723		false	
Leigh Syndrome (Subacute Necrotizing Encephalomyelopathy)	MONDO:0009723	Leigh syndrome	true	MONDO:0009723		false	
Leigh disease	MONDO:0009723	Leigh syndrome	true	MONDO:0009723	MONDO:0009723	true	true
Leigh disease (mitochondrial disorder)	MONDO:0009723	Leigh syndrome	true	MONDO:0009723		false	
Leigh disease (mitochondrial encephalopathy)	MONDO:0009723	Leigh syndrome	true	MONDO:0009723		false	
Leigh disease (subacute necrotizing encephalomyelopathy)	MONDO:0009723	Leigh syndrome	true	MONDO:0009723		false	
Leigh syndrome	MONDO:0009723	Leigh syndrome	true	MONDO:0009723	MONDO:0009723	true	true
Leigh syndrome (SURF1-related)	no match		false	no match		false	
Leigh syndrome (a mitochondrial disorder)	MONDO:0009723	Leigh syndrome	true	MONDO:0009723		false	
Leigh syndrome (mitochondrial disorder)	MONDO:0009723	Leigh syndrome	true	MONDO:0009723		false	
Leigh syndrome (subacute necrotizing encephalomyelopathy)	MONDO:0009723	Leigh syndrome	true	MONDO:0009723		false	
Leigh syndrome (subtype of mitochondrial disorders)	MONDO:0009723	Leigh syndrome	true	MONDO:0009723		false	
Leigh syndrome due to MT-ATP6 mutations	no match		false	no match		false	
Lennox-Gastaut Syndrome	MONDO:0016532	Lennox-Gastaut syndrome	true	MONDO:0016532	MONDO:0016532	true	true
Lennox-Gastaut syndrome	MONDO:0016532	Lennox-Gastaut syndrome	true	MONDO:0016532	MONDO:0016532	true	true
Lentiginosis profusa	no match		false	no match		false	
Lenz Microphthalmia Syndrome	no match		false	no match	MONDO:0010671;MONDO:0018924	true	false
Lenz microphthalmia syndrome	no match		false	no match	MONDO:0010671;MONDO:0018924	true	false
Lenz-Majewski hyperostotic dwarfism	no match		false	no match	MONDO:0007892	true	false
Lenz-Majewski syndrome	no match		false	no match		false	
Lenègre disease	no match		false	no match		false	
Lenègre disease (progressive cardiac conduction defect due to SCN5A mutations)	no match		false	no match		false	
Lenègre disease (progressive cardiac conduction defect)	no match		false	no match		false	
Leopard syndrome	no match		false	no match	MONDO:0007893	true	false
Leri-Weill Dyschondrosteosis	no match		false	no match	MONDO:0007481	true	false
Leri-Weill dyschondrosteosis	no match		false	no match	MONDO:0007481	true	false
Lesch-Nyhan syndrome	MONDO:0010298	Lesch-Nyhan syndrome	true	MONDO:0010298	MONDO:0010298	true	true
Lethal Congenital Contracture Syndrome	no match		false	no match	MONDO:0017436	true	false
Lethal multiple pterygium syndrome	no match		false	no match	MONDO:0009668	true	false
Leukocyte Adhesion Deficiency Type I	no match		false	no match	MONDO:0007293	true	false
Leukocyte Adhesion Deficiency Type II	no match		false	no match	MONDO:0009953	true	false
Leukocyte adhesion deficiency type II (LAD II)	no match		false	no match		false	
Leukodystrophies	MONDO:0019046	leukodystrophy	true	MONDO:0019046		false	
Leukodystrophies (e.g., Canavan disease)	MONDO:0019046	leukodystrophy	true	MONDO:0019046		false	
Leukodystrophies (e.g., Krabbe disease, Metachromatic leukodystrophy)	MONDO:0019046	leukodystrophy	true	MONDO:0019046		false	
Leukodystrophies (e.g., POLR3-related disorders)	MONDO:0019046	leukodystrophy	true	MONDO:0019046		false	
Leukodystrophies (e.g., metachromatic leukodystrophy)	MONDO:0019046	leukodystrophy	true	MONDO:0019046		false	
Leukodystrophies (other types)	MONDO:0019046	leukodystrophy	true	MONDO:0019046		false	
Leukodystrophy	MONDO:0019046	leukodystrophy	true	MONDO:0019046	MONDO:0019046	true	true
Leukodystrophy with brainstem and spinal cord involvement and lactate elevation (LBSL)	no match		false	no match		false	
Leukodystrophy with hypomyelination	no match		false	no match		false	
Leukoencephalopathy with Brainstem and Spinal Cord Involvement and Lactate Elevation (LBSL)	no match		false	no match		false	
Leukoencephalopathy with calcifications and cysts (LCC)	no match		false	no match		false	
Leukoencephalopathy with calcifications and cysts (Labrune syndrome)	no match		false	no match		false	
Lewy body dementia	MONDO:0007488	Lewy body dementia	true	MONDO:0007488	MONDO:0007488	true	true
Leydig cell hypoplasia	no match		false	no match	MONDO:0019155	true	false
Li-Fraumeni Syndrome	MONDO:0018875	Li-Fraumeni syndrome	true	MONDO:0018875	MONDO:0018875	true	true
Li-Fraumeni syndrome	MONDO:0018875	Li-Fraumeni syndrome	true	MONDO:0018875	MONDO:0018875	true	true
Limb-Girdle Muscular Dystrophy	MONDO:0015152	limb-girdle muscular dystrophy	false	no match	MONDO:0016971	true	false
Limb-Girdle Muscular Dystrophy Type 1B	no match		false	no match	MONDO:0021569	true	false
Limb-Girdle Muscular Dystrophy Type 1B (LGMD1B)	no match		false	no match		false	
Limb-Girdle Muscular Dystrophy due to POMGNT1 mutations (MDDGC3)	no match		false	no match		false	
Limb-Girdle Muscular Dystrophy due to POMT1 mutations (MDDGC1)	no match		false	no match		false	
Limb-Girdle Muscular Dystrophy due to POMT2 mutations (MDDGC2)	no match		false	no match		false	
Limb-Girdle Muscular Dystrophy type 1B	no match		false	no match	MONDO:0021569	true	false
Limb-Girdle Muscular Dystrophy type 1B (LGMD1B)	no match		false	no match		false	
Limb-Girdle Muscular Dystrophy type 2I (LGMDR9) due to FKRP mutations	no match		false	no match		false	
Limb-girdle muscular dystrophy	MONDO:0015152	limb-girdle muscular dystrophy	false	no match	MONDO:0016971	true	false
Limb-girdle muscular dystrophy (LGMD)	MONDO:0015152	limb-girdle muscular dystrophy	false	no match		false	
Limb-girdle muscular dystrophy type 1B	no match		false	no match	MONDO:0021569	true	false
Limb-girdle muscular dystrophy type 1C (CAV3-related)	no match		false	no match		false	
Linear nevus sebaceous syndrome	no match		false	no match	MONDO:0008097	true	false
Lipodystrophy associated with LMNA mutations	no match		false	no match		false	
Lipodystrophy due to PPARG gene mutation	no match		false	no match		false	
Lipoic acid synthetase deficiency	no match		false	no match	MONDO:0013762	true	false
Lipoid congenital adrenal hyperplasia	no match		false	no match	MONDO:0008725	true	false
Lipomyelomeningocele	no match		false	no match	MONDO:0012296	true	false
Lipopolysaccharide-Responsive Beige-Like Anchor Protein (LRBA) Deficiency	no match		false	no match		false	
Lissencephaly	no match		false	no match	MONDO:0018838	true	false
Lissencephaly (DCX gene mutations)	no match		false	no match		false	
Lissencephaly (LIS1 or DCX mutations)	no match		false	no match		false	
Lissencephaly (Miller-Dieker syndrome)	no match		false	no match		false	
Lissencephaly (e.g., Miller-Dieker syndrome)	no match		false	no match		false	
Lissencephaly (e.g., due to LIS1 mutations)	no match		false	no match		false	
Lissencephaly due to LIS1 mutation	no match		false	no match	MONDO:0011830	true	false
Lissencephaly due to LIS1 mutations	no match		false	no match		false	
Lissencephaly due to TUBB2B mutations	no match		false	no match		false	
Lissencephaly with cerebellar hypoplasia	no match		false	no match	MONDO:0019450	true	false
Loeys-Dietz Syndrome	MONDO:0018954	Loeys-Dietz syndrome	true	MONDO:0018954	MONDO:0018954	true	true
Loeys-Dietz syndrome	MONDO:0018954	Loeys-Dietz syndrome	true	MONDO:0018954	MONDO:0018954	true	true
Loeys-Dietz syndrome type 3 (SMAD3 mutation)	no match		false	no match		false	
Long QT Syndrome	MONDO:0002442	long QT syndrome	true	MONDO:0002442	MONDO:0002442;MONDO:0019171	true	true
Long QT Syndrome Type 1	MONDO:0100316	long QT syndrome 1	true	MONDO:0100316	MONDO:0100316	true	true
Long QT Syndrome Type 1 (LQT1)	MONDO:0100316	long QT syndrome 1	true	MONDO:0100316		false	
Long QT Syndrome Type 2	no match		false	no match	MONDO:0013367	true	false
Long QT Syndrome Type 2 (LQT2)	no match		false	no match		false	
Long QT Syndrome Type 3	no match		false	no match	MONDO:0011377	true	false
Long QT Syndrome Type 3 (LQT3)	no match		false	no match		false	
Long QT syndrome	MONDO:0002442	long QT syndrome	true	MONDO:0002442	MONDO:0002442;MONDO:0019171	true	true
Long QT syndrome type 1	MONDO:0100316	long QT syndrome 1	true	MONDO:0100316	MONDO:0100316	true	true
Long QT syndrome type 2	no match		false	no match	MONDO:0013367	true	false
Long QT syndrome type 3	no match		false	no match	MONDO:0011377	true	false
Long QT syndrome type 3 (LQT3)	no match		false	no match		false	
Long-Chain 3-Hydroxyacyl-CoA Dehydrogenase (LCHAD) Deficiency	MONDO:0012173	long chain 3-hydroxyacyl-CoA dehydrogenase deficiency	true	MONDO:0012173		false	
Long-chain 3-hydroxyacyl-CoA dehydrogenase (LCHAD) deficiency	MONDO:0012173	long chain 3-hydroxyacyl-CoA dehydrogenase deficiency	true	MONDO:0012173		false	
Long-chain 3-hydroxyacyl-CoA dehydrogenase deficiency	MONDO:0012173	long chain 3-hydroxyacyl-CoA dehydrogenase deficiency	true	MONDO:0012173		false	
Long-chain 3-hydroxyacyl-CoA dehydrogenase deficiency (LCHAD deficiency)	MONDO:0012173	long chain 3-hydroxyacyl-CoA dehydrogenase deficiency	true	MONDO:0012173		false	
Long-chain 3-hydroxyacyl-CoA dehydrogenase deficiency (LCHADD)	MONDO:0012173	long chain 3-hydroxyacyl-CoA dehydrogenase deficiency	true	MONDO:0012173		false	
Long-chain acyl-CoA dehydrogenase deficiency	no match		false	no match	MONDO:0020531	true	false
Long-chain acyl-CoA dehydrogenase deficiency (LCAD deficiency)	no match		false	no match		false	
Long-chain hydroxyacyl-CoA dehydrogenase deficiency (LCHAD deficiency)	MONDO:0012173	long chain 3-hydroxyacyl-CoA dehydrogenase deficiency	true	MONDO:0012173		false	
Lowe Syndrome	MONDO:0010645	Lowe syndrome	true	MONDO:0010645	MONDO:0010645	true	true
Lowe syndrome	MONDO:0010645	Lowe syndrome	true	MONDO:0010645	MONDO:0010645	true	true
Lowe syndrome (Oculo-cerebro-renal syndrome)	MONDO:0010645	Lowe syndrome	true	MONDO:0010645		false	
Lowe syndrome (oculocerebrorenal syndrome)	MONDO:0010645	Lowe syndrome	true	MONDO:0010645		false	
Lujan-Fryns syndrome	no match		false	no match	MONDO:0010655	true	false
Lymphangioleiomyomatosis	MONDO:0011705	lymphangioleiomyomatosis	true	MONDO:0011705	MONDO:0006277;MONDO:0011705	true	true
Lymphedema-Distichiasis syndrome	no match		false	no match	MONDO:0007922	true	false
Lynch Syndrome (Hereditary Nonpolyposis Colorectal Cancer)	MONDO:0005835	Lynch syndrome	true	MONDO:0005835		false	
Lynch syndrome	MONDO:0005835	Lynch syndrome	true	MONDO:0005835	MONDO:0005835	true	true
Lysinuric Protein Intolerance	MONDO:0009109	lysinuric protein intolerance	true	MONDO:0009109	MONDO:0009109	true	true
Lysinuric protein intolerance	MONDO:0009109	lysinuric protein intolerance	true	MONDO:0009109	MONDO:0009109	true	true
Lysosomal acid lipase deficiency (LAL-D)	no match		false	no match		false	
Lysosomal acid lipase deficiency (cholesteryl ester storage disease)	no match		false	no match		false	
Léri-Weill dyschondrosteosis	no match		false	no match	MONDO:0007481	true	false
MAF Mutation-Associated Cataract-Coloboma Syndrome	no match		false	no match		false	
MASA syndrome	no match		false	no match	MONDO:0010559	true	false
MASS Phenotype	no match		false	no match	MONDO:0011431	true	false
MASS phenotype	no match		false	no match	MONDO:0011431	true	false
MBD5 haploinsufficiency syndrome	no match		false	no match		false	
MBD5-associated neurodevelopmental disorder	no match		false	no match		false	
MDP syndrome (Mandibular hypoplasia, Deafness, Progeroid features)	no match		false	no match		false	
MECP2 Duplication Syndrome	no match		false	no match	MONDO:0010283	true	false
MECP2 duplication syndrome	no match		false	no match	MONDO:0010283	true	false
MECP2-related severe neonatal encephalopathy	no match		false	no match		false	
MED13L haploinsufficiency syndrome	no match		false	no match	MONDO:0014773	true	false
MED13L-related intellectual disability	no match		false	no match	MONDO:0014773	true	false
MED13L-related intellectual disability syndrome	no match		false	no match		false	
MEF2C haploinsufficiency syndrome	no match		false	no match		false	
MEGDEL syndrome	no match		false	no match	MONDO:0013875	true	false
MELAS (Mitochondrial Encephalomyopathy, Lactic Acidosis, and Stroke-like episodes)	MONDO:0010789	MELAS syndrome	true	MONDO:0010789		false	
MELAS (Mitochondrial Encephalopathy, Lactic Acidosis, and Stroke-like episodes)	no match		false	no match		false	
MELAS Syndrome (Mitochondrial Encephalomyopathy, Lactic Acidosis, and Stroke-like episodes)	MONDO:0010789	MELAS syndrome	true	MONDO:0010789		false	
MELAS syndrome	MONDO:0010789	MELAS syndrome	true	MONDO:0010789	MONDO:0010789	true	true
MELAS syndrome (Mitochondrial Encephalomyopathy, Lactic Acidosis, and Stroke-like episodes)	MONDO:0010789	MELAS syndrome	true	MONDO:0010789		false	
MELAS syndrome (Mitochondrial Encephalopathy, Lactic Acidosis, and Stroke-like episodes)	MONDO:0010789	MELAS syndrome	true	MONDO:0010789		false	
MELAS syndrome (Mitochondrial encephalomyopathy, lactic acidosis, and stroke-like episodes)	MONDO:0010789	MELAS syndrome	true	MONDO:0010789		false	
MERRF syndrome	no match		false	no match	MONDO:0010790	true	false
MERRF syndrome (Myoclonic Epilepsy with Ragged Red Fibers)	no match		false	no match		false	
MICPCH syndrome (CASK gene mutations)	no match		false	no match		false	
MICPCH syndrome (CASK-related disorder)	no match		false	no match		false	
MPI-CDG (Congenital Disorder of Glycosylation Type Ib)	no match		false	no match		false	
MPPH syndrome (megalencephaly-polymicrogyria-polydactyly-hydrocephalus)	no match		false	no match		false	
MPV17-related hepatocerebral mitochondrial DNA depletion syndrome	no match		false	no match	MONDO:0009747	true	false
MPV17-related mitochondrial DNA depletion syndrome	no match		false	no match		false	
MTHFR deficiency	MONDO:0009353	homocystinuria due to methylene tetrahydrofolate reductase deficiency	true	MONDO:0009353	MONDO:0009353	true	true
MTOR-related Overgrowth Syndrome	no match		false	no match		false	
MTOR-related focal cortical dysplasia	no match		false	no match		false	
MYH7-related dilated cardiomyopathy	no match		false	no match		false	
MYH7-related left ventricular noncompaction cardiomyopathy	no match		false	no match		false	
MYH9-related disorder	no match		false	no match	MONDO:0015912	true	false
MYH9-related disorder (May-Hegglin anomaly)	no match		false	no match		false	
MYH9-related disorders	no match		false	no match		false	
MYH9-related thrombocytopenia	no match		false	no match		false	
Macrocephaly-capillary malformation (M-CM) syndrome	no match		false	no match		false	
Macular Degeneration	no match		false	no match	MONDO:0003004	true	false
Macular dystrophy	no match		false	no match		false	
Madelung Disease (Benign Symmetric Lipomatosis)	no match		false	no match		false	
Madelung's Disease	no match		false	no match	MONDO:0006574;MONDO:0007908	true	false
Maffucci syndrome	no match		false	no match	MONDO:0013808	true	false
Mainzer-Saldino Syndrome	no match		false	no match	MONDO:0009964	true	false
Mainzer-Saldino syndrome	no match		false	no match	MONDO:0009964	true	false
Major Histocompatibility Complex Class II deficiency	no match		false	no match		false	
Major Histocompatibility Complex Class II deficiency (Bare Lymphocyte Syndrome type II)	no match		false	no match		false	
Mal de Meleda	no match		false	no match	MONDO:0009552	true	false
Malan syndrome	no match		false	no match	MONDO:0013885	true	false
Malformations of cortical development (e.g., lissencephaly)	no match		false	no match		false	
Malignant Hyperthermia Susceptibility (MHS)	no match		false	no match		false	
Malignant Hyperthermia Susceptibility (RYR1 gene mutation)	no match		false	no match		false	
Malignant migrating partial seizures of infancy (MMPSI)	no match		false	no match		false	
Mandibular Hypoplasia, Deafness, Progeroid Features, and Lipodystrophy (MDPL) Syndrome	no match		false	no match		false	
Mandibuloacral Dysplasia	no match		false	no match	MONDO:0009557;MONDO:0016584	true	false
Mandibuloacral Dysplasia Type B	no match		false	no match		false	
Mandibuloacral dysplasia	no match		false	no match	MONDO:0009557;MONDO:0016584	true	false
Mandibuloacral dysplasia type A	no match		false	no match		false	
Mandibuloacral dysplasia type B	no match		false	no match		false	
Mandibulofacial dysostosis with microcephaly	no match		false	no match	MONDO:0012516	true	false
Mandibulofacial dysostosis with radioulnar synostosis	no match		false	no match		false	
Maple Syrup Urine Disease	MONDO:0009563	maple syrup urine disease	true	MONDO:0009563	MONDO:0009563	true	true
Maple Syrup Urine Disease (MSUD)	MONDO:0009563	maple syrup urine disease	true	MONDO:0009563		false	
Maple syrup urine disease	MONDO:0009563	maple syrup urine disease	true	MONDO:0009563	MONDO:0009563	true	true
Marden-Walker syndrome	no match		false	no match	MONDO:0009564	true	false
Marfan Syndrome	MONDO:0007947	Marfan syndrome	true	MONDO:0007947	MONDO:0007947	true	true
Marfan syndrome	MONDO:0007947	Marfan syndrome	true	MONDO:0007947	MONDO:0007947	true	true
Marfan syndrome (atypical presentation)	MONDO:0007947	Marfan syndrome	true	MONDO:0007947		false	
Marfanoid progeroid lipodystrophy syndrome	no match		false	no match		false	
Marfanoid-Progeroid-Lipodystrophy Syndrome	no match		false	no match		false	
Marfanoid-Progeroid-Lipodystrophy syndrome	no match		false	no match		false	
Marinesco-Sjögren Syndrome	no match		false	no match		false	
Marinesco-Sjögren syndrome	no match		false	no match		false	
Maroteaux-Lamy syndrome (Mucopolysaccharidosis type VI)	MONDO:0009661	mucopolysaccharidosis type 6	true	MONDO:0009661		false	
Marshall syndrome	no match		false	no match	MONDO:0007949	true	false
Marshall-Smith syndrome	no match		false	no match	MONDO:0011244	true	false
Maternally Inherited Diabetes and Deafness (MIDD)	MONDO:0010785	maternally-inherited diabetes and deafness	true	MONDO:0010785		false	
Mayer-Rokitansky-Küster-Hauser (MRKH) syndrome	no match		false	no match		false	
McArdle Disease (Glycogen Storage Disease Type V)	MONDO:0009293	glycogen storage disease V	true	MONDO:0009293		false	
McArdle disease (Glycogen Storage Disease type V)	MONDO:0009293	glycogen storage disease V	true	MONDO:0009293		false	
McArdle disease (Glycogen storage disease type V)	MONDO:0009293	glycogen storage disease V	true	MONDO:0009293		false	
McArdle disease (glycogen storage disease type V)	MONDO:0009293	glycogen storage disease V	true	MONDO:0009293		false	
McCune-Albright Syndrome	MONDO:0007038	McCune-Albright syndrome	false	no match	MONDO:0018919	true	false
McCune-Albright syndrome	MONDO:0007038	McCune-Albright syndrome	false	no match	MONDO:0018919	true	false
McKusick-Kaufman Syndrome	no match		false	no match	MONDO:0009367	true	false
McKusick-Kaufman syndrome	no match		false	no match	MONDO:0009367	true	false
McLeod Syndrome	no match		false	no match	MONDO:0018945	true	false
McLeod syndrome	no match		false	no match	MONDO:0018945	true	false
MeCP2 duplication syndrome	no match		false	no match	MONDO:0010283	true	false
Meckel-Gruber Syndrome	no match		false	no match	MONDO:0009571;MONDO:0018921	true	false
Meckel-Gruber syndrome	no match		false	no match	MONDO:0009571;MONDO:0018921	true	false
Medium Chain Acyl-CoA Dehydrogenase (MCAD) deficiency	MONDO:0008721	medium chain acyl-CoA dehydrogenase deficiency	true	MONDO:0008721		false	
Medium-Chain Acyl-CoA Dehydrogenase (MCAD) Deficiency	MONDO:0008721	medium chain acyl-CoA dehydrogenase deficiency	true	MONDO:0008721		false	
Medium-Chain Acyl-CoA Dehydrogenase Deficiency (MCAD Deficiency)	MONDO:0008721	medium chain acyl-CoA dehydrogenase deficiency	true	MONDO:0008721		false	
Medium-chain Acyl-CoA Dehydrogenase Deficiency	MONDO:0008721	medium chain acyl-CoA dehydrogenase deficiency	true	MONDO:0008721	MONDO:0008721	true	true
Medium-chain acyl-CoA dehydrogenase (MCAD) deficiency	MONDO:0008721	medium chain acyl-CoA dehydrogenase deficiency	true	MONDO:0008721		false	
Medium-chain acyl-CoA dehydrogenase deficiency	MONDO:0008721	medium chain acyl-CoA dehydrogenase deficiency	true	MONDO:0008721	MONDO:0008721	true	true
Medium-chain acyl-CoA dehydrogenase deficiency (MCAD deficiency)	MONDO:0008721	medium chain acyl-CoA dehydrogenase deficiency	true	MONDO:0008721		false	
Medium-chain acyl-CoA dehydrogenase deficiency (MCADD)	MONDO:0008721	medium chain acyl-CoA dehydrogenase deficiency	true	MONDO:0008721		false	
Medullary Cystic Kidney Disease	no match		false	no match	MONDO:0008264	true	false
Medullary Sponge Kidney	no match		false	no match	MONDO:0015268	true	false
Medullary sponge kidney	no match		false	no match	MONDO:0015268	true	false
Megalencephalic Leukoencephalopathy with Subcortical Cysts (MLC)	no match		false	no match		false	
Megalencephalic Leukoencephalopathy with Subcortical Cysts (MLC1)	no match		false	no match		false	
Megalencephalic leukoencephalopathy with subcortical cysts	no match		false	no match	MONDO:0011391;MONDO:0024555	true	false
Megalencephalic leukoencephalopathy with subcortical cysts (MLC)	no match		false	no match		false	
Megalencephaly Capillary Malformation Syndrome	no match		false	no match		false	
Megalencephaly-Capillary Malformation (MCAP) syndrome	no match		false	no match		false	
Megalencephaly-Capillary Malformation Syndrome (MCAP)	no match		false	no match		false	
Megalencephaly-Capillary Malformation syndrome (MCAP)	no match		false	no match		false	
Megalencephaly-Capillary Malformation-Polymicrogyria Syndrome	no match		false	no match	MONDO:0011240	true	false
Megalencephaly-Polymicrogyria-Polydactyly-Hydrocephalus (MPPH) syndrome	no match		false	no match		false	
Megalencephaly-Polymicrogyria-Polydactyly-Hydrocephalus Syndrome	no match		false	no match	MONDO:0019375	true	false
Megalencephaly-capillary malformation (MCAP) syndrome	no match		false	no match		false	
Megalencephaly-capillary malformation syndrome	no match		false	no match	MONDO:0011240	true	false
Megalencephaly-capillary malformation syndrome (MCAP)	no match		false	no match		false	
Megalencephaly-polymicrogyria-polydactyly-hydrocephalus (MPPH) syndrome	no match		false	no match		false	
Megalencephaly–capillary malformation–polymicrogyria (MCAP) syndrome	no match		false	no match		false	
Megalencephaly–polymicrogyria–polydactyly–hydrocephalus (MPPH) syndrome	no match		false	no match		false	
Megaloblastic anemia (vitamin B12 or folate deficiency)	no match		false	no match		false	
Meier-Gorlin syndrome	no match		false	no match	MONDO:0016817	true	false
Melnick-Needles Syndrome	no match		false	no match	MONDO:0010650	true	false
Melnick-Needles syndrome	no match		false	no match	MONDO:0010650	true	false
Melorheostosis	no match		false	no match	MONDO:0007970	true	false
Mendelian Susceptibility to Mycobacterial Disease (MSMD)	no match		false	no match		false	
Meniere's disease	MONDO:0007972	Meniere disease	true	MONDO:0007972		false	
Menkes Disease	MONDO:0010643	Menkes disease	false	no match	MONDO:0010651	true	false
Menkes disease	MONDO:0010643	Menkes disease	false	no match	MONDO:0010651	true	false
Merosin-deficient Congenital Muscular Dystrophy	no match		false	no match	MONDO:0011925	true	false
Merosin-deficient congenital muscular dystrophy	no match		false	no match	MONDO:0011925	true	false
Merosin-deficient congenital muscular dystrophy (MDC1A)	no match		false	no match		false	
Mesomelic dysplasia Kantaputra type	no match		false	no match	MONDO:0007977	true	false
Metabolic disorders (e.g., phenylketonuria)	no match		false	no match		false	
Metachondromatosis	no match		false	no match	MONDO:0007979	true	false
Metachromatic Leukodystrophy	MONDO:0018868	metachromatic leukodystrophy	true	MONDO:0018868	MONDO:0018868	true	true
Metachromatic Leukodystrophy (MLD)	MONDO:0018868	metachromatic leukodystrophy	true	MONDO:0018868		false	
Metachromatic leukodystrophy	MONDO:0018868	metachromatic leukodystrophy	true	MONDO:0018868	MONDO:0018868	true	true
Metachromatic leukodystrophy (adult form)	no match		false	no match		false	
Metachromatic leukodystrophy (adult-onset)	no match		false	no match		false	
Metaphyseal Chondrodysplasia	no match		false	no match	MONDO:0000138	true	false
Metaphyseal chondrodysplasia	no match		false	no match	MONDO:0000138	true	false
Metaphyseal chondrodysplasia (Schmid type)	no match		false	no match		false	
Metaphyseal chondrodysplasia, McKusick type	no match		false	no match	MONDO:0009595	true	false
Metaphyseal chondrodysplasia, Schmid type	no match		false	no match	MONDO:0007983	true	false
Metatropic dysplasia	no match		false	no match	MONDO:0007986	true	false
Methionine synthase deficiency	no match		false	no match	MONDO:0021915	true	false
Methylenetetrahydrofolate reductase (MTHFR) deficiency	no match		false	no match		false	
Methylmalonic Acidemia	no match		false	no match	MONDO:0002012	true	false
Methylmalonic acidemia	no match		false	no match	MONDO:0002012	true	false
Methylmalonic acidemia (MMA)	no match		false	no match		false	
Methylmalonic acidemia due to MUT gene deficiency	no match		false	no match		false	
Methylmalonic acidemia with homocystinuria (cobalamin C deficiency)	no match		false	no match		false	
Mevalonate kinase deficiency	no match		false	no match	MONDO:0017708	true	false
Micro syndrome	no match		false	no match	MONDO:0016649	true	false
Microcephalic Osteodysplastic Primordial Dwarfism	no match		false	no match	MONDO:0000060	true	false
Microcephalic osteodysplastic primordial dwarfism (MOPD)	no match		false	no match		false	
Microcephaly Intellectual Disability Syndrome	no match		false	no match		false	
Microcephaly Primary Hereditary (MCPH)	no match		false	no match		false	
Microcephaly due to ASPM mutations	no match		false	no match		false	
Microcephaly with Pontine and Cerebellar Hypoplasia (CASK gene mutations)	no match		false	no match		false	
Microcephaly with Pontine and Cerebellar Hypoplasia (MICPCH)	no match		false	no match		false	
Microcephaly with Simplified Gyral Pattern	no match		false	no match	MONDO:0011372	true	false
Microcephaly with early-onset seizures	no match		false	no match		false	
Microcephaly with intellectual disability syndromes	no match		false	no match		false	
Microcephaly with or without chorioretinopathy, lymphedema, or mental retardation (MCLMR)	no match		false	no match		false	
Microcephaly with pontocerebellar hypoplasia	no match		false	no match		false	
Microcephaly-capillary malformation syndrome	no match		false	no match	MONDO:0013659	true	false
Microcephaly-microtia syndrome	no match		false	no match		false	
Microphthalmia	no match		false	no match	MONDO:0021129	true	false
Microphthalmia with Coloboma	no match		false	no match		false	
Microphthalmia-coloboma syndrome	no match		false	no match		false	
Migrating partial seizures of infancy (KCNT1 mutation)	no match		false	no match		false	
Mild phenylketonuria (PKU)	no match		false	no match		false	
Milk protein allergy	no match		false	no match		false	
Miller syndrome	no match		false	no match	MONDO:0009903	true	false
Miller syndrome (Postaxial acrofacial dysostosis)	no match		false	no match		false	
Miller-Dieker syndrome	MONDO:0009679	Miller-Dieker lissencephaly syndrome	false	no match	MONDO:0009532	true	false
Miller-Dieker syndrome (lissencephaly type 1)	MONDO:0009679	Miller-Dieker lissencephaly syndrome	false	no match		false	
Mitochondrial ATP synthase deficiency due to TMEM70 mutations	no match		false	no match		false	
Mitochondrial Cardiomyopathy	no match		false	no match		false	
Mitochondrial Complex I Deficiency due to NDUFAF5 mutations	no match		false	no match		false	
Mitochondrial Complex I deficiency	no match		false	no match	MONDO:0100133;MONDO:0100224	true	false
Mitochondrial DNA Depletion Syndrome	MONDO:0018158	mitochondrial DNA depletion syndrome	true	MONDO:0018158	MONDO:0018158	true	true
Mitochondrial DNA Depletion Syndrome (MDDS)	MONDO:0018158	mitochondrial DNA depletion syndrome	true	MONDO:0018158		false	
Mitochondrial DNA Depletion Syndrome 13 (encephalomyopathic type) due to FBXL4 mutations	no match		false	no match		false	
Mitochondrial DNA Depletion Syndrome 2 (hepatocerebral type) due to MPV17 mutations	no match		false	no match		false	
Mitochondrial DNA Depletion Syndrome 4B (encephalomyopathic type) due to TK2 mutations	no match		false	no match		false	
Mitochondrial DNA Depletion Syndrome 9 (encephalomyopathic type) due to SUCLG1 mutations	no match		false	no match		false	
Mitochondrial DNA depletion syndrome	MONDO:0018158	mitochondrial DNA depletion syndrome	true	MONDO:0018158	MONDO:0018158	true	true
Mitochondrial DNA depletion syndrome (POLG-related)	no match		false	no match		false	
Mitochondrial DNA depletion syndrome (encephalomyopathic form)	no match		false	no match		false	
Mitochondrial DNA depletion syndrome (encephalomyopathic form) due to SUCLG1 mutations	no match		false	no match		false	
Mitochondrial DNA depletion syndrome (hepatocerebral form)	no match		false	no match		false	
Mitochondrial DNA depletion syndrome (hepatocerebral type)	no match		false	no match		false	
Mitochondrial DNA depletion syndrome 13 (FBXL4-related)	no match		false	no match		false	
Mitochondrial DNA depletion syndrome 13 (encephalomyopathic form)	no match		false	no match		false	
Mitochondrial DNA depletion syndrome 13 (encephalomyopathic type)	no match		false	no match	MONDO:0014198	true	false
Mitochondrial DNA depletion syndrome 8 (RRM2B-related)	no match		false	no match		false	
Mitochondrial DNA depletion syndrome 9 (SUCLG1-related)	no match		false	no match		false	
Mitochondrial DNA depletion syndrome due to FBXL4 mutations	no match		false	no match		false	
Mitochondrial DNA depletion syndrome due to TRMU deficiency	no match		false	no match		false	
Mitochondrial DNA depletion syndrome type 3 (DGUOK-related)	no match		false	no match		false	
Mitochondrial DNA depletion syndrome type 6 (hepatocerebral type)	no match		false	no match		false	
Mitochondrial DNA depletion syndrome, hepatocerebral form	no match		false	no match	MONDO:0100512	true	false
Mitochondrial DNA depletion syndrome, hepatocerebral form (DGUOK deficiency)	no match		false	no match		false	
Mitochondrial DNA depletion syndromes	MONDO:0018158	mitochondrial DNA depletion syndrome	true	MONDO:0018158		false	
Mitochondrial DNA mutations associated with hearing loss	no match		false	no match		false	
Mitochondrial DNA mutations causing hearing loss	no match		false	no match		false	
Mitochondrial DNA–related sperm motility disorders	no match		false	no match		false	
Mitochondrial Disease	MONDO:0044970	mitochondrial disease	true	MONDO:0044970	MONDO:0004069;MONDO:0044970	true	true
Mitochondrial Disorder	MONDO:0044970	mitochondrial disease	true	MONDO:0044970		false	
Mitochondrial Disorder (e.g., Leigh Syndrome)	MONDO:0044970	mitochondrial disease	true	MONDO:0044970		false	
Mitochondrial Disorder (e.g., MERRF Syndrome)	MONDO:0044970	mitochondrial disease	true	MONDO:0044970		false	
Mitochondrial Disorder (e.g., Pyruvate Dehydrogenase Deficiency)	MONDO:0044970	mitochondrial disease	true	MONDO:0044970		false	
Mitochondrial Disorder (unspecified)	MONDO:0044970	mitochondrial disease	true	MONDO:0044970		false	
Mitochondrial Disorders	MONDO:0044970	mitochondrial disease	true	MONDO:0044970		false	
Mitochondrial Disorders (e.g., Alpers-Huttenlocher Syndrome)	MONDO:0044970	mitochondrial disease	true	MONDO:0044970		false	
Mitochondrial Disorders (e.g., Leigh Syndrome)	MONDO:0044970	mitochondrial disease	true	MONDO:0044970		false	
Mitochondrial Disorders (e.g., MERRF Syndrome)	MONDO:0044970	mitochondrial disease	true	MONDO:0044970		false	
Mitochondrial Disorders (e.g., POLG-related disorders)	MONDO:0044970	mitochondrial disease	true	MONDO:0044970		false	
Mitochondrial Encephalopathies	no match		false	no match		false	
Mitochondrial Encephalopathies (e.g., Leigh Syndrome)	no match		false	no match		false	
Mitochondrial Encephalopathy	no match		false	no match		false	
Mitochondrial Encephalopathy (Alpers Disease)	no match		false	no match		false	
Mitochondrial Encephalopathy (Leigh Syndrome)	MONDO:0009723	Leigh syndrome	true	MONDO:0009723		false	
Mitochondrial Encephalopathy (e.g., Leigh Disease)	no match		false	no match		false	
Mitochondrial Encephalopathy (e.g., Leigh Syndrome)	no match		false	no match		false	
Mitochondrial Encephalopathy with Lactic Acidosis and Stroke-like Episodes (MELAS)	MONDO:0010789	MELAS syndrome	true	MONDO:0010789		false	
Mitochondrial Encephalopathy with Ragged-Red Fibers (MERRF)	MONDO:0010788	MERRF syndrome	false	no match		false	
Mitochondrial Myopathy	no match		false	no match	MONDO:0009637	true	false
Mitochondrial Myopathy (e.g., Kearns-Sayre Syndrome)	no match		false	no match		false	
Mitochondrial Myopathy with Multiple mtDNA Deletions	no match		false	no match		false	
Mitochondrial Neurogastrointestinal Encephalomyopathy (MNGIE)	no match		false	no match		false	
Mitochondrial Trifunctional Protein Deficiency	no match		false	no match	MONDO:0012172	true	false
Mitochondrial Trifunctional Protein Deficiency (MTP deficiency)	no match		false	no match		false	
Mitochondrial ataxia	no match		false	no match		false	
Mitochondrial cardiomyopathy	no match		false	no match		false	
Mitochondrial cardiomyopathy (e.g., MELAS)	no match		false	no match		false	
Mitochondrial cerebellar ataxia	no match		false	no match		false	
Mitochondrial complex I and IV deficiency	no match		false	no match		false	
Mitochondrial complex I deficiency	MONDO:0100133	mitochondrial complex I deficiency	true	MONDO:0100133	MONDO:0100133;MONDO:0100224	true	true
Mitochondrial complex I deficiency (NDUFS1-related)	no match		false	no match		false	
Mitochondrial complex II deficiency due to SDHA mutations	no match		false	no match		false	
Mitochondrial complex II deficiency due to SDHA or SDHAF1 mutations	no match		false	no match		false	
Mitochondrial complex III deficiency due to BCS1L mutations	no match		false	no match		false	
Mitochondrial complex III deficiency, nuclear type	no match		false	no match	MONDO:0020811	true	false
Mitochondrial complex IV (cytochrome c oxidase) deficiency	no match		false	no match		false	
Mitochondrial complex IV deficiency	no match		false	no match	MONDO:0033885	true	false
Mitochondrial complex IV deficiency (COX15-related)	no match		false	no match		false	
Mitochondrial complex IV deficiency (Cytochrome c oxidase deficiency)	no match		false	no match		false	
Mitochondrial complex IV deficiency (SCO2-related)	no match		false	no match		false	
Mitochondrial diabetes and deafness (MIDD)	MONDO:0010785	maternally-inherited diabetes and deafness	true	MONDO:0010785		false	
Mitochondrial disease	MONDO:0044970	mitochondrial disease	true	MONDO:0044970	MONDO:0004069;MONDO:0044970	true	true
Mitochondrial disease (e.g., Kearns-Sayre syndrome)	MONDO:0044970	mitochondrial disease	true	MONDO:0044970		false	
Mitochondrial disease (e.g., Leigh syndrome)	MONDO:0044970	mitochondrial disease	true	MONDO:0044970		false	
Mitochondrial disease (e.g., POLG-related disorders)	MONDO:0044970	mitochondrial disease	true	MONDO:0044970		false	
Mitochondrial disease (e.g., mitochondrial DNA depletion syndromes)	MONDO:0044970	mitochondrial disease	true	MONDO:0044970		false	
Mitochondrial disorder	MONDO:0044970	mitochondrial disease	true	MONDO:0044970		false	
Mitochondrial disorder (e.g., Leigh disease)	MONDO:0044970	mitochondrial disease	true	MONDO:0044970		false	
Mitochondrial disorder (e.g., Leigh syndrome)	MONDO:0044970	mitochondrial disease	true	MONDO:0044970		false	
Mitochondrial disorder (e.g., MELAS syndrome)	MONDO:0044970	mitochondrial disease	true	MONDO:0044970		false	
Mitochondrial disorder (e.g., MELAS)	MONDO:0044970	mitochondrial disease	true	MONDO:0044970		false	
Mitochondrial disorder (e.g., MERRF syndrome)	MONDO:0044970	mitochondrial disease	true	MONDO:0044970		false	
Mitochondrial disorder (e.g., POLG-related disorder)	MONDO:0044970	mitochondrial disease	true	MONDO:0044970		false	
Mitochondrial disorder (e.g., POLG-related disorders)	MONDO:0044970	mitochondrial disease	true	MONDO:0044970		false	
Mitochondrial disorder (e.g., mitochondrial DNA depletion syndrome)	MONDO:0044970	mitochondrial disease	true	MONDO:0044970		false	
Mitochondrial disorder (e.g., mitochondrial encephalomyopathy)	MONDO:0044970	mitochondrial disease	true	MONDO:0044970		false	
Mitochondrial disorder (unspecified)	MONDO:0044970	mitochondrial disease	true	MONDO:0044970		false	
Mitochondrial disorder affecting cerebral and cerebellar development	no match		false	no match		false	
Mitochondrial disorders	MONDO:0044970	mitochondrial disease	true	MONDO:0044970		false	
Mitochondrial disorders (e.g., Alpers disease)	MONDO:0044970	mitochondrial disease	true	MONDO:0044970		false	
Mitochondrial disorders (e.g., Alpers syndrome)	MONDO:0044970	mitochondrial disease	true	MONDO:0044970		false	
Mitochondrial disorders (e.g., Alpers-Huttenlocher syndrome)	MONDO:0044970	mitochondrial disease	true	MONDO:0044970		false	
Mitochondrial disorders (e.g., Leigh disease)	MONDO:0044970	mitochondrial disease	true	MONDO:0044970		false	
Mitochondrial disorders (e.g., Leigh syndrome)	MONDO:0044970	mitochondrial disease	true	MONDO:0044970		false	
Mitochondrial disorders (e.g., MELAS syndrome)	MONDO:0044970	mitochondrial disease	true	MONDO:0044970		false	
Mitochondrial disorders (e.g., MELAS)	MONDO:0044970	mitochondrial disease	true	MONDO:0044970		false	
Mitochondrial disorders (e.g., MERRF syndrome)	MONDO:0044970	mitochondrial disease	true	MONDO:0044970		false	
Mitochondrial disorders (e.g., MERRF)	MONDO:0044970	mitochondrial disease	true	MONDO:0044970		false	
Mitochondrial disorders (e.g., POLG-related disorders)	MONDO:0044970	mitochondrial disease	true	MONDO:0044970		false	
Mitochondrial disorders (e.g., POLG-related encephalopathy)	MONDO:0044970	mitochondrial disease	true	MONDO:0044970		false	
Mitochondrial disorders (e.g., mitochondrial encephalomyopathies)	MONDO:0044970	mitochondrial disease	true	MONDO:0044970		false	
Mitochondrial disorders (mitochondrial encephalopathies)	no match		false	no match		false	
Mitochondrial disorders (other)	no match		false	no match		false	
Mitochondrial disorders affecting sperm motility	no match		false	no match		false	
Mitochondrial disorders affecting the nervous system	no match		false	no match		false	
Mitochondrial disorders causing early-onset epilepsy	no match		false	no match		false	
Mitochondrial disorders causing epileptic encephalopathy	no match		false	no match		false	
Mitochondrial disorders causing sensorineural hearing loss	no match		false	no match		false	
Mitochondrial disorders involving cerebellar dysfunction	no match		false	no match		false	
Mitochondrial encephalomyopathies	no match		false	no match		false	
Mitochondrial encephalomyopathy	no match		false	no match	MONDO:0004675	true	false
Mitochondrial encephalomyopathy (e.g., MELAS)	no match		false	no match		false	
Mitochondrial encephalomyopathy (e.g., MERRF syndrome)	no match		false	no match		false	
Mitochondrial encephalomyopathy, lactic acidosis, and stroke-like episodes (MELAS)	MONDO:0010789	MELAS syndrome	true	MONDO:0010789		false	
Mitochondrial encephalopathies	no match		false	no match		false	
Mitochondrial encephalopathies (e.g., Leigh syndrome)	no match		false	no match		false	
Mitochondrial encephalopathies (e.g., MELAS syndrome)	no match		false	no match		false	
Mitochondrial encephalopathy	no match		false	no match		false	
Mitochondrial encephalopathy (Leigh syndrome)	MONDO:0009723	Leigh syndrome	true	MONDO:0009723		false	
Mitochondrial encephalopathy (MERRF)	MONDO:0010790	MERRF syndrome	true	MONDO:0010790		false	
Mitochondrial encephalopathy (e.g., Leigh disease)	no match		false	no match		false	
Mitochondrial encephalopathy (e.g., Leigh syndrome)	no match		false	no match		false	
Mitochondrial encephalopathy (e.g., MELAS syndrome)	no match		false	no match		false	
Mitochondrial encephalopathy (e.g., MELAS)	no match		false	no match		false	
Mitochondrial encephalopathy (e.g., MERRF syndrome)	no match		false	no match		false	
Mitochondrial encephalopathy (e.g., POLG-related disorders)	no match		false	no match		false	
Mitochondrial encephalopathy (e.g., mitochondrial DNA depletion syndrome)	no match		false	no match		false	
Mitochondrial encephalopathy due to nuclear gene mutations	no match		false	no match		false	
Mitochondrial encephalopathy with lactic acidosis	no match		false	no match		false	
Mitochondrial encephalopathy with lactic acidosis and stroke-like episodes (MELAS syndrome)	MONDO:0010789	MELAS syndrome	true	MONDO:0010789		false	
Mitochondrial encephalopathy with lactic acidosis and stroke-like episodes (MELAS)	MONDO:0010789	MELAS syndrome	true	MONDO:0010789		false	
Mitochondrial encephalopathy, lactic acidosis, and stroke-like episodes (MELAS)	MONDO:0010789	MELAS syndrome	true	MONDO:0010789		false	
Mitochondrial epilepsy syndromes	no match		false	no match		false	
Mitochondrial hearing loss	no match		false	no match		false	
Mitochondrial hepatopathy	no match		false	no match		false	
Mitochondrial leukodystrophies	no match		false	no match		false	
Mitochondrial leukodystrophy	no match		false	no match		false	
Mitochondrial membrane protein-associated neurodegeneration	no match		false	no match		false	
Mitochondrial membrane protein-associated neurodegeneration (MPAN)	no match		false	no match		false	
Mitochondrial myopathy	no match		false	no match	MONDO:0009637	true	false
Mitochondrial myopathy (Kearns-Sayre syndrome)	MONDO:0010787	Kearns-Sayre syndrome	true	MONDO:0010787		false	
Mitochondrial myopathy (chronic progressive external ophthalmoplegia)	no match		false	no match		false	
Mitochondrial myopathy (e.g., Leigh syndrome)	no match		false	no match		false	
Mitochondrial myopathy (e.g., chronic progressive external ophthalmoplegia)	no match		false	no match		false	
Mitochondrial myopathy with external ophthalmoplegia	no match		false	no match		false	
Mitochondrial neurogastrointestinal encephalomyopathy (MNGIE)	no match		false	no match		false	
Mitochondrial neurogastrointestinal encephalopathy (MNGIE)	no match		false	no match		false	
Mitochondrial neurogastrointestinal encephalopathy syndrome (MNGIE)	no match		false	no match		false	
Mitochondrial non-syndromic hearing loss (MT-RNR1 mutations)	no match		false	no match		false	
Mitochondrial non-syndromic hearing loss due to MT-RNR1 mutations	no match		false	no match		false	
Mitochondrial non-syndromic sensorineural hearing loss	no match		false	no match	MONDO:0010779	true	false
Mitochondrial non-syndromic sensorineural hearing loss (MT-RNR1 mutations)	no match		false	no match		false	
Mitochondrial non-syndromic sensorineural hearing loss (e.g., MT-RNR1 mutation)	no match		false	no match		false	
Mitochondrial non-syndromic sensorineural hearing loss (e.g., MT-RNR1 mutations)	no match		false	no match		false	
Mitochondrial nonsyndromic hearing loss (MT-RNR1 gene mutations)	no match		false	no match		false	
Mitochondrial nonsyndromic sensorineural hearing loss	no match		false	no match		false	
Mitochondrial respiratory chain complex I deficiency	no match		false	no match	MONDO:0100133	true	false
Mitochondrial respiratory chain complex deficiencies	no match		false	no match		false	
Mitochondrial respiratory chain complex deficiency	no match		false	no match	MONDO:0000066	true	false
Mitochondrial respiratory chain disorder	no match		false	no match		false	
Mitochondrial respiratory chain disorders	no match		false	no match		false	
Mitochondrial translation defect due to mitochondrial tRNA synthetase mutations	no match		false	no match		false	
Mitochondrial trifunctional protein (MTP) deficiency	no match		false	no match		false	
Mitochondrial trifunctional protein deficiency	no match		false	no match	MONDO:0012172	true	false
Mitochondrial trifunctional protein deficiency (MTP deficiency)	no match		false	no match		false	
Mitochondrial-membrane protein-associated neurodegeneration (MPAN)	no match		false	no match		false	
Mixed Connective Tissue Disease	no match		false	no match	MONDO:0005854	true	false
Mixed connective tissue disease	no match		false	no match	MONDO:0005854	true	false
Miyoshi Myopathy	no match		false	no match	MONDO:0009685	true	false
Miyoshi Myopathy (Distal Muscular Dystrophy)	no match		false	no match		false	
Miyoshi myopathy	no match		false	no match	MONDO:0009685	true	false
Moebius syndrome	MONDO:0008006	Moebius syndrome	true	MONDO:0008006	MONDO:0008006	true	true
Mohr-Tranebjaerg Syndrome	no match		false	no match	MONDO:0010578	true	false
Mohr-Tranebjerg syndrome	no match		false	no match		false	
Molybdenum Cofactor Deficiency	no match		false	no match	MONDO:0000063	true	false
Molybdenum cofactor deficiency	no match		false	no match	MONDO:0000063	true	false
Monogenic systemic lupus erythematosus due to TREX1 mutation	no match		false	no match		false	
Monosomy 9p syndrome	no match		false	no match	MONDO:0008013	true	false
Morquio B disease (Mucopolysaccharidosis type IVB)	no match		false	no match		false	
Morquio syndrome (Mucopolysaccharidosis Type IV)	no match		false	no match		false	
Morquio syndrome (Mucopolysaccharidosis type IV)	no match		false	no match		false	
Morquio syndrome (mucopolysaccharidosis type IV)	no match		false	no match		false	
Motor Neuron Disease (Juvenile Amyotrophic Lateral Sclerosis)	MONDO:0004976	amyotrophic lateral sclerosis	true	MONDO:0004976		false	
Motor neuron disease (amyotrophic lateral sclerosis variant)	MONDO:0004976	amyotrophic lateral sclerosis	true	MONDO:0004976		false	
Mowat-Wilson Syndrome	MONDO:0009341	Mowat-Wilson syndrome	true	MONDO:0009341	MONDO:0009341	true	true
Mowat-Wilson syndrome	MONDO:0009341	Mowat-Wilson syndrome	true	MONDO:0009341	MONDO:0009341	true	true
Moyamoya Disease	MONDO:0016820	moyamoya disease	true	MONDO:0016820	MONDO:0016820	true	true
Muckle-Wells syndrome	MONDO:0008093	Muckle-Wells syndrome	false	no match	MONDO:0008633	true	false
Mucolipidosis II (I-cell Disease)	no match		false	no match		false	
Mucolipidosis II (I-cell disease)	no match		false	no match		false	
Mucolipidosis III (Pseudo-Hurler Polydystrophy)	no match		false	no match		false	
Mucolipidosis III (Pseudo-Hurler polydystrophy)	no match		false	no match		false	
Mucolipidosis type II (I-cell disease)	no match		false	no match		false	
Mucolipidosis type III (pseudo-Hurler polydystrophy)	no match		false	no match		false	
Mucopolysaccharidoses (e.g., Hunter syndrome)	MONDO:0019249	mucopolysaccharidosis	true	MONDO:0019249		false	
Mucopolysaccharidosis IV (Morquio syndrome)	no match		false	no match		false	
Mucopolysaccharidosis Type I (Hurler Syndrome)	no match		false	no match		false	
Mucopolysaccharidosis Type I (Hurler syndrome)	no match		false	no match		false	
Mucopolysaccharidosis Type I H/S (Hurler-Scheie Syndrome)	no match		false	no match		false	
Mucopolysaccharidosis Type II (Hunter Syndrome)	MONDO:0010674	mucopolysaccharidosis type 2	true	MONDO:0010674		false	
Mucopolysaccharidosis Type II (Hunter syndrome)	MONDO:0010674	mucopolysaccharidosis type 2	true	MONDO:0010674		false	
Mucopolysaccharidosis Type III (Sanfilippo syndrome)	no match		false	no match		false	
Mucopolysaccharidosis Type IV (Morquio Syndrome)	no match		false	no match		false	
Mucopolysaccharidosis Type IV (Morquio syndrome)	no match		false	no match		false	
Mucopolysaccharidosis Type IVA (Morquio A syndrome)	MONDO:0009659	mucopolysaccharidosis type 4A	true	MONDO:0009659		false	
Mucopolysaccharidosis Type VI (Maroteaux-Lamy Syndrome)	MONDO:0009661	mucopolysaccharidosis type 6	true	MONDO:0009661		false	
Mucopolysaccharidosis Type VI (Maroteaux-Lamy syndrome)	MONDO:0009661	mucopolysaccharidosis type 6	true	MONDO:0009661		false	
Mucopolysaccharidosis Type VII (Sly syndrome)	MONDO:0009662	mucopolysaccharidosis type 7	true	MONDO:0009662		false	
Mucopolysaccharidosis type I (Hurler Syndrome)	no match		false	no match		false	
Mucopolysaccharidosis type I (Hurler syndrome)	no match		false	no match		false	
Mucopolysaccharidosis type I (Scheie syndrome)	no match		false	no match		false	
Mucopolysaccharidosis type II (Hunter Syndrome)	MONDO:0010674	mucopolysaccharidosis type 2	true	MONDO:0010674		false	
Mucopolysaccharidosis type II (Hunter syndrome)	MONDO:0010674	mucopolysaccharidosis type 2	true	MONDO:0010674		false	
Mucopolysaccharidosis type III (Sanfilippo syndrome)	no match		false	no match		false	
Mucopolysaccharidosis type IV (Morquio syndrome)	no match		false	no match		false	
Mucopolysaccharidosis type IVB (Morquio B disease)	MONDO:0009660	mucopolysaccharidosis type 4B	true	MONDO:0009660		false	
Mucopolysaccharidosis type VI (Maroteaux-Lamy syndrome)	MONDO:0009661	mucopolysaccharidosis type 6	true	MONDO:0009661		false	
Mucopolysaccharidosis type VII (Sly syndrome)	MONDO:0009662	mucopolysaccharidosis type 7	true	MONDO:0009662		false	
Muenke Syndrome	MONDO:0011151	Muenke syndrome	false	no match	MONDO:0011274	true	false
Muenke syndrome	MONDO:0011151	Muenke syndrome	false	no match	MONDO:0011274	true	false
Muir-Torre Syndrome	no match		false	no match	MONDO:0008018	true	false
Muir-Torre syndrome	no match		false	no match	MONDO:0008018	true	false
Muir–Torre Syndrome	no match		false	no match		false	
Mulibrey nanism	no match		false	no match	MONDO:0009664	true	false
Multifocal motor neuropathy	no match		false	no match	MONDO:0018979	true	false
Multiminicore Disease	no match		false	no match	MONDO:0018948	true	false
Multiple Acyl-CoA Dehydrogenase Deficiency	no match		false	no match	MONDO:0009282	true	false
Multiple Acyl-CoA Dehydrogenase Deficiency (MADD)	no match		false	no match		false	
Multiple Carboxylase Deficiency	no match		false	no match	MONDO:0009666;MONDO:0015454	true	false
Multiple Endocrine Neoplasia Type 1 (MEN1)	MONDO:0007540	multiple endocrine neoplasia type 1	true	MONDO:0007540		false	
Multiple Endocrine Neoplasia Type 2B	MONDO:0008082	multiple endocrine neoplasia type 2B	true	MONDO:0008082	MONDO:0008082	true	true
Multiple Endocrine Neoplasia Type 2B (MEN 2B)	MONDO:0008082	multiple endocrine neoplasia type 2B	true	MONDO:0008082		false	
Multiple Endocrine Neoplasia Type 2B (MEN2B)	MONDO:0008082	multiple endocrine neoplasia type 2B	true	MONDO:0008082		false	
Multiple Endocrine Neoplasia type 2B	MONDO:0008082	multiple endocrine neoplasia type 2B	true	MONDO:0008082	MONDO:0008082	true	true
Multiple Endocrine Neoplasia type 2B (MEN 2B)	MONDO:0008082	multiple endocrine neoplasia type 2B	true	MONDO:0008082		false	
Multiple Epiphyseal Dysplasia	no match		false	no match	MONDO:0016648	true	false
Multiple Epiphyseal Dysplasia (MED)	no match		false	no match		false	
Multiple Familial Keratoacanthomas (Witten–Zak Syndrome)	no match		false	no match		false	
Multiple Hereditary Exostoses	no match		false	no match		false	
Multiple Morphological Abnormalities of the Sperm Flagella (MMAF)	no match		false	no match		false	
Multiple Osteochondromas (Hereditary Multiple Exostoses)	no match		false	no match		false	
Multiple Pterygium Syndrome	no match		false	no match	MONDO:0009926;MONDO:0017415	true	false
Multiple Pterygium Syndrome (lethal type)	no match		false	no match		false	
Multiple Sclerosis	MONDO:0005301	multiple sclerosis	true	MONDO:0005301	MONDO:0005301	true	true
Multiple Sclerosis (MS)	MONDO:0005301	multiple sclerosis	true	MONDO:0005301		false	
Multiple Self-Healing Squamous Epithelioma (Ferguson-Smith Disease)	no match		false	no match		false	
Multiple Self-Healing Squamous Epithelioma (Ferguson-Smith disease)	no match		false	no match		false	
Multiple Self-Healing Squamous Epithelioma (Ferguson–Smith disease)	no match		false	no match		false	
Multiple Self-Healing Squamous Epithelioma (MSSE)	no match		false	no match		false	
Multiple Sulfatase Deficiency	no match		false	no match	MONDO:0010088	true	false
Multiple Synostoses Syndrome	no match		false	no match	MONDO:0017923	true	false
Multiple System Atrophy (Cerebellar Type)	no match		false	no match		false	
Multiple System Atrophy (MSA)	no match		false	no match		false	
Multiple System Atrophy, Cerebellar Type (MSA-C)	no match		false	no match		false	
Multiple System Atrophy-Cerebellar type (MSA-C)	no match		false	no match		false	
Multiple acyl-CoA dehydrogenase (MADD) deficiency	no match		false	no match		false	
Multiple acyl-CoA dehydrogenase deficiency	no match		false	no match	MONDO:0009282	true	false
Multiple acyl-CoA dehydrogenase deficiency (Glutaric acidemia type II)	no match		false	no match		false	
Multiple acyl-CoA dehydrogenase deficiency (Glutaric aciduria type II)	no match		false	no match		false	
Multiple acyl-CoA dehydrogenase deficiency (MADD)	no match		false	no match		false	
Multiple acyl-CoA dehydrogenase deficiency (MADD) / Glutaric acidemia type II	no match		false	no match		false	
Multiple carboxylase deficiency	no match		false	no match	MONDO:0009666;MONDO:0015454	true	false
Multiple endocrine neoplasia type 1	MONDO:0007540	multiple endocrine neoplasia type 1	true	MONDO:0007540	MONDO:0007540	true	true
Multiple endocrine neoplasia type 1 (MEN1)	MONDO:0007540	multiple endocrine neoplasia type 1	true	MONDO:0007540		false	
Multiple endocrine neoplasia type 2B	MONDO:0008082	multiple endocrine neoplasia type 2B	true	MONDO:0008082	MONDO:0008082	true	true
Multiple endocrine neoplasia type 2B (MEN 2B)	MONDO:0008082	multiple endocrine neoplasia type 2B	true	MONDO:0008082		false	
Multiple endocrine neoplasia type 2B (MEN2B)	MONDO:0008082	multiple endocrine neoplasia type 2B	true	MONDO:0008082		false	
Multiple epiphyseal dysplasia	MONDO:0016648	multiple epiphyseal dysplasia	true	MONDO:0016648	MONDO:0016648	true	true
Multiple hereditary exostoses	no match		false	no match		false	
Multiple keratoacanthomas	no match		false	no match		false	
Multiple keratoacanthomas of Grzybowski type	no match		false	no match		false	
Multiple mitochondrial dysfunctions syndrome	no match		false	no match	MONDO:0017338	true	false
Multiple mitochondrial dysfunctions syndrome (MMDS)	no match		false	no match		false	
Multiple morphological abnormalities of the sperm flagella (MMAF) syndrome	no match		false	no match		false	
Multiple myeloma	MONDO:0009693	plasma cell myeloma	true	MONDO:0009693	MONDO:0009693;MONDO:1013329	true	true
Multiple pterygium syndrome	no match		false	no match	MONDO:0009926;MONDO:0017415	true	false
Multiple pterygium syndrome (Escobar type)	no match		false	no match		false	
Multiple sclerosis	MONDO:0005301	multiple sclerosis	true	MONDO:0005301	MONDO:0005301	true	true
Multiple sclerosis (MS)	MONDO:0005301	multiple sclerosis	true	MONDO:0005301		false	
Multiple sclerosis (early-onset)	no match		false	no match		false	
Multiple self-healing epithelioma of Witten and Zak	no match		false	no match		false	
Multiple self-healing squamous epithelioma (Ferguson-Smith disease)	no match		false	no match		false	
Multiple self-healing squamous epithelioma (Ferguson-Smith type)	no match		false	no match		false	
Multiple sulfatase deficiency	no match		false	no match	MONDO:0010088	true	false
Multiple synostoses syndrome	no match		false	no match	MONDO:0017923	true	false
Multiple system atrophy	no match		false	no match	MONDO:0007803	true	false
Multiple system atrophy (cerebellar type)	no match		false	no match		false	
Multiple system atrophy of cerebellar type	no match		false	no match		false	
Multiple system atrophy of cerebellar type (MSA-C)	no match		false	no match		false	
Multiple system atrophy, cerebellar type	no match		false	no match	MONDO:0016418	true	false
Multiple system atrophy, cerebellar type (MSA-C)	no match		false	no match		false	
Multisystemic Smooth Muscle Dysfunction Syndrome (MSMDS) due to ACTA2 mutation	no match		false	no match		false	
Muscle-eye-brain disease	no match		false	no match	MONDO:0018939	true	false
Muscular dystrophy (Duchenne type)	MONDO:0010679	Duchenne muscular dystrophy	true	MONDO:0010679		false	
Myasthenia Gravis	MONDO:0009688	myasthenia gravis	true	MONDO:0009688	MONDO:0009688	true	true
Myasthenia gravis	MONDO:0009688	myasthenia gravis	true	MONDO:0009688	MONDO:0009688	true	true
Myelodysplastic Syndrome	MONDO:0018881	myelodysplastic syndrome	true	MONDO:0018881	MONDO:0018881;MONDO:0044873	true	true
Myelodysplastic syndrome	MONDO:0018881	myelodysplastic syndrome	true	MONDO:0018881	MONDO:0018881;MONDO:0044873	true	true
Myelodysplastic syndrome with thrombocytosis	no match		false	no match		false	
Myelodysplastic syndromes	no match		false	no match	MONDO:0018881	true	false
Myhre syndrome	no match		false	no match	MONDO:0007688	true	false
Myocarditis	MONDO:0004496	myocarditis	true	MONDO:0004496	MONDO:0004496	true	true
Myoclonic Astatic Epilepsy (Doose Syndrome)	no match		false	no match		false	
Myoclonic Epilepsy with Ragged Red Fibers (MERRF syndrome)	MONDO:0010789	MERRF syndrome	false	no match		false	
Myoclonic Epilepsy with Ragged Red Fibers (MERRF)	MONDO:0010789	MERRF syndrome	false	no match		false	
Myoclonic epilepsy of infancy (MEI)	no match		false	no match		false	
Myoclonic epilepsy with ragged red fibers (MERRF)	MONDO:0010789	MERRF syndrome	false	no match		false	
Myoclonic epilepsy with ragged-red fibers (MERRF)	MONDO:0010789	MERRF syndrome	false	no match		false	
Myoclonic epilepsy with ragged-red fibers (MERRF) syndrome	MONDO:0010789	MERRF syndrome	false	no match		false	
Myoclonic-Astatic Epilepsy (Doose Syndrome)	no match		false	no match		false	
Myoclonic-Astatic Epilepsy (Doose syndrome)	no match		false	no match		false	
Myoclonic-astatic epilepsy (Doose syndrome)	no match		false	no match		false	
Myoclonus-Dystonia Syndrome	no match		false	no match	MONDO:0000903	true	false
Myofibrillar Myopathy	MONDO:0018943	myofibrillar myopathy	true	MONDO:0018943	MONDO:0018943	true	true
Myofibrillar myopathy	MONDO:0018943	myofibrillar myopathy	true	MONDO:0018943	MONDO:0018943	true	true
Myopic degeneration (pathological myopia)	no match		false	no match		false	
Myositis ossificans	no match		false	no match	MONDO:0003964	true	false
Myostatin-Related Muscle Hypertrophy	no match		false	no match	MONDO:0013598	true	false
Myotonia congenita	no match		false	no match	MONDO:0009710	true	false
Myotonic Dystrophy	no match		false	no match	MONDO:0016107	true	false
Myotonic Dystrophy Type 1	MONDO:0008056	myotonic dystrophy type 1	true	MONDO:0008056	MONDO:0008056	true	true
Myotonic Dystrophy Type 2	MONDO:0011266	myotonic dystrophy type 2	true	MONDO:0011266	MONDO:0011266	true	true
Myotonic Dystrophy Type 2 (Proximal Myotonic Myopathy)	MONDO:0011266	myotonic dystrophy type 2	true	MONDO:0011266		false	
Myotonic dystrophy	no match		false	no match	MONDO:0016107	true	false
Myotonic dystrophy type 1	MONDO:0008056	myotonic dystrophy type 1	true	MONDO:0008056	MONDO:0008056	true	true
Myotonic dystrophy type 1 (congenital form)	MONDO:0008056	myotonic dystrophy type 1	true	MONDO:0008056		false	
Myotonic dystrophy type 2	MONDO:0011266	myotonic dystrophy type 2	true	MONDO:0011266	MONDO:0011266	true	true
Myotubular Myopathy	no match		false	no match		false	
Ménière's Disease	MONDO:0007972	Meniere disease	true	MONDO:0007972		false	
Möbius Syndrome	MONDO:0008006	Moebius syndrome	true	MONDO:0008006	MONDO:0008006	true	true
Möbius syndrome	MONDO:0008006	Moebius syndrome	true	MONDO:0008006	MONDO:0008006	true	true
NARP syndrome (Neuropathy, Ataxia, and Retinitis Pigmentosa)	MONDO:0010794	NARP syndrome	true	MONDO:0010794		false	
NDUFS1-related mitochondrial disease	no match		false	no match		false	
NDUFV1-related mitochondrial complex I deficiency	no match		false	no match		false	
NEMO deficiency (IKBKG deficiency)	no match		false	no match		false	
NEMO deficiency syndrome	no match		false	no match	MONDO:0010386	true	false
NEUROD1-MODY (MODY 6)	no match		false	no match		false	
NFKB1 Deficiency	no match		false	no match		false	
NGLY1 deficiency	no match		false	no match	MONDO:0800044	true	false
NKX2-1 deficiency (Brain-Lung-Thyroid syndrome)	no match		false	no match		false	
NKX2-1-related benign hereditary chorea	no match		false	no match		false	
NKX2-5 Associated Congenital Heart Disease	no match		false	no match		false	
NKX2-5 Mutation–Associated Atrioventricular Block	no match		false	no match		false	
NKX2-5-related congenital heart disease	no match		false	no match		false	
NKX2.5-related congenital heart disease	no match		false	no match		false	
NLGN4-related autism spectrum disorder	no match		false	no match		false	
NLGN4X-Related Disorder	no match		false	no match		false	
NLGN4X-related autism spectrum disorder	no match		false	no match		false	
NOBOX gene mutation	no match		false	no match		false	
NPHS2-associated nephrotic syndrome	no match		false	no match		false	
NPHS2-related Nephrotic Syndrome	no match		false	no match		false	
NPHS2-related steroid-resistant nephrotic syndrome	no match		false	no match		false	
NRXN1 Deletion	no match		false	no match		false	
NRXN1 Gene Mutation	no match		false	no match		false	
NRXN1 Mutation-associated Autism	no match		false	no match		false	
NRXN1 deletion syndrome	no match		false	no match		false	
NRXN1 gene mutation	no match		false	no match		false	
NRXN1 mutation-associated Autism Spectrum Disorder	no match		false	no match		false	
NRXN1 mutation-associated autism	no match		false	no match		false	
NRXN1 mutation-associated autism spectrum disorder	no match		false	no match		false	
NRXN1-Related Disorder	no match		false	no match		false	
NRXN1-related autism spectrum disorder	no match		false	no match		false	
NRXN1-related disorder	no match		false	no match		false	
Nablus Mask-Like Facial Syndrome	no match		false	no match	MONDO:0011977	true	false
Nablus mask-like facial syndrome	no match		false	no match	MONDO:0011977	true	false
Nager Syndrome	no match		false	no match	MONDO:0007943	true	false
Nager syndrome	no match		false	no match	MONDO:0007943	true	false
Nager syndrome (Nager acrofacial dysostosis)	no match		false	no match		false	
Nager syndrome (Preaxial acrofacial dysostosis)	no match		false	no match		false	
Nail-Patella Syndrome	no match		false	no match	MONDO:0008061	true	false
Nail-Patella syndrome	no match		false	no match	MONDO:0008061	true	false
Nail-patella syndrome	no match		false	no match	MONDO:0008061	true	false
Nance-Horan syndrome	no match		false	no match	MONDO:0010545	true	false
Nanophthalmos	no match		false	no match	MONDO:0021129	true	false
Nanophthalmos-retinal fold syndrome (MCOP6)	no match		false	no match		false	
Narcolepsy Type 1	no match		false	no match	MONDO:0016158	true	false
Native American Myopathy	no match		false	no match	MONDO:0009722	true	false
Navajo neurohepatopathy	no match		false	no match	MONDO:0009747	true	false
Naxos disease	no match		false	no match	MONDO:0011017	true	false
Nemaline Myopathy	MONDO:0018958	nemaline myopathy	true	MONDO:0018958	MONDO:0018958	true	true
Nemaline myopathy	MONDO:0018958	nemaline myopathy	true	MONDO:0018958	MONDO:0018958	true	true
Neonatal Hemochromatosis	no match		false	no match	MONDO:0009275	true	false
Neonatal Marfan syndrome	no match		false	no match	MONDO:0017309	true	false
Neonatal Progeroid Syndrome (Wiedemann-Rautenstrauch Syndrome)	no match		false	no match		false	
Neonatal adrenoleukodystrophy	no match		false	no match		false	
Neonatal arterial ischemic stroke	no match		false	no match		false	
Neonatal diabetes mellitus with neurological features due to **ABCC8** mutations	no match		false	no match		false	
Neonatal hemochromatosis	no match		false	no match	MONDO:0009275	true	false
Neonatal stroke	no match		false	no match		false	
Nephronophthisis	MONDO:0019005	nephronophthisis	true	MONDO:0019005	MONDO:0019005	true	true
Nephropathic cystinosis	no match		false	no match	MONDO:0100151	true	false
Nestor-Guillermo progeria syndrome	no match		false	no match	MONDO:0013523	true	false
Netherton Syndrome	no match		false	no match	MONDO:0009735	true	false
Netherton syndrome	no match		false	no match	MONDO:0009735	true	false
Neuregulin 1 (NRG1) gene mutation	no match		false	no match		false	
Neuroacanthocytosis	no match		false	no match	MONDO:0016987	true	false
Neurocutaneous melanosis	no match		false	no match	MONDO:0009578	true	false
Neurodegeneration with Brain Iron Accumulation (NBIA)	MONDO:0018307	neurodegeneration with brain iron accumulation	true	MONDO:0018307		false	
Neurodegeneration with brain iron accumulation (NBIA)	MONDO:0018307	neurodegeneration with brain iron accumulation	true	MONDO:0018307		false	
Neurodegeneration with brain iron accumulation (NBIA) disorders	MONDO:0018307	neurodegeneration with brain iron accumulation	true	MONDO:0018307		false	
Neurodegeneration with brain iron accumulation (e.g., Pantothenate kinase-associated neurodegeneration)	MONDO:0018307	neurodegeneration with brain iron accumulation	true	MONDO:0018307		false	
Neuroferritinopathy	no match		false	no match	MONDO:0011638	true	false
Neurofibromatosis Type 1	MONDO:0018975	neurofibromatosis type 1	true	MONDO:0018975	MONDO:0018975	true	true
Neurofibromatosis Type 1 (NF1)	MONDO:0018975	neurofibromatosis type 1	true	MONDO:0018975		false	
Neurofibromatosis Type 1 (less likely)	MONDO:0018975	neurofibromatosis type 1	true	MONDO:0018975		false	
Neurofibromatosis Type 2	MONDO:0007039	neurofibromatosis type 2	true	MONDO:0007039	MONDO:0007039	true	true
Neurofibromatosis Type I	MONDO:0018975	neurofibromatosis type 1	true	MONDO:0018975	MONDO:0018975	true	true
Neurofibromatosis Type II	MONDO:0007039	neurofibromatosis type 2	true	MONDO:0007039	MONDO:0007039	true	true
Neurofibromatosis type 1	MONDO:0018975	neurofibromatosis type 1	true	MONDO:0018975	MONDO:0018975	true	true
Neurofibromatosis type 1 (NF1)	MONDO:0018975	neurofibromatosis type 1	true	MONDO:0018975		false	
Neurofibromatosis type 2	MONDO:0007039	neurofibromatosis type 2	true	MONDO:0007039	MONDO:0007039	true	true
Neurofibromatosis type 2 (NF2)	MONDO:0007039	neurofibromatosis type 2	true	MONDO:0007039		false	
Neurofibromatosis type II	MONDO:0007039	neurofibromatosis type 2	true	MONDO:0007039	MONDO:0007039	true	true
Neuroligin Gene Mutations (NLGN3/NLGN4)	no match		false	no match		false	
Neurometabolic disorders	no match		false	no match		false	
Neuronal Ceroid Lipofuscinoses (Batten Disease)	MONDO:0016295	neuronal ceroid lipofuscinosis	true	MONDO:0016295		false	
Neuronal Ceroid Lipofuscinosis	MONDO:0016295	neuronal ceroid lipofuscinosis	true	MONDO:0016295	MONDO:0016295	true	true
Neuronal Ceroid Lipofuscinosis (Batten Disease)	MONDO:0016295	neuronal ceroid lipofuscinosis	true	MONDO:0016295		false	
Neuronal Ceroid Lipofuscinosis (NCL)	MONDO:0016295	neuronal ceroid lipofuscinosis	true	MONDO:0016295		false	
Neuronal ceroid lipofuscinoses (Batten disease)	MONDO:0016295	neuronal ceroid lipofuscinosis	true	MONDO:0016295		false	
Neuronal ceroid lipofuscinosis	MONDO:0016295	neuronal ceroid lipofuscinosis	true	MONDO:0016295	MONDO:0016295	true	true
Neuronal ceroid lipofuscinosis (Batten disease)	MONDO:0016295	neuronal ceroid lipofuscinosis	true	MONDO:0016295		false	
Neuronal ceroid lipofuscinosis (CLN1 disease)	no match		false	no match		false	
Neuronal ceroid lipofuscinosis (CLN3 disease)	no match		false	no match		false	
Neuronal ceroid lipofuscinosis (Juvenile NCL)	no match		false	no match		false	
Neuronal ceroid lipofuscinosis (NCL)	MONDO:0016295	neuronal ceroid lipofuscinosis	true	MONDO:0016295		false	
Neuronal ceroid lipofuscinosis (adult-onset form)	no match		false	no match		false	
Neuronal ceroid lipofuscinosis (infantile form)	no match		false	no match		false	
Neuronal ceroid lipofuscinosis (juvenile form)	no match		false	no match		false	
Neuronal ceroid lipofuscinosis (juvenile type)	no match		false	no match		false	
Neuronal ceroid lipofuscinosis type 2 (CLN2 disease)	no match		false	no match		false	
Neutral lipid storage disease	no match		false	no match	MONDO:0015611	true	false
Neutral lipid storage disease (Chanarin-Dorfman syndrome)	no match		false	no match		false	
Neutral lipid storage disease with ichthyosis (Chanarin-Dorfman syndrome)	no match		false	no match		false	
Nicolaides-Baraitser syndrome	no match		false	no match	MONDO:0011053	true	false
Nicolaides–Baraitser syndrome	no match		false	no match		false	
Niemann-Pick Disease Type C	MONDO:0018982	Niemann-Pick disease type C	true	MONDO:0018982	MONDO:0018982	true	true
Niemann-Pick disease	MONDO:0001982	Niemann-Pick disease	true	MONDO:0001982	MONDO:0001982	true	true
Niemann-Pick disease Type A	MONDO:0009757	Niemann-Pick disease type A	false	no match	MONDO:0009756	true	false
Niemann-Pick disease Type C	MONDO:0018982	Niemann-Pick disease type C	true	MONDO:0018982	MONDO:0018982	true	true
Niemann-Pick disease type A	MONDO:0009757	Niemann-Pick disease type A	false	no match	MONDO:0009756	true	false
Niemann-Pick disease type C	MONDO:0018982	Niemann-Pick disease type C	true	MONDO:0018982	MONDO:0018982	true	true
Niemann-Pick disease type C (NPC)	MONDO:0018982	Niemann-Pick disease type C	true	MONDO:0018982		false	
Nievergelt-Pearlman syndrome	no match		false	no match		false	
Nijmegen Breakage Syndrome	MONDO:0009623	Nijmegen breakage syndrome	true	MONDO:0009623	MONDO:0009623	true	true
Nijmegen breakage syndrome	no match		false	no match	MONDO:0009623	true	false
No diagnosis can be made based on the information provided.	no match		false	no match		false	
No specific diagnosis can be suggested due to insufficient information.	no match		false	no match		false	
Non-Hodgkin Lymphoma	MONDO:0018908	non-Hodgkin lymphoma	true	MONDO:0018908	MONDO:0018908	true	true
Non-Ketotic Hyperglycinemia	no match		false	no match	MONDO:0011612	true	false
Non-Ketotic Hyperglycinemia (Glycine Encephalopathy)	no match		false	no match		false	
Non-ketotic Hyperglycinemia	no match		false	no match	MONDO:0011612	true	false
Non-ketotic hyperglycinemia	no match		false	no match	MONDO:0011612	true	false
Non-ketotic hyperglycinemia (Glycine Encephalopathy)	no match		false	no match		false	
Non-ketotic hyperglycinemia (Glycine encephalopathy)	no match		false	no match		false	
Non-progressive congenital ataxia	no match		false	no match		false	
Non-syndromic Amelogenesis Imperfecta	no match		false	no match		false	
Non-syndromic X-linked intellectual disability	MONDO:0019181	non-syndromic X-linked intellectual disability	true	MONDO:0019181	MONDO:0019181	true	true
Non-syndromic autosomal dominant sensorineural hearing loss	no match		false	no match		false	
Non-syndromic autosomal recessive sensorineural hearing loss (GJB2-related)	no match		false	no match		false	
Non-syndromic autosomal recessive sensorineural hearing loss (e.g., GJB2 mutation)	no match		false	no match		false	
Non-syndromic congenital high myopia	no match		false	no match		false	
Non-syndromic familial high myopia	no match		false	no match		false	
Non-syndromic high myopia	no match		false	no match		false	
Non-syndromic intellectual disability	MONDO:0000509	non-syndromic intellectual disability	true	MONDO:0000509	MONDO:0000509	true	true
Non-syndromic intellectual disability with microcephaly	no match		false	no match		false	
Non-syndromic postaxial polydactyly	no match		false	no match		false	
Non-syndromic preaxial polydactyly with syndactyly	no match		false	no match		false	
Non-syndromic retinitis pigmentosa	MONDO:0019200	retinitis pigmentosa	true	MONDO:0019200		false	
Non-syndromic sensorineural hearing loss	MONDO:0019497	nonsyndromic genetic hearing loss	true	MONDO:0019497		false	
Non-syndromic sensorineural hearing loss (GJB2-related)	no match		false	no match		false	
Non-syndromic sensorineural hearing loss due to GJB2 (Connexin 26) mutations	no match		false	no match		false	
Non-syndromic sensorineural hearing loss due to GJB2 mutations	no match		false	no match		false	
Non-syndromic sensorineural hearing loss due to GJB6 mutations	no match		false	no match		false	
Noncompaction cardiomyopathy due to MIB1 gene mutation	no match		false	no match		false	
Nonketotic Hyperglycinemia	no match		false	no match	MONDO:0011612	true	false
Nonketotic Hyperglycinemia (Glycine Encephalopathy)	no match		false	no match		false	
Nonketotic Hyperglycinemia (NKH)	no match		false	no match		false	
Nonketotic hyperglycinemia	no match		false	no match	MONDO:0011612	true	false
Nonketotic hyperglycinemia (Glycine Encephalopathy)	no match		false	no match		false	
Nonketotic hyperglycinemia (Glycine encephalopathy)	no match		false	no match		false	
Nonketotic hyperglycinemia (glycine encephalopathy)	no match		false	no match		false	
Nonsyndromic High Myopia	no match		false	no match		false	
Nonsyndromic genetic sensorineural hearing loss	MONDO:0019497	nonsyndromic genetic hearing loss	true	MONDO:0019497		false	
Nonsyndromic sensorineural hearing loss (GJB2-related)	no match		false	no match		false	
Nonsyndromic sensorineural hearing loss (e.g., DFNB1 due to GJB2 mutations)	no match		false	no match		false	
Nonsyndromic sensorineural hearing loss (e.g., due to GJB2 mutations)	MONDO:0019497	nonsyndromic genetic hearing loss	true	MONDO:0019497		false	
Noonan Syndrome	MONDO:0018997	Noonan syndrome	true	MONDO:0018997	MONDO:0018997	true	true
Noonan Syndrome with Multiple Lentigines (NSML)	no match		false	no match		false	
Noonan syndrome	MONDO:0018997	Noonan syndrome	true	MONDO:0018997	MONDO:0018997	true	true
Noonan syndrome with loose anagen hair	no match		false	no match		false	
Noonan syndrome with multiple lentigines	no match		false	no match	MONDO:0007893	true	false
Noonan syndrome with multiple lentigines (LEOPARD syndrome)	no match		false	no match		false	
Noonan syndrome with multiple lentigines (formerly LEOPARD syndrome)	no match		false	no match		false	
Noonan syndrome with multiple lentigines (formerly known as LEOPARD syndrome)	no match		false	no match		false	
Noonan syndrome-like disorder with or without juvenile myelomonocytic leukemia	no match		false	no match	MONDO:0013308	true	false
Noonan-like syndrome with loose anagen hair	no match		false	no match	MONDO:0011899	true	false
Norrie Disease	MONDO:0010691	Norrie disease	true	MONDO:0010691	MONDO:0010691	true	true
Norrie disease	MONDO:0010691	Norrie disease	true	MONDO:0010691	MONDO:0010691	true	true
Nuclear Factor-kappa B Essential Modulator (NEMO) deficiency	no match		false	no match		false	
OPA1-related Dominant Optic Atrophy Plus syndrome	no match		false	no match		false	
OPA1-related Progressive External Ophthalmoplegia	no match		false	no match		false	
Obstructive uropathy	no match		false	no match	MONDO:0003330	true	false
Occipital Horn Syndrome	no match		false	no match	MONDO:0010572	true	false
Occipital horn syndrome	no match		false	no match	MONDO:0010572	true	false
Ochronosis (Alkaptonuria)	MONDO:0008753	alkaptonuria	true	MONDO:0008753		false	
Ocular Albinism	no match		false	no match	MONDO:0017304	true	false
Ocular Albinism Type 1	no match		false	no match	MONDO:0021019	true	false
Ocular albinism	no match		false	no match	MONDO:0017304	true	false
Oculo-Auriculo-Vertebral Spectrum	no match		false	no match	MONDO:0015397	true	false
Oculo-Auriculo-Vertebral Spectrum (Goldenhar Syndrome)	no match		false	no match		false	
Oculo-auriculo-vertebral spectrum (Goldenhar syndrome)	no match		false	no match		false	
Oculo-cerebral hypopigmentation syndrome type 1	no match		false	no match		false	
Oculo-dento-digital dysplasia	no match		false	no match	MONDO:0008111	true	false
Oculo-dentodigital dysplasia	no match		false	no match		false	
Oculo-facio-cardio-dental (OFCD) syndrome	no match		false	no match		false	
Oculo-facio-cardio-dental syndrome	no match		false	no match		false	
Oculocerebrorenal syndrome (Lowe syndrome)	no match		false	no match		false	
Oculocutaneous Albinism	no match		false	no match	MONDO:0018910	true	false
Oculocutaneous Albinism (OCA)	no match		false	no match		false	
Oculocutaneous Albinism Type 1	no match		false	no match	MONDO:0018135	true	false
Oculocutaneous Albinism Type 2	no match		false	no match	MONDO:0008746	true	false
Oculocutaneous albinism	no match		false	no match	MONDO:0018910	true	false
Oculocutaneous albinism (OCA)	no match		false	no match		false	
Oculocutaneous albinism (Type 1A)	no match		false	no match		false	
Oculocutaneous albinism Type 2	no match		false	no match	MONDO:0008746	true	false
Oculocutaneous albinism type 1	no match		false	no match	MONDO:0018135	true	false
Oculocutaneous albinism type 1 (OCA1)	no match		false	no match		false	
Oculocutaneous albinism type 1A	no match		false	no match	MONDO:0008745	true	false
Oculocutaneous albinism type 2	no match		false	no match	MONDO:0008746	true	false
Oculocutaneous albinism type 2 (OCA2)	no match		false	no match		false	
Oculodentodigital Dysplasia	no match		false	no match	MONDO:0008111	true	false
Oculodentodigital dysplasia	no match		false	no match	MONDO:0008111	true	false
Oculofaciocardiodental syndrome	no match		false	no match	MONDO:0010261	true	false
Oculopharyngeal Muscular Dystrophy	no match		false	no match	MONDO:0008116	true	false
Oculopharyngeal Muscular Dystrophy (OPMD)	no match		false	no match		false	
Oculopharyngeal muscular dystrophy	no match		false	no match	MONDO:0008116	true	false
Oculopharyngeal muscular dystrophy (OPMD)	no match		false	no match		false	
Oguchi Disease	no match		false	no match	MONDO:0019152	true	false
Oguchi disease	no match		false	no match	MONDO:0019152	true	false
Ohdo Syndrome	no match		false	no match	MONDO:0009583	true	false
Ohdo syndrome	no match		false	no match	MONDO:0009583	true	false
Ohdo syndrome (SBBYS variant)	no match		false	no match		false	
Ohdo syndrome (Say-Barber-Biesecker-Young-Simpson type)	no match		false	no match		false	
Ohdo syndrome (Say-Barber-Biesecker-Young-Simpson variant)	no match		false	no match		false	
Ohtahara Syndrome	no match		false	no match	MONDO:0800491	true	false
Ohtahara Syndrome (Early Infantile Epileptic Encephalopathy)	no match		false	no match		false	
Ohtahara syndrome	no match		false	no match	MONDO:0800491	true	false
Ohtahara syndrome (Early Infantile Epileptic Encephalopathy Type 1)	no match		false	no match		false	
Ohtahara syndrome (Early Infantile Epileptic Encephalopathy with Burst Suppression)	no match		false	no match		false	
Ohtahara syndrome (Early Infantile Epileptic Encephalopathy with suppression-bursts)	no match		false	no match		false	
Ohtahara syndrome (Early Infantile Epileptic Encephalopathy)	no match		false	no match		false	
Ohtahara syndrome (early infantile epileptic encephalopathy)	no match		false	no match		false	
Okihiro syndrome (Duane-radial ray syndrome)	no match		false	no match		false	
Okur-Chung Neurodevelopmental Syndrome	no match		false	no match	MONDO:0014893	true	false
Okur-Chung neurodevelopmental syndrome	no match		false	no match	MONDO:0014893	true	false
Oliver-McFarlane syndrome	no match		false	no match	MONDO:0010152	true	false
Olivopontocerebellar atrophy	no match		false	no match	MONDO:0002017;MONDO:0017135	true	false
Ollier disease	no match		false	no match	MONDO:0008145	true	false
Ollier disease (enchondromatosis)	no match		false	no match		false	
Omenn Syndrome	no match		false	no match	MONDO:0011338	true	false
Omenn syndrome	no match		false	no match	MONDO:0011338	true	false
Opitz C Syndrome	no match		false	no match		false	
Opitz C syndrome	no match		false	no match		false	
Opitz C syndrome (Opitz trigonocephaly syndrome)	no match		false	no match		false	
Opitz C trigonocephaly syndrome	no match		false	no match		false	
Opitz G/BBB Syndrome	no match		false	no match	MONDO:0017138	true	false
Opitz G/BBB syndrome	no match		false	no match	MONDO:0017138	true	false
Opitz GBBB syndrome	no match		false	no match	MONDO:0017138	true	false
Opitz trigonocephaly C syndrome	no match		false	no match	MONDO:0008893	true	false
Opitz trigonocephaly syndrome	no match		false	no match	MONDO:0008893	true	false
Opitz trigonocephaly syndrome (Opitz C syndrome)	no match		false	no match		false	
Opitz-Kaveggia syndrome (FG syndrome)	no match		false	no match		false	
Optic Atrophy	no match		false	no match	MONDO:0003608	true	false
Optic Atrophy Type 1	no match		false	no match	MONDO:0008134	true	false
Optic Nerve Hypoplasia	no match		false	no match		false	
Optic atrophy	no match		false	no match	MONDO:0003608	true	false
Optic atrophy (due to OPA1 mutations)	no match		false	no match		false	
Optic atrophy type 1	no match		false	no match	MONDO:0008134	true	false
Optic nerve atrophy	no match		false	no match		false	
Optic nerve hypoplasia	no match		false	no match		false	
Optic neuritis	no match		false	no match	MONDO:0005885	true	false
Oral-Facial-Digital Syndrome Type I	no match		false	no match		false	
Oral-Facial-Digital Syndrome Type II (Mohr Syndrome)	no match		false	no match		false	
Oral-Facial-Digital Syndrome Type VI	no match		false	no match		false	
Oral-Facial-Digital Syndrome Type VI (Varadi-Papp Syndrome)	no match		false	no match		false	
Oral-Facial-Digital syndrome	no match		false	no match	MONDO:0015375	true	false
Oral-Facial-Digital syndrome type 1	no match		false	no match	MONDO:0010702	true	false
Oral-Facial-Digital syndrome type I	no match		false	no match		false	
Oral-Facial-Digital syndrome type II (Mohr syndrome)	no match		false	no match		false	
Oral-facial-digital syndrome	no match		false	no match	MONDO:0015375	true	false
Oral-facial-digital syndrome type I	no match		false	no match		false	
Oral-facial-digital syndrome type VI	no match		false	no match		false	
Oral-facial-digital syndrome type VI (Varadi-Papp syndrome)	no match		false	no match		false	
Organic acidemia (unspecified)	no match		false	no match		false	
Ornithine Transcarbamylase Deficiency	MONDO:0010703	ornithine carbamoyltransferase deficiency	true	MONDO:0010703	MONDO:0010703	true	true
Ornithine transcarbamylase (OTC) deficiency	MONDO:0010703	ornithine carbamoyltransferase deficiency	true	MONDO:0010703		false	
Ornithine transcarbamylase deficiency	MONDO:0010703	ornithine carbamoyltransferase deficiency	true	MONDO:0010703	MONDO:0010703	true	true
Ornithine transcarbamylase deficiency (OTC deficiency)	MONDO:0010703	ornithine carbamoyltransferase deficiency	true	MONDO:0010703		false	
Orofacial Digital Syndrome Type II	no match		false	no match		false	
Orofacial digital syndrome type VI (Varadi-Papp syndrome)	no match		false	no match		false	
Orofacial-digital syndrome	MONDO:0015375	orofaciodigital syndrome	true	MONDO:0015375		false	
Orofaciodigital syndrome	MONDO:0015375	orofaciodigital syndrome	true	MONDO:0015375	MONDO:0015375	true	true
Orofaciodigital syndrome Type II (Mohr syndrome)	no match		false	no match		false	
Orofaciodigital syndrome type I	no match		false	no match	MONDO:0010702	true	false
Orofaciodigital syndrome type II	no match		false	no match	MONDO:0009642	true	false
Orofaciodigital syndrome type II (Mohr syndrome)	no match		false	no match		false	
Orofaciodigital syndrome type VI	no match		false	no match		false	
Orofaciodigital syndrome type VI (Varadi-Papp syndrome)	no match		false	no match		false	
Osteogenesis Imperfecta	MONDO:0019019	osteogenesis imperfecta	true	MONDO:0019019	MONDO:0019019	true	true
Osteogenesis Imperfecta Type I	no match		false	no match	MONDO:0008146	true	false
Osteogenesis Imperfecta Type III	no match		false	no match	MONDO:0009804	true	false
Osteogenesis Imperfecta Type IV	no match		false	no match	MONDO:0008148	true	false
Osteogenesis imperfecta	MONDO:0019019	osteogenesis imperfecta	true	MONDO:0019019	MONDO:0019019	true	true
Osteogenesis imperfecta (Type I)	no match		false	no match		false	
Osteogenesis imperfecta Type I	no match		false	no match	MONDO:0008146	true	false
Osteogenesis imperfecta Type VI	no match		false	no match		false	
Osteogenesis imperfecta type I	no match		false	no match	MONDO:0008146	true	false
Osteogenesis imperfecta type VI	no match		false	no match		false	
Osteoglophonic dysplasia	no match		false	no match	MONDO:0008150	true	false
Osteopetrosis	no match		false	no match	MONDO:0017198	true	false
Osteopetrosis (infantile malignant type)	no match		false	no match		false	
Osteopetrosis with Immunodeficiency	no match		false	no match		false	
Osteopetrosis with immunodeficiency	no match		false	no match		false	
Osteoporosis-Pseudoglioma Syndrome	no match		false	no match	MONDO:0009820	true	false
Osteoporosis-pseudoglioma syndrome	no match		false	no match	MONDO:0009820	true	false
Otahara syndrome	no match		false	no match		false	
Other Congenital Disorders of Glycosylation (CDG)	no match		false	no match		false	
Other Type I Congenital Disorders of Glycosylation	no match		false	no match		false	
Other Types of Ehlers-Danlos Syndrome	no match		false	no match		false	
Other amino acid transporter deficiencies	no match		false	no match		false	
Other fatty acid oxidation disorders	no match		false	no match		false	
Other forms of complicated hereditary spastic paraplegia	no match		false	no match		false	
Other forms of neurodegeneration with brain iron accumulation (NBIA)	no match		false	no match		false	
Other genetic forms of non-syndromic sensorineural hearing loss (e.g., MYO6 or MYO7A mutations)	no match		false	no match		false	
Oto-Palato-Digital Syndrome Type II	no match		false	no match		false	
Oto-Palato-Digital syndrome	no match		false	no match	MONDO:0019027	true	false
Oto-facio-cervical syndrome	no match		false	no match		false	
Oto-palato-digital syndrome	no match		false	no match	MONDO:0019027	true	false
Oto-palato-digital syndrome type II	no match		false	no match		false	
Otodental dysplasia	no match		false	no match	MONDO:0008161	true	false
Otodental syndrome	no match		false	no match	MONDO:0008161	true	false
Otoferlin-related hearing loss (DFNB9)	no match		false	no match		false	
Otoferlin-related hearing loss (OTOF gene mutations)	no match		false	no match		false	
Otoferlin-related hearing loss (OTOF mutations)	no match		false	no match		false	
Otoferlin-related non-syndromic sensorineural hearing loss (DFNB9)	no match		false	no match		false	
Otopalatodigital Syndrome Type II	no match		false	no match		false	
Otopalatodigital syndrome	no match		false	no match	MONDO:0019027	true	false
Otopalatodigital syndrome Type I	no match		false	no match		false	
Otopalatodigital syndrome Type II	no match		false	no match		false	
Otopalatodigital syndrome type 2	no match		false	no match	MONDO:0010571	true	false
Otopalatodigital syndrome type I	no match		false	no match		false	
Otopalatodigital syndrome type II	no match		false	no match		false	
Otospondylomegaepiphyseal Dysplasia (OSMED)	no match		false	no match		false	
PAPA Syndrome	no match		false	no match	MONDO:0011462	true	false
PAPA syndrome (Pyogenic Arthritis, Pyoderma gangrenosum, and Acne)	no match		false	no match		false	
PARK2 gene mutation (Juvenile Parkinson's disease)	no match		false	no match		false	
PAX2-related disorder (Renal coloboma syndrome)	no match		false	no match		false	
PAX4-MODY (MODY 9)	no match		false	no match		false	
PAX6 Mutation-Related Disorders	no match		false	no match		false	
PAX6-related Ocular Disorders	no match		false	no match		false	
PAX6-related coloboma	no match		false	no match		false	
PAX6-related eye anomalies	no match		false	no match		false	
PAX6-related ocular anomalies	no match		false	no match		false	
PAX6-related ocular disorders	no match		false	no match		false	
PAX6-related polymicrogyria	no match		false	no match		false	
PCDH19 Female-Limited Epilepsy	no match		false	no match		false	
PCDH19-Related Epilepsy	no match		false	no match		false	
PCDH19-related Epilepsy	no match		false	no match		false	
PCDH19-related epilepsy	no match		false	no match		false	
PDX1-MODY (MODY 4)	no match		false	no match		false	
PGM3 deficiency	no match		false	no match		false	
PIGA deficiency	no match		false	no match		false	
PIGN-related multiple congenital anomalies-hypotonia-seizures syndrome 1	no match		false	no match		false	
PIK3CA-Related Overgrowth Spectrum	no match		false	no match	MONDO:1040002	true	false
PIK3R2-related megalencephaly-polymicrogyria-hydrocephalus syndrome	no match		false	no match		false	
PINK1-associated early-onset Parkinsonism (PARK6)	no match		false	no match		false	
PLA2G6-Associated Neurodegeneration (PLAN)	no match		false	no match		false	
PLA2G6-associated neurodegeneration	no match		false	no match	MONDO:0017998	true	false
PLA2G6-associated neurodegeneration (PLAN)	no match		false	no match		false	
PLN-related cardiomyopathy	no match		false	no match		false	
PMD-like hypomyelination disorder	no match		false	no match		false	
PMM2-CDG (CDG Type Ia)	no match		false	no match		false	
PMM2-CDG (CDG-Ia)	no match		false	no match	MONDO:0008907	true	false
PMM2-CDG (Congenital Disorder of Glycosylation Type Ia)	no match		false	no match		false	
PMM2-CDG (Congenital Disorder of Glycosylation type Ia)	no match		false	no match		false	
PMM2-congenital disorder of glycosylation	no match		false	no match	MONDO:0008907	true	false
PNPLA6-related disorders	no match		false	no match		false	
POEMS syndrome	no match		false	no match	MONDO:0017364	true	false
POGZ-related intellectual disability (White-Sutton syndrome)	no match		false	no match		false	
POLG-Related Mitochondrial Disorders	no match		false	no match		false	
POLG-related Alpers-Huttenlocher syndrome	no match		false	no match		false	
POLG-related Disorders	no match		false	no match		false	
POLG-related Mitochondrial Disorder	no match		false	no match		false	
POLG-related Mitochondrial Disorders	no match		false	no match		false	
POLG-related disorder	no match		false	no match		false	
POLG-related disorder (Alpers-Huttenlocher syndrome)	no match		false	no match		false	
POLG-related disorder (e.g., Alpers-Huttenlocher syndrome)	no match		false	no match		false	
POLG-related disorders	no match		false	no match		false	
POLG-related disorders (Alpers-Huttenlocher syndrome)	no match		false	no match		false	
POLG-related disorders (e.g., Alpers-Huttenlocher syndrome)	no match		false	no match		false	
POLG-related epilepsy	no match		false	no match		false	
POLG-related mitochondrial DNA depletion syndrome	no match		false	no match		false	
POLG-related mitochondrial DNA depletion syndromes (e.g., Alpers-Huttenlocher syndrome)	no match		false	no match		false	
POLG-related mitochondrial disease	no match		false	no match		false	
POLG-related mitochondrial disorder	no match		false	no match		false	
POLG-related mitochondrial disorder (Alpers-Huttenlocher syndrome)	no match		false	no match		false	
POLG-related mitochondrial disorder (e.g., Alpers-Huttenlocher syndrome)	no match		false	no match		false	
POLG-related mitochondrial disorders	no match		false	no match		false	
POLG-related mitochondrial disorders (e.g., Alpers-Huttenlocher syndrome)	no match		false	no match		false	
POLR3-related Leukodystrophy (4H Leukodystrophy)	no match		false	no match		false	
POLR3-related Leukodystrophy (4H Syndrome)	no match		false	no match		false	
POLR3-related leukodystrophy	no match		false	no match	MONDO:0700282	true	false
POLR3-related leukodystrophy (4H leukodystrophy)	no match		false	no match		false	
POLR3-related leukodystrophy (4H syndrome)	no match		false	no match		false	
POMC deficiency	no match		false	no match	MONDO:0012335	true	false
POMT1-related muscular dystrophy-dystroglycanopathy	no match		false	no match		false	
PPAR Gamma-Related Lipodystrophy	no match		false	no match		false	
PRKAG2 Cardiac Syndrome	no match		false	no match	MONDO:0800484	true	false
PRKAG2 cardiac glycogen storage disease	no match		false	no match		false	
PRKAG2 cardiac syndrome	no match		false	no match	MONDO:0800484	true	false
PRKCD deficiency	no match		false	no match		false	
PRRT2-Related Epilepsy	no match		false	no match		false	
PRRT2-associated familial infantile convulsions	no match		false	no match		false	
PRRT2-related infantile convulsions	no match		false	no match		false	
PTEN Hamartoma Tumor Syndrome	MONDO:0017623	PTEN hamartoma tumor syndrome	true	MONDO:0017623	MONDO:0017623	true	true
PTEN Hamartoma Tumor Syndrome (Cowden Syndrome)	MONDO:0017623	PTEN hamartoma tumor syndrome	true	MONDO:0017623		false	
PTEN Hamartoma Tumor Syndrome (e.g., Bannayan-Riley-Ruvalcaba Syndrome)	MONDO:0017623	PTEN hamartoma tumor syndrome	true	MONDO:0017623		false	
PTEN Hamartoma Tumor syndrome	MONDO:0017623	PTEN hamartoma tumor syndrome	true	MONDO:0017623	MONDO:0017623	true	true
PTEN Hamartoma Tumor syndromes	MONDO:0017623	PTEN hamartoma tumor syndrome	true	MONDO:0017623		false	
PTEN hamartoma tumor syndrome	MONDO:0017623	PTEN hamartoma tumor syndrome	true	MONDO:0017623	MONDO:0017623	true	true
PTEN hamartoma tumor syndrome (Bannayan-Riley-Ruvalcaba syndrome)	MONDO:0017623	PTEN hamartoma tumor syndrome	true	MONDO:0017623		false	
PTEN hamartoma tumor syndrome (Cowden syndrome)	MONDO:0017623	PTEN hamartoma tumor syndrome	true	MONDO:0017623		false	
PTEN hamartoma tumor syndrome (including Bannayan-Riley-Ruvalcaba syndrome)	MONDO:0017623	PTEN hamartoma tumor syndrome	true	MONDO:0017623		false	
PTEN hamartoma tumor syndromes	MONDO:0017623	PTEN hamartoma tumor syndrome	true	MONDO:0017623		false	
PURA syndrome	no match		false	no match	MONDO:0014512;MONDO:1060108	true	false
PYCR1-related Cutis Laxa Type IIB	no match		false	no match		false	
Pachyonychia Congenita	no match		false	no match	MONDO:0016471	true	false
Pachyonychia congenita	no match		false	no match	MONDO:0016471	true	false
Paget's disease of bone	no match		false	no match	MONDO:0005382	true	false
Pallido-pyramidal syndrome	no match		false	no match		false	
Pallister-Hall Syndrome	no match		false	no match	MONDO:0007804	true	false
Pallister-Hall syndrome	no match		false	no match	MONDO:0007804	true	false
Pallister-Killian syndrome	no match		false	no match	MONDO:0011146	true	false
Palmoplantar psoriasis	no match		false	no match		false	
Panayiotopoulos Syndrome	no match		false	no match	MONDO:0020307	true	false
Panayiotopoulos syndrome	no match		false	no match	MONDO:0020307	true	false
Pantothenate Kinase-Associated Neurodegeneration (PKAN)	no match		false	no match		false	
Pantothenate kinase-associated neurodegeneration	no match		false	no match	MONDO:0009319	true	false
Pantothenate kinase-associated neurodegeneration (PKAN)	no match		false	no match		false	
Paramyotonia congenita	MONDO:0008223	paramyotonia congenita of Von Eulenburg	false	no match	MONDO:0008195	true	false
Paraneoplastic Cerebellar Degeneration	no match		false	no match	MONDO:0018215;MONDO:0044877	true	false
Paraneoplastic cerebellar degeneration	no match		false	no match	MONDO:0018215;MONDO:0044877	true	false
Paraneoplastic cerebellar degeneration associated with myelodysplasia	no match		false	no match		false	
Paraneoplastic neuropathy	no match		false	no match		false	
Paraneoplastic palmoplantar keratoderma	no match		false	no match		false	
Paraneoplastic syndrome associated with T-cell lymphoma	no match		false	no match		false	
Paris-Trousseau syndrome (Jacobsen syndrome)	no match		false	no match		false	
Parkin gene mutation-related early-onset Parkinson's disease	no match		false	no match		false	
Parkinson's disease	MONDO:0005180	Parkinson disease	true	MONDO:0005180	MONDO:0005180	true	true
Parkinson's disease with dementia	no match		false	no match		false	
Paroxysmal Dyskinesia	no match		false	no match	MONDO:0015427	true	false
Paroxysmal Kinesigenic Dyskinesia	no match		false	no match		false	
Paroxysmal Nonkinesigenic Dyskinesia	no match		false	no match	MONDO:0700088	true	false
Paroxysmal kinesigenic dyskinesia	no match		false	no match		false	
Paroxysmal nocturnal hemoglobinuria	no match		false	no match	MONDO:0100244	true	false
Partial androgen insensitivity syndrome	no match		false	no match	MONDO:0010720	true	false
Patau syndrome (Trisomy 13)	no match		false	no match		false	
Pattern dystrophy of the retinal pigment epithelium	no match		false	no match		false	
Pearson Syndrome	no match		false	no match	MONDO:0010797	true	false
Pearson syndrome	no match		false	no match	MONDO:0010797	true	false
Pediatric Antiphospholipid Syndrome (APS)	no match		false	no match		false	
Pediatric multiple sclerosis	no match		false	no match	MONDO:0018784	true	false
Peeling skin syndrome	no match		false	no match	MONDO:0019347	true	false
Pelizaeus-Merzbacher Disease	MONDO:0010714	Pelizaeus-Merzbacher disease	true	MONDO:0010714	MONDO:0010714	true	true
Pelizaeus-Merzbacher Disease (PMD)	MONDO:0010714	Pelizaeus-Merzbacher disease	true	MONDO:0010714		false	
Pelizaeus-Merzbacher disease	MONDO:0010714	Pelizaeus-Merzbacher disease	true	MONDO:0010714	MONDO:0010714	true	true
Pelizaeus-Merzbacher-like disease	no match		false	no match	MONDO:0017226	true	false
Pelizaeus-Merzbacher-like disease (PMLD)	no match		false	no match		false	
Pelizaeus–Merzbacher disease	MONDO:0010714	Pelizaeus-Merzbacher disease	true	MONDO:0010714		false	
Pena-Shokeir Syndrome (Fetal Akinesia Deformation Sequence)	no match		false	no match		false	
Pena-Shokeir syndrome	no match		false	no match		false	
Pendred syndrome	MONDO:0010134	Pendred syndrome	true	MONDO:0010134	MONDO:0010134	true	true
Perinatal Arterial Ischemic Stroke	no match		false	no match		false	
Periodontal Ehlers-Danlos Syndrome (EDS type VIII)	no match		false	no match		false	
Periventricular Nodular Heterotopia	no match		false	no match	MONDO:0020341	true	false
Periventricular leukomalacia	no match		false	no match	MONDO:0015742	true	false
Periventricular nodular heterotopia	no match		false	no match	MONDO:0020341	true	false
Periventricular nodular heterotopia (Filamin A mutations)	no match		false	no match		false	
Peroxisomal Biogenesis Disorder (Zellweger spectrum)	no match		false	no match		false	
Peroxisomal Biogenesis Disorders (Zellweger Spectrum)	no match		false	no match		false	
Peroxisomal Biogenesis Disorders (Zellweger spectrum disorders)	no match		false	no match		false	
Peroxisomal biogenesis disorder (Zellweger spectrum disorder)	no match		false	no match		false	
Peroxisomal biogenesis disorder (Zellweger spectrum)	no match		false	no match		false	
Peroxisomal biogenesis disorder (Zellweger syndrome)	no match		false	no match		false	
Peroxisomal biogenesis disorders (Zellweger spectrum disorders)	no match		false	no match		false	
Peroxisomal biogenesis disorders (Zellweger spectrum)	no match		false	no match		false	
Peroxisomal biogenesis disorders (e.g., Zellweger spectrum disorders)	no match		false	no match		false	
Peroxisomal biogenesis disorders (e.g., Zellweger syndrome)	no match		false	no match		false	
Peroxisomal disorder	no match		false	no match	MONDO:0019053	true	false
Peroxisomal disorder (e.g., Zellweger syndrome)	no match		false	no match		false	
Peroxisomal disorders	no match		false	no match		false	
Peroxisomal disorders (e.g., Zellweger spectrum disorders)	no match		false	no match		false	
Peroxisomal disorders (e.g., Zellweger syndrome)	no match		false	no match		false	
Peroxisome biogenesis disorder (Zellweger spectrum disorder)	no match		false	no match		false	
Peroxisome biogenesis disorder (Zellweger spectrum)	no match		false	no match		false	
Peroxisome biogenesis disorders (Zellweger spectrum)	no match		false	no match		false	
Perrault syndrome	no match		false	no match	MONDO:0017312	true	false
Peutz-Jeghers syndrome	MONDO:0008280	Peutz-Jeghers syndrome	true	MONDO:0008280	MONDO:0008280	true	true
Pfeiffer Syndrome	no match		false	no match	MONDO:0007043	true	false
Pfeiffer syndrome	no match		false	no match	MONDO:0007043	true	false
Phelan-McDermid Syndrome	no match		false	no match	MONDO:0011652	true	false
Phelan-McDermid Syndrome (22q13 Deletion Syndrome)	no match		false	no match		false	
Phelan-McDermid Syndrome (22q13.3 Deletion Syndrome)	no match		false	no match		false	
Phelan-McDermid Syndrome (SHANK3 Mutation)	no match		false	no match		false	
Phelan-McDermid syndrome	no match		false	no match	MONDO:0011652	true	false
Phelan-McDermid syndrome (22q13 deletion syndrome)	no match		false	no match		false	
Phelan-McDermid syndrome (22q13.3 deletion syndrome)	no match		false	no match		false	
Phelan-McDermid syndrome (SHANK3 deletion)	no match		false	no match		false	
Phenylketonuria	MONDO:0009861	phenylketonuria	true	MONDO:0009861	MONDO:0009861	true	true
Phenylketonuria (PKU)	MONDO:0009861	phenylketonuria	true	MONDO:0009861		false	
Phenylketonuria (untreated)	MONDO:0009861	phenylketonuria	true	MONDO:0009861		false	
Phenylketonuria (with treatment compliance)	MONDO:0009861	phenylketonuria	true	MONDO:0009861		false	
Phosphoglucomutase 3 (PGM3) deficiency	no match		false	no match		false	
Phospholamban (PLN) cardiomyopathy	no match		false	no match		false	
Phospholamban (PLN) mutation-associated cardiomyopathy	no match		false	no match		false	
Phospholamban cardiomyopathy	no match		false	no match		false	
Phosphoserine aminotransferase deficiency	no match		false	no match	MONDO:0012596	true	false
Phosphoserine phosphatase deficiency	no match		false	no match	MONDO:0013531	true	false
Piebaldism	no match		false	no match	MONDO:0008244	true	false
Pierre Robin sequence	no match		false	no match	MONDO:0009869	true	false
Pierre Robin sequence (without cleft palate)	no match		false	no match		false	
Pierson syndrome	no match		false	no match	MONDO:0012184	true	false
Pitt-Hopkins Syndrome	MONDO:0012589	Pitt-Hopkins syndrome	true	MONDO:0012589	MONDO:0012589	true	true
Pitt-Hopkins syndrome	MONDO:0012589	Pitt-Hopkins syndrome	true	MONDO:0012589	MONDO:0012589	true	true
Pituitary gigantism	no match		false	no match	MONDO:0020479	true	false
Pityriasis rubra pilaris	no match		false	no match	MONDO:0008251;MONDO:0100017	true	false
Platelet-type von Willebrand disease	no match		false	no match	MONDO:0008332	true	false
Poikiloderma with Neutropenia (Clericuzio-type)	no match		false	no match		false	
Poland Syndrome	no match		false	no match	MONDO:0008262	true	false
Poland syndrome	no match		false	no match	MONDO:0008262	true	false
Polyarteritis Nodosa (PAN)	MONDO:0019170	polyarteritis nodosa	true	MONDO:0019170		false	
Polyarteritis nodosa	MONDO:0019170	polyarteritis nodosa	true	MONDO:0019170	MONDO:0019170	true	true
Polyarteritis nodosa (PAN)	MONDO:0019170	polyarteritis nodosa	true	MONDO:0019170		false	
Polycystic Kidney Disease	MONDO:0020642	polycystic kidney disease	true	MONDO:0020642	MONDO:0020642	true	true
Polycystic kidney disease	MONDO:0020642	polycystic kidney disease	true	MONDO:0020642	MONDO:0020642	true	true
Polycythemia vera	MONDO:0009891	polycythemia vera	true	MONDO:0009891	MONDO:0009891	true	true
Polyglandular Autoimmune Syndrome Type 2	no match		false	no match		false	
Polyglandular Autoimmune Syndrome Type 2 (APS2)	no match		false	no match		false	
Polyglandular Autoimmune Syndrome Type II (Schmidt syndrome)	no match		false	no match		false	
Polymicrogyria	MONDO:0000087	polymicrogyria	true	MONDO:0000087	MONDO:0000087	true	true
Polymicrogyria due to TUBB2B Mutation	no match		false	no match	MONDO:0012399	true	false
Polymicrogyria due to TUBB2B Mutations	no match		false	no match		false	
Polymicrogyria with Microcephaly syndrome (e.g., due to WDR62 mutations)	no match		false	no match		false	
Polymicrogyria-Pachygyria spectrum disorders	no match		false	no match		false	
Polymyositis	no match		false	no match	MONDO:0019127	true	false
Polysplenia syndrome	no match		false	no match		false	
Pompe Disease	MONDO:0009290	glycogen storage disease II	true	MONDO:0009290	MONDO:0009290	true	true
Pompe Disease (Glycogen Storage Disease Type II)	MONDO:0009290	glycogen storage disease II	true	MONDO:0009290		false	
Pompe disease	MONDO:0009290	glycogen storage disease II	true	MONDO:0009290	MONDO:0009290	true	true
Pompe disease (Glycogen Storage Disease Type II)	MONDO:0009290	glycogen storage disease II	true	MONDO:0009290		false	
Pompe disease (Glycogen storage disease Type II)	MONDO:0009290	glycogen storage disease II	true	MONDO:0009290		false	
Pompe disease (Glycogen storage disease type II)	MONDO:0009290	glycogen storage disease II	true	MONDO:0009290		false	
Pompe disease (acid maltase deficiency)	MONDO:0009290	glycogen storage disease II	true	MONDO:0009290		false	
Pompe disease (glycogen storage disease type II)	MONDO:0009290	glycogen storage disease II	true	MONDO:0009290		false	
Pompe disease (late-onset)	no match		false	no match		false	
Pontocerebellar Hypoplasia	MONDO:0020135	pontocerebellar hypoplasia	true	MONDO:0020135	MONDO:0020135	true	true
Pontocerebellar Hypoplasia (PCH)	MONDO:0020135	pontocerebellar hypoplasia	true	MONDO:0020135		false	
Pontocerebellar Hypoplasia Type 2	no match		false	no match	MONDO:0016759	true	false
Pontocerebellar Hypoplasia type 6	no match		false	no match	MONDO:0012683	true	false
Pontocerebellar hypoplasia	MONDO:0020135	pontocerebellar hypoplasia	true	MONDO:0020135	MONDO:0020135	true	true
Pontocerebellar hypoplasia type 2	no match		false	no match	MONDO:0016759	true	false
Pontocerebellar hypoplasia type 6	no match		false	no match	MONDO:0012683	true	false
Popliteal pterygium syndrome	no match		false	no match	MONDO:0007334;MONDO:0017435	true	false
Poretti-Boltshauser syndrome	no match		false	no match	MONDO:0014419	true	false
Porokeratosis punctata palmaris et plantaris	no match		false	no match		false	
Porphyria	no match		false	no match	MONDO:0019142;MONDO:0037939	true	false
Posterior Microphthalmia	no match		false	no match		false	
Posterior Polymorphous Corneal Dystrophy	no match		false	no match	MONDO:0020364	true	false
Posterior microphthalmos	no match		false	no match		false	
Posterior polymorphous corneal dystrophy	no match		false	no match	MONDO:0020364	true	false
Potocki-Lupski syndrome	no match		false	no match	MONDO:0012574	true	false
Prader-Willi Syndrome	MONDO:0008300	Prader-Willi syndrome	true	MONDO:0008300	MONDO:0008300	true	true
Prader-Willi syndrome	MONDO:0008300	Prader-Willi syndrome	true	MONDO:0008300	MONDO:0008300	true	true
Preaxial polydactyly type II	no match		false	no match		false	
Primary Autosomal Recessive Microcephaly	no match		false	no match		false	
Primary Autosomal Recessive Microcephaly (MCPH)	no match		false	no match		false	
Primary Carnitine Deficiency	no match		false	no match	MONDO:0008919	true	false
Primary Carnitine Deficiency (Carnitine Transporter Deficiency)	no match		false	no match		false	
Primary Ciliary Dyskinesia	MONDO:0016575	primary ciliary dyskinesia	true	MONDO:0016575	MONDO:0016575	true	true
Primary Ciliary Dyskinesia (Kartagener's syndrome)	MONDO:0016575	primary ciliary dyskinesia	true	MONDO:0016575		false	
Primary Ciliary Dyskinesia (PCD)	MONDO:0016575	primary ciliary dyskinesia	true	MONDO:0016575		false	
Primary Hyperoxaluria Type I	MONDO:0009823	primary hyperoxaluria type 1	true	MONDO:0009823	MONDO:0009823	true	true
Primary Hyperoxaluria Type II	no match		false	no match	MONDO:0009824	true	false
Primary Hyperoxaluria Type III	no match		false	no match	MONDO:0013327	true	false
Primary Lateral Sclerosis	no match		false	no match	MONDO:0018155	true	false
Primary Lateral Sclerosis (PLS)	no match		false	no match		false	
Primary Lateral Sclerosis (juvenile onset)	no match		false	no match		false	
Primary autosomal recessive microcephaly (MCPH)	MONDO:0016660	autosomal recessive primary microcephaly	true	MONDO:0016660		false	
Primary carnitine deficiency	no match		false	no match	MONDO:0008919	true	false
Primary ciliary dyskinesia	MONDO:0016575	primary ciliary dyskinesia	true	MONDO:0016575	MONDO:0016575	true	true
Primary ciliary dyskinesia (Kartagener syndrome)	MONDO:0016575	primary ciliary dyskinesia	true	MONDO:0016575		false	
Primary coenzyme Q10 deficiency due to COQ gene mutations	no match		false	no match		false	
Primary hyperoxaluria	no match		false	no match	MONDO:0002474	true	false
Primary hyperoxaluria Type I	MONDO:0009823	primary hyperoxaluria type 1	true	MONDO:0009823	MONDO:0009823	true	true
Primary hyperoxaluria type 1	MONDO:0009823	primary hyperoxaluria type 1	true	MONDO:0009823	MONDO:0009823	true	true
Primary hyperoxaluria type I	MONDO:0009823	primary hyperoxaluria type 1	true	MONDO:0009823	MONDO:0009823	true	true
Primary hyperparathyroidism	no match		false	no match	MONDO:0010837	true	false
Primary idiopathic distal renal tubular acidosis	no match		false	no match		false	
Primary lateral sclerosis	no match		false	no match	MONDO:0018155	true	false
Primary lateral sclerosis (PLS)	no match		false	no match		false	
Primary lateral sclerosis (juvenile form)	no match		false	no match		false	
Primary lateral sclerosis (juvenile onset)	no match		false	no match		false	
Primary microcephaly	no match		false	no match		false	
Primary microcephaly (Microcephaly vera)	no match		false	no match		false	
Primary myelofibrosis	no match		false	no match	MONDO:0009692	true	false
Primary ovarian insufficiency (POI)	no match		false	no match		false	
Primary systemic carnitine deficiency	no match		false	no match		false	
Primrose syndrome	no match		false	no match	MONDO:0009798	true	false
Progeroid Ehlers-Danlos syndrome	no match		false	no match		false	
Progeroid Syndrome	no match		false	no match	MONDO:0015333	true	false
Progeroid Syndromes	no match		false	no match		false	
Progeroid Type Ehlers-Danlos Syndrome	no match		false	no match		false	
Progressive Bulbar Palsy	no match		false	no match	MONDO:0008890	true	false
Progressive Cardiac Conduction Disease due to SCN5A mutations	no match		false	no match		false	
Progressive External Ophthalmoplegia (PEO)	no match		false	no match		false	
Progressive Familial Heart Block Type I	no match		false	no match		false	
Progressive Familial Heart Block type I	no match		false	no match		false	
Progressive Familial Intrahepatic Cholestasis	MONDO:0015762	progressive familial intrahepatic cholestasis	true	MONDO:0015762	MONDO:0008892;MONDO:0015762	true	true
Progressive Familial Intrahepatic Cholestasis (PFIC)	MONDO:0015762	progressive familial intrahepatic cholestasis	true	MONDO:0015762		false	
Progressive Muscular Atrophy	no match		false	no match	MONDO:0018687	true	false
Progressive Myoclonic Epilepsy (Unverricht-Lundborg Disease)	MONDO:0009762	Unverricht-Lundborg syndrome	false	no match		false	
Progressive Pseudorheumatoid Dysplasia	no match		false	no match		false	
Progressive Supranuclear Palsy	MONDO:0019037	progressive supranuclear palsy	true	MONDO:0019037	MONDO:0019037	true	true
Progressive cardiac conduction defect	no match		false	no match		false	
Progressive external ophthalmoplegia	no match		false	no match	MONDO:0005181	true	false
Progressive familial heart block type I	no match		false	no match		false	
Progressive familial intrahepatic cholestasis	MONDO:0015762	progressive familial intrahepatic cholestasis	true	MONDO:0015762	MONDO:0008892;MONDO:0015762	true	true
Progressive familial intrahepatic cholestasis (PFIC)	MONDO:0015762	progressive familial intrahepatic cholestasis	true	MONDO:0015762		false	
Progressive familial intrahepatic cholestasis type 3	MONDO:0011149	progressive familial intrahepatic cholestasis type 3	false	no match	MONDO:0011214	true	false
Progressive muscular atrophy	no match		false	no match	MONDO:0018687	true	false
Progressive myoclonic epilepsy	no match		false	no match	MONDO:0020074	true	false
Progressive myoclonus epilepsies	no match		false	no match		false	
Progressive osseous heteroplasia	no match		false	no match	MONDO:0008153	true	false
Progressive supranuclear palsy	MONDO:0019037	progressive supranuclear palsy	true	MONDO:0019037	MONDO:0019037	true	true
Propionic Acidemia	MONDO:0011628	propionic acidemia	true	MONDO:0011628	MONDO:0011628	true	true
Propionic acidemia	MONDO:0011628	propionic acidemia	true	MONDO:0011628	MONDO:0011628	true	true
Proteus syndrome	no match		false	no match	MONDO:0008318	true	false
Proximal renal tubular acidosis (Type 2 RTA)	no match		false	no match		false	
Pseudo-Hurler Polydystrophy (Mucolipidosis III)	no match		false	no match		false	
Pseudo-TORCH syndrome	no match		false	no match	MONDO:0009626;MONDO:0020789	true	false
Pseudoachondroplasia	no match		false	no match	MONDO:0008322	true	false
Pseudohypoparathyroidism	no match		false	no match	MONDO:0019992	true	false
Pseudohypoparathyroidism (Albright Hereditary Osteodystrophy)	no match		false	no match		false	
Pseudohypoparathyroidism (Albright hereditary osteodystrophy)	no match		false	no match		false	
Pseudohypoparathyroidism Type 1a	MONDO:0007084	pseudohypoparathyroidism type 1A	false	no match	MONDO:0007078	true	false
Pseudohypoparathyroidism Type IA (Albright hereditary osteodystrophy)	MONDO:0007084	pseudohypoparathyroidism type 1A	false	no match		false	
Pseudohypoparathyroidism Type Ib	no match		false	no match		false	
Pseudohypoparathyroidism type 1a (Albright hereditary osteodystrophy)	MONDO:0007084	pseudohypoparathyroidism type 1A	false	no match		false	
Pseudohypoparathyroidism type Ia	MONDO:0007084	pseudohypoparathyroidism type 1A	false	no match		false	
Pseudohypoparathyroidism type Ia (Albright hereditary osteodystrophy)	MONDO:0007084	pseudohypoparathyroidism type 1A	false	no match		false	
Pseudohypoparathyroidism type Ib	no match		false	no match		false	
Pseudometabolic Syndrome	no match		false	no match		false	
Pseudopseudohypoparathyroidism	no match		false	no match	MONDO:0012912	true	false
Pseudoxanthoma Elasticum	no match		false	no match	MONDO:0009925	true	false
Pseudoxanthoma elasticum	no match		false	no match	MONDO:0009925	true	false
Psoriasis vulgaris	no match		false	no match		false	
Psoriatic juvenile idiopathic arthritis	no match		false	no match		false	
Psychogenic nonepileptic seizures	no match		false	no match		false	
Pulmonary Fibrosis due to RTEL1 mutation	no match		false	no match		false	
Pulmonary Fibrosis due to TERC mutation	no match		false	no match		false	
Pulmonary fibrosis due to TERT gene mutation	no match		false	no match		false	
Punctate palmoplantar keratoderma type I	no match		false	no match	MONDO:0019332	true	false
Punctate palmoplantar keratoderma type I (Buschke-Fischer disease)	no match		false	no match		false	
Punctate palmoplantar keratoderma type I (Buschke-Fischer-Brauer disease)	no match		false	no match		false	
Punctate palmoplantar keratoderma type II (Porokeratosis punctata palmaris et plantaris)	no match		false	no match		false	
Pura syndrome	no match		false	no match	MONDO:0014512;MONDO:1060108	true	false
Pure Hair and Nail Ectodermal Dysplasia	no match		false	no match	MONDO:0019071	true	false
Pure hereditary spastic paraplegia (HSP)	no match		false	no match		false	
Purine Nucleoside Phosphorylase (PNP) Deficiency	no match		false	no match		false	
Purine Nucleoside Phosphorylase (PNP) deficiency	no match		false	no match		false	
Purine nucleoside phosphorylase (PNP) deficiency	no match		false	no match		false	
Purine nucleoside phosphorylase deficiency	no match		false	no match	MONDO:0013171	true	false
Pycnodysostosis	no match		false	no match	MONDO:0009940	true	false
Pyknodysostosis	no match		false	no match	MONDO:0009940	true	false
Pyle disease	no match		false	no match	MONDO:0009943	true	false
Pyle disease (metaphyseal dysplasia)	no match		false	no match		false	
Pyridox(am)ine 5'-phosphate oxidase (PNPO) deficiency	no match		false	no match		false	
Pyridox(am)ine 5'-phosphate oxidase deficiency	no match		false	no match		false	
Pyridoxal 5'-phosphate-dependent epilepsy	no match		false	no match	MONDO:0012407	true	false
Pyridoxine-Dependent Epilepsy	no match		false	no match	MONDO:0009945	true	false
Pyridoxine-dependent Epilepsy	no match		false	no match	MONDO:0009945	true	false
Pyridoxine-dependent epilepsy	no match		false	no match	MONDO:0009945	true	false
Pyridoxine-dependent epilepsy (ALDH7A1 deficiency)	no match		false	no match		false	
Pyruvate Carboxylase Deficiency	no match		false	no match		false	
Pyruvate Dehydrogenase Complex Deficiency	no match		false	no match	MONDO:0019169	true	false
Pyruvate Dehydrogenase Complex deficiency	no match		false	no match	MONDO:0019169	true	false
Pyruvate Dehydrogenase Deficiency	no match		false	no match	MONDO:0019169	true	false
Pyruvate carboxylase deficiency	MONDO:0009982	pyruvate carboxylase deficiency	false	no match		false	
Pyruvate dehydrogenase complex deficiency	no match		false	no match	MONDO:0019169	true	false
Pyruvate dehydrogenase deficiency	no match		false	no match	MONDO:0019169	true	false
Pyruvate kinase deficiency	no match		false	no match	MONDO:0009950	true	false
RAG1/RAG2 Deficiency	no match		false	no match		false	
RFT1-CDG (Congenital Disorder of Glycosylation Type In)	no match		false	no match		false	
RNASET2-deficient leukoencephalopathy	no match		false	no match		false	
RRM2B-related mitochondrial DNA depletion syndrome	no match		false	no match	MONDO:0012792	true	false
RYR1-Related Myopathy	no match		false	no match	MONDO:0100150	true	false
RYR1-related myopathy	no match		false	no match	MONDO:0100150	true	false
Rabson-Mendenhall Syndrome	no match		false	no match	MONDO:0009874	true	false
Rabson-Mendenhall syndrome	no match		false	no match	MONDO:0009874	true	false
Radioulnar synostosis with amegakaryocytic thrombocytopenia	no match		false	no match	MONDO:0011555	true	false
Radioulnar synostosis with cardiac anomalies	no match		false	no match		false	
Radioulnar synostosis with intellectual disability syndrome	no match		false	no match		false	
Rapp-Hodgkin syndrome	no match		false	no match	MONDO:0007508	true	false
Rasmussen's Encephalitis	no match		false	no match		false	
Rasmussen's encephalitis	no match		false	no match		false	
Red-Green Color Blindness	no match		false	no match	MONDO:0010564	true	false
Reflex anoxic seizures	no match		false	no match		false	
Refractive errors (e.g., myopia, hyperopia, astigmatism)	no match		false	no match		false	
Refsum Disease	no match		false	no match	MONDO:0009958	true	false
Refsum disease	no match		false	no match	MONDO:0009958	true	false
Renal Coloboma Syndrome (Papillorenal Syndrome)	no match		false	no match		false	
Renal Cysts and Diabetes Syndrome (HNF1B-MODY, also known as MODY5)	MONDO:0011593	renal cysts and diabetes syndrome	false	no match		false	
Renal Cysts and Diabetes Syndrome (HNF1B-related disease)	MONDO:0011593	renal cysts and diabetes syndrome	false	no match		false	
Renal coloboma syndrome	no match		false	no match	MONDO:0007352	true	false
Renal coloboma syndrome (PAX2 mutations)	no match		false	no match		false	
Renal coloboma syndrome (Papillorenal syndrome)	no match		false	no match		false	
Renal tubular acidosis	no match		false	no match	MONDO:0001909	true	false
Renal-coloboma syndrome (PAX2-related disorder)	no match		false	no match		false	
Restrictive Dermopathy	no match		false	no match	MONDO:0031213;MONDO:0800042	true	false
Reticular Dysgenesis	no match		false	no match	MONDO:0009973	true	false
Reticular dysgenesis	no match		false	no match	MONDO:0009973	true	false
Retinal detachment	no match		false	no match	MONDO:0008375	true	false
Retinal dystrophy	MONDO:0019118	inherited retinal dystrophy	true	MONDO:0019118	MONDO:0019118	true	true
Retinitis Pigmentosa	MONDO:0019200	retinitis pigmentosa	true	MONDO:0019200	MONDO:0008377;MONDO:0019200	true	true
Retinitis Pigmentosa (early-onset form)	MONDO:0019200	retinitis pigmentosa	true	MONDO:0019200		false	
Retinitis Pigmentosa sine pigmento	no match		false	no match		false	
Retinitis Punctata Albescens	no match		false	no match	MONDO:0007639;MONDO:0018877;MONDO:0100443;MONDO:0100444	true	false
Retinitis pigmentosa	MONDO:0019200	retinitis pigmentosa	true	MONDO:0019200	MONDO:0008377;MONDO:0019200	true	true
Retinitis pigmentosa (early-onset form)	MONDO:0019200	retinitis pigmentosa	true	MONDO:0019200		false	
Retinitis pigmentosa (early-onset forms)	MONDO:0019200	retinitis pigmentosa	true	MONDO:0019200		false	
Retinitis pigmentosa (early-onset)	MONDO:0019200	retinitis pigmentosa	true	MONDO:0019200		false	
Rett Syndrome	MONDO:0010726	Rett syndrome	true	MONDO:0010726	MONDO:0010726	true	true
Rett Syndrome (Atypical Male Presentation)	MONDO:0010726	Rett syndrome	true	MONDO:0010726		false	
Rett Syndrome (CDKL5 Deficiency)	no match		false	no match		false	
Rett syndrome	MONDO:0010726	Rett syndrome	true	MONDO:0010726	MONDO:0010726	true	true
Rett syndrome (MECP2 mutation)	MONDO:0010726	Rett syndrome	true	MONDO:0010726		false	
Rett syndrome (atypical cases without seizures)	no match		false	no match		false	
Rett syndrome (atypical in males)	no match		false	no match		false	
Rett syndrome (atypical male presentation)	no match		false	no match		false	
Rett syndrome (atypical or male variant)	no match		false	no match		false	
Rett syndrome (atypical presentation in males)	no match		false	no match		false	
Rett syndrome (atypical presentation)	no match		false	no match		false	
Rett syndrome (if female)	MONDO:0010726	Rett syndrome	true	MONDO:0010726		false	
Rett syndrome (in males with MECP2 mutations)	MONDO:0010726	Rett syndrome	true	MONDO:0010726		false	
Rett syndrome (in males)	MONDO:0010726	Rett syndrome	true	MONDO:0010726		false	
Rett syndrome (less likely due to absence of seizures and being 6 years old)	MONDO:0010726	Rett syndrome	true	MONDO:0010726		false	
Rett syndrome (male variant)	no match		false	no match		false	
Revesz syndrome	no match		false	no match	MONDO:0009990	true	false
Reye syndrome	no match		false	no match	MONDO:0005942	true	false
Reye's syndrome	no match		false	no match	MONDO:0005942	true	false
Rh-null syndrome	no match		false	no match	MONDO:0019107	true	false
Rhabdoid Tumor Predisposition Syndrome Type 1	no match		false	no match	MONDO:0012252	true	false
Rhabdoid Tumor Predisposition Syndrome Type 2	no match		false	no match	MONDO:0013224	true	false
Rheumatoid arthritis	MONDO:0008383	rheumatoid arthritis	true	MONDO:0008383	MONDO:0008383	true	true
Rhodopsin-related retinal dystrophy	no match		false	no match		false	
Richieri-Costa-Pereira syndrome	no match		false	no match		false	
Rieger syndrome (Axenfeld-Rieger syndrome)	no match		false	no match		false	
Right atrial isomerism (Asplenia syndrome)	no match		false	no match		false	
Rigid Spine Muscular Dystrophy	no match		false	no match		false	
Rigid Spine Muscular Dystrophy (RSMD1)	no match		false	no match		false	
Rigid Spine Muscular Dystrophy (SEPN1-related Myopathy)	no match		false	no match		false	
Rigid Spine Muscular Dystrophy (SEPN1-related myopathy)	no match		false	no match		false	
Rigid spine muscular dystrophy	no match		false	no match		false	
Rigid spine muscular dystrophy (RSMD1/SEPN1-related myopathy)	no match		false	no match		false	
Ring Chromosome 20 Syndrome	no match		false	no match	MONDO:0015436	true	false
Ring chromosome 14 syndrome	no match		false	no match		false	
Ring chromosome 20 syndrome	no match		false	no match	MONDO:0015436	true	false
Rippling muscle disease	no match		false	no match	MONDO:0011634;MONDO:0020704	true	false
Ritscher-Schinzel Syndrome (3C Syndrome)	no match		false	no match		false	
Ritscher-Schinzel syndrome	no match		false	no match	MONDO:0009073;MONDO:0019078	true	false
Ritscher-Schinzel syndrome (3C syndrome)	no match		false	no match		false	
Roberts Syndrome	no match		false	no match	MONDO:0100253	true	false
Roberts syndrome	no match		false	no match	MONDO:0100253	true	false
Robinow syndrome	no match		false	no match	MONDO:0019978	true	false
Roifman Syndrome	no match		false	no match	MONDO:0014722	true	false
Roifman syndrome	no match		false	no match	MONDO:0014722	true	false
Rombo Syndrome	no match		false	no match	MONDO:0008390	true	false
Rombo syndrome	no match		false	no match	MONDO:0008390	true	false
Rothmund-Thomson syndrome	no match		false	no match	MONDO:0010002	true	false
Rubella embryopathy (congenital rubella)	no match		false	no match		false	
Rubinstein-Taybi Syndrome	MONDO:0019188	Rubinstein-Taybi syndrome	true	MONDO:0019188	MONDO:0019188	true	true
Rubinstein-Taybi syndrome	MONDO:0019188	Rubinstein-Taybi syndrome	true	MONDO:0019188	MONDO:0019188	true	true
Rubinstein–Taybi syndrome	MONDO:0019188	Rubinstein-Taybi syndrome	true	MONDO:0019188		false	
Russell-Silver syndrome	no match		false	no match	MONDO:0008394	true	false
S-Adenosylhomocysteine hydrolase deficiency	no match		false	no match		false	
S-adenosylhomocysteine hydrolase deficiency	no match		false	no match		false	
SALL4-related disorders (Okihiro syndrome)	no match		false	no match		false	
SAMD9/SAMD9L syndromes	no match		false	no match		false	
SAMD9/SAMD9L-related ataxia-pancytopenia syndrome	no match		false	no match		false	
SAMHD1 deficiency	no match		false	no match		false	
SATB2-associated syndrome	no match		false	no match	MONDO:0012864;MONDO:0100147	true	false
SCN1A-Related Epilepsy	no match		false	no match		false	
SCN1A-related Dravet syndrome	MONDO:0100135	Dravet syndrome	true	MONDO:0100135		false	
SCN1A-related Epileptic Encephalopathy	no match		false	no match		false	
SCN1A-related Seizure Disorders	no match		false	no match		false	
SCN1A-related epilepsies	no match		false	no match		false	
SCN1A-related epilepsy	no match		false	no match		false	
SCN1A-related epilepsy (Dravet syndrome)	MONDO:0100135	Dravet syndrome	true	MONDO:0100135		false	
SCN1A-related epilepsy (GEFS+)	no match		false	no match		false	
SCN1A-related epileptic disorders	no match		false	no match		false	
SCN1A-related epileptic encephalopathy	no match		false	no match		false	
SCN1A-related epileptic encephalopathy (Dravet syndrome)	MONDO:0100135	Dravet syndrome	true	MONDO:0100135		false	
SCN1A-related febrile seizures with developmental delay	no match		false	no match		false	
SCN2A-Related Benign Neonatal Epilepsy	no match		false	no match		false	
SCN2A-Related Early-Onset Epileptic Encephalopathy	no match		false	no match		false	
SCN2A-Related Epilepsy	no match		false	no match		false	
SCN2A-Related Epileptic Encephalopathy	no match		false	no match		false	
SCN2A-Related Infantile Epilepsy	no match		false	no match		false	
SCN2A-related Epilepsy	no match		false	no match		false	
SCN2A-related Epileptic Encephalopathy	no match		false	no match		false	
SCN2A-related developmental and epileptic encephalopathy	no match		false	no match		false	
SCN2A-related disorder	no match		false	no match	MONDO:1060245	true	false
SCN2A-related disorders	no match		false	no match		false	
SCN2A-related early infantile epileptic encephalopathy	no match		false	no match		false	
SCN2A-related early-onset epileptic encephalopathy	no match		false	no match		false	
SCN2A-related epilepsy	no match		false	no match		false	
SCN2A-related epilepsy syndrome	no match		false	no match		false	
SCN2A-related epileptic encephalopathy	no match		false	no match		false	
SCN2A-related neonatal epilepsy	no match		false	no match		false	
SCN2A-related neonatal epileptic encephalopathy	no match		false	no match		false	
SCN2A-related neurodevelopmental disorder	no match		false	no match		false	
SCN5A Mutation-Related Cardiac Conduction Disease	no match		false	no match		false	
SCN5A Mutation-associated Cardiac Conduction Defect	no match		false	no match		false	
SCN5A mutation-associated arrhythmia	no match		false	no match		false	
SCN5A-Related Cardiac Conduction Disease	no match		false	no match		false	
SCN5A-associated dilated cardiomyopathy	no match		false	no match		false	
SCN5A-related Sinus Node Dysfunction	no match		false	no match		false	
SCN5A-related cardiac conduction disease	no match		false	no match		false	
SCN5A-related cardiomyopathy	no match		false	no match		false	
SCN5A-related dilated cardiomyopathy	no match		false	no match		false	
SCN8A-related Epileptic Encephalopathy	no match		false	no match		false	
SCN8A-related epilepsies	no match		false	no match		false	
SCN8A-related epilepsy	no match		false	no match		false	
SCN8A-related epileptic encephalopathy	no match		false	no match		false	
SCO2-related mitochondrial disorder	no match		false	no match		false	
SELENON-related congenital muscular dystrophy	no match		false	no match		false	
SELENON-related myopathy (SEPN1-related myopathy)	no match		false	no match		false	
SEPN1-related Myopathy (Rigid Spine Muscular Dystrophy)	no match		false	no match		false	
SEPN1-related congenital muscular dystrophy	no match		false	no match		false	
SEPN1-related myopathy	no match		false	no match	MONDO:0100100	true	false
SEPN1-related myopathy (Rigid Spine Muscular Dystrophy 1)	no match		false	no match		false	
SEPN1-related myopathy (Rigid Spine Muscular Dystrophy)	no match		false	no match		false	
SEPN1-related myopathy (Rigid spine muscular dystrophy)	no match		false	no match		false	
SETD1A gene mutation	no match		false	no match		false	
SHANK3 Mutation-associated Autism Spectrum Disorder	no match		false	no match		false	
SHANK3 gene mutation	no match		false	no match		false	
SHANK3 mutation-associated autism (Phelan-McDermid syndrome)	no match		false	no match		false	
SHANK3-related disorder	no match		false	no match		false	
SHANK3-related disorder (Phelan-McDermid syndrome)	no match		false	no match		false	
SHANK3-related disorders	no match		false	no match		false	
SHH mutation-associated holoprosencephaly	no match		false	no match		false	
SHORT Syndrome	no match		false	no match	MONDO:0010026	true	false
SHOX gene deficiency	no match		false	no match		false	
SIX3 mutation-associated holoprosencephaly	no match		false	no match		false	
SLC13A5 deficiency	no match		false	no match	MONDO:0014392	true	false
SLC13A5 deficiency (Epileptic encephalopathy, early infantile, type 25)	no match		false	no match		false	
SLC13A5 deficiency (Kohlschütter-Tönz syndrome)	no match		false	no match		false	
SLC13A5 deficiency (Kohlschütter-Tönz syndrome)	no match		false	no match		false	
SLC13A5 deficiency disorder	no match		false	no match		false	
SLC13A5-related epileptic encephalopathy	no match		false	no match		false	
SLC25A22-Related Epileptic Encephalopathy	no match		false	no match		false	
SLC25A22-related early infantile epileptic encephalopathy	no match		false	no match		false	
SLC25A22-related epileptic encephalopathy	no match		false	no match		false	
SLC25A4-related Mitochondrial Myopathy	no match		false	no match		false	
SLC25A4-related Progressive External Ophthalmoplegia	no match		false	no match		false	
SLC25A4-related mitochondrial DNA depletion syndrome	no match		false	no match		false	
SLC2A1 deficiency syndrome	MONDO:0000188	GLUT1 deficiency syndrome	true	MONDO:0000188		false	
SLC2A1 deficiency syndrome (GLUT1 deficiency)	MONDO:0000188	GLUT1 deficiency syndrome	true	MONDO:0000188		false	
SLC2A1 deficiency syndrome (Glucose transporter type 1 deficiency)	MONDO:0000188	GLUT1 deficiency syndrome	true	MONDO:0000188		false	
SLC2A1 deficiency syndrome (Glut1 deficiency)	MONDO:0000188	GLUT1 deficiency syndrome	true	MONDO:0000188		false	
SLC2A1 mutations (GLUT1 deficiency syndrome)	MONDO:0000188	GLUT1 deficiency syndrome	true	MONDO:0000188		false	
SLC35A2-CDG (Congenital Disorder of Glycosylation Type IIm)	no match		false	no match		false	
SLC3A2 deficiency	no match		false	no match		false	
SLC4A1-associated distal renal tubular acidosis with hemolytic anemia	no match		false	no match		false	
SLC4A1-associated distal renal tubular acidosis with hereditary elliptocytosis	no match		false	no match		false	
SLC6A1 epileptic encephalopathy	no match		false	no match		false	
SLC6A1-related Epileptic Encephalopathy	no match		false	no match		false	
SLC6A1-related epilepsy	no match		false	no match		false	
SLC6A1-related epileptic encephalopathy	no match		false	no match		false	
SLC6A1-related neurodevelopmental disorder	no match		false	no match		false	
SLC6A8 deficiency	MONDO:0010305	creatine transporter deficiency	true	MONDO:0010305	MONDO:0010305	true	true
SLC6A8 deficiency (Creatine transporter deficiency)	MONDO:0010305	creatine transporter deficiency	true	MONDO:0010305		false	
SLC7A5 deficiency	no match		false	no match		false	
SLC7A5 deficiency (Large Neutral Amino Acid Transporter 1 deficiency)	no match		false	no match		false	
SLC7A5 deficiency (Large neutral amino acid transporter 1 deficiency)	no match		false	no match		false	
SLC7A5 deficiency (large neutral amino acid transporter 1 deficiency)	no match		false	no match		false	
SLC9A6-related Christianson syndrome	MONDO:0010280	Christianson syndrome	false	no match		false	
SMAD3-related aneurysm syndrome	MONDO:0013323	Loeys-Dietz syndrome 3	false	no match		false	
SMAD3-related aneurysm syndrome (Aneurysms-Osteoarthritis Syndrome)	MONDO:0013323	Loeys-Dietz syndrome 3	false	no match		false	
SMAD3-related aneurysm-osteoarthritis syndrome	MONDO:0013323	Loeys-Dietz syndrome 3	false	no match		false	
SMAD3-related aneurysms and osteoarthritis syndrome	MONDO:0013323	Loeys-Dietz syndrome 3	false	no match		false	
SOX2 Anophthalmia Syndrome	no match		false	no match	MONDO:0008799	true	false
SOX2 anophthalmia syndrome	no match		false	no match	MONDO:0008799	true	false
SOX2-associated coloboma	no match		false	no match		false	
SOX2-related optic nerve hypoplasia	no match		false	no match		false	
SPG11 hereditary spastic paraplegia	no match		false	no match	MONDO:0011445	true	false
SPG11-related hereditary spastic paraplegia	no match		false	no match		false	
SPG15 hereditary spastic paraplegia	no match		false	no match		false	
SPG7 hereditary spastic paraplegia	no match		false	no match	MONDO:0011803	true	false
SPTAN1-Related Epileptic Encephalopathy	no match		false	no match		false	
SPTAN1-related epileptic encephalopathy	no match		false	no match		false	
SRPX2-related perisylvian polymicrogyria	no match		false	no match		false	
STAT1 Deficiency	no match		false	no match	MONDO:0013427	true	false
STAT1 Gain-of-Function Mutation	no match		false	no match		false	
STAT1 Gain-of-Function Mutation (Chronic Mucocutaneous Candidiasis)	no match		false	no match		false	
STAT1 Gain-of-Function Mutations	no match		false	no match		false	
STAT1 deficiency	no match		false	no match	MONDO:0013427	true	false
STAT1 deficiency (Signal Transducer and Activator of Transcription 1 deficiency)	no match		false	no match		false	
STAT1 gain-of-function mutation	no match		false	no match		false	
STAT3 Gain-of-Function Mutation	no match		false	no match		false	
STAT3 deficiency (Autosomal Dominant Hyper IgE Syndrome)	no match		false	no match		false	
STAT3 gain-of-function disease	no match		false	no match		false	
STAT3 gain-of-function mutation	no match		false	no match		false	
STAT3 gain-of-function syndrome	no match		false	no match		false	
STING-associated vasculopathy with onset in infancy (SAVI)	MONDO:0014542	STING-associated vasculopathy with onset in infancy	false	no match		false	
STXBP1 Encephalopathy	MONDO:0012812	developmental and epileptic encephalopathy, 4	true	MONDO:0012812		false	
STXBP1 encephalopathy	MONDO:0012812	developmental and epileptic encephalopathy, 4	true	MONDO:0012812		false	
STXBP1 encephalopathy (Early Infantile Epileptic Encephalopathy Type 4)	MONDO:0012812	developmental and epileptic encephalopathy, 4	true	MONDO:0012812		false	
STXBP1 encephalopathy (Early infantile epileptic encephalopathy type 1)	no match		false	no match		false	
STXBP1-Related Encephalopathy	MONDO:0012812	developmental and epileptic encephalopathy, 4	true	MONDO:0012812	MONDO:0012812	true	true
STXBP1-Related Epileptic Encephalopathy	MONDO:0012812	developmental and epileptic encephalopathy, 4	true	MONDO:0012812		false	
STXBP1-related Encephalopathy	MONDO:0012812	developmental and epileptic encephalopathy, 4	true	MONDO:0012812	MONDO:0012812	true	true
STXBP1-related Epileptic Encephalopathy	MONDO:0012812	developmental and epileptic encephalopathy, 4	true	MONDO:0012812		false	
STXBP1-related disorder	no match		false	no match		false	
STXBP1-related disorders	no match		false	no match		false	
STXBP1-related early infantile epileptic encephalopathy	MONDO:0012812	developmental and epileptic encephalopathy, 4	true	MONDO:0012812		false	
STXBP1-related encephalopathy	MONDO:0012812	developmental and epileptic encephalopathy, 4	true	MONDO:0012812	MONDO:0012812	true	true
STXBP1-related epileptic encephalopathy	MONDO:0012812	developmental and epileptic encephalopathy, 4	true	MONDO:0012812		false	
STXBP1-related epileptic encephalopathy (Early Infantile Epileptic Encephalopathy Type 4)	MONDO:0012812	developmental and epileptic encephalopathy, 4	true	MONDO:0012812		false	
SUCLA2-related mitochondrial DNA depletion syndrome	no match		false	no match		false	
SUCLG1-related mitochondrial DNA depletion syndrome	no match		false	no match		false	
SYNGAP1 Mutation	no match		false	no match		false	
SYNGAP1-Related Intellectual Disability	no match		false	no match		false	
SYNGAP1-related Intellectual Disability	no match		false	no match		false	
SYNGAP1-related Intellectual Disability with Epilepsy	no match		false	no match		false	
SYNGAP1-related disorder	no match		false	no match		false	
SYNGAP1-related epileptic encephalopathy	no match		false	no match		false	
SYNGAP1-related intellectual disability	no match		false	no match		false	
SYNGAP1-related intellectual disability with epilepsy	no match		false	no match		false	
SYNJ1-related Parkinsonism (PARK20)	no match		false	no match		false	
Saethre-Chotzen Syndrome	MONDO:0007042	Saethre-Chotzen syndrome	true	MONDO:0007042	MONDO:0007042	true	true
Saethre-Chotzen syndrome	MONDO:0007042	Saethre-Chotzen syndrome	true	MONDO:0007042	MONDO:0007042	true	true
Salla disease	no match		false	no match	MONDO:0011449	true	false
Samuel syndrome	no match		false	no match		false	
Sandhoff disease	MONDO:0010006	Sandhoff disease	true	MONDO:0010006	MONDO:0010006	true	true
Sandhoff disease (GM2 gangliosidosis type II)	MONDO:0010006	Sandhoff disease	true	MONDO:0010006		false	
Sanfilippo Syndrome (Mucopolysaccharidosis Type III)	MONDO:0019250	mucopolysaccharidosis type 3	false	no match		false	
Sanfilippo syndrome	MONDO:0019250	mucopolysaccharidosis type 3	false	no match	MONDO:0018937	true	false
Sanfilippo syndrome (MPS III)	MONDO:0019250	mucopolysaccharidosis type 3	false	no match		false	
Sanfilippo syndrome (Mucopolysaccharidosis Type III)	MONDO:0019250	mucopolysaccharidosis type 3	false	no match		false	
Sanfilippo syndrome (Mucopolysaccharidosis type III)	MONDO:0019250	mucopolysaccharidosis type 3	false	no match		false	
Sanjad-Sakati Syndrome	no match		false	no match	MONDO:0009426	true	false
Sanjad-Sakati syndrome	no match		false	no match	MONDO:0009426	true	false
Sanjad-Sakati syndrome (Hypoparathyroidism-Retardation-Dysmorphism syndrome)	no match		false	no match		false	
Sarcoidosis	MONDO:0019338	sarcoidosis	true	MONDO:0019338	MONDO:0008399;MONDO:0019338	true	true
Say-Barber-Biesecker-Young-Simpson (SBBYS) syndrome	no match		false	no match		false	
Say-Barber-Biesecker-Young-Simpson syndrome	no match		false	no match	MONDO:0011365	true	false
Say-Barber-Biesecker-Young-Simpson syndrome (SBBYSS)	no match		false	no match		false	
Say-Barber-Biesecker-Young-Simpson type Ohdo syndrome	no match		false	no match		false	
Say-Barber-Biesecker-Young-Simpson variant of Ohdo syndrome	no match		false	no match		false	
Schimke Immuno-Osseous Dysplasia	no match		false	no match	MONDO:0009458	true	false
Schimke Immuno-Osseous Dysplasia (SIOD)	no match		false	no match		false	
Schimke immuno-osseous dysplasia	no match		false	no match	MONDO:0009458	true	false
Schinzel-Giedion syndrome	no match		false	no match	MONDO:0010010	true	false
Schmid metaphyseal chondrodysplasia	no match		false	no match	MONDO:0007983	true	false
Schwartz-Jampel syndrome	no match		false	no match	MONDO:0009717	true	false
Schöpf-Schulz-Passarge Syndrome	no match		false	no match	MONDO:0009145	true	false
Scimitar syndrome	no match		false	no match	MONDO:0015987;MONDO:0017705	true	false
Scleromyxedema	no match		false	no match	MONDO:0015665	true	false
Sclerosteosis	no match		false	no match	MONDO:0017838	true	false
Seckel Syndrome	no match		false	no match	MONDO:0019342	true	false
Seckel syndrome	no match		false	no match	MONDO:0019342	true	false
Seipinopathy	no match		false	no match		false	
Selective Antibody Deficiency	no match		false	no match		false	
Selective Combined Immunoglobulin G and A Deficiency	no match		false	no match		false	
Selective IgA deficiency	no match		false	no match		false	
Selective IgG Subclass Deficiency	no match		false	no match	MONDO:0001901	true	false
Selective IgG subclass deficiency	no match		false	no match	MONDO:0001901	true	false
Selective IgM Deficiency	no match		false	no match	MONDO:0018039	true	false
Selective IgM deficiency	no match		false	no match	MONDO:0018039	true	false
Selective Immunoglobulin A (IgA) Deficiency	no match		false	no match		false	
Self-Limited Epilepsy with Focal Seizures in Infancy	no match		false	no match		false	
Self-Limited Epilepsy with Onset in Infancy	no match		false	no match		false	
Self-Limited Familial Infantile Epilepsy	no match		false	no match	MONDO:0100024	true	false
Self-Limited Focal Epilepsy of Infancy	no match		false	no match		false	
Self-Limited Infantile Epilepsy	no match		false	no match		false	
Self-Limited Neonatal Epilepsy	no match		false	no match		false	
Self-limited infantile epilepsy	no match		false	no match		false	
Semen hyperviscosity syndrome	no match		false	no match		false	
Senger syndrome	no match		false	no match		false	
Sengers syndrome	no match		false	no match	MONDO:0008922	true	false
Senior-Loken Syndrome	no match		false	no match	MONDO:0017842	true	false
Senior-Loken syndrome	no match		false	no match	MONDO:0017842	true	false
Senior-Løken syndrome	no match		false	no match		false	
Sensenbrenner syndrome	no match		false	no match	MONDO:0009032;MONDO:0021093	true	false
Sensenbrenner syndrome (Cranioectodermal dysplasia)	no match		false	no match		false	
Sensenbrenner syndrome (cranioectodermal dysplasia)	no match		false	no match		false	
Sepiapterin reductase deficiency	no match		false	no match	MONDO:0012994	true	false
Septo-Optic Dysplasia	no match		false	no match	MONDO:0008428	true	false
Septo-optic dysplasia	no match		false	no match	MONDO:0008428	true	false
Septo-optic dysplasia (De Morsier syndrome)	no match		false	no match		false	
Serine biosynthesis defects	no match		false	no match		false	
Serine biosynthesis disorders	no match		false	no match		false	
Seronegative myasthenia gravis	no match		false	no match	MONDO:1060004	true	false
Severe Combined Immunodeficiency	MONDO:0015974	severe combined immunodeficiency	true	MONDO:0015974	MONDO:0015974	true	true
Severe Combined Immunodeficiency (SCID)	MONDO:0015974	severe combined immunodeficiency	true	MONDO:0015974		false	
Severe Combined Immunodeficiency (SCID) due to RAG mutations	no match		false	no match		false	
Severe Insulin Resistance Syndromes	no match		false	no match		false	
Severe T-cell immunodeficiency	no match		false	no match		false	
Severe aplastic anemia	MONDO:0015909	aplastic anemia	true	MONDO:0015909		false	
Severe atopic dermatitis	MONDO:0004980	atopic eczema	true	MONDO:0004980		false	
Severe combined immunodeficiency	MONDO:0015974	severe combined immunodeficiency	true	MONDO:0015974	MONDO:0015974	true	true
Severe combined immunodeficiency (SCID)	MONDO:0015974	severe combined immunodeficiency	true	MONDO:0015974		false	
Severe combined immunodeficiency (SCID) with NK cell deficiency	no match		false	no match		false	
Severe combined immunodeficiency due to MHC class II deficiency	no match		false	no match		false	
Severe congenital neutropenia	no match		false	no match	MONDO:0018542	true	false
Severe congenital neutropenia (Kostmann disease)	no match		false	no match		false	
Severe congenital neutropenia (Kostmann syndrome)	no match		false	no match		false	
Shapiro syndrome	no match		false	no match	MONDO:0017577	true	false
Sheldon-Hall syndrome	no match		false	no match	MONDO:0011128	true	false
Sheldon-Hall syndrome (Distal arthrogryposis type 2B)	no match		false	no match		false	
Short QT Syndrome	no match		false	no match	MONDO:0000453	true	false
Short QT syndrome	no match		false	no match	MONDO:0000453	true	false
Short-rib polydactyly syndrome	no match		false	no match		false	
Shprintzen-Goldberg Syndrome	MONDO:0008426	Shprintzen-Goldberg syndrome	true	MONDO:0008426	MONDO:0008426	true	true
Shprintzen-Goldberg syndrome	MONDO:0008426	Shprintzen-Goldberg syndrome	true	MONDO:0008426	MONDO:0008426	true	true
Shwachman-Diamond Syndrome	no match		false	no match	MONDO:0009833	true	false
Shwachman-Diamond syndrome	no match		false	no match	MONDO:0009833	true	false
Sialidosis	no match		false	no match	MONDO:0009738;MONDO:0017734	true	false
Sialidosis type 1	no match		false	no match	MONDO:0019346	true	false
Sialidosis type I	no match		false	no match	MONDO:0019346	true	false
Sialidosis type II	no match		false	no match	MONDO:0009738	true	false
Sickle Cell Disease	MONDO:0011382	sickle cell anemia	true	MONDO:0011382	MONDO:0011382	true	true
Sickle cell anemia	MONDO:0011382	sickle cell anemia	true	MONDO:0011382	MONDO:0011382	true	true
Sickle cell disease	MONDO:0011382	sickle cell disease	true	MONDO:0011382	MONDO:0011382	true	true
Sickle cell trait	no match		false	no match		false	
Sickle-cell disease	MONDO:0011382	sickle cell disease	true	MONDO:0011382		false	
Siderius X-linked intellectual disability syndrome	no match		false	no match	MONDO:0010286	true	false
Sideroblastic anemia with B-cell immunodeficiency, periodic fevers, and developmental delay (SIFD)	no match		false	no match		false	
Sideroblastic anemia with ataxia (ABCB7 deficiency)	no match		false	no match		false	
Sideroblastic anemia with immunodeficiency and developmental delay (SIFD)	no match		false	no match		false	
Sideroblastic anemia with immunodeficiency, fevers, and developmental delay (SIFD)	no match		false	no match		false	
Silver Syndrome	no match		false	no match	MONDO:0010043	true	false
Silver syndrome	no match		false	no match	MONDO:0010043	true	false
Silver-Russell Syndrome	MONDO:0008444	Silver-Russell syndrome	false	no match	MONDO:0008394	true	false
Silver-Russell syndrome	MONDO:0008444	Silver-Russell syndrome	false	no match	MONDO:0008394	true	false
Simpson-Golabi-Behmel syndrome	no match		false	no match	MONDO:0010731	true	false
Sitosterolemia	no match		false	no match	MONDO:0008863	true	false
Situs ambiguus due to mutations in NODAL pathway genes	no match		false	no match		false	
Sjögren's syndrome	MONDO:0010030	Sjogren syndrome	true	MONDO:0010030		false	
Sjögren-Larsson syndrome	no match		false	no match	MONDO:0010031	true	false
Sly syndrome (Mucopolysaccharidosis type VII)	MONDO:0009662	mucopolysaccharidosis type 7	true	MONDO:0009662		false	
Smith-Kingsmore Syndrome	no match		false	no match	MONDO:0014716	true	false
Smith-Lemli-Opitz Syndrome	MONDO:0010035	Smith-Lemli-Opitz syndrome	true	MONDO:0010035	MONDO:0010035	true	true
Smith-Lemli-Opitz syndrome	MONDO:0010035	Smith-Lemli-Opitz syndrome	true	MONDO:0010035	MONDO:0010035	true	true
Smith-Magenis Syndrome	MONDO:0008434	Smith-Magenis syndrome	true	MONDO:0008434	MONDO:0008434	true	true
Smith-Magenis syndrome	MONDO:0008434	Smith-Magenis syndrome	true	MONDO:0008434	MONDO:0008434	true	true
Smooth muscle dysfunction syndrome	no match		false	no match		false	
Snyder-Robinson syndrome	no match		false	no match	MONDO:0010664	true	false
Sodium channelopathies (SCN2A mutation)	no match		false	no match		false	
Sorsby Fundus Dystrophy	no match		false	no match	MONDO:0007640	true	false
Sorsby fundus dystrophy	no match		false	no match	MONDO:0007640	true	false
Sotos Syndrome	MONDO:0019349	Sotos syndrome	true	MONDO:0019349	MONDO:0019349	true	true
Sotos syndrome	MONDO:0019349	Sotos syndrome	true	MONDO:0019349	MONDO:0019349	true	true
Sotos syndrome (Cerebral gigantism)	MONDO:0019349	Sotos syndrome	true	MONDO:0019349		false	
Southeast Asian ovalocytosis	no match		false	no match	MONDO:0008165	true	false
Spastic Ataxia (SPAX) Types	no match		false	no match		false	
Spastic Diplegia Cerebral Palsy	no match		false	no match		false	
Spastic Diplegic Cerebral Palsy	no match		false	no match		false	
Spastic Paraplegia Type 11 (SPG11)	no match		false	no match		false	
Spastic Paraplegia Type 15 (SPG15)	no match		false	no match		false	
Spastic Paraplegia Type 2	no match		false	no match	MONDO:0010733	true	false
Spastic cerebral palsy	no match		false	no match	MONDO:0000396	true	false
Spastic paraplegia (hereditary spastic paraplegia)	MONDO:0019064	hereditary spastic paraplegia	true	MONDO:0019064		false	
Spastic paraplegia type 11 (SPG11)	no match		false	no match		false	
Spastic paraplegia type 15 (SPG15)	no match		false	no match		false	
Specific Antibody Deficiency	no match		false	no match	MONDO:0019093	true	false
Specific Antibody Deficiency (SAD)	no match		false	no match		false	
Specific Learning Disorder	no match		false	no match	MONDO:0016225	true	false
Specific language impairment (developmental language disorder)	no match		false	no match		false	
Speech Sound Disorder	no match		false	no match		false	
Spherophakia	no match		false	no match		false	
Spina bifida	MONDO:0008449	spina bifida	true	MONDO:0008449	MONDO:0008449	true	true
Spina bifida (meningocele) with tethered cord syndrome	no match		false	no match		false	
Spinal Cord Tumor	no match		false	no match	MONDO:0021234	true	false
Spinal Muscular Atrophy	MONDO:0001516	spinal muscular atrophy	true	MONDO:0001516	MONDO:0001516	true	true
Spinal Muscular Atrophy (SMA)	MONDO:0001516	spinal muscular atrophy	true	MONDO:0001516		false	
Spinal Muscular Atrophy (SMA) Type 2	no match		false	no match		false	
Spinal Muscular Atrophy (SMA) Type II	no match		false	no match		false	
Spinal Muscular Atrophy (SMA) Type III	no match		false	no match		false	
Spinal Muscular Atrophy Type 1	no match		false	no match		false	
Spinal Muscular Atrophy Type 2	no match		false	no match	MONDO:0009673	true	false
Spinal Muscular Atrophy Type I	no match		false	no match		false	
Spinal Muscular Atrophy Type I (Werdnig-Hoffmann Disease)	no match		false	no match		false	
Spinal Muscular Atrophy Type II	no match		false	no match	MONDO:0009673	true	false
Spinal Muscular Atrophy Type III (Kugelberg-Welander Disease)	no match		false	no match		false	
Spinal Muscular Atrophy Type IV	no match		false	no match		false	
Spinal Muscular Atrophy type I (Werdnig-Hoffmann disease)	no match		false	no match		false	
Spinal Muscular Atrophy with Lower Extremity Predominance (SMA-LED)	no match		false	no match		false	
Spinal Muscular Atrophy with Progressive Myoclonic Epilepsy	no match		false	no match	MONDO:0008045	true	false
Spinal Muscular Atrophy with Respiratory Distress Type 1 (SMARD1)	no match		false	no match		false	
Spinal Muscular Atrophy with Respiratory Distress type 1 (SMARD1)	no match		false	no match		false	
Spinal cord compression (e.g., spinal cord tumor or cervical spondylotic myelopathy)	no match		false	no match		false	
Spinal cord tumor	no match		false	no match	MONDO:0021234	true	false
Spinal cord tumor (intramedullary astrocytoma)	no match		false	no match		false	
Spinal muscular atrophy	MONDO:0001516	spinal muscular atrophy	true	MONDO:0001516	MONDO:0001516	true	true
Spinal muscular atrophy (SMA Type III)	no match		false	no match		false	
Spinal muscular atrophy (SMA)	MONDO:0001516	spinal muscular atrophy	true	MONDO:0001516		false	
Spinal muscular atrophy (SMA) type III (Kugelberg-Welander disease)	no match		false	no match		false	
Spinal muscular atrophy (adult-onset)	no match		false	no match		false	
Spinal muscular atrophy type 1	no match		false	no match		false	
Spinal muscular atrophy type 2	no match		false	no match	MONDO:0009673	true	false
Spinal muscular atrophy type 3 (Kugelberg-Welander disease)	no match		false	no match		false	
Spinal muscular atrophy type 4 (adult-onset)	no match		false	no match		false	
Spinal muscular atrophy type I	no match		false	no match		false	
Spinal muscular atrophy type I (Werdnig-Hoffmann disease)	no match		false	no match		false	
Spinal muscular atrophy type II	no match		false	no match	MONDO:0009673	true	false
Spinal muscular atrophy type III	no match		false	no match		false	
Spinal muscular atrophy type III (Kugelberg-Welander disease)	no match		false	no match		false	
Spinal muscular atrophy type IV	no match		false	no match		false	
Spinal muscular atrophy with lower extremity predominance (SMA-LED)	no match		false	no match		false	
Spinal muscular atrophy with respiratory distress type 1 (SMARD1)	no match		false	no match		false	
Spinocerebellar Ataxia	no match		false	no match	MONDO:0000437;MONDO:0020380	true	false
Spinocerebellar Ataxia (Early-Onset Forms)	no match		false	no match		false	
Spinocerebellar Ataxia (SCA)	no match		false	no match		false	
Spinocerebellar Ataxia Type 1	MONDO:0008449	spinocerebellar ataxia type 1	false	no match	MONDO:0008119	true	false
Spinocerebellar Ataxia Type 1 (SCA1)	MONDO:0008449	spinocerebellar ataxia type 1	false	no match		false	
Spinocerebellar Ataxia Type 2	no match		false	no match	MONDO:0008458	true	false
Spinocerebellar Ataxia Type 2 (SCA2)	no match		false	no match		false	
Spinocerebellar Ataxia Type 3 (Machado-Joseph Disease)	no match		false	no match		false	
Spinocerebellar Ataxia Type 3 (Machado-Joseph disease)	no match		false	no match		false	
Spinocerebellar Ataxia Type 3 (SCA3)	no match		false	no match		false	
Spinocerebellar Ataxia Type 6 (SCA6)	no match		false	no match		false	
Spinocerebellar Ataxia Type 8 (SCA8)	no match		false	no match		false	
Spinocerebellar ataxia	no match		false	no match	MONDO:0000437;MONDO:0020380	true	false
Spinocerebellar ataxia (SCA)	no match		false	no match		false	
Spinocerebellar ataxia (autosomal recessive type)	no match		false	no match		false	
Spinocerebellar ataxia (early-onset forms)	no match		false	no match		false	
Spinocerebellar ataxia (early-onset types)	no match		false	no match		false	
Spinocerebellar ataxia (types associated with spasticity)	no match		false	no match		false	
Spinocerebellar ataxia type 1	MONDO:0008449	spinocerebellar ataxia type 1	false	no match	MONDO:0008119	true	false
Spinocerebellar ataxia type 1 (SCA1)	MONDO:0008449	spinocerebellar ataxia type 1	false	no match		false	
Spinocerebellar ataxia type 13	no match		false	no match	MONDO:0011529	true	false
Spinocerebellar ataxia type 13 (SCA13)	no match		false	no match		false	
Spinocerebellar ataxia type 17	no match		false	no match	MONDO:0011781	true	false
Spinocerebellar ataxia type 17 (SCA17)	no match		false	no match		false	
Spinocerebellar ataxia type 2	MONDO:0008458	spinocerebellar ataxia type 2	true	MONDO:0008458	MONDO:0008458	true	true
Spinocerebellar ataxia type 2 (SCA2)	MONDO:0008458	spinocerebellar ataxia type 2	true	MONDO:0008458		false	
Spinocerebellar ataxia type 29	no match		false	no match	MONDO:0007298	true	false
Spinocerebellar ataxia type 3	MONDO:0007182	Machado-Joseph disease	true	MONDO:0007182	MONDO:0007182	true	true
Spinocerebellar ataxia type 3 (Machado-Joseph Disease)	MONDO:0007182	Machado-Joseph disease	true	MONDO:0007182		false	
Spinocerebellar ataxia type 3 (Machado-Joseph disease)	MONDO:0007182	Machado-Joseph disease	true	MONDO:0007182		false	
Spinocerebellar ataxia type 3 (SCA3)	MONDO:0007182	Machado-Joseph disease	true	MONDO:0007182		false	
Spinocerebellar ataxia type 6	MONDO:0008457	spinocerebellar ataxia type 6	true	MONDO:0008457	MONDO:0008457	true	true
Spinocerebellar ataxia type 6 (SCA6)	MONDO:0008457	spinocerebellar ataxia type 6	true	MONDO:0008457		false	
Spinocerebellar ataxia type 7	MONDO:0008450	spinocerebellar ataxia type 7	false	no match	MONDO:0016163	true	false
Spinocerebellar ataxia type 7 (SCA7)	MONDO:0008450	spinocerebellar ataxia type 7	false	no match		false	
Spinocerebellar ataxia type 8	no match		false	no match	MONDO:0012116	true	false
Spinocerebellar ataxia type 8 (SCA8)	no match		false	no match		false	
Spinocerebellar ataxia with bone marrow failure	no match		false	no match		false	
Spinocerebellar ataxia with hypogonadotropic hypogonadism	no match		false	no match		false	
Spiny keratoderma	no match		false	no match		false	
Split hand/foot malformation	no match		false	no match		false	
Spondylocostal dysostosis	no match		false	no match	MONDO:0000359	true	false
Spondylodysplastic Ehlers-Danlos syndrome	no match		false	no match	MONDO:0007526;MONDO:0034021	true	false
Spondyloenchondrodysplasia	no match		false	no match	MONDO:0011939	true	false
Spondyloepimetaphyseal Dysplasia	no match		false	no match	MONDO:0100510	true	false
Spondyloepimetaphyseal Dysplasia with Joint Laxity (SEMD-JL)	no match		false	no match		false	
Spondyloepimetaphyseal dysplasia	no match		false	no match	MONDO:0100510	true	false
Spondyloepimetaphyseal dysplasia, Strudwick type	no match		false	no match	MONDO:0008476	true	false
Spondyloepiphyseal Dysplasia	no match		false	no match	MONDO:0007738;MONDO:0016761	true	false
Spondyloepiphyseal Dysplasia Congenita (SEDC)	no match		false	no match		false	
Spondyloepiphyseal Dysplasia Tarda	no match		false	no match	MONDO:0019667	true	false
Spondyloepiphyseal Dysplasia with Immunodeficiency	no match		false	no match		false	
Spondyloepiphyseal dysplasia	no match		false	no match	MONDO:0007738;MONDO:0016761	true	false
Spondyloepiphyseal dysplasia congenita	no match		false	no match	MONDO:0008471	true	false
Spondyloepiphyseal dysplasia congenital	no match		false	no match		false	
Spondyloepiphyseal dysplasia tarda	no match		false	no match	MONDO:0019667	true	false
Spondylometaphyseal dysplasia	no match		false	no match	MONDO:0016763	true	false
Spondyloocular syndrome	no match		false	no match	MONDO:0011604	true	false
Stargardt Disease	MONDO:0019353	Stargardt disease	true	MONDO:0019353	MONDO:0019353	true	true
Stargardt disease	MONDO:0019353	Stargardt disease	true	MONDO:0019353	MONDO:0019353	true	true
Stickler Syndrome	no match		false	no match	MONDO:0019354	true	false
Stickler Syndrome Type III	no match		false	no match		false	
Stickler syndrome	MONDO:0019354	Stickler syndrome	true	MONDO:0019354	MONDO:0019354	true	true
Stickler syndrome, type III (non-ocular form)	no match		false	no match		false	
Stiff Skin Syndrome	no match		false	no match	MONDO:0008492	true	false
Stiff skin syndrome	no match		false	no match	MONDO:0008492	true	false
Structural Brain Lesions without Neurodevelopmental Impact	no match		false	no match		false	
Structural Frontal Lobe Lesion	no match		false	no match		false	
Structural brain tumor	no match		false	no match		false	
Sturge-Weber Syndrome	no match		false	no match	MONDO:0008501	true	false
Sturge-Weber syndrome	no match		false	no match	MONDO:0008501	true	false
Subacute combined degeneration (vitamin B12 deficiency)	no match		false	no match		false	
Subacute sclerosing panencephalitis	no match		false	no match	MONDO:0009835	true	false
Subacute sclerosing panencephalitis (SSPE)	no match		false	no match		false	
Subcortical band heterotopia (Double Cortex Syndrome)	no match		false	no match		false	
Subcortical band heterotopia (SBH)	no match		false	no match		false	
Succinyl-CoA:3-ketoacid CoA transferase (SCOT) deficiency	no match		false	no match		false	
Succinyl-CoA:3-oxoacid CoA-transferase (SCOT) deficiency	no match		false	no match		false	
Sulfite Oxidase Deficiency	no match		false	no match	MONDO:0010089	true	false
Sulfite oxidase deficiency	no match		false	no match	MONDO:0010089	true	false
Syndactyly type II (Synpolydactyly)	no match		false	no match		false	
Syndactyly type II (synpolydactyly)	no match		false	no match		false	
Syndactyly type IV	no match		false	no match		false	
Synpolydactyly (SPD1)	no match		false	no match		false	
Synpolydactyly (Syndactyly type II)	no match		false	no match		false	
Systemic Lupus Erythematosus	MONDO:0007915	systemic lupus erythematosus	true	MONDO:0007915	MONDO:0007915	true	true
Systemic Lupus Erythematosus (SLE)	MONDO:0007915	systemic lupus erythematosus	true	MONDO:0007915		false	
Systemic Sclerosis	MONDO:0005100	systemic scleroderma	true	MONDO:0005100	MONDO:0005100	true	true
Systemic Sclerosis (Scleroderma)	MONDO:0005100	systemic scleroderma	true	MONDO:0005100		false	
Systemic juvenile idiopathic arthritis	no match		false	no match	MONDO:0019434	true	false
Systemic lupus erythematosus	MONDO:0007915	systemic lupus erythematosus	true	MONDO:0007915	MONDO:0007915	true	true
Systemic lupus erythematosus (SLE)	MONDO:0007915	systemic lupus erythematosus	true	MONDO:0007915		false	
Systemic onset Juvenile Idiopathic Arthritis (sJIA)	no match		false	no match		false	
Systemic sclerosis (Scleroderma)	MONDO:0005100	systemic scleroderma	true	MONDO:0005100		false	
Systemic sclerosis (scleroderma)	MONDO:0005100	systemic scleroderma	true	MONDO:0005100		false	
Systemic-onset juvenile idiopathic arthritis	no match		false	no match	MONDO:0019434	true	false
TAR syndrome (Thrombocytopenia-Absent Radius syndrome)	no match		false	no match		false	
TK2-related mitochondrial DNA depletion syndrome	no match		false	no match		false	
TMEM70-related mitochondrial ATP synthase deficiency	no match		false	no match		false	
TRMU deficiency (tRNA 5-methylaminomethyl-2-thiouridylate methyltransferase deficiency)	no match		false	no match		false	
TRPM4-related familial progressive cardiac conduction defect	no match		false	no match		false	
TTN gene mutation-associated dilated cardiomyopathy	no match		false	no match		false	
TTN-related dilated cardiomyopathy	no match		false	no match		false	
TUBA1A-associated tubulinopathy	no match		false	no match		false	
TUBA1A-related cortical dysgenesis	no match		false	no match		false	
TUBA1A-related cortical malformations	no match		false	no match		false	
TUBA1A-related disorders	no match		false	no match		false	
TUBA1A-related lissencephaly	no match		false	no match		false	
TUBA1A-related tubulinopathy	no match		false	no match		false	
TUBB2B-associated brain malformation	no match		false	no match		false	
TUBB2B-associated cortical dysgenesis	no match		false	no match		false	
TUBB2B-associated pachygyria	no match		false	no match		false	
TUBB2B-associated polymicrogyria	no match		false	no match		false	
TUBB2B-related Polymicrogyria	no match		false	no match		false	
TUBB2B-related cortical dysplasia	no match		false	no match		false	
TUBB2B-related pachygyria	no match		false	no match		false	
TUBB2B-related polymicrogyria	no match		false	no match		false	
TUBB2B-related polymicrogyria syndrome	no match		false	no match		false	
TUBB3 E410K syndrome	no match		false	no match		false	
TUBB4A-related disorder (Hypomyelination with atrophy of basal ganglia and cerebellum)	no match		false	no match		false	
TUBB4A-related leukodystrophy	no match		false	no match		false	
TUBB4A-related leukodystrophy (Hypomyelination with atrophy of basal ganglia and cerebellum)	no match		false	no match		false	
TWNK (Twinkle)-related Progressive External Ophthalmoplegia	no match		false	no match		false	
TWNK-related Mitochondrial Myopathy	no match		false	no match		false	
Takayasu Arteritis	no match		false	no match	MONDO:0017991	true	false
Takayasu arteritis	no match		false	no match	MONDO:0017991	true	false
Tangier disease	no match		false	no match	MONDO:0008783	true	false
Tatton-Brown-Rahman syndrome	no match		false	no match	MONDO:0014382	true	false
Tay-Sachs Disease	MONDO:0010100	Tay-Sachs disease	true	MONDO:0010100	MONDO:0010100	true	true
Tay-Sachs disease	MONDO:0010100	Tay-Sachs disease	true	MONDO:0010100	MONDO:0010100	true	true
Tay-Sachs disease (GM2 gangliosidosis type I)	MONDO:0010100	Tay-Sachs disease	true	MONDO:0010100		false	
Teebi hypertelorism syndrome	no match		false	no match	MONDO:0030639;MONDO:0800025	true	false
Telomerase RNA component (TERC) mutation-associated pulmonary fibrosis	no match		false	no match		false	
Telomere Biology Disorder due to TERT or TERC Mutation	no match		false	no match		false	
Temporal lobe epilepsy	no match		false	no match	MONDO:0005115	true	false
Tenascin-X Deficient Ehlers-Danlos Syndrome	no match		false	no match		false	
Tethered cord syndrome due to spinal dysraphism	no match		false	no match		false	
Tetrasomy 18p	no match		false	no match	MONDO:0013668	true	false
Tetrasomy 18p syndrome	no match		false	no match		false	
Thalassemia	MONDO:0019402	thalassemia	false	no match	MONDO:0000984	true	false
Thalassemia minor	no match		false	no match	MONDO:0044210	true	false
Thanatophoric Dysplasia Type II	no match		false	no match	MONDO:0008547	true	false
Thiamine-responsive megaloblastic anemia syndrome	no match		false	no match	MONDO:0009575	true	false
Thrombocytopenia absent radius (TAR) syndrome	no match		false	no match		false	
Thrombocytopenia with Absent Radius (TAR) syndrome	no match		false	no match		false	
Thrombocytopenia with absent radius (TAR) syndrome	no match		false	no match		false	
Thrombocytopenia with absent radius syndrome (TAR syndrome)	no match		false	no match		false	
Thrombocytopenia-Absent Radius (TAR) syndrome	no match		false	no match		false	
Thrombocytopenia-absent radius (TAR) syndrome	no match		false	no match		false	
Thymidine kinase 2 (TK2) deficiency	no match		false	no match		false	
Tietz syndrome	no match		false	no match	MONDO:0007077	true	false
Timothy Syndrome	no match		false	no match	MONDO:0010979	true	false
Timothy Syndrome (Long QT Syndrome Type 8)	no match		false	no match		false	
Timothy syndrome	no match		false	no match	MONDO:0010979	true	false
Titin (TTN) gene mutation-related dilated cardiomyopathy	no match		false	no match		false	
Titin (TTN)-related dilated cardiomyopathy	no match		false	no match		false	
Titin gene mutation-associated dilated cardiomyopathy	no match		false	no match		false	
Titin gene mutation-related cardiomyopathy	no match		false	no match		false	
Toriello-Carey Syndrome	no match		false	no match	MONDO:0009021	true	false
Toriello-Carey syndrome	no match		false	no match	MONDO:0009021	true	false
Tourette syndrome	MONDO:0007661	Tourette syndrome	true	MONDO:0007661	MONDO:0007661	true	true
Townes-Brocks Syndrome	no match		false	no match	MONDO:0007142	true	false
Townes-Brocks syndrome	no match		false	no match	MONDO:0007142	true	false
Toxoplasmosis congenital infection	no match		false	no match		false	
Transaldolase deficiency	no match		false	no match	MONDO:0011624	true	false
Transcobalamin II deficiency	no match		false	no match	MONDO:0010149	true	false
Transient neonatal tyrosinemia	no match		false	no match	MONDO:0018083	true	false
Transthyretin amyloidosis (ATTR amyloidosis)	no match		false	no match		false	
Transthyretin amyloidosis (familial amyloid cardiomyopathy)	no match		false	no match		false	
Treacher Collins Syndrome	no match		false	no match	MONDO:0002457	true	false
Treacher Collins syndrome	no match		false	no match	MONDO:0002457	true	false
Tricho-Dento-Osseous Syndrome	no match		false	no match	MONDO:0008592	true	false
Tricho-dento-osseous Syndrome	no match		false	no match	MONDO:0008592	true	false
Tricho-dento-osseous syndrome	no match		false	no match	MONDO:0008592	true	false
Tricho-rhino-phalangeal syndrome	no match		false	no match		false	
Tricho-rhino-phalangeal syndrome type I	no match		false	no match		false	
Trichodentoosseous Syndrome	no match		false	no match	MONDO:0008592	true	false
Trichorhinophalangeal syndrome	no match		false	no match	MONDO:0017951	true	false
Trichorhinophalangeal syndrome Type I	no match		false	no match	MONDO:0008596	true	false
Trichorhinophalangeal syndrome type I	no match		false	no match	MONDO:0008596	true	false
Trichorhinophalangeal syndrome type I (TRPS I)	no match		false	no match		false	
Trichothiodystrophy	no match		false	no match	MONDO:0002470;MONDO:0018053	true	false
Trichothiodystrophy (TTD)	no match		false	no match		false	
Trigonocephaly syndrome	no match		false	no match		false	
Triphalangeal Thumb-Polysyndactyly Syndrome	no match		false	no match	MONDO:0017454	true	false
Triphalangeal thumb 1	no match		false	no match		false	
Triphalangeal thumb-polysyndactyly syndrome	no match		false	no match	MONDO:0017454	true	false
Triple X syndrome	no match		false	no match	MONDO:0018066	true	false
Triple X syndrome (47,XXX)	no match		false	no match		false	
Triple-A (Allgrove) syndrome	no match		false	no match		false	
Trisomy 13	no match		false	no match	MONDO:0018068	true	false
Trisomy 13 (**Patau syndrome**)	no match		false	no match		false	
Trisomy 13 (Patau Syndrome)	no match		false	no match		false	
Trisomy 13 (Patau syndrome)	no match		false	no match		false	
Trisomy 18 (Edwards Syndrome)	no match		false	no match		false	
Trisomy 18 (Edwards syndrome)	no match		false	no match		false	
Trisomy 21 (Down syndrome)	MONDO:0008608	Down syndrome	true	MONDO:0008608	MONDO:0008608	true	true
Trisomy 8 mosaicism	no match		false	no match	MONDO:0019867	true	false
Trisomy 9p Syndrome	no match		false	no match		false	
Trisomy 9p syndrome	no match		false	no match		false	
Trisomy X (Triple X syndrome)	no match		false	no match		false	
Tropical Spastic Paraparesis	no match		false	no match	MONDO:0008039	true	false
Tropical spastic paraparesis (HTLV-1 associated myelopathy)	no match		false	no match		false	
Tryptophan hydroxylase 2 deficiency	no match		false	no match		false	
Tuberous Sclerosis Complex	no match		false	no match	MONDO:0001734	true	false
Tuberous Sclerosis Complex (TSC)	no match		false	no match		false	
Tuberous sclerosis	no match		false	no match	MONDO:0001734	true	false
Tuberous sclerosis complex	no match		false	no match	MONDO:0001734	true	false
Tuberous sclerosis complex (TSC)	no match		false	no match		false	
Tubulinopathy (TUBB2B-related cortical dysplasia)	no match		false	no match		false	
Turner Syndrome	MONDO:0019499	Turner syndrome	true	MONDO:0019499	MONDO:0019499	true	true
Turner syndrome	MONDO:0019499	Turner syndrome	true	MONDO:0019499	MONDO:0019499	true	true
Turner syndrome (45,X/46,XX mosaicism)	MONDO:0019499	Turner syndrome	true	MONDO:0019499		false	
Turner syndrome (mosaicism)	MONDO:0019499	Turner syndrome	true	MONDO:0019499		false	
Turner syndrome mosaicism	MONDO:0019499	Turner syndrome	true	MONDO:0019499		false	
Tylosis with esophageal cancer (Howel-Evans syndrome)	no match		false	no match		false	
Type 1 Diabetes Mellitus	MONDO:0005147	type 1 diabetes mellitus	true	MONDO:0005147	MONDO:0005147;MONDO:0009100	true	true
Type 2B von Willebrand disease	no match		false	no match		false	
Type A Insulin Resistance Syndrome	no match		false	no match	MONDO:0012520	true	false
Type A insulin resistance syndrome	no match		false	no match	MONDO:0012520	true	false
Type B Insulin Resistance Syndrome	no match		false	no match		false	
Tyrosine hydroxylase deficiency	no match		false	no match	MONDO:0011551;MONDO:0100064	true	false
Tyrosinemia Type I	MONDO:0010161	tyrosinemia type I	true	MONDO:0010161	MONDO:0010161	true	true
Tyrosinemia Type I (Hepatorenal Tyrosinemia)	MONDO:0010161	tyrosinemia type I	true	MONDO:0010161		false	
Tyrosinemia type I	MONDO:0010161	tyrosinemia type I	true	MONDO:0010161	MONDO:0010161	true	true
Tyrosinemia type I (hepatorenal tyrosinemia)	MONDO:0010161	tyrosinemia type I	true	MONDO:0010161		false	
Tyrosinemia type II	MONDO:0010160	tyrosinemia type II	true	MONDO:0010160	MONDO:0010160	true	true
Tyrosinemia type III	MONDO:0010162	tyrosinemia type III	true	MONDO:0010162	MONDO:0010162	true	true
Ullrich Congenital Muscular Dystrophy	no match		false	no match	MONDO:0000355	true	false
Ullrich Congenital Muscular Dystrophy (UCMD)	no match		false	no match		false	
Ullrich congenital muscular dystrophy	no match		false	no match	MONDO:0000355	true	false
Ulnar-Mammary Syndrome	no match		false	no match	MONDO:0008411	true	false
Ulnar-Mammary syndrome	no match		false	no match	MONDO:0008411	true	false
Ulnar-mammary syndrome	no match		false	no match	MONDO:0008411	true	false
Unspecified Focal Epilepsy	no match		false	no match		false	
Unspecified Hypogammaglobulinemia	no match		false	no match		false	
Untreated phenylketonuria	MONDO:0009861	phenylketonuria	true	MONDO:0009861		false	
Unverricht-Lundborg Disease	no match		false	no match	MONDO:0009698	true	false
Unverricht-Lundborg Disease (EPM1)	no match		false	no match		false	
Unverricht-Lundborg disease	no match		false	no match	MONDO:0009698	true	false
Unverricht-Lundborg disease (EPM1)	no match		false	no match		false	
Urea Cycle Disorder	no match		false	no match	MONDO:0004739	true	false
Urea Cycle Disorder (e.g., Ornithine Transcarbamylase Deficiency)	no match		false	no match		false	
Urea Cycle Disorders (e.g., Ornithine Transcarbamylase Deficiency)	no match		false	no match		false	
Urea cycle disorders	no match		false	no match	MONDO:0004739	true	false
Urea cycle disorders (e.g., ornithine transcarbamylase deficiency)	no match		false	no match		false	
Uromodulin-associated kidney disease	no match		false	no match	MONDO:0008073	true	false
Usher Syndrome	MONDO:0019501	Usher syndrome	true	MONDO:0019501	MONDO:0019501	true	true
Usher syndrome	MONDO:0019501	Usher syndrome	true	MONDO:0019501	MONDO:0019501	true	true
VACTERL Association	no match		false	no match	MONDO:0008642	true	false
VACTERL Association with Hydrocephalus (VACTERL-H)	no match		false	no match		false	
VACTERL association	no match		false	no match	MONDO:0008642	true	false
VIPR2 gene duplication	no match		false	no match		false	
VLCAD deficiency	no match		false	no match	MONDO:0008723	true	false
VLDLR-associated cerebellar hypoplasia	no match		false	no match		false	
Van Buchem disease	no match		false	no match	MONDO:0009395	true	false
Van Maldergem syndrome	no match		false	no match	MONDO:0017813	true	false
Van der Woude syndrome	no match		false	no match	MONDO:0019508	true	false
Vanishing White Matter Disease	no match		false	no match	MONDO:0800448	true	false
Vanishing White Matter Disease (CACH/VWM)	no match		false	no match		false	
Vanishing White Matter disease	no match		false	no match	MONDO:0800448	true	false
Vanishing white matter disease	no match		false	no match	MONDO:0800448	true	false
Vascular Ehlers-Danlos Syndrome	MONDO:0007522	Ehlers-Danlos syndrome, vascular type	false	no match	MONDO:0017314	true	false
Vascular Ehlers-Danlos Syndrome (EDS Type IV)	MONDO:0007522	Ehlers-Danlos syndrome, vascular type	false	no match		false	
Vascular Ehlers-Danlos Syndrome (EDS type IV)	MONDO:0007522	Ehlers-Danlos syndrome, vascular type	false	no match		false	
Vascular Ehlers-Danlos syndrome	MONDO:0007522	Ehlers-Danlos syndrome, vascular type	false	no match	MONDO:0017314	true	false
Vascular Ehlers-Danlos syndrome (EDS Type IV)	MONDO:0007522	Ehlers-Danlos syndrome, vascular type	false	no match		false	
Vascular Ehlers-Danlos syndrome (EDS type IV)	MONDO:0007522	Ehlers-Danlos syndrome, vascular type	false	no match		false	
Vascular Ehlers-Danlos syndrome (Type IV)	MONDO:0007522	Ehlers-Danlos syndrome, vascular type	false	no match		false	
Vein of Galen malformation	no match		false	no match		false	
Velo-Cardio-Facial syndrome (22q11.2 deletion syndrome)	MONDO:0008644	velocardiofacial syndrome	true	MONDO:0008644		false	
Velocardiofacial syndrome	MONDO:0008644	velocardiofacial syndrome	true	MONDO:0008644	MONDO:0008644	true	true
Velocardiofacial syndrome (22q11.2 deletion syndrome)	MONDO:0008644	velocardiofacial syndrome	true	MONDO:0008644		false	
Venous malformation syndrome	no match		false	no match		false	
Very Long Chain Acyl-CoA Dehydrogenase (VLCAD) deficiency	MONDO:0008723	very long chain acyl-CoA dehydrogenase deficiency	true	MONDO:0008723		false	
Very Long-Chain Acyl-CoA Dehydrogenase (VLCAD) Deficiency	MONDO:0008723	very long chain acyl-CoA dehydrogenase deficiency	true	MONDO:0008723		false	
Very Long-Chain Acyl-CoA Dehydrogenase (VLCAD) deficiency	MONDO:0008723	very long chain acyl-CoA dehydrogenase deficiency	true	MONDO:0008723		false	
Very long-chain acyl-CoA dehydrogenase (VLCAD) deficiency	MONDO:0008723	very long chain acyl-CoA dehydrogenase deficiency	true	MONDO:0008723		false	
Very long-chain acyl-CoA dehydrogenase deficiency	MONDO:0008723	very long chain acyl-CoA dehydrogenase deficiency	true	MONDO:0008723	MONDO:0008723	true	true
Very long-chain acyl-CoA dehydrogenase deficiency (VLCAD deficiency)	MONDO:0008723	very long chain acyl-CoA dehydrogenase deficiency	true	MONDO:0008723		false	
Very-long-chain acyl-CoA dehydrogenase (VLCAD) deficiency	MONDO:0008723	very long chain acyl-CoA dehydrogenase deficiency	true	MONDO:0008723		false	
Very-long-chain acyl-CoA dehydrogenase deficiency	MONDO:0008723	very long chain acyl-CoA dehydrogenase deficiency	true	MONDO:0008723		false	
Very-long-chain acyl-CoA dehydrogenase deficiency (VLCAD deficiency)	MONDO:0008723	very long chain acyl-CoA dehydrogenase deficiency	true	MONDO:0008723		false	
Very-long-chain acyl-CoA dehydrogenase deficiency (VLCADD)	MONDO:0008723	very long chain acyl-CoA dehydrogenase deficiency	true	MONDO:0008723		false	
Vici syndrome	no match		false	no match	MONDO:0009452	true	false
Vitamin B12 Deficiency	no match		false	no match	MONDO:0020696	true	false
Vitamin B12 deficiency	no match		false	no match	MONDO:0020696	true	false
Vitamin D-deficiency rickets	no match		false	no match		false	
Vitamin D-dependent rickets	no match		false	no match	MONDO:0024299	true	false
Vitamin E Deficiency	no match		false	no match		false	
Vogt-Koyanagi-Harada Disease	no match		false	no match	MONDO:0018092	true	false
Vogt-Koyanagi-Harada disease	no match		false	no match	MONDO:0018092	true	false
Vohwinkel syndrome	no match		false	no match	MONDO:0007422	true	false
Von Hippel-Lindau Disease	MONDO:0008667	von Hippel-Lindau disease	true	MONDO:0008667	MONDO:0008667	true	true
Von Hippel-Lindau disease	MONDO:0008667	von Hippel-Lindau disease	true	MONDO:0008667	MONDO:0008667	true	true
Von Willebrand Disease	MONDO:0019565	von Willebrand disease	true	MONDO:0019565	MONDO:0019565;MONDO:0024574	true	true
Von Willebrand disease	MONDO:0019565	von Willebrand disease	true	MONDO:0019565	MONDO:0019565;MONDO:0024574	true	true
WAGR syndrome	no match		false	no match	MONDO:0008681	true	false
WDR62-related microcephaly	no match		false	no match		false	
WDR62-related microcephaly with polymicrogyria	no match		false	no match		false	
WDR62-related polymicrogyria	no match		false	no match		false	
WHIM Syndrome	no match		false	no match	MONDO:0023880;MONDO:8000006	true	false
WHIM syndrome	no match		false	no match	MONDO:0023880;MONDO:8000006	true	false
WHIM syndrome (Warts, Hypogammaglobulinemia, Infections, Myelokathexis)	no match		false	no match		false	
WHIM syndrome (Warts, Hypogammaglobulinemia, Infections, and Myelokathexis)	no match		false	no match		false	
WNT1-related early-onset osteoporosis	no match		false	no match		false	
Waardenburg Syndrome	no match		false	no match	MONDO:0018094	true	false
Waardenburg syndrome	no match		false	no match	MONDO:0018094	true	false
Waardenburg syndrome (Type 1)	no match		false	no match		false	
Waardenburg syndrome Type II	no match		false	no match	MONDO:0019517	true	false
Waardenburg syndrome Type III (Klein-Waardenburg syndrome)	no match		false	no match		false	
Waardenburg syndrome Type IV	no match		false	no match	MONDO:0019518	true	false
Waardenburg syndrome type 2	no match		false	no match	MONDO:0019517	true	false
Waardenburg syndrome type 3 (Klein-Waardenburg syndrome)	no match		false	no match		false	
Wagner Syndrome	no match		false	no match	MONDO:0007740	true	false
Wagner syndrome	no match		false	no match	MONDO:0007740	true	false
Walker-Warburg Syndrome	MONDO:0018186	Walker-Warburg syndrome	false	no match	MONDO:0000171	true	false
Walker-Warburg syndrome	MONDO:0018186	Walker-Warburg syndrome	false	no match	MONDO:0000171	true	false
Warburg Micro Syndrome	no match		false	no match	MONDO:0016649	true	false
Warburg Micro syndrome	no match		false	no match	MONDO:0016649	true	false
Watson Syndrome	no match		false	no match	MONDO:0008672	true	false
Watson syndrome	no match		false	no match	MONDO:0008672	true	false
Weaver Syndrome	no match		false	no match	MONDO:0010193	true	false
Weaver syndrome	no match		false	no match	MONDO:0010193	true	false
Weidemann-Steiner syndrome	no match		false	no match		false	
Weil-Marchesani syndrome	no match		false	no match		false	
Weill-Marchesani Syndrome	no match		false	no match	MONDO:0018096	true	false
Weill-Marchesani syndrome	no match		false	no match	MONDO:0018096	true	false
Werner Syndrome	MONDO:0010196	Werner syndrome	true	MONDO:0010196	MONDO:0010196	true	true
Werner syndrome	MONDO:0010196	Werner syndrome	true	MONDO:0010196	MONDO:0010196	true	true
West Syndrome	no match		false	no match	MONDO:0018097	true	false
West Syndrome (Infantile Spasms)	no match		false	no match		false	
West syndrome	no match		false	no match	MONDO:0018097	true	false
West syndrome (Infantile Spasms)	no match		false	no match		false	
West syndrome (Infantile spasms)	no match		false	no match		false	
West syndrome (infantile spasms)	no match		false	no match		false	
Weyers acrodental dysostosis	no match		false	no match	MONDO:0008673	true	false
Weyers acrofacial dysostosis	no match		false	no match	MONDO:0008673	true	false
Wiedemann-Rautenstrauch Syndrome	no match		false	no match	MONDO:0009910	true	false
Wiedemann-Rautenstrauch syndrome	no match		false	no match	MONDO:0009910	true	false
Wiedemann-Steiner syndrome	no match		false	no match	MONDO:0011518	true	false
Williams Syndrome	MONDO:0008678	Williams syndrome	true	MONDO:0008678	MONDO:0008678	true	true
Williams syndrome	MONDO:0008678	Williams syndrome	true	MONDO:0008678	MONDO:0008678	true	true
Williams-Beuren Syndrome	MONDO:0008678	Williams syndrome	true	MONDO:0008678	MONDO:0008678	true	true
Williams-Beuren syndrome	MONDO:0008678	Williams syndrome	true	MONDO:0008678	MONDO:0008678	true	true
Wilson Disease	MONDO:0010200	Wilson disease	true	MONDO:0010200	MONDO:0010200	true	true
Wilson disease	MONDO:0010200	Wilson disease	true	MONDO:0010200	MONDO:0010200	true	true
Wilson's Disease	MONDO:0010200	Wilson disease	true	MONDO:0010200	MONDO:0010200	true	true
Wilson's disease	MONDO:0010200	Wilson disease	true	MONDO:0010200	MONDO:0010200	true	true
Wilson's disease (early-onset)	MONDO:0010200	Wilson disease	true	MONDO:0010200		false	
Wilson-Turner syndrome	no match		false	no match	MONDO:0010665	true	false
Winchester Syndrome	no match		false	no match	MONDO:0010201	true	false
Winchester syndrome	no match		false	no match	MONDO:0010201	true	false
Wiskott-Aldrich Syndrome	MONDO:0010518	Wiskott-Aldrich syndrome	true	MONDO:0010518	MONDO:0010518	true	true
Wiskott-Aldrich syndrome	MONDO:0010518	Wiskott-Aldrich syndrome	true	MONDO:0010518	MONDO:0010518	true	true
Wiskott–Aldrich syndrome	MONDO:0010518	Wiskott-Aldrich syndrome	true	MONDO:0010518		false	
Witteveen-Kolk syndrome	no match		false	no match		false	
Wolcott-Rallison syndrome	no match		false	no match	MONDO:0009192	true	false
Wolf-Hirschhorn Syndrome	no match		false	no match	MONDO:0008684	true	false
Wolf-Hirschhorn syndrome	no match		false	no match	MONDO:0008684	true	false
Wolf-Hirschhorn syndrome (Chromosome 4p deletion)	no match		false	no match		false	
Wolff-Parkinson-White syndrome	no match		false	no match	MONDO:0008685	true	false
Wolfram Syndrome	no match		false	no match	MONDO:0018105	true	false
Wolfram syndrome	no match		false	no match	MONDO:0018105	true	false
Wolman disease	no match		false	no match	MONDO:0019148	true	false
Woodhouse-Sakati syndrome	no match		false	no match	MONDO:0009419	true	false
X-linked Adrenoleukodystrophy	MONDO:0018544	X-linked adrenoleukodystrophy	true	MONDO:0018544	MONDO:0018544	true	true
X-linked Agammaglobulinemia	MONDO:0010421	X-linked agammaglobulinemia	true	MONDO:0010421	MONDO:0010421	true	true
X-linked Agammaglobulinemia (Bruton's Disease)	MONDO:0010421	X-linked agammaglobulinemia	true	MONDO:0010421		false	
X-linked Agammaglobulinemia (Bruton’s Disease)	MONDO:0010421	X-linked agammaglobulinemia	true	MONDO:0010421		false	
X-linked Charcot-Marie-Tooth disease (CMTX)	no match		false	no match		false	
X-linked Hyper IgM Syndrome	no match		false	no match	MONDO:0010626	true	false
X-linked Infantile Spasms Syndrome (ARX mutations)	no match		false	no match		false	
X-linked Juvenile Retinoschisis	no match		false	no match	MONDO:0010725	true	false
X-linked Lymphoproliferative Disease	no match		false	no match		false	
X-linked Lymphoproliferative Disease (XLP)	no match		false	no match		false	
X-linked Myotubular Myopathy	no match		false	no match	MONDO:0010683	true	false
X-linked Retinitis Pigmentosa	no match		false	no match		false	
X-linked Thrombocytopenia	no match		false	no match	MONDO:0010743	true	false
X-linked adrenoleukodystrophy	MONDO:0018544	X-linked adrenoleukodystrophy	true	MONDO:0018544	MONDO:0018544	true	true
X-linked adrenoleukodystrophy (X-ALD)	MONDO:0018544	X-linked adrenoleukodystrophy	true	MONDO:0018544		false	
X-linked adrenoleukodystrophy (adult cerebral form)	no match		false	no match		false	
X-linked agammaglobulinemia	MONDO:0010421	X-linked agammaglobulinemia	true	MONDO:0010421	MONDO:0010421	true	true
X-linked agammaglobulinemia (Bruton agammaglobulinemia)	MONDO:0010421	X-linked agammaglobulinemia	true	MONDO:0010421		false	
X-linked agammaglobulinemia (Bruton disease)	MONDO:0010421	X-linked agammaglobulinemia	true	MONDO:0010421		false	
X-linked creatine transporter deficiency (SLC6A8 deficiency)	no match		false	no match		false	
X-linked high myopia	no match		false	no match		false	
X-linked hydrocephalus (L1 syndrome)	no match		false	no match		false	
X-linked hydrocephalus (L1CAM mutation)	no match		false	no match		false	
X-linked hypophosphatemic rickets	no match		false	no match	MONDO:0010619;MONDO:0020720	true	false
X-linked infantile spasms syndrome (ARX mutations)	no match		false	no match		false	
X-linked juvenile retinoschisis	no match		false	no match	MONDO:0010725	true	false
X-linked lymphoproliferative disease	no match		false	no match		false	
X-linked lymphoproliferative disease (XLP)	no match		false	no match		false	
X-linked lymphoproliferative disease type 2 (XIAP deficiency)	no match		false	no match		false	
X-linked lymphoproliferative syndrome	no match		false	no match	MONDO:0010627	true	false
X-linked megalocornea	no match		false	no match		false	
X-linked myotubular myopathy	no match		false	no match	MONDO:0010683	true	false
X-linked retinitis pigmentosa	no match		false	no match		false	
X-linked retinoschisis	no match		false	no match	MONDO:0010725	true	false
X-linked severe combined immunodeficiency	MONDO:0010315	X-linked severe combined immunodeficiency	true	MONDO:0010315	MONDO:0010315	true	true
X-linked sideroblastic anemia	no match		false	no match	MONDO:0020721	true	false
X-linked sideroblastic anemia with ataxia	no match		false	no match	MONDO:0010524	true	false
X-linked sideroblastic anemia with ataxia (XLSA/A)	no match		false	no match		false	
X-linked spinal muscular atrophy type 3 (SMAX3)	no match		false	no match		false	
X-linked thrombocytopenia	no match		false	no match	MONDO:0010743	true	false
X-linked visceral heterotaxy	no match		false	no match		false	
XYY syndrome	no match		false	no match	MONDO:0019339	true	false
XYY syndrome (47,XYY)	no match		false	no match		false	
Xanthine dehydrogenase deficiency (Xanthinuria Type I)	no match		false	no match		false	
Xanthinuria type I (Xanthine dehydrogenase deficiency)	no match		false	no match		false	
Xanthinuria type II (Molybdenum cofactor sulfurase deficiency)	no match		false	no match		false	
Xeroderma Pigmentosum	MONDO:0019600	xeroderma pigmentosum	true	MONDO:0019600	MONDO:0019600	true	true
Xeroderma pigmentosum	MONDO:0019600	xeroderma pigmentosum	true	MONDO:0019600	MONDO:0019600	true	true
Xeroderma pigmentosum-Cockayne syndrome complex	no match		false	no match	MONDO:0016354	true	false
Xeroderma pigmentosum–Cockayne syndrome complex	no match		false	no match		false	
ZIC1-related Dandy-Walker malformation	no match		false	no match		false	
ZIC3-related heterotaxy (X-linked heterotaxy)	no match		false	no match		false	
ZIC3-related heterotaxy syndrome	no match		false	no match		false	
Zellweger Spectrum Disorder	no match		false	no match	MONDO:0019234	true	false
Zellweger Spectrum Disorders	no match		false	no match	MONDO:0019234;MONDO:0019609	true	false
Zellweger Syndrome	MONDO:0019609	Zellweger syndrome	true	MONDO:0019609	MONDO:0019609	true	true
Zellweger Syndrome (Peroxisome Biogenesis Disorder)	MONDO:0019609	Zellweger syndrome	true	MONDO:0019609		false	
Zellweger spectrum disorder	no match		false	no match	MONDO:0019234	true	false
Zellweger spectrum disorder (Peroxisome biogenesis disorder)	no match		false	no match		false	
Zellweger spectrum disorder (peroxisomal biogenesis disorder)	no match		false	no match		false	
Zellweger spectrum disorder (peroxisome biogenesis disorder)	no match		false	no match		false	
Zellweger spectrum disorders	no match		false	no match	MONDO:0019234;MONDO:0019609	true	false
Zellweger syndrome	MONDO:0019609	Zellweger syndrome	true	MONDO:0019609	MONDO:0019609	true	true
Zellweger syndrome (Peroxisomal biogenesis disorder)	MONDO:0019609	Zellweger syndrome	true	MONDO:0019609		false	
Zellweger syndrome (peroxisomal biogenesis disorder)	MONDO:0019609	Zellweger syndrome	true	MONDO:0019609		false	
Zellweger syndrome (peroxisome biogenesis disorder)	MONDO:0019609	Zellweger syndrome	true	MONDO:0019609		false	
Zhu-Tokita-Takenouchi-Kim syndrome (ZTTK syndrome)	no match		false	no match		false	
Zimmerman-Laband syndrome	no match		false	no match		false	
Zimmermann-Laband Syndrome	no match		false	no match	MONDO:0000200	true	false
Zimmermann-Laband syndrome	no match		false	no match	MONDO:0000200	true	false
Zivný Syndrome	no match		false	no match		false	
mTOR pathway-related disorders	no match		false	no match		false	
von Willebrand disease	MONDO:0019565	von Willebrand disease	true	MONDO:0019565	MONDO:0019565;MONDO:0024574	true	true
Åland Island eye disease	no match		false	no match		false	
Åland island eye disease	no match		false	no match		false	
