row	prompt_id	phenopacket_id	gold_id
0001	PMID_34722527_individual_103_7_Hui_Wang_ComprehensiveM_en-prompt.txt	PMID_34722527_individual_103_7_Hui_Wang_ComprehensiveM	OMIM:613826
0002	PMID_32730804_Individual_3_en-prompt.txt	PMID_32730804_Individual_3	OMIM:620511
0003	PMID_19776401_Patient_6_1_en-prompt.txt	PMID_19776401_Patient_6-1	OMIM:243700
0004	PMID_20358596_Patient_A_en-prompt.txt	PMID_20358596_Patient_A	OMIM:123000
0005	PMID_36586412_8_en-prompt.txt	PMID_36586412_8	OMIM:301111
0006	PMID_36067010_Family_3_Patient_5_en-prompt.txt	PMID_36067010_Family_3_Patient_5	OMIM:620504
0007	PMID_19864672_Patient_1M_en-prompt.txt	PMID_19864672_Patient_1M	OMIM:212050
0008	PMID_26239674_proband_III_3_en-prompt.txt	PMID_26239674_proband_III_3	OMIM:131100
0009	PMID_11093277_K8345_III_3_IT_en-prompt.txt	PMID_11093277_K8345_III-3_IT	OMIM:305400
0010	PMID_34722527_individual_13_2_Moon_Woo_Seong_Molecularchara_en-prompt.txt	PMID_34722527_individual_13_2_Moon-Woo_Seong_Molecularchara	OMIM:613826
0011	PMID_22541558_individual_R_1_en-prompt.txt	PMID_22541558_individual_R_1	OMIM:154400
0012	PMID_15266616_21_en-prompt.txt	PMID_15266616_21	OMIM:147791
0013	PMID_30580808_Machol_Ind_3_Fam_33_en-prompt.txt	PMID_30580808_Machol_Ind_3-Fam-33	OMIM:618362
0014	STX_G3_P3_en-prompt.txt	STX_G3_P3	OMIM:612164
0015	PMID_36446582_Ockeloen2015_P17_en-prompt.txt	PMID_36446582_Ockeloen2015_P17	OMIM:148050
0016	PMID_37660254_Patient_1_en-prompt.txt	PMID_37660254_Patient_1	OMIM:620669
0017	PMID_33731876_fam203_en-prompt.txt	PMID_33731876_fam203	OMIM:613721
0018	PMID_31021519_SATB2_25_from_Zarate_et_al__2018a_en-prompt.txt	PMID_31021519_SATB2_25_from_Zarate_et_al__2018a	OMIM:612313
0019	PMID_28969374_Family_3_LD_1061_0B_Pt5_en-prompt.txt	PMID_28969374_Family_3_LD_1061_0B_Pt5	OMIM:617560
0020	PMID_22772371_TAA288_III_5_en-prompt.txt	PMID_22772371_TAA288_III_5	OMIM:614816
0021	STX_28387369_C0108_en-prompt.txt	STX_28387369_C0108	OMIM:612164
0022	PMID_24369382_Family_1_II_4_en-prompt.txt	PMID_24369382_Family_1_II.4	OMIM:614322
0023	PMID_36553465_P4_en-prompt.txt	PMID_36553465_P4	OMIM:606574
0024	PMID_10939567_EMD3_IV_5_en-prompt.txt	PMID_10939567_EMD3_IV-5	OMIM:181350
0025	PMID_33576469_Patient_8_en-prompt.txt	PMID_33576469_Patient_8	OMIM:129600
0026	PMID_27259050_III_8_en-prompt.txt	PMID_27259050_III_8	OMIM:159550
0027	PMID_22258530_Patient_19_en-prompt.txt	PMID_22258530_Patient_19	OMIM:613477
0028	PMID_18551513_12_en-prompt.txt	PMID_18551513_12	OMIM:613205
0029	PMID_18351627_Patient_II_2_en-prompt.txt	PMID_18351627_Patient_II-2	OMIM:142900
0030	STX_HSJD_Patient_5_en-prompt.txt	STX_HSJD_Patient_5	OMIM:612164
0031	PMID_32376980_39_en-prompt.txt	PMID_32376980_39	OMIM:618164
0032	PMID_36446582_Scarano_2013_P7_en-prompt.txt	PMID_36446582_Scarano_2013_P7	OMIM:148050
0033	PMID_29469822_Family_1_II_4_en-prompt.txt	PMID_29469822_Family_1_II-4	OMIM:605275
0034	PMID_29605370_Ahv_14_en-prompt.txt	PMID_29605370_Ahv_14	OMIM:601869
0035	PMID_22956686_1435_IV_6_en-prompt.txt	PMID_22956686_1435-IV-6	OMIM:614923
0036	PMID_24355708_IHG25190_individual_4_en-prompt.txt	PMID_24355708_IHG25190_individual_4	OMIM:215470
0037	PMID_34521999_6_en-prompt.txt	PMID_34521999_6	OMIM:617140
0038	PMID_19864201_Case_1__Twin_A__en-prompt.txt	PMID_19864201_Case_1_(Twin_A)	OMIM:151100
0039	PMID_34722527_individual_MEP43_7_Martin_McKibbin_Genotype_Phenot_en-prompt.txt	PMID_34722527_individual_MEP43_7_Martin_McKibbin_Genotype-Phenot	OMIM:613826
0040	PMID_21683322_12_en-prompt.txt	PMID_21683322_12	OMIM:614185
0041	PMID_27672653_Individual_4_en-prompt.txt	PMID_27672653_Individual_4	OMIM:231670
0042	PMID_10805329_10805329_P1_en-prompt.txt	PMID_10805329_10805329_P1	OMIM:604377
0043	PMID_28321562_sister_en-prompt.txt	PMID_28321562_sister	OMIM:616907
0044	STX_26514728_Patient_18_en-prompt.txt	STX_26514728_Patient_18	OMIM:612164
0045	PMID_31021519_SATB2_31_from_Zarate_et_al__2018a__Bengani_et_al_en-prompt.txt	PMID_31021519_SATB2_31_from_Zarate_et_al__2018a__Bengani_et_al	OMIM:612313
0046	PMID_33731876_fam32_en-prompt.txt	PMID_33731876_fam32	OMIM:613721
0047	PMID_32627184_Case_1_en-prompt.txt	PMID_32627184_Case_1	OMIM:620654
0048	PMID_32083401_Patient_1_en-prompt.txt	PMID_32083401_Patient_1	OMIM:147920
0049	PMID_37919452_Family_1__patient_2_en-prompt.txt	PMID_37919452_Family_1:_patient_2	OMIM:620683
0050	PMID_34722527_individual_1CRD_5_A_Hameed__EvidenceofRPG_en-prompt.txt	PMID_34722527_individual_1CRD_5_A_Hameed__EvidenceofRPG	OMIM:608194
0051	PMID_37433783_P17_en-prompt.txt	PMID_37433783_P17	OMIM:601674
0052	PMID_34521999_42_en-prompt.txt	PMID_34521999_42	OMIM:617140
0053	PMID_30580808_Machol_Ind_10_Fam_40_en-prompt.txt	PMID_30580808_Machol_Ind_10-Fam-40	OMIM:618362
0054	PMID_37075751_Individual_7_en-prompt.txt	PMID_37075751_Individual_7	OMIM:616462
0055	PMID_21236492_Individual_P1_en-prompt.txt	PMID_21236492_Individual_P1	OMIM:614199
0056	PMID_30099644_IV_12_en-prompt.txt	PMID_30099644_IV:12	OMIM:600138
0057	PMID_33731876_fam25_en-prompt.txt	PMID_33731876_fam25	OMIM:613721
0058	PMID_37761890_41__en-prompt.txt	PMID_37761890_41 	OMIM:616362
0059	PMID_37761890_54__en-prompt.txt	PMID_37761890_54 	OMIM:616362
0060	PMID_19800048_IV_2_en-prompt.txt	PMID_19800048_IV-2	OMIM:300804
0061	PMID_36074901_3_en-prompt.txt	PMID_36074901_3	OMIM:620465
0062	PMID_16965330_patient_7_en-prompt.txt	PMID_16965330_patient_7	OMIM:240300
0063	STX_EG1322P_en-prompt.txt	STX_EG1322P	OMIM:612164
0064	PMID_35344616_A5_en-prompt.txt	PMID_35344616_A5	OMIM:268310
0065	PMID_29482518_Patient_2_en-prompt.txt	PMID_29482518_Patient_2	OMIM:147920
0066	STX_32521962_P12_en-prompt.txt	STX_32521962_P12	OMIM:612164
0067	PMID_30612693_3_en-prompt.txt	PMID_30612693_3	OMIM:618443
0068	PMID_26833330_F1_II2_en-prompt.txt	PMID_26833330_F1_II2	OMIM:616829
0069	PMID_25085748_ANK_07_en-prompt.txt	PMID_25085748_ANK_07	OMIM:260300
0070	PMID_31792352_proband_en-prompt.txt	PMID_31792352_proband	OMIM:620780
0071	PMID_30057029_Individual_16_en-prompt.txt	PMID_30057029_Individual_16	OMIM:618089
0072	PMID_33731876_fam344_en-prompt.txt	PMID_33731876_fam344	OMIM:613721
0073	PMID_33731876_fam214_en-prompt.txt	PMID_33731876_fam214	OMIM:613721
0074	PMID_36553465_P16_en-prompt.txt	PMID_36553465_P16	OMIM:606574
0075	PMID_16917909_667_1_en-prompt.txt	PMID_16917909_667-1	OMIM:142900
0076	PMID_16429406_second_patient_en-prompt.txt	PMID_16429406_second_patient	OMIM:227645
0077	PMID_27843126_B_II_7_en-prompt.txt	PMID_27843126_B-II.7	OMIM:617146
0078	PMID_10580070_E_III_1_en-prompt.txt	PMID_10580070_E_III-1	OMIM:115200
0079	STX_19557857_Patient_1_en-prompt.txt	STX_19557857_Patient_1	OMIM:612164
0080	PMID_25868664_Family_15_Case_14_en-prompt.txt	PMID_25868664_Family_15_Case_14	OMIM:615471
0081	PMID_12789647_K16_II_1_en-prompt.txt	PMID_12789647_K16:II-1	OMIM:142900
0082	PMID_36307226_Proband_3_en-prompt.txt	PMID_36307226_Proband_3	OMIM:620537
0083	PMID_15123648_index_patient_en-prompt.txt	PMID_15123648_index_patient	OMIM:163800
0084	PMID_21217753_Fam_1_IV_1_en-prompt.txt	PMID_21217753_Fam_1_IV-1	OMIM:613795
0085	PMID_37196654_Individual_77_en-prompt.txt	PMID_37196654_Individual_77	OMIM:618505
0086	PMID_33731876_fam118_en-prompt.txt	PMID_33731876_fam118	OMIM:613721
0087	STX_32139178_Patient_Infantile22_en-prompt.txt	STX_32139178_Patient_Infantile22	OMIM:612164
0088	PMID_15266616_18_en-prompt.txt	PMID_15266616_18	OMIM:147791
0089	PMID_31021519_SATB2_36_from_Zarate_et_al__2018a_en-prompt.txt	PMID_31021519_SATB2_36_from_Zarate_et_al__2018a	OMIM:612313
0090	PMID_29388673_Fam_6_II_2_en-prompt.txt	PMID_29388673_Fam_6_II_2	OMIM:617560
0091	PMID_24736735_G040__en-prompt.txt	PMID_24736735_G040_	OMIM:146510
0092	PMID_36446582_Low_2016_P23_17_en-prompt.txt	PMID_36446582_Low_2016_P23_17	OMIM:148050
0093	PMID_23643385_23643385_P3_en-prompt.txt	PMID_23643385_23643385_P3	OMIM:608912
0094	STX_BCH_012_en-prompt.txt	STX_BCH_012	OMIM:612164
0095	PMID_33045405_Pitt_et_al___2015_B6_1_en-prompt.txt	PMID_33045405_Pitt_et_al.,_2015_B6-1	OMIM:605911
0096	PMID_34722527_individual_MOL1150_1_9_Beryozkin_Current_en-prompt.txt	PMID_34722527_individual_MOL1150_1_9_Beryozkin_Current	OMIM:608194
0097	PMID_20082460_case_11_en-prompt.txt	PMID_20082460_case_11	OMIM:305400
0098	PMID_26453364_Patient_3_en-prompt.txt	PMID_26453364_Patient_3	OMIM:608776
0099	PMID_12203992_D40_en-prompt.txt	PMID_12203992_D40	OMIM:154700
0100	PMID_30580808_Ind_01_Fam_01_en-prompt.txt	PMID_30580808_Ind-01-Fam-01	OMIM:618362
0101	PMID_33731876_fam287_en-prompt.txt	PMID_33731876_fam287	OMIM:613721
0102	PMID_30236613_patient_en-prompt.txt	PMID_30236613_patient	OMIM:105400
0103	PMID_33731876_fam4_en-prompt.txt	PMID_33731876_fam4	OMIM:607745
0104	PMID_33731876_fam136_en-prompt.txt	PMID_33731876_fam136	OMIM:613721
0105	PMID_27743463_S10_en-prompt.txt	PMID_27743463_S10	OMIM:615471
0106	PMID_34722527_individual_individual_4_Lin_Li__DetectionofVa_en-prompt.txt	PMID_34722527_individual_individual_4_Lin_Li__DetectionofVa	OMIM:613826
0107	STX_S005_en-prompt.txt	STX_S005	OMIM:612164
0108	STX_Syrbe_5_en-prompt.txt	STX_Syrbe_5	OMIM:612164
0109	PMID_28065471_PIII_1_en-prompt.txt	PMID_28065471_PIII:1	OMIM:617403
0110	PMID_36074124_1_06817_en-prompt.txt	PMID_36074124_1_06817	OMIM:620570
0111	PMID_33045405_Wolf_et_al___2003_Proband_en-prompt.txt	PMID_33045405_Wolf_et_al.,_2003_Proband	OMIM:605911
0112	PMID_34722527_individual_GRA_3_Gerber_S_Completeexon_i_en-prompt.txt	PMID_34722527_individual_GRA_3_Gerber_S_Completeexon-i	OMIM:613826
0113	PMID_29122497_29122497_P2_en-prompt.txt	PMID_29122497_29122497_P2	OMIM:616370
0114	PMID_30868101_KRS_103_IV_9_en-prompt.txt	PMID_30868101_KRS-103-IV-9	OMIM:606693
0115	PMID_32154675_Family_2_Patient_4_en-prompt.txt	PMID_32154675_Family_2_Patient_4	OMIM:613795
0116	PMID_37875108_Patient_1_en-prompt.txt	PMID_37875108_Patient_1	OMIM:301115
0117	PMID_10842287_HOS_B2_en-prompt.txt	PMID_10842287_HOS-B2	OMIM:142900
0118	PMID_34722527_individual_individual_1_Malika_Fakhratova_Identification_en-prompt.txt	PMID_34722527_individual_individual_1_Malika_Fakhratova_Identification	OMIM:613826
0119	STX_Syrbe_13_en-prompt.txt	STX_Syrbe_13	OMIM:612164
0120	PMID_22258530_Patient_20_en-prompt.txt	PMID_22258530_Patient_20	OMIM:613477
0121	PMID_11754102_patient_GD889_en-prompt.txt	PMID_11754102_patient_GD889	OMIM:121050
0122	PMID_33045405_Aledo_et_al___2006__Proband_en-prompt.txt	PMID_33045405_Aledo_et_al._(2006)_Proband	OMIM:605911
0123	PMID_35923690_50_7_en-prompt.txt	PMID_35923690_50–7	OMIM:105650
0124	PMID_34722527_individual_97_11_Hui_Wang_ComprehensiveM_en-prompt.txt	PMID_34722527_individual_97_11_Hui_Wang_ComprehensiveM	OMIM:613826
0125	PMID_19800048_UW87_en-prompt.txt	PMID_19800048_UW87	OMIM:300804
0126	PMID_32376980_1_en-prompt.txt	PMID_32376980_1	OMIM:618164
0127	PMID_28318500_1_II_3_en-prompt.txt	PMID_28318500_1-II-3	OMIM:617478
0128	PMID_36695497_Individual_2_en-prompt.txt	PMID_36695497_Individual_2	OMIM:620731
0129	PMID_37154409_BII_2_en-prompt.txt	PMID_37154409_BII_2	OMIM:606658
0130	PMID_27087320_Subject_6_en-prompt.txt	PMID_27087320_Subject_6	OMIM:616975
0131	PMID_32376980_17_en-prompt.txt	PMID_32376980_17	OMIM:618164
0132	STX_26514728_Patient_9_en-prompt.txt	STX_26514728_Patient_9	OMIM:612164
0133	PMID_36307226_Proband_11_en-prompt.txt	PMID_36307226_Proband_11	OMIM:620537
0134	PMID_29330883_Subject_5_en-prompt.txt	PMID_29330883_Subject_5	OMIM:616975
0135	PMID_29469822_Family_10_II_3_en-prompt.txt	PMID_29469822_Family_10_II-3	OMIM:605275
0136	STX_25951140_Case_32_en-prompt.txt	STX_25951140_Case_32	OMIM:612164
0137	PMID_36446582_KBG13_en-prompt.txt	PMID_36446582_KBG13	OMIM:148050
0138	PMID_23335590_Subject_1330_en-prompt.txt	PMID_23335590_Subject_1330	OMIM:304110
0139	PMID_15266616_140_en-prompt.txt	PMID_15266616_140	OMIM:147791
0140	PMID_28258187_Patient_2_en-prompt.txt	PMID_28258187_Patient_2	OMIM:618343
0141	STX_S012_en-prompt.txt	STX_S012	OMIM:612164
0142	PMID_34722527_individual_arRP_F083_1_Leen_Abu_Safieh_Autozygome_guid_en-prompt.txt	PMID_34722527_individual_arRP-F083_1_Leen_Abu-Safieh_Autozygome-guid	OMIM:608194
0143	PMID_30356099_Patient_8_en-prompt.txt	PMID_30356099_Patient_8	OMIM:616211
0144	PMID_12789647_K4_III_2_en-prompt.txt	PMID_12789647_K4:III-2	OMIM:142900
0145	PMID_37761890_25__en-prompt.txt	PMID_37761890_25 	OMIM:616362
0146	PMID_37303127_5_en-prompt.txt	PMID_37303127_5	OMIM:151660
0147	PMID_37761890_30__en-prompt.txt	PMID_37761890_30 	OMIM:616362
0148	PMID_28940506_Family_2_Individual_3_en-prompt.txt	PMID_28940506_Family_2_Individual_3	OMIM:615471
0149	PMID_25477417_F11_1_en-prompt.txt	PMID_25477417_F11_1	OMIM:248250
0150	PMID_27247962_USB1_patient_en-prompt.txt	PMID_27247962_USB1_patient	OMIM:604173
0151	PMID_28318500_2_II_4_en-prompt.txt	PMID_28318500_2-II-4	OMIM:617478
0152	STX_Fila_6_EG_CB_en-prompt.txt	STX_Fila_6_EG_CB	OMIM:612164
0153	PMID_33731876_fam290_en-prompt.txt	PMID_33731876_fam290	OMIM:607745
0154	PMID_12161596_Patient_1_en-prompt.txt	PMID_12161596_Patient_1	OMIM:151100
0155	PMID_12925374_Proband_III_3_en-prompt.txt	PMID_12925374_Proband_III_3	OMIM:606889
0156	PMID_33731876_fam121_en-prompt.txt	PMID_33731876_fam121	OMIM:613721
0157	PMID_31239556_individual_35_en-prompt.txt	PMID_31239556_individual_35	OMIM:615502
0158	PMID_37054711_Family_10_1_Subject_14_en-prompt.txt	PMID_37054711_Family_10-1_Subject_14	OMIM:620428
0159	PMID_10756346_B73_en-prompt.txt	PMID_10756346_B73	OMIM:154700
0160	PMID_22772371_MS239_III_16_en-prompt.txt	PMID_22772371_MS239_III_16	OMIM:614816
0161	PMID_15911822_Patient_1_en-prompt.txt	PMID_15911822_Patient_1	OMIM:234200
0162	PMID_16917909_620_1_en-prompt.txt	PMID_16917909_620-1	OMIM:142900
0163	PMID_15731757_Family_1_II_1_en-prompt.txt	PMID_15731757_Family_1_II_1	OMIM:610168
0164	PMID_34722527_individual_MEP1_1_Martin_McKibbin_Genotype_Phenot_en-prompt.txt	PMID_34722527_individual_MEP1_1_Martin_McKibbin_Genotype-Phenot	OMIM:613826
0165	PMID_21358634_Family_8_en-prompt.txt	PMID_21358634_Family_8	OMIM:132800
0166	PMID_23099195_Patient_2_en-prompt.txt	PMID_23099195_Patient_2	OMIM:215700
0167	PMID_34722527_individual_1CRD_4_A_Hameed__EvidenceofRPG_en-prompt.txt	PMID_34722527_individual_1CRD_4_A_Hameed__EvidenceofRPG	OMIM:608194
0168	PMID_28782633_Family_1_21_year_old_daughter_P5_en-prompt.txt	PMID_28782633_Family_1_21_year_old_daughter_P5	OMIM:620670
0169	PMID_36446582_Bianchi_2018_en-prompt.txt	PMID_36446582_Bianchi_2018	OMIM:148050
0170	PMID_18445049_patient_en-prompt.txt	PMID_18445049_patient	OMIM:602400
0171	STX_BCH_005_en-prompt.txt	STX_BCH_005	OMIM:612164
0172	STX_26865513_Patient_10_en-prompt.txt	STX_26865513_Patient_10	OMIM:612164
0173	PMID_21683322_4_en-prompt.txt	PMID_21683322_4	OMIM:614185
0174	PMID_12058348_Patient_11_en-prompt.txt	PMID_12058348_Patient_11	OMIM:151100
0175	PMID_28289718_Higgins_Patient_1_en-prompt.txt	PMID_28289718_Higgins-Patient-1	OMIM:618499
0176	PMID_38014483_Family_c_individual_c_3_en-prompt.txt	PMID_38014483_Family_c_individual_c_3	OMIM:620666
0177	PMID_36307226_Proband_7_en-prompt.txt	PMID_36307226_Proband_7	OMIM:620537
0178	PMID_37196654_Individual_73_en-prompt.txt	PMID_37196654_Individual_73	OMIM:618505
0179	PMID_16021330_LDJP12_1_en-prompt.txt	PMID_16021330_LDJP12_1	OMIM:620681
0180	PMID_15266616_32_en-prompt.txt	PMID_15266616_32	OMIM:147791
0181	PMID_37880421_Family_3_II1_en-prompt.txt	PMID_37880421_Family_3_II1	OMIM:620653
0182	PMID_36553465_P12_en-prompt.txt	PMID_36553465_P12	OMIM:606574
0183	STX_STXBP1adult_Pt32_en-prompt.txt	STX_STXBP1adult_Pt32	OMIM:612164
0184	PMID_28679693_a_male_patient_en-prompt.txt	PMID_28679693_a_male_patient	OMIM:610168
0185	PMID_33731876_fam210_en-prompt.txt	PMID_33731876_fam210	OMIM:613721
0186	PMID_33731876_fam340_en-prompt.txt	PMID_33731876_fam340	OMIM:607745
0187	PMID_30057029_Individual_12_en-prompt.txt	PMID_30057029_Individual_12	OMIM:618089
0188	PMID_32431071_Family_1_IV_9_en-prompt.txt	PMID_32431071_Family_1_IV-9	OMIM:620655
0189	PMID_31527767_III_10_en-prompt.txt	PMID_31527767_III_10	OMIM:129600
0190	PMID_35150594_K_III_9_en-prompt.txt	PMID_35150594_K:III:9	OMIM:620538
0191	PMID_16965330_patient_3_en-prompt.txt	PMID_16965330_patient_3	OMIM:240300
0192	PMID_25142838_P5_3_en-prompt.txt	PMID_25142838_P5_3	OMIM:147920
0193	PMID_36074901_7_en-prompt.txt	PMID_36074901_7	OMIM:620465
0194	PMID_19800048_IV_6_en-prompt.txt	PMID_19800048_IV-6	OMIM:300804
0195	PMID_35344616_A1_en-prompt.txt	PMID_35344616_A1	OMIM:268310
0196	PMID_17853487_Patient_1_en-prompt.txt	PMID_17853487_Patient_1	OMIM:607330
0197	PMID_37761890_38__en-prompt.txt	PMID_37761890_38 	OMIM:616362
0198	PMID_34722527_individual_1CRD_7_A_Hameed__EvidenceofRPG_en-prompt.txt	PMID_34722527_individual_1CRD_7_A_Hameed__EvidenceofRPG	OMIM:608194
0199	PMID_16596670_Patient_4_en-prompt.txt	PMID_16596670_Patient_4	OMIM:609192
0200	PMID_35880319_Family_1_en-prompt.txt	PMID_35880319_Family_1	OMIM:620732
0201	PMID_34722527_individual_individual_4_Arif_O_Khan_TheRPGRIP1_rel_en-prompt.txt	PMID_34722527_individual_individual_4_Arif_O_Khan_TheRPGRIP1-rel	OMIM:613826
0202	PMID_30612693_7_en-prompt.txt	PMID_30612693_7	OMIM:618443
0203	PMID_31021519_SATB2_03_from_Zarate_et_al__2018a_en-prompt.txt	PMID_31021519_SATB2_03_from_Zarate_et_al__2018a	OMIM:612313
0204	STX_18469812_Subject_6_en-prompt.txt	STX_18469812_Subject_6	OMIM:612164
0205	PMID_12058348_Patient_4_en-prompt.txt	PMID_12058348_Patient_4	OMIM:151100
0206	PMID_34521999_46_en-prompt.txt	PMID_34521999_46	OMIM:617140
0207	PMID_37433783_P13_en-prompt.txt	PMID_37433783_P13	OMIM:601674
0208	PMID_21236492_Individual_P5_en-prompt.txt	PMID_21236492_Individual_P5	OMIM:614199
0209	PMID_29149870_brother_en-prompt.txt	PMID_29149870_brother	OMIM:216550
0210	PMID_37075751_Individual_3_en-prompt.txt	PMID_37075751_Individual_3	OMIM:616462
0211	PMID_30580808_Ind_20_Fam_18_en-prompt.txt	PMID_30580808_Ind-20-Fam-18	OMIM:618362
0212	PMID_33731876_fam21_en-prompt.txt	PMID_33731876_fam21	OMIM:613721
0213	PMID_34722527_individual_77_4_Hui_Wang_ComprehensiveM_en-prompt.txt	PMID_34722527_individual_77_4_Hui_Wang_ComprehensiveM	OMIM:613826
0214	PMID_21683322_16_en-prompt.txt	PMID_21683322_16	OMIM:614185
0215	PMID_34521999_51_en-prompt.txt	PMID_34521999_51	OMIM:617140
0216	PMID_34521999_2_en-prompt.txt	PMID_34521999_2	OMIM:617140
0217	PMID_27040691_Individual_5_1_en-prompt.txt	PMID_27040691_Individual_5-1	OMIM:616900
0218	STX_EG1188P_en-prompt.txt	STX_EG1188P	OMIM:612164
0219	PMID_33731876_fam36_en-prompt.txt	PMID_33731876_fam36	OMIM:613721
0220	PMID_33875846_patient_22_en-prompt.txt	PMID_33875846_patient_22	OMIM:620655
0221	PMID_36446582_KBG39_en-prompt.txt	PMID_36446582_KBG39	OMIM:148050
0222	STX_23409955_Patient_D_en-prompt.txt	STX_23409955_Patient_D	OMIM:612164
0223	PMID_29469822_Family_11_II_6_en-prompt.txt	PMID_29469822_Family_11_II-6	OMIM:605275
0224	STX_HSJD_Patient_1_en-prompt.txt	STX_HSJD_Patient_1	OMIM:612164
0225	PMID_12789647_K15_II_2_en-prompt.txt	PMID_12789647_K15:II-2	OMIM:142900
0226	PMID_36073542_individual_2_en-prompt.txt	PMID_36073542_individual_2	OMIM:620774
0227	PMID_23972372_family_2_V_7_en-prompt.txt	PMID_23972372_family_2_V_7	OMIM:174300
0228	PMID_25477417_F5_1_en-prompt.txt	PMID_25477417_F5_1	OMIM:248250
0229	PMID_36446582_Scarano_2013_P3_en-prompt.txt	PMID_36446582_Scarano_2013_P3	OMIM:148050
0230	PMID_28074573_HC5_1_en-prompt.txt	PMID_28074573_HC5.1	OMIM:163950
0231	PMID_25516138_IV_6_en-prompt.txt	PMID_25516138_IV_6	OMIM:273900
0232	PMID_36446582_Ockeloen2015_P13_en-prompt.txt	PMID_36446582_Ockeloen2015_P13	OMIM:148050
0233	STX_EG1010P_en-prompt.txt	STX_EG1010P	OMIM:612164
0234	PMID_36446582_Parenti2021_P20_en-prompt.txt	PMID_36446582_Parenti2021_P20	OMIM:148050
0235	PMID_15266616_25_en-prompt.txt	PMID_15266616_25	OMIM:147791
0236	PMID_23335590_Subject_4021_en-prompt.txt	PMID_23335590_Subject_4021	OMIM:304110
0237	PMID_37077559_Sibling_2_en-prompt.txt	PMID_37077559_Sibling_2	OMIM:620402
0238	PMID_25411445_Patient_4_en-prompt.txt	PMID_25411445_Patient_4	OMIM:616211
0239	PMID_36446582_Low_2016_P25_22_en-prompt.txt	PMID_36446582_Low_2016_P25_22	OMIM:148050
0240	PMID_33731876_fam207_en-prompt.txt	PMID_33731876_fam207	OMIM:613721
0241	PMID_37660254_Patient_5_en-prompt.txt	PMID_37660254_Patient_5	OMIM:620669
0242	PMID_10580070_C_III_2_en-prompt.txt	PMID_10580070_C_III-2	OMIM:115200
0243	PMID_31021519_SATB2_47_from_Zarate_et_al__2018a__Bengani_et_al_en-prompt.txt	PMID_31021519_SATB2_47_from_Zarate_et_al__2018a__Bengani_et_al	OMIM:612313
0244	PMID_37962958_4_en-prompt.txt	PMID_37962958_4	OMIM:620535
0245	PMID_32730804_Individual_7_en-prompt.txt	PMID_32730804_Individual_7	OMIM:620511
0246	PMID_31332438_A_II_3_en-prompt.txt	PMID_31332438_A:II:3	OMIM:620528
0247	PMID_30473892_IV_2_sister_en-prompt.txt	PMID_30473892_IV-2_sister	OMIM:616354
0248	PMID_11175294_B47_en-prompt.txt	PMID_11175294_B47	OMIM:154700
0249	PMID_16865293_Family_4_individual_8Y1M_en-prompt.txt	PMID_16865293_Family_4_individual_8Y1M	OMIM:216400
0250	PMID_29379197_DECIPHER_264293_en-prompt.txt	PMID_29379197_DECIPHER_264293	OMIM:620568
0251	PMID_15266616_98_en-prompt.txt	PMID_15266616_98	OMIM:147791
0252	PMID_24736735_G048__en-prompt.txt	PMID_24736735_G048_	OMIM:175700
0253	PMID_24736735_G085_Aunt_en-prompt.txt	PMID_24736735_G085-Aunt	OMIM:146510
0254	PMID_31021519_62_from_Vissers_et_al_en-prompt.txt	PMID_31021519_62_from_Vissers_et_al	OMIM:612313
0255	PMID_33731876_fam229_en-prompt.txt	PMID_33731876_fam229	OMIM:607745
0256	PMID_33731876_fam379_en-prompt.txt	PMID_33731876_fam379	OMIM:613721
0257	PMID_21217753_Fam_2_II_7_en-prompt.txt	PMID_21217753_Fam_2_II-7	OMIM:613795
0258	PMID_23388215_Proband_4_en-prompt.txt	PMID_23388215_Proband_4	OMIM:616247
0259	PMID_24889630_Proband_2_en-prompt.txt	PMID_24889630_Proband_2	OMIM:620680
0260	PMID_10580070_B_V_2_en-prompt.txt	PMID_10580070_B_V-2	OMIM:115200
0261	STX_BCH_001_en-prompt.txt	STX_BCH_001	OMIM:612164
0262	PMID_28940506_Family_16_Individual_21_en-prompt.txt	PMID_28940506_Family_16_Individual_21	OMIM:615471
0263	PMID_33731876_fam198_en-prompt.txt	PMID_33731876_fam198	OMIM:613721
0264	STX_Fila_7_EG_CB_en-prompt.txt	STX_Fila_7_EG_CB	OMIM:612164
0265	STX_26865513_Patient_29_en-prompt.txt	STX_26865513_Patient_29	OMIM:612164
0266	STX_129_en-prompt.txt	STX_129	OMIM:612164
0267	PMID_36303223_individual_21_PMID_27289259_en-prompt.txt	PMID_36303223_individual_21_PMID_27289259	OMIM:272300
0268	PMID_33731876_fam294_en-prompt.txt	PMID_33731876_fam294	OMIM:607745
0269	PMID_16965330_Sibling_of_patient_11_en-prompt.txt	PMID_16965330_Sibling_of_patient_11	OMIM:240300
0270	PMID_36446582_Murray_2017_P1_1_1_en-prompt.txt	PMID_36446582_Murray_2017_P1_1_1	OMIM:148050
0271	PMID_33731876_fam125_en-prompt.txt	PMID_33731876_fam125	OMIM:613721
0272	STX_27779742_60_en-prompt.txt	STX_27779742_60	OMIM:612164
0273	PMID_15911822_Patient_5_en-prompt.txt	PMID_15911822_Patient_5	OMIM:234200
0274	PMID_34722527_individual_1CRD_6_A_Hameed__EvidenceofRPG_en-prompt.txt	PMID_34722527_individual_1CRD_6_A_Hameed__EvidenceofRPG	OMIM:608194
0275	PMID_29469822_Family_12_V_1_en-prompt.txt	PMID_29469822_Family_12_V-1	OMIM:605275
0276	PMID_31239556_individual_31_en-prompt.txt	PMID_31239556_individual_31	OMIM:615502
0277	STX_S016_en-prompt.txt	STX_S016	OMIM:612164
0278	PMID_37761890_49__en-prompt.txt	PMID_37761890_49 	OMIM:616362
0279	PMID_31021519_SATB2_10_from_Zarate_et_al__2018a_en-prompt.txt	PMID_31021519_SATB2_10_from_Zarate_et_al__2018a	OMIM:612313
0280	PMID_26242992_IV_40_en-prompt.txt	PMID_26242992_IV-40	OMIM:301310
0281	PMID_36440963_III_4_en-prompt.txt	PMID_36440963_III-4	OMIM:620459
0282	PMID_33731876_fam18_en-prompt.txt	PMID_33731876_fam18	OMIM:613721
0283	PMID_37734847_Patient_2_en-prompt.txt	PMID_37734847_Patient_2	OMIM:620629
0284	PMID_37303127_1_en-prompt.txt	PMID_37303127_1	OMIM:151660
0285	PMID_21217753_Fam_1_IV_11_en-prompt.txt	PMID_21217753_Fam_1_IV-11	OMIM:613795
0286	PMID_26467218_individual_6_Cirstea_et_al__14_en-prompt.txt	PMID_26467218_individual_6_Cirstea_et_al__14	OMIM:613224
0287	PMID_27087320_Subject_2_en-prompt.txt	PMID_27087320_Subject_2	OMIM:616975
0288	PMID_32376980_13_en-prompt.txt	PMID_32376980_13	OMIM:618164
0289	PMID_37880421_Family_4_II_2_en-prompt.txt	PMID_37880421_Family_4_II_2	OMIM:620653
0290	PMID_36446582_KBG17_en-prompt.txt	PMID_36446582_KBG17	OMIM:148050
0291	PMID_12789647_K5_III_2_en-prompt.txt	PMID_12789647_K5:III-2	OMIM:142900
0292	PMID_29330883_Subject_1_en-prompt.txt	PMID_29330883_Subject_1	OMIM:616975
0293	PMID_36307226_Proband_15_en-prompt.txt	PMID_36307226_Proband_15	OMIM:620537
0294	PMID_29149870_proposita_en-prompt.txt	PMID_29149870_proposita	OMIM:216550
0295	PMID_33045405_Pitt_et_al___2015_A1_4_en-prompt.txt	PMID_33045405_Pitt_et_al.,_2015_A1-4	OMIM:605911
0296	STX_32411386_Case_8_en-prompt.txt	STX_32411386_Case_8	OMIM:612164
0297	STX_P_44_en-prompt.txt	STX_P_44	OMIM:612164
0298	PMID_36932076_Patient_2_en-prompt.txt	PMID_36932076_Patient_2	OMIM:620376
0299	PMID_28886341_Individual_F3_II_2_en-prompt.txt	PMID_28886341_Individual_F3_II_2	OMIM:617694
0300	PMID_10580070_A_III_13_en-prompt.txt	PMID_10580070_A_III-13	OMIM:115200
0301	STX_Syrbe_17_en-prompt.txt	STX_Syrbe_17	OMIM:612164
0302	PMID_31548836_Family_F_III1_en-prompt.txt	PMID_31548836_Family_F_III1	OMIM:119600
0303	PMID_35923690_50_3_en-prompt.txt	PMID_35923690_50–3	OMIM:105650
0304	PMID_25835445_2_II_1_en-prompt.txt	PMID_25835445_2-II:1	OMIM:615582
0305	STX_23708187_T23151_en-prompt.txt	STX_23708187_T23151	OMIM:612164
0306	PMID_31021519_70886_from_Asadollahi_et_al_en-prompt.txt	PMID_31021519_70886_from_Asadollahi_et_al	OMIM:612313
0307	PMID_37913506_II_6_en-prompt.txt	PMID_37913506_II-6	OMIM:620734
0308	PMID_15266616_9_en-prompt.txt	PMID_15266616_9	OMIM:147791
0309	PMID_32376980_5_en-prompt.txt	PMID_32376980_5	OMIM:618164
0310	PMID_10749987_10749987_P3_en-prompt.txt	PMID_10749987_10749987_P3	OMIM:604377
0311	PMID_22541558_individual_G_1_en-prompt.txt	PMID_22541558_individual_G_1	OMIM:154400
0312	PMID_36695497_Individual_6_en-prompt.txt	PMID_36695497_Individual_6	OMIM:620731
0313	PMID_29037160_Case_1_family_I_en-prompt.txt	PMID_29037160_Case_1_family_I	OMIM:220400
0314	PMID_31021519_28_from_Cherot_et_al_en-prompt.txt	PMID_31021519_28_from_Cherot_et_al	OMIM:612313
0315	PMID_36440963_IV_1_en-prompt.txt	PMID_36440963_IV-1	OMIM:620459
0316	PMID_25142838_P12_en-prompt.txt	PMID_25142838_P12	OMIM:147920
0317	PMID_15266616_153_en-prompt.txt	PMID_15266616_153	OMIM:147791
0318	PMID_26908613_SRF1105_en-prompt.txt	PMID_26908613_SRF1105	OMIM:617123
0319	PMID_32404357_II_2_en-prompt.txt	PMID_32404357_II_2	OMIM:129600
0320	STX_Syrbe_1_en-prompt.txt	STX_Syrbe_1	OMIM:612164
0321	PMID_29122497_29122497_P6_en-prompt.txt	PMID_29122497_29122497_P6	OMIM:616370
0322	STX_23934111_jk_en-prompt.txt	STX_23934111_jk	OMIM:612164
0323	PMID_37875108_Patient_5_en-prompt.txt	PMID_37875108_Patient_5	OMIM:301115
0324	PMID_31021519_Subject_2_from_Rosenfeld_et_al_en-prompt.txt	PMID_31021519_Subject_2_from_Rosenfeld_et_al	OMIM:612313
0325	PMID_18412284_Patient_III_8_en-prompt.txt	PMID_18412284_Patient_III_8	OMIM:601414
0326	PMID_33731876_fam283_en-prompt.txt	PMID_33731876_fam283	OMIM:613721
0327	PMID_27843126_C_II_2_en-prompt.txt	PMID_27843126_C-II.2	OMIM:617146
0328	PMID_33731876_fam132_en-prompt.txt	PMID_33731876_fam132	OMIM:607745
0329	STX_EG1074P_en-prompt.txt	STX_EG1074P	OMIM:612164
0330	PMID_36446582_Murray_2017_P8_4_1_en-prompt.txt	PMID_36446582_Murray_2017_P8_4_1	OMIM:148050
0331	PMID_23222957_Family_2_2_1_en-prompt.txt	PMID_23222957_Family_2_2.1	OMIM:242840
0332	PMID_28132693_individual_1_GC18203_en-prompt.txt	PMID_28132693_individual_1_GC18203	OMIM:617433
0333	PMID_36823193_Patient_1_Family_1_en-prompt.txt	PMID_36823193_Patient_1_Family_1	OMIM:620451
0334	PMID_31239556_individual_26_en-prompt.txt	PMID_31239556_individual_26	OMIM:615502
0335	PMID_36006710_Patient_3_en-prompt.txt	PMID_36006710_Patient_3	OMIM:620430
0336	PMID_27290639_Case_3_en-prompt.txt	PMID_27290639_Case_3	OMIM:615471
0337	PMID_31774634_Horn_and_Robinson_et_al___2011__en-prompt.txt	PMID_31774634_Horn_and_Robinson_et_al._(2011)	OMIM:616914
0338	PMID_28074573_KK1_en-prompt.txt	PMID_28074573_KK1	OMIM:163950
0339	PMID_36446582_Parenti2021_P19_en-prompt.txt	PMID_36446582_Parenti2021_P19	OMIM:148050
0340	PMID_21131976_EsM3422_en-prompt.txt	PMID_21131976_EsM3422	OMIM:613717
0341	PMID_31332438_B_IV_1_en-prompt.txt	PMID_31332438_B:IV:1	OMIM:620528
0342	PMID_36333996_Patient_of_family_B_en-prompt.txt	PMID_36333996_Patient_of_family_B	OMIM:620427
0343	PMID_31949313_F4_II_5_en-prompt.txt	PMID_31949313_F4_II_5	OMIM:147920
0344	PMID_27374306_Case_2_en-prompt.txt	PMID_27374306_Case_2	OMIM:616247
0345	PMID_35150594_K_IV_7_en-prompt.txt	PMID_35150594_K:IV:7	OMIM:620538
0346	STX_G3_P15_en-prompt.txt	STX_G3_P15	OMIM:612164
0347	PMID_33731876_fam168_en-prompt.txt	PMID_33731876_fam168	OMIM:613721
0348	PMID_26911354_Family_1_Patient_1_en-prompt.txt	PMID_26911354_Family_1_Patient_1	OMIM:615066
0349	PMID_28575651_Individual_6_en-prompt.txt	PMID_28575651_Individual_6	OMIM:617560
0350	PMID_36586412_4b_en-prompt.txt	PMID_36586412_4b	OMIM:301111
0351	PMID_36074901_17_en-prompt.txt	PMID_36074901_17	OMIM:620465
0352	PMID_25142838_P6_en-prompt.txt	PMID_25142838_P6	OMIM:147920
0353	PMID_28065471_PII_1_en-prompt.txt	PMID_28065471_PII:1	OMIM:617402
0354	PMID_36446582_Goldenberg2016_P22_en-prompt.txt	PMID_36446582_Goldenberg2016_P22	OMIM:148050
0355	PMID_35484142_F7_P8_en-prompt.txt	PMID_35484142_F7/P8	OMIM:620460
0356	PMID_31021519_individual_SATB2_94_en-prompt.txt	PMID_31021519_individual_SATB2_94	OMIM:612313
0357	PMID_33731876_fam389_en-prompt.txt	PMID_33731876_fam389	OMIM:613721
0358	PMID_26590883_Patient_NCI_82_1_en-prompt.txt	PMID_26590883_Patient_NCI‐82‐1	OMIM:609053
0359	PMID_36917474_Patient_2_en-prompt.txt	PMID_36917474_Patient_2	OMIM:620675
0360	PMID_28940506_Family_15_Individual_20_en-prompt.txt	PMID_28940506_Family_15_Individual_20	OMIM:615471
0361	STX_30185235_Case_90_en-prompt.txt	STX_30185235_Case_90	OMIM:612164
0362	PMID_32710489_Group_1_Patient_3_en-prompt.txt	PMID_32710489_Group_1_Patient_3	OMIM:620155
0363	PMID_36996813_Individual_KCHYD24_1_en-prompt.txt	PMID_36996813_Individual_KCHYD24-1	OMIM:620371
0364	PMID_33731876_fam264_en-prompt.txt	PMID_33731876_fam264	OMIM:613721
0365	PMID_33731876_fam334_en-prompt.txt	PMID_33731876_fam334	OMIM:613721
0366	PMID_36446582_Kutkowska_Kazmierczak2021_P3_en-prompt.txt	PMID_36446582_Kutkowska_Kazmierczak2021_P3	OMIM:148050
0367	STX_P_09_en-prompt.txt	STX_P_09	OMIM:612164
0368	STX_23934111_dl_en-prompt.txt	STX_23934111_dl	OMIM:612164
0369	PMID_24736735_G076_Mother_en-prompt.txt	PMID_24736735_G076_Mother	OMIM:175700
0370	PMID_30580808_Ind_26_Fam_20_en-prompt.txt	PMID_30580808_Ind-26-Fam-20	OMIM:618362
0371	PMID_34490705_II_2_en-prompt.txt	PMID_34490705_II-2	OMIM:142900
0372	PMID_35534203_Family_W0031_II_1_P3_en-prompt.txt	PMID_35534203_Family_W0031_II_1_P3	OMIM:620744
0373	PMID_32325141_index_patient_en-prompt.txt	PMID_32325141_index_patient	OMIM:620674
0374	PMID_31021519_individual_SATB2_113_en-prompt.txt	PMID_31021519_individual_SATB2_113	OMIM:612313
0375	PMID_37761890_53__en-prompt.txt	PMID_37761890_53 	OMIM:616362
0376	PMID_37761890_46__en-prompt.txt	PMID_37761890_46 	OMIM:616362
0377	PMID_32154675_Family_7_Patient_16_en-prompt.txt	PMID_32154675_Family_7_Patient_16	OMIM:613795
0378	PMID_29749493_proband_en-prompt.txt	PMID_29749493_proband	OMIM:215470
0379	STX_Fila_4_EG_CB_en-prompt.txt	STX_Fila_4_EG_CB	OMIM:612164
0380	PMID_34521999_32_en-prompt.txt	PMID_34521999_32	OMIM:617140
0381	STX_32429945_Patient_23_en-prompt.txt	STX_32429945_Patient_23	OMIM:612164
0382	PMID_28969374_Family_2_G653001_Pt2_en-prompt.txt	PMID_28969374_Family_2_G653001_Pt2	OMIM:617560
0383	PMID_35484142_F10_P11_en-prompt.txt	PMID_35484142_F10/P11	OMIM:620460
0384	PMID_16900296_IV_3_en-prompt.txt	PMID_16900296_IV-3	OMIM:608393
0385	PMID_31239556_individual_6_en-prompt.txt	PMID_31239556_individual_6	OMIM:615502
0386	PMID_15781812_individual_123_en-prompt.txt	PMID_15781812_individual_123	OMIM:620681
0387	PMID_35977029_14401_p1_en-prompt.txt	PMID_35977029_14401.p1	OMIM:620494
0388	PMID_33731876_fam42_en-prompt.txt	PMID_33731876_fam42	OMIM:613721
0389	PMID_30838237_18_year_old_adolescent_male_en-prompt.txt	PMID_30838237_18-year-old_adolescent_male	OMIM:606693
0390	PMID_36446582_Murray_2017_P13_11_1_en-prompt.txt	PMID_36446582_Murray_2017_P13_11_1	OMIM:148050
0391	STX_30654231_Patient_5_en-prompt.txt	STX_30654231_Patient_5	OMIM:612164
0392	PMID_34521999_25_en-prompt.txt	PMID_34521999_25	OMIM:617140
0393	PMID_30580808_Ind_10_Fam_10_en-prompt.txt	PMID_30580808_Ind-10-Fam-10	OMIM:618362
0394	PMID_36446582_Low_2016_P29_27_en-prompt.txt	PMID_36446582_Low_2016_P29_27	OMIM:148050
0395	PMID_37962958_13_en-prompt.txt	PMID_37962958_13	OMIM:620535
0396	STX_20876469_Patient_3_en-prompt.txt	STX_20876469_Patient_3	OMIM:612164
0397	PMID_31021519_individual_SATB2_104_en-prompt.txt	PMID_31021519_individual_SATB2_104	OMIM:612313
0398	PMID_36965478_Individual_9_en-prompt.txt	PMID_36965478_Individual_9	OMIM:620515
0399	PMID_25845469_Patient_1_en-prompt.txt	PMID_25845469_Patient_1	OMIM:614249
0400	PMID_33731876_fam273_en-prompt.txt	PMID_33731876_fam273	OMIM:613721
0401	PMID_33731876_fam323_en-prompt.txt	PMID_33731876_fam323	OMIM:613721
0402	PMID_28503313_patient_en-prompt.txt	PMID_28503313_patient	OMIM:270400
0403	PMID_37196654_Individual_10_en-prompt.txt	PMID_37196654_Individual_10	OMIM:618505
0404	PMID_36446582_Gnazzo_2020_P11_en-prompt.txt	PMID_36446582_Gnazzo_2020_P11	OMIM:148050
0405	PMID_32666529_Family_5_II_2_en-prompt.txt	PMID_32666529_Family_5_II.2	OMIM:620519
0406	PMID_34722527_individual_individual_1_Lin_Li_DetectionofVa_en-prompt.txt	PMID_34722527_individual_individual_1_Lin_Li_DetectionofVa	OMIM:613826
0407	PMID_30356099_Patient_15_en-prompt.txt	PMID_30356099_Patient_15	OMIM:616211
0408	PMID_34722527_individual_TB34R_R74_2_Tami_Current_en-prompt.txt	PMID_34722527_individual_TB34R-R74_2_Tami_Current	OMIM:608194
0409	PMID_37433783_P7_en-prompt.txt	PMID_37433783_P7	OMIM:601674
0410	PMID_31021519_individual_SATB2_83_en-prompt.txt	PMID_31021519_individual_SATB2_83	OMIM:612313
0411	PMID_34722527_individual_79_3_Hui_Wang_ComprehensiveM_en-prompt.txt	PMID_34722527_individual_79_3_Hui_Wang_ComprehensiveM	OMIM:613826
0412	PMID_36446582_Goldenberg2016_P35_en-prompt.txt	PMID_36446582_Goldenberg2016_P35	OMIM:148050
0413	PMID_36446582_KBG1_en-prompt.txt	PMID_36446582_KBG1	OMIM:148050
0414	PMID_37196654_Individual_83_en-prompt.txt	PMID_37196654_Individual_83	OMIM:618505
0415	PMID_28940506_Family_15_Individual_19_en-prompt.txt	PMID_28940506_Family_15_Individual_19	OMIM:615471
0416	STX_SP_C_en-prompt.txt	STX_SP_C	OMIM:612164
0417	PMID_24321194_II_2_en-prompt.txt	PMID_24321194_II_2	OMIM:248250
0418	PMID_10939567_EMD4_III_4_en-prompt.txt	PMID_10939567_EMD4_III-4	OMIM:181350
0419	PMID_36446582_Gnazzo_2020_P6_en-prompt.txt	PMID_36446582_Gnazzo_2020_P6	OMIM:148050
0420	PMID_36586412_10_en-prompt.txt	PMID_36586412_10	OMIM:301111
0421	PMID_31021519_individual_2_from_Farwell_et_al_en-prompt.txt	PMID_31021519_individual_2_from_Farwell_et_al	OMIM:612313
0422	STX_CHCO_08_en-prompt.txt	STX_CHCO_08	OMIM:612164
0423	PMID_12789647_K3_II_1_en-prompt.txt	PMID_12789647_K3:II-1	OMIM:142900
0424	PMID_31090908_II_2_en-prompt.txt	PMID_31090908_II.2	OMIM:620542
0425	PMID_33731876_fam151_en-prompt.txt	PMID_33731876_fam151	OMIM:613721
0426	PMID_34722527_individual_1CRD_1_A_Hameed__EvidenceofRPG_en-prompt.txt	PMID_34722527_individual_1CRD_1_A_Hameed__EvidenceofRPG	OMIM:608194
0427	PMID_25808063_Patient_6_en-prompt.txt	PMID_25808063_Patient_6	OMIM:600373
0428	PMID_11479728_patient_13_en-prompt.txt	PMID_11479728_patient_13	OMIM:609637
0429	PMID_35991565_Family_I__3_en-prompt.txt	PMID_35991565_Family_I_Ⅴ3	OMIM:620686
0430	PMID_34722527_individual_arRP_F093_9_Leen_Abu_Safieh_Autozygome_guid_en-prompt.txt	PMID_34722527_individual_arRP-F093_9_Leen_Abu-Safieh_Autozygome-guid	OMIM:613826
0431	PMID_12818525_B_III_5_en-prompt.txt	PMID_12818525_B_III/5	OMIM:142900
0432	PMID_36823193_Patient_6_Family_5_en-prompt.txt	PMID_36823193_Patient_6_Family_5	OMIM:620451
0433	PMID_36446582_Kutkowska_Kazmierczak2021_P11_en-prompt.txt	PMID_36446582_Kutkowska_Kazmierczak2021_P11	OMIM:148050
0434	STX_29314583_Case_243_en-prompt.txt	STX_29314583_Case_243	OMIM:612164
0435	PMID_14585638_F3_2_en-prompt.txt	PMID_14585638_F3-2	OMIM:188400
0436	STX_26993267_Case_62_en-prompt.txt	STX_26993267_Case_62	OMIM:612164
0437	PMID_20375004_4_II_1_en-prompt.txt	PMID_20375004_4-II:1	OMIM:184900
0438	PMID_22541558_individual_H_1_en-prompt.txt	PMID_22541558_individual_H_1	OMIM:154400
0439	PMID_37761890_37__en-prompt.txt	PMID_37761890_37 	OMIM:616362
0440	PMID_37761890_22__en-prompt.txt	PMID_37761890_22 	OMIM:616362
0441	PMID_36303223_individual_30_PMID_31806255_en-prompt.txt	PMID_36303223_individual_30_PMID_31806255	OMIM:272300
0442	PMID_30099644_III_9_en-prompt.txt	PMID_30099644_III:9	OMIM:600138
0443	PMID_27743463_S9_en-prompt.txt	PMID_27743463_S9	OMIM:615471
0444	PMID_15266616_130_en-prompt.txt	PMID_15266616_130	OMIM:147791
0445	PMID_36463227_case_en-prompt.txt	PMID_36463227_case	OMIM:612653
0446	PMID_18695062_18695062_P3_en-prompt.txt	PMID_18695062_18695062_P3	OMIM:256810
0447	PMID_28202457_F2_1_2_en-prompt.txt	PMID_28202457_F2_1_2	OMIM:159550
0448	PMID_31021519_SATB2_65_from_Zarate_et_al__2018a_Scott_et_al_en-prompt.txt	PMID_31021519_SATB2_65_from_Zarate_et_al__2018a_Scott_et_al	OMIM:612313
0449	PMID_34722527_individual_individual_13_Arif_O_Khan_Geneticanalysi_en-prompt.txt	PMID_34722527_individual_individual_13_Arif_O_Khan_Geneticanalysi	OMIM:613826
0450	PMID_36446582_KBG63_en-prompt.txt	PMID_36446582_KBG63	OMIM:148050
0451	STX_32139178_Patient_Neonatal26_en-prompt.txt	STX_32139178_Patient_Neonatal26	OMIM:612164
0452	PMID_31021519_Case_8_AN_from_Bengani_et_al_en-prompt.txt	PMID_31021519_Case_8_AN_from_Bengani_et_al	OMIM:612313
0453	PMID_36727596_OP_2301_II1_en-prompt.txt	PMID_36727596_OP-2301_II1	OMIM:620642
0454	STX_32521962_P2_en-prompt.txt	STX_32521962_P2	OMIM:612164
0455	PMID_35470444_P11_en-prompt.txt	PMID_35470444_P11	OMIM:620568
0456	STX_EG1192P_en-prompt.txt	STX_EG1192P	OMIM:612164
0457	PMID_28069640_Patient_A_J__VII1__en-prompt.txt	PMID_28069640_Patient_A.J_(VII1)	OMIM:620519
0458	STX_P_27_en-prompt.txt	STX_P_27	OMIM:612164
0459	PMID_29678961_proband_en-prompt.txt	PMID_29678961_proband	OMIM:616907
0460	PMID_30057029_Individual_2_en-prompt.txt	PMID_30057029_Individual_2	OMIM:618089
0461	PMID_10939567_Spo104_en-prompt.txt	PMID_10939567_Spo104	OMIM:181350
0462	PMID_18513678_individual_5001_en-prompt.txt	PMID_18513678_individual_5001	OMIM:260300
0463	PMID_32154675_Family_3_Patient_8_en-prompt.txt	PMID_32154675_Family_3_Patient_8	OMIM:613795
0464	PMID_32811249_Sibling_2_en-prompt.txt	PMID_32811249_Sibling_2	OMIM:615983
0465	PMID_36996813_Individual_13_en-prompt.txt	PMID_36996813_Individual_13	OMIM:620371
0466	PMID_26942284_V_2_from_Family_A_en-prompt.txt	PMID_26942284_V_2_from_Family_A	OMIM:616840
0467	PMID_18551513_3_en-prompt.txt	PMID_18551513_3	OMIM:613205
0468	PMID_31664948_31664948_P1_en-prompt.txt	PMID_31664948_31664948_P1	OMIM:256810
0469	PMID_28742248_Patient_3_en-prompt.txt	PMID_28742248_Patient_3	OMIM:618343
0470	PMID_17056636_Patient_No_9_en-prompt.txt	PMID_17056636_Patient_No_9	OMIM:609942
0471	PMID_15266616_127_en-prompt.txt	PMID_15266616_127	OMIM:147791
0472	PMID_22258530_Patient_7_en-prompt.txt	PMID_22258530_Patient_7	OMIM:613477
0473	PMID_34722527_individual_GUY_6_Gerber_S_Completeexon_i_en-prompt.txt	PMID_34722527_individual_GUY_6_Gerber_S_Completeexon-i	OMIM:613826
0474	PMID_30868101_KRS_103_IV_13_en-prompt.txt	PMID_30868101_KRS-103-IV-13	OMIM:606693
0475	PMID_37196654_Individual_29_en-prompt.txt	PMID_37196654_Individual_29	OMIM:618505
0476	PMID_33731876_fam146_en-prompt.txt	PMID_33731876_fam146	OMIM:607745
0477	PMID_30855487_infant_girl_en-prompt.txt	PMID_30855487_infant_girl	OMIM:609637
0478	PMID_36446582_Gnazzo_2020_P28_en-prompt.txt	PMID_36446582_Gnazzo_2020_P28	OMIM:148050
0479	PMID_11992252_Patient_1_en-prompt.txt	PMID_11992252_Patient_1	OMIM:620728
0480	PMID_36303223_individual_10_PMID_12112661_en-prompt.txt	PMID_36303223_individual_10_PMID_12112661	OMIM:272300
0481	PMID_30249733_Case_presentation_en-prompt.txt	PMID_30249733_Case_presentation	OMIM:601776
0482	PMID_12203992_D30_en-prompt.txt	PMID_12203992_D30	OMIM:154700
0483	PMID_15731757_Family_1_I_2_en-prompt.txt	PMID_15731757_Family_1_I_2	OMIM:610168
0484	PMID_25868664_Family_16_Case_21_en-prompt.txt	PMID_25868664_Family_16_Case_21	OMIM:615471
0485	PMID_36189931_Individual_17_en-prompt.txt	PMID_36189931_Individual_17	OMIM:130050
0486	STX_EG1643P_en-prompt.txt	STX_EG1643P	OMIM:612164
0487	PMID_31837156_Patient_2_en-prompt.txt	PMID_31837156_Patient_2	OMIM:620542
0488	PMID_36528028_Individual_3_en-prompt.txt	PMID_36528028_Individual_3	OMIM:620455
0489	PMID_15781812_individual_147_4_en-prompt.txt	PMID_15781812_individual_147_4	OMIM:620681
0490	PMID_33766796_11_en-prompt.txt	PMID_33766796_11	OMIM:620157
0491	PMID_28413018_A_IV_7_en-prompt.txt	PMID_28413018_A-IV-7	OMIM:617527
0492	PMID_30451291_IV_3_en-prompt.txt	PMID_30451291_IV:3	OMIM:300088
0493	STX_25497044_Patient_5_en-prompt.txt	STX_25497044_Patient_5	OMIM:612164
0494	PMID_27180139_case_1_en-prompt.txt	PMID_27180139_case_1	OMIM:604213
0495	PMID_36446582_Gnazzo_2020_P15_en-prompt.txt	PMID_36446582_Gnazzo_2020_P15	OMIM:148050
0496	PMID_20159436_20159436_P1_en-prompt.txt	PMID_20159436_20159436_P1	OMIM:604377
0497	PMID_36446582_KBG31A_en-prompt.txt	PMID_36446582_KBG31A	OMIM:148050
0498	PMID_30356099_Patient_11_en-prompt.txt	PMID_30356099_Patient_11	OMIM:616211
0499	PMID_22388936_II_8_en-prompt.txt	PMID_22388936_II-8	OMIM:606693
0500	PMID_35977029_family_12_en-prompt.txt	PMID_35977029_family_12	OMIM:620494
0501	PMID_37433783_P3_en-prompt.txt	PMID_37433783_P3	OMIM:601674
0502	PMID_36446582_KBG5_en-prompt.txt	PMID_36446582_KBG5	OMIM:148050
0503	PMID_34722527_individual_RP208_5_Lin_Li_DetectionofVa_en-prompt.txt	PMID_34722527_individual_RP208_5_Lin_Li_DetectionofVa	OMIM:613826
0504	PMID_36446582_Goldenberg2016_P31_en-prompt.txt	PMID_36446582_Goldenberg2016_P31	OMIM:148050
0505	PMID_25835445_1_III_13__en-prompt.txt	PMID_25835445_1-III:13*	OMIM:615582
0506	PMID_33731876_fam327_en-prompt.txt	PMID_33731876_fam327	OMIM:613721
0507	PMID_33731876_fam277_en-prompt.txt	PMID_33731876_fam277	OMIM:607745
0508	PMID_37943620_M_25_en-prompt.txt	PMID_37943620_M/25	OMIM:620714
0509	PMID_35962790_Family_B_Individual_3__II_6__en-prompt.txt	PMID_35962790_Family_B_Individual_3_(II-6)	OMIM:620545
0510	PMID_37179472_Family_3_II_7_en-prompt.txt	PMID_37179472_Family_3_II_7	OMIM:620641
0511	PMID_15673476_proband_en-prompt.txt	PMID_15673476_proband	OMIM:162000
0512	PMID_37656279_Pedigree_A_II_3_en-prompt.txt	PMID_37656279_Pedigree_A_II:3	OMIM:620510
0513	PMID_18256394_C_en-prompt.txt	PMID_18256394_C	OMIM:151660
0514	PMID_37962958_17_en-prompt.txt	PMID_37962958_17	OMIM:620535
0515	PMID_28150585_patient_P62_en-prompt.txt	PMID_28150585_patient_P62	OMIM:611431
0516	PMID_26956144_patient_en-prompt.txt	PMID_26956144_patient	OMIM:609260
0517	PMID_22541558_individual_O_2_en-prompt.txt	PMID_22541558_individual_O_2	OMIM:154400
0518	PMID_31021519_279803_from_Bengani_et_al_en-prompt.txt	PMID_31021519_279803_from_Bengani_et_al	OMIM:612313
0519	PMID_31021519_individual_SATB2_100_en-prompt.txt	PMID_31021519_individual_SATB2_100	OMIM:612313
0520	PMID_36446582_KBG49_en-prompt.txt	PMID_36446582_KBG49	OMIM:148050
0521	PMID_21739261_Patient_1_en-prompt.txt	PMID_21739261_Patient_1	OMIM:203290
0522	PMID_33731876_fam46_en-prompt.txt	PMID_33731876_fam46	OMIM:613721
0523	PMID_34722527_individual_18_9_Arif_O_Khan_Geneticanalysi_en-prompt.txt	PMID_34722527_individual_18_9_Arif_O_Khan_Geneticanalysi	OMIM:613826
0524	PMID_34722527_individual_1EYE20_2_Daisuke_Miyamichi_Retinalstructu_en-prompt.txt	PMID_34722527_individual_1EYE20_2_Daisuke_Miyamichi_Retinalstructu	OMIM:613826
0525	PMID_34521999_21_en-prompt.txt	PMID_34521999_21	OMIM:617140
0526	PMID_25868664_Family_17_Case_17_en-prompt.txt	PMID_25868664_Family_17_Case_17	OMIM:615471
0527	STX_30654231_Patient_1_en-prompt.txt	STX_30654231_Patient_1	OMIM:612164
0528	PMID_37056170_Proband_4_en-prompt.txt	PMID_37056170_Proband_4	OMIM:151100
0529	PMID_17886299_patient_BM20_en-prompt.txt	PMID_17886299_patient_BM20	OMIM:158810
0530	PMID_31774634_Garg_and_Xing_et_al___2014__patient_2_en-prompt.txt	PMID_31774634_Garg_and_Xing_et_al._(2014)_patient_2	OMIM:616914
0531	PMID_33731876_fam51_en-prompt.txt	PMID_33731876_fam51	OMIM:613721
0532	PMID_36331550_Family_11_Patient_15_en-prompt.txt	PMID_36331550_Family_11_Patient_15	OMIM:620540
0533	PMID_34722527_individual_1CRD_2_A_Hameed__EvidenceofRPG_en-prompt.txt	PMID_34722527_individual_1CRD_2_A_Hameed__EvidenceofRPG	OMIM:608194
0534	PMID_34521999_36_en-prompt.txt	PMID_34521999_36	OMIM:617140
0535	PMID_20358619_Patient_1_en-prompt.txt	PMID_20358619_Patient_1	OMIM:610168
0536	PMID_23562786_patient_en-prompt.txt	PMID_23562786_patient	OMIM:177170
0537	PMID_15781812_individual_127_en-prompt.txt	PMID_15781812_individual_127	OMIM:620681
0538	PMID_38014483_Family_a_individual_a_3_en-prompt.txt	PMID_38014483_Family_a_individual_a_3	OMIM:620666
0539	PMID_31239556_individual_2_en-prompt.txt	PMID_31239556_individual_2	OMIM:615502
0540	PMID_36303223_individual_5_PMID_12112661_en-prompt.txt	PMID_36303223_individual_5_PMID_12112661	OMIM:272300
0541	PMID_18930476_individual_II3_en-prompt.txt	PMID_18930476_individual_II3	OMIM:614321
0542	PMID_36446582_Kutkowska_Kazmierczak2021_P7_en-prompt.txt	PMID_36446582_Kutkowska_Kazmierczak2021_P7	OMIM:148050
0543	PMID_25439728_IV_3_en-prompt.txt	PMID_25439728_IV.3	OMIM:616354
0544	STX_Fila_5_EG_CB_en-prompt.txt	STX_Fila_5_EG_CB	OMIM:612164
0545	PMID_36446582_Sirmaci2011_P2_en-prompt.txt	PMID_36446582_Sirmaci2011_P2	OMIM:148050
0546	PMID_36446582_VanDongen2019_P13_en-prompt.txt	PMID_36446582_VanDongen2019_P13	OMIM:148050
0547	PMID_34722527_individual_MA10_1_Christopher_M__Watson_MutationScreen_en-prompt.txt	PMID_34722527_individual_MA10_1_Christopher_M__Watson_MutationScreen	OMIM:608194
0548	PMID_9621512_Patient_KM05_en-prompt.txt	PMID_9621512_Patient_KM05	OMIM:620699
0549	PMID_34722527_individual_individual_1_Elena_Vallespin_Mutationscreen_en-prompt.txt	PMID_34722527_individual_individual_1_Elena_Vallespin_Mutationscreen	OMIM:613826
0550	PMID_31021519_SATB2_26_from_Zarate_et_al__2018a_en-prompt.txt	PMID_31021519_SATB2_26_from_Zarate_et_al__2018a	OMIM:612313
0551	PMID_31021519_individual_SATB2_117_en-prompt.txt	PMID_31021519_individual_SATB2_117	OMIM:612313
0552	PMID_36331550_Family_13_Patient_17_en-prompt.txt	PMID_36331550_Family_13_Patient_17	OMIM:620540
0553	STX_EG0469P_en-prompt.txt	STX_EG0469P	OMIM:612164
0554	PMID_33731876_fam330_en-prompt.txt	PMID_33731876_fam330	OMIM:613721
0555	PMID_33731876_fam260_en-prompt.txt	PMID_33731876_fam260	OMIM:613721
0556	PMID_32710489_Group_1_Patient_7_en-prompt.txt	PMID_32710489_Group_1_Patient_7	OMIM:620155
0557	PMID_26706854_Subject_2_en-prompt.txt	PMID_26706854_Subject_2	OMIM:603671
0558	STX_G3_P11_en-prompt.txt	STX_G3_P11	OMIM:612164
0559	PMID_37541189_Individual_11_en-prompt.txt	PMID_37541189_Individual_11	OMIM:620688
0560	PMID_35150594_K_IV_3_en-prompt.txt	PMID_35150594_K:IV:3	OMIM:620538
0561	PMID_36067010_Family_1_Patient_3_en-prompt.txt	PMID_36067010_Family_1_Patient_3	OMIM:620504
0562	PMID_30580808_Ind_09_Fam_09_en-prompt.txt	PMID_30580808_Ind-09-Fam-09	OMIM:618362
0563	PMID_25835445_1_II_16__en-prompt.txt	PMID_25835445_1-II:16*	OMIM:615582
0564	PMID_34321325_Patient_S12_en-prompt.txt	PMID_34321325_Patient_S12	OMIM:618443
0565	PMID_21660509_PKDF793d_en-prompt.txt	PMID_21660509_PKDF793d	OMIM:601869
0566	PMID_28575651_Individual_2_en-prompt.txt	PMID_28575651_Individual_2	OMIM:617560
0567	PMID_21683322_22_b_en-prompt.txt	PMID_21683322_22-b	OMIM:102370
0568	PMID_33731876_fam419_en-prompt.txt	PMID_33731876_fam419	OMIM:613721
0569	PMID_24949580_X4014_en-prompt.txt	PMID_24949580_X4014	OMIM:606693
0570	PMID_25142838_P2_en-prompt.txt	PMID_25142838_P2	OMIM:147920
0571	STX_20887364_Subject_2123_en-prompt.txt	STX_20887364_Subject_2123	OMIM:612164
0572	PMID_33807164_proband_en-prompt.txt	PMID_33807164_proband	OMIM:620780
0573	PMID_31021519_individual_SATB2_90_en-prompt.txt	PMID_31021519_individual_SATB2_90	OMIM:612313
0574	PMID_25439728_III_2_en-prompt.txt	PMID_25439728_III.2	OMIM:616354
0575	PMID_36446582_Goldenberg2016_P26_en-prompt.txt	PMID_36446582_Goldenberg2016_P26	OMIM:148050
0576	PMID_37541189_Individual_9_en-prompt.txt	PMID_37541189_Individual_9	OMIM:620688
0577	STX_25631041_case_report_en-prompt.txt	STX_25631041_case_report	OMIM:612164
0578	PMID_12189163_Sib_2_en-prompt.txt	PMID_12189163_Sib_2	OMIM:219100
0579	PMID_31021519_SATB2_34_from_Zarate_et_al__2018a_Scott_et_al_en-prompt.txt	PMID_31021519_SATB2_34_from_Zarate_et_al__2018a_Scott_et_al	OMIM:612313
0580	PMID_31442532_P2_en-prompt.txt	PMID_31442532_P2	OMIM:615471
0581	PMID_36189931_Individual_13_en-prompt.txt	PMID_36189931_Individual_13	OMIM:130050
0582	PMID_36528028_Individual_7_en-prompt.txt	PMID_36528028_Individual_7	OMIM:620455
0583	PMID_18924171_18924171_P1_en-prompt.txt	PMID_18924171_18924171_P1	OMIM:604377
0584	PMID_10939567_EMD3_III_3_en-prompt.txt	PMID_10939567_EMD3_III-3	OMIM:181350
0585	PMID_12812989_atypical_SLOS_patient_en-prompt.txt	PMID_12812989_atypical_SLOS_patient	OMIM:607330
0586	PMID_36074901_5f_en-prompt.txt	PMID_36074901_5f	OMIM:620465
0587	PMID_25480986_individual_A_2_en-prompt.txt	PMID_25480986_individual_A_2	OMIM:275400
0588	PMID_10939567_EMD2_III_7_en-prompt.txt	PMID_10939567_EMD2_III-7	OMIM:181350
0589	PMID_33731876_fam142_en-prompt.txt	PMID_33731876_fam142	OMIM:613721
0590	PMID_30046498_proband_en-prompt.txt	PMID_30046498_proband	OMIM:118450
0591	PMID_34722527_individual_LCA_F009_2_Leen_Abu_Safieh_Autozygome_guid_en-prompt.txt	PMID_34722527_individual_LCA-F009_2_Leen_Abu-Safieh_Autozygome-guid	OMIM:613826
0592	PMID_18329934_18329934_P1_en-prompt.txt	PMID_18329934_18329934_P1	OMIM:256810
0593	PMID_11992252_Patient_5_en-prompt.txt	PMID_11992252_Patient_5	OMIM:620728
0594	PMID_36331550_Family_2_Patient_2_en-prompt.txt	PMID_36331550_Family_2_Patient_2	OMIM:620538
0595	PMID_27536553_27536553_P4_en-prompt.txt	PMID_27536553_27536553_P4	OMIM:256810
0596	PMID_35344616_A22_en-prompt.txt	PMID_35344616_A22	OMIM:268310
0597	PMID_18551513_7_en-prompt.txt	PMID_18551513_7	OMIM:613205
0598	PMID_27290639_case_55_en-prompt.txt	PMID_27290639_case_55	OMIM:615471
0599	PMID_36446582_Parenti2016_P1_en-prompt.txt	PMID_36446582_Parenti2016_P1	OMIM:148050
0600	PMID_37179472_Family_1_II_1_en-prompt.txt	PMID_37179472_Family_1_II_1	OMIM:620641
0601	PMID_35638551_Patient_PM4_en-prompt.txt	PMID_35638551_Patient_PM4	OMIM:620715
0602	PMID_35150594_E_II_1_en-prompt.txt	PMID_35150594_E:II:1	OMIM:620538
0603	PMID_36745799_V_5_en-prompt.txt	PMID_36745799_V:5	OMIM:620375
0604	PMID_28132693_individual_2_GC3626_en-prompt.txt	PMID_28132693_individual_2_GC3626	OMIM:617433
0605	PMID_34521999_18_en-prompt.txt	PMID_34521999_18	OMIM:617140
0606	PMID_17661815_Patient_B_III_1_en-prompt.txt	PMID_17661815_Patient_B_III_1	OMIM:214800
0607	STX_32521962_P6_en-prompt.txt	STX_32521962_P6	OMIM:612164
0608	PMID_9817917_Family_2_individual_13776_en-prompt.txt	PMID_9817917_Family_2_individual_13776	OMIM:222300
0609	PMID_25168959_Y11_en-prompt.txt	PMID_25168959_Y11	OMIM:614608
0610	PMID_30057029_Individual_6_en-prompt.txt	PMID_30057029_Individual_6	OMIM:618089
0611	PMID_31021519_individual_SATB2_139_en-prompt.txt	PMID_31021519_individual_SATB2_139	OMIM:612313
0612	PMID_32559514_1_year_old_girl_en-prompt.txt	PMID_32559514_1_year_old_girl	OMIM:615471
0613	PMID_33045405_Pitt_et_al___2015_A4_1_en-prompt.txt	PMID_33045405_Pitt_et_al.,_2015_A4-1	OMIM:605911
0614	PMID_15200511_individual_I_1_en-prompt.txt	PMID_15200511_individual_I_1	OMIM:277300
0615	PMID_37962958_39_en-prompt.txt	PMID_37962958_39	OMIM:620535
0616	STX_P_34_en-prompt.txt	STX_P_34	OMIM:612164
0617	PMID_26247899_P3_2_en-prompt.txt	PMID_26247899_P3-2	OMIM:619656
0618	PMID_37133451_Individual_P2_en-prompt.txt	PMID_37133451_Individual_P2	OMIM:620646
0619	PMID_31727177_patient_4_en-prompt.txt	PMID_31727177_patient_4	OMIM:147920
0620	PMID_35484142_F2_P2_en-prompt.txt	PMID_35484142_F2/P2	OMIM:620460
0621	PMID_24966961_proband_en-prompt.txt	PMID_24966961_proband	OMIM:119600
0622	PMID_21533187_family_H_en-prompt.txt	PMID_21533187_family_H	OMIM:156250
0623	PMID_33045405_Lee_et_al___2019__patient_1_en-prompt.txt	PMID_33045405_Lee_et_al._(2019)_patient_1	OMIM:605911
0624	PMID_31021519_SATB2_35_from_Zarate_et_al__2018a_en-prompt.txt	PMID_31021519_SATB2_35_from_Zarate_et_al__2018a	OMIM:612313
0625	PMID_24736735_G024_F___en-prompt.txt	PMID_24736735_G024_F*_	OMIM:146510
0626	PMID_14585638_F1_en-prompt.txt	PMID_14585638_F1	OMIM:188400
0627	PMID_36303223_individual_16_PMID_12368985_en-prompt.txt	PMID_36303223_individual_16_PMID_12368985	OMIM:272300
0628	PMID_29379883_Family_2_patient_1_en-prompt.txt	PMID_29379883_Family_2_patient_1	OMIM:616907
0629	PMID_33731876_fam68_en-prompt.txt	PMID_33731876_fam68	OMIM:613721
0630	PMID_21367767_F34_III_2_en-prompt.txt	PMID_21367767_F34_III_2	OMIM:606658
0631	PMID_23714749_23714749_P8_en-prompt.txt	PMID_23714749_23714749_P8	OMIM:256810
0632	PMID_10939567_EMD5_III_4_en-prompt.txt	PMID_10939567_EMD5_III-4	OMIM:181350
0633	PMID_33731876_fam420_en-prompt.txt	PMID_33731876_fam420	OMIM:613721
0634	PMID_28830446_Patient_2_en-prompt.txt	PMID_28830446_Patient_2	OMIM:615688
0635	STX_G3_P28_en-prompt.txt	STX_G3_P28	OMIM:612164
0636	PMID_25808063_Patient_2_en-prompt.txt	PMID_25808063_Patient_2	OMIM:600373
0637	PMID_23714749_23714749_P10_en-prompt.txt	PMID_23714749_23714749_P10	OMIM:256810
0638	PMID_33731876_fam155_en-prompt.txt	PMID_33731876_fam155	OMIM:613721
0639	PMID_12818525_B_III_1_en-prompt.txt	PMID_12818525_B_III/1	OMIM:142900
0640	STX_26993267_Case_66_en-prompt.txt	STX_26993267_Case_66	OMIM:612164
0641	PMID_36446582_Kutkowska_Kazmierczak2021_P15_en-prompt.txt	PMID_36446582_Kutkowska_Kazmierczak2021_P15	OMIM:148050
0642	PMID_28074573_MA2_en-prompt.txt	PMID_28074573_MA2	OMIM:163950
0643	PMID_30945334_Individual_2_en-prompt.txt	PMID_30945334_Individual_2	OMIM:618443
0644	STX_25533962_261234_en-prompt.txt	STX_25533962_261234	OMIM:612164
0645	PMID_35977029_A43_en-prompt.txt	PMID_35977029_A43	OMIM:620494
0646	PMID_24321194_II_6_en-prompt.txt	PMID_24321194_II_6	OMIM:248250
0647	PMID_11175294_D60_en-prompt.txt	PMID_11175294_D60	OMIM:154700
0648	PMID_35470444_P4_en-prompt.txt	PMID_35470444_P4	OMIM:620568
0649	PMID_37196654_Individual_40__DDD_304502__en-prompt.txt	PMID_37196654_Individual_40_(DDD_304502)	OMIM:618505
0650	PMID_34722527_individual_50_1_Tobias_Eisenberger_Increasingthe_en-prompt.txt	PMID_34722527_individual_50_1_Tobias_Eisenberger_Increasingthe	OMIM:613826
0651	PMID_28488351_male_patient_en-prompt.txt	PMID_28488351_male_patient	OMIM:620662
0652	PMID_25105228_Individual_3_en-prompt.txt	PMID_25105228_Individual_3	OMIM:603671
0653	PMID_33731876_fam309_en-prompt.txt	PMID_33731876_fam309	OMIM:613721
0654	PMID_36586412_14_en-prompt.txt	PMID_36586412_14	OMIM:301111
0655	PMID_33731876_fam259_en-prompt.txt	PMID_33731876_fam259	OMIM:607745
0656	PMID_36446582_Gnazzo_2020_P2_en-prompt.txt	PMID_36446582_Gnazzo_2020_P2	OMIM:148050
0657	PMID_34722527_individual_1CRD_3_A_Hameed__EvidenceofRPG_en-prompt.txt	PMID_34722527_individual_1CRD_3_A_Hameed__EvidenceofRPG	OMIM:608194
0658	PMID_33731876_fam409_en-prompt.txt	PMID_33731876_fam409	OMIM:613721
0659	PMID_30356099_Patient_16_en-prompt.txt	PMID_30356099_Patient_16	OMIM:616211
0660	PMID_36446582_Low_2016_P12_13_en-prompt.txt	PMID_36446582_Low_2016_P12_13	OMIM:148050
0661	PMID_32666529_Family_5_II_1_en-prompt.txt	PMID_32666529_Family_5_II.1	OMIM:620519
0662	PMID_36047608_Patient_6_F4_II_1_en-prompt.txt	PMID_36047608_Patient_6_F4_II_1	OMIM:620666
0663	PMID_37196654_Individual_13_en-prompt.txt	PMID_37196654_Individual_13	OMIM:618505
0664	PMID_36446582_Gnazzo_2020_P12_en-prompt.txt	PMID_36446582_Gnazzo_2020_P12	OMIM:148050
0665	PMID_36446582_Goldenberg2016_P36_en-prompt.txt	PMID_36446582_Goldenberg2016_P36	OMIM:148050
0666	PMID_36446582_KBG2_en-prompt.txt	PMID_36446582_KBG2	OMIM:148050
0667	PMID_31021519_individual_SATB2_80_en-prompt.txt	PMID_31021519_individual_SATB2_80	OMIM:612313
0668	PMID_2022752_proband_EK_en-prompt.txt	PMID_2022752_proband_EK	OMIM:620698
0669	PMID_37433783_P4_en-prompt.txt	PMID_37433783_P4	OMIM:601674
0670	PMID_30012084_older_sister_en-prompt.txt	PMID_30012084_older_sister	OMIM:615220
0671	PMID_36779064_patient_en-prompt.txt	PMID_36779064_patient	OMIM:620726
0672	PMID_31021519_259030_from_Bengani_et_al_en-prompt.txt	PMID_31021519_259030_from_Bengani_et_al	OMIM:612313
0673	PMID_30580808_Ind_07_Fam_07_en-prompt.txt	PMID_30580808_Ind-07-Fam-07	OMIM:618362
0674	PMID_25845469_Patient_2_en-prompt.txt	PMID_25845469_Patient_2	OMIM:614249
0675	PMID_34722527_individual_237_523_6_Farzad_Jamshidi_Contributionof_en-prompt.txt	PMID_34722527_individual_237–523_6_Farzad_Jamshidi_Contributionof	OMIM:613826
0676	PMID_23063621_individual_V2_en-prompt.txt	PMID_23063621_individual_V2	OMIM:614931
0677	PMID_23326516_12_year_old_boy_en-prompt.txt	PMID_23326516_12_year_old_boy	OMIM:616325
0678	PMID_33731876_fam270_en-prompt.txt	PMID_33731876_fam270	OMIM:613721
0679	PMID_33731876_fam320_en-prompt.txt	PMID_33731876_fam320	OMIM:613721
0680	PMID_37962958_10_en-prompt.txt	PMID_37962958_10	OMIM:620535
0681	PMID_25835445_10_II_1__en-prompt.txt	PMID_25835445_10-II:1*	OMIM:615582
0682	PMID_9854053_II_3_en-prompt.txt	PMID_9854053_II:3	OMIM:611590
0683	PMID_31021519_individual_SATB2_107_en-prompt.txt	PMID_31021519_individual_SATB2_107	OMIM:612313
0684	PMID_29967133_Family_1_II_1_en-prompt.txt	PMID_29967133_Family_1_II-1	OMIM:619656
0685	PMID_16765077_16765077_P1_en-prompt.txt	PMID_16765077_16765077_P1	OMIM:604377
0686	PMID_33731876_fam41_en-prompt.txt	PMID_33731876_fam41	OMIM:613721
0687	PMID_8188302_IV_3_en-prompt.txt	PMID_8188302_IV_3	OMIM:129600
0688	PMID_16962354_second_mutation_en-prompt.txt	PMID_16962354_second_mutation	OMIM:142946
0689	PMID_37056170_Proband_3_en-prompt.txt	PMID_37056170_Proband_3	OMIM:151100
0690	PMID_34521999_26_en-prompt.txt	PMID_34521999_26	OMIM:617140
0691	PMID_33045405_Pitt_et_al___2015_A3_1_en-prompt.txt	PMID_33045405_Pitt_et_al.,_2015_A3-1	OMIM:605911
0692	PMID_33633439_13706_I_1_en-prompt.txt	PMID_33633439_13706_I_1	OMIM:620731
0693	PMID_24736735_G072_F___en-prompt.txt	PMID_24736735_G072_F*_	OMIM:146510
0694	PMID_29967133_Family_3_IV_2_en-prompt.txt	PMID_29967133_Family_3_IV-2	OMIM:619656
0695	PMID_33731876_fam56_en-prompt.txt	PMID_33731876_fam56	OMIM:613721
0696	PMID_32154675_Family_7_Patient_15_en-prompt.txt	PMID_32154675_Family_7_Patient_15	OMIM:613795
0697	PMID_15781812_individual_120_en-prompt.txt	PMID_15781812_individual_120	OMIM:620681
0698	PMID_22219643_II_5_en-prompt.txt	PMID_22219643_II_5	OMIM:129600
0699	PMID_31239556_individual_5_en-prompt.txt	PMID_31239556_individual_5	OMIM:615502
0700	PMID_30808312_patient_en-prompt.txt	PMID_30808312_patient	OMIM:158810
0701	STX_EG0337P_en-prompt.txt	STX_EG0337P	OMIM:612164
0702	PMID_34521999_31_en-prompt.txt	PMID_34521999_31	OMIM:617140
0703	PMID_24739679_patient_K9_en-prompt.txt	PMID_24739679_patient_K9	OMIM:147920
0704	PMID_36446582_Sirmaci2011_P5_en-prompt.txt	PMID_36446582_Sirmaci2011_P5	OMIM:148050
0705	PMID_28148688_P3_en-prompt.txt	PMID_28148688_P3	OMIM:617425
0706	PMID_27843126_C_I_7_en-prompt.txt	PMID_27843126_C-I.7	OMIM:617146
0707	PMID_36446582_KBG59_en-prompt.txt	PMID_36446582_KBG59	OMIM:148050
0708	PMID_31021519_individual_SATB2_110_en-prompt.txt	PMID_31021519_individual_SATB2_110	OMIM:612313
0709	PMID_31021519_Patient_1_from_Zarate_et_al__2015_en-prompt.txt	PMID_31021519_Patient_1_from_Zarate_et_al__2015	OMIM:612313
0710	PMID_9817917_Family_1_individual_13883_en-prompt.txt	PMID_9817917_Family_1_individual_13883	OMIM:222300
0711	PMID_29883675_second_family_patient_3_en-prompt.txt	PMID_29883675_second_family_patient_3	OMIM:614833
0712	STX_28074849_S163_en-prompt.txt	STX_28074849_S163	OMIM:612164
0713	PMID_19800048_IV_10_en-prompt.txt	PMID_19800048_IV-10	OMIM:300804
0714	PMID_36917474_Patient_1_en-prompt.txt	PMID_36917474_Patient_1	OMIM:620675
0715	PMID_31021519_SATB2_27_from_Zarate_et_al__2018a__Bengani_et_al_en-prompt.txt	PMID_31021519_SATB2_27_from_Zarate_et_al__2018a__Bengani_et_al	OMIM:612313
0716	PMID_15266616_45_en-prompt.txt	PMID_15266616_45	OMIM:147791
0717	PMID_34746378_34746378_P1_en-prompt.txt	PMID_34746378_34746378_P1	OMIM:604377
0718	PMID_33731876_fam267_en-prompt.txt	PMID_33731876_fam267	OMIM:613721
0719	PMID_33731876_fam337_en-prompt.txt	PMID_33731876_fam337	OMIM:613721
0720	PMID_28575651_Individual_5_en-prompt.txt	PMID_28575651_Individual_5	OMIM:617560
0721	PMID_34722527_individual_individual_1_Elise_Boulanger_Scemama_Next_generation_en-prompt.txt	PMID_34722527_individual_individual_1_Elise_Boulanger-Scemama_Next-generation	OMIM:608194
0722	PMID_35150594_K_IV_4_en-prompt.txt	PMID_35150594_K:IV:4	OMIM:620538
0723	STX_G3_P16_en-prompt.txt	STX_G3_P16	OMIM:612164
0724	PMID_31021519_individual_SATB2_97_en-prompt.txt	PMID_31021519_individual_SATB2_97	OMIM:612313
0725	PMID_28065471_PII_2_en-prompt.txt	PMID_28065471_PII:2	OMIM:617402
0726	PMID_36446582_Goldenberg2016_P21_en-prompt.txt	PMID_36446582_Goldenberg2016_P21	OMIM:148050
0727	PMID_37071997_Individual_9_en-prompt.txt	PMID_37071997_Individual_9	OMIM:616211
0728	PMID_11175294_B27_en-prompt.txt	PMID_11175294_B27	OMIM:154700
0729	PMID_36586412_4a_en-prompt.txt	PMID_36586412_4a	OMIM:301111
0730	PMID_36074901_14_en-prompt.txt	PMID_36074901_14	OMIM:620465
0731	PMID_29388673_Fam_1_III_3_en-prompt.txt	PMID_29388673_Fam_1_III_3	OMIM:617560
0732	PMID_36189931_Individual_14_en-prompt.txt	PMID_36189931_Individual_14	OMIM:130050
0733	PMID_27180139_case_2_en-prompt.txt	PMID_27180139_case_2	OMIM:604213
0734	PMID_33731876_fam249_en-prompt.txt	PMID_33731876_fam249	OMIM:613721
0735	PMID_33731876_fam319_en-prompt.txt	PMID_33731876_fam319	OMIM:613721
0736	PMID_36446582_Ockeloen2015_P9_en-prompt.txt	PMID_36446582_Ockeloen2015_P9	OMIM:148050
0737	PMID_33766796_12_en-prompt.txt	PMID_33766796_12	OMIM:616831
0738	PMID_16865293_Family_4_individual_7Y1M_en-prompt.txt	PMID_16865293_Family_4_individual_7Y1M	OMIM:216400
0739	PMID_31837156_Patient_1_en-prompt.txt	PMID_31837156_Patient_1	OMIM:620542
0740	PMID_33731876_fam145_en-prompt.txt	PMID_33731876_fam145	OMIM:607745
0741	PMID_20082460_case_8_en-prompt.txt	PMID_20082460_case_8	OMIM:305400
0742	PMID_30868101_KRS_103_IV_10_en-prompt.txt	PMID_30868101_KRS-103-IV-10	OMIM:606693
0743	STX_G3_P38_en-prompt.txt	STX_G3_P38	OMIM:612164
0744	PMID_30580808_Machol_Ind_5_Fam_35_en-prompt.txt	PMID_30580808_Machol_Ind_5-Fam-35	OMIM:618362
0745	PMID_34722527_individual_MEP43_6_Martin_McKibbin_Genotype_Phenot_en-prompt.txt	PMID_34722527_individual_MEP43_6_Martin_McKibbin_Genotype-Phenot	OMIM:613826
0746	PMID_27536553_27536553_P3_en-prompt.txt	PMID_27536553_27536553_P3	OMIM:256810
0747	PMID_11992252_Patient_2_en-prompt.txt	PMID_11992252_Patient_2	OMIM:620728
0748	PMID_14702087_Patient_2_of_PMID_1790747_en-prompt.txt	PMID_14702087_Patient_2_of_PMID_1790747	OMIM:608415
0749	PMID_27290639_case_52_en-prompt.txt	PMID_27290639_case_52	OMIM:615471
0750	PMID_33731876_fam78_en-prompt.txt	PMID_33731876_fam78	OMIM:613721
0751	PMID_36996813_Individual_10_en-prompt.txt	PMID_36996813_Individual_10	OMIM:620371
0752	PMID_32811249_Sibling_1_en-prompt.txt	PMID_32811249_Sibling_1	OMIM:615983
0753	PMID_18000979_OX2877_II_2_en-prompt.txt	PMID_18000979_OX2877-II:2	OMIM:174200
0754	PMID_31664948_31664948_P2_en-prompt.txt	PMID_31664948_31664948_P2	OMIM:256810
0755	PMID_36745799_V_2_en-prompt.txt	PMID_36745799_V:2	OMIM:620375
0756	PMID_37054711_Family_8_Subject_10_en-prompt.txt	PMID_37054711_Family_8_Subject_10	OMIM:620428
0757	PMID_31774634_Takenouchi_et_al___2013__en-prompt.txt	PMID_31774634_Takenouchi_et_al._(2013)	OMIM:616914
0758	PMID_35470444_P12_en-prompt.txt	PMID_35470444_P12	OMIM:620568
0759	STX_EG1570P_en-prompt.txt	STX_EG1570P	OMIM:612164
0760	STX_P_24_en-prompt.txt	STX_P_24	OMIM:612164
0761	PMID_34722527_individual_MEP3_13_Martin_McKibbin_Genotype_Phenot_en-prompt.txt	PMID_34722527_individual_MEP3_13_Martin_McKibbin_Genotype-Phenot	OMIM:613826
0762	PMID_37962958_29_en-prompt.txt	PMID_37962958_29	OMIM:620535
0763	PMID_10580070_A_III_5_en-prompt.txt	PMID_10580070_A_III-5	OMIM:115200
0764	STX_32521962_P1_en-prompt.txt	STX_32521962_P1	OMIM:612164
0765	PMID_36122175_Patient_in_the_present_study_en-prompt.txt	PMID_36122175_Patient_in_the_present_study	OMIM:620376
0766	PMID_34722527_individual_17_1_Nicole_Weisschuh_Molecularandc_en-prompt.txt	PMID_34722527_individual_17_1_Nicole_Weisschuh_Molecularandc	OMIM:613826
0767	PMID_18513678_individual_5002_en-prompt.txt	PMID_18513678_individual_5002	OMIM:260300
0768	PMID_30057029_Individual_1_en-prompt.txt	PMID_30057029_Individual_1	OMIM:618089
0769	PMID_9312167_A_II_9_en-prompt.txt	PMID_9312167_A:II:9	OMIM:179800
0770	PMID_36446582_Low_2016_34_32_en-prompt.txt	PMID_36446582_Low_2016_34_32	OMIM:148050
0771	STX_P_33_en-prompt.txt	STX_P_33	OMIM:612164
0772	PMID_34722527_individual_109_6_Tobias_Eisenberger_Increasingthe_en-prompt.txt	PMID_34722527_individual_109_6_Tobias_Eisenberger_Increasingthe	OMIM:613826
0773	PMID_31021519_SATB2_16_from_Zarate_et_al__2018a__Bengani_et_al_en-prompt.txt	PMID_31021519_SATB2_16_from_Zarate_et_al__2018a__Bengani_et_al	OMIM:612313
0774	PMID_11805270_patient_en-prompt.txt	PMID_11805270_patient	OMIM:614321
0775	PMID_31021519_individual_SATB2_129_en-prompt.txt	PMID_31021519_individual_SATB2_129	OMIM:612313
0776	PMID_30451291_I_6_en-prompt.txt	PMID_30451291_I:6	OMIM:300088
0777	PMID_21533187_family_O_en-prompt.txt	PMID_21533187_family_O	OMIM:156250
0778	STX_EG0752P_en-prompt.txt	STX_EG0752P	OMIM:612164
0779	PMID_33731876_fam152_en-prompt.txt	PMID_33731876_fam152	OMIM:607745
0780	PMID_25808063_Patient_5_en-prompt.txt	PMID_25808063_Patient_5	OMIM:600373
0781	PMID_11179005_28__S__en-prompt.txt	PMID_11179005_28_(S)	OMIM:311200
0782	PMID_10939567_EMD5_III_3_en-prompt.txt	PMID_10939567_EMD5_III-3	OMIM:181350
0783	PMID_37167966_F3_II_1_en-prompt.txt	PMID_37167966_F3-II:1	OMIM:620375
0784	PMID_36331550_Family_24_Patient_29_en-prompt.txt	PMID_36331550_Family_24_Patient_29	OMIM:613477
0785	PMID_36446582_Kutkowska_Kazmierczak2021_P12_en-prompt.txt	PMID_36446582_Kutkowska_Kazmierczak2021_P12	OMIM:148050
0786	PMID_14585638_F3_1_en-prompt.txt	PMID_14585638_F3-1	OMIM:188400
0787	PMID_33045405_Puisac_et_al___2018__patient_2_en-prompt.txt	PMID_33045405_Puisac_et_al._(2018)_patient_2	OMIM:605911
0788	PMID_36446582_Goldenberg2016_P18_en-prompt.txt	PMID_36446582_Goldenberg2016_P18	OMIM:148050
0789	PMID_34722527_individual_RP_2009_1_Iker_Sanchez_Navarro_Combiningtarge_en-prompt.txt	PMID_34722527_individual_RP-2009_1_Iker_Sanchez-Navarro_Combiningtarge	OMIM:608194
0790	PMID_38141607_Individuals_2_P2_DDD_303133_en-prompt.txt	PMID_38141607_Individuals_2_P2_DDD_303133	OMIM:620712
0791	PMID_9312167_C_I_1_en-prompt.txt	PMID_9312167_C:I:1	OMIM:179800
0792	PMID_35470444_P3_en-prompt.txt	PMID_35470444_P3	OMIM:620568
0793	PMID_24321194_II_1_en-prompt.txt	PMID_24321194_II_1	OMIM:248250
0794	PMID_35150594_F_II_1_en-prompt.txt	PMID_35150594_F:II:1	OMIM:620538
0795	PMID_28940506_Family_8_Individual_9_en-prompt.txt	PMID_28940506_Family_8_Individual_9	OMIM:615471
0796	PMID_30945334_Individual_5_en-prompt.txt	PMID_30945334_Individual_5	OMIM:618443
0797	PMID_10939567_EMD4_III_7_en-prompt.txt	PMID_10939567_EMD4_III-7	OMIM:181350
0798	PMID_36446582_Gnazzo_2020_P5_en-prompt.txt	PMID_36446582_Gnazzo_2020_P5	OMIM:148050
0799	PMID_18000979_OX2877_III_2_en-prompt.txt	PMID_18000979_OX2877-III:2	OMIM:174200
0800	PMID_36586412_13_en-prompt.txt	PMID_36586412_13	OMIM:301111
0801	PMID_37054711_Family_6_Subject_8_en-prompt.txt	PMID_37054711_Family_6_Subject_8	OMIM:620428
0802	PMID_30580808_ind_45_Fam_58_en-prompt.txt	PMID_30580808_ind-45-Fam-58	OMIM:618362
0803	PMID_25105228_Individual_4_en-prompt.txt	PMID_25105228_Individual_4	OMIM:603671
0804	PMID_23222957_Family_4_4_1_en-prompt.txt	PMID_23222957_Family_4_4.1	OMIM:242840
0805	PMID_28575651_Individual_1_en-prompt.txt	PMID_28575651_Individual_1	OMIM:617560
0806	PMID_21683322_22_a_en-prompt.txt	PMID_21683322_22-a	OMIM:102370
0807	PMID_31021519_262240_from_Bengani_et_al_en-prompt.txt	PMID_31021519_262240_from_Bengani_et_al	OMIM:612313
0808	STX_23020937_ES07E0046_en-prompt.txt	STX_23020937_ES07E0046	OMIM:612164
0809	STX_G3_P12_en-prompt.txt	STX_G3_P12	OMIM:612164
0810	PMID_29967133_Family_2_II_2_en-prompt.txt	PMID_29967133_Family_2_II-2	OMIM:619656
0811	PMID_34722527_individual_individual_1_Juliana_Maria_Ferraz_Sallum1_4_Clinicalandmo_en-prompt.txt	PMID_34722527_individual_individual_1_Juliana_Maria_Ferraz_Sallum1_4_Clinicalandmo	OMIM:613826
0812	PMID_36446582_Goldenberg2016_P25_en-prompt.txt	PMID_36446582_Goldenberg2016_P25	OMIM:148050
0813	PMID_12203992_D19_en-prompt.txt	PMID_12203992_D19	OMIM:154700
0814	PMID_36074901_10_en-prompt.txt	PMID_36074901_10	OMIM:620465
0815	PMID_21367767_F49_III_3_en-prompt.txt	PMID_21367767_F49_III_3	OMIM:606658
0816	PMID_25142838_P1_en-prompt.txt	PMID_25142838_P1	OMIM:147920
0817	PMID_23364397_23364397_P3_en-prompt.txt	PMID_23364397_23364397_P3	OMIM:604377
0818	PMID_21367767_F48_III_7_en-prompt.txt	PMID_21367767_F48_III_7	OMIM:606658
0819	PMID_32154675_Family_5_Patient_13_en-prompt.txt	PMID_32154675_Family_5_Patient_13	OMIM:613795
0820	PMID_34722527_individual_individual_3_Sylvain_Hanein_Lebercongenita_en-prompt.txt	PMID_34722527_individual_individual_3_Sylvain_Hanein_Lebercongenita	OMIM:613826
0821	PMID_28285769_Individual_7_II_1_en-prompt.txt	PMID_28285769_Individual_7_II_1	OMIM:250410
0822	PMID_12203992_B60_en-prompt.txt	PMID_12203992_B60	OMIM:154700
0823	PMID_36446582_Low_2016_P10_18_en-prompt.txt	PMID_36446582_Low_2016_P10_18	OMIM:148050
0824	PMID_32710489_Group_1_Patient_4_en-prompt.txt	PMID_32710489_Group_1_Patient_4	OMIM:620155
0825	PMID_33731876_fam333_en-prompt.txt	PMID_33731876_fam333	OMIM:613721
0826	PMID_33731876_fam263_en-prompt.txt	PMID_33731876_fam263	OMIM:613721
0827	PMID_11093277_MK_CMS0843_en-prompt.txt	PMID_11093277_MK-CMS0843	OMIM:305400
0828	PMID_27275012_Patient_3_en-prompt.txt	PMID_27275012_Patient_3	OMIM:616900
0829	PMID_36446582_Kutkowska_Kazmierczak2021_P4_en-prompt.txt	PMID_36446582_Kutkowska_Kazmierczak2021_P4	OMIM:148050
0830	PMID_34722527_individual_827_1591_1_Farzad_Jamshidi_Contributionof_en-prompt.txt	PMID_34722527_individual_827–1591_1_Farzad_Jamshidi_Contributionof	OMIM:613826
0831	PMID_26467218_individual_5_Denayer_et_al__22_en-prompt.txt	PMID_26467218_individual_5_Denayer_et_al__22	OMIM:613224
0832	PMID_31021519_individual_SATB2_114_en-prompt.txt	PMID_31021519_individual_SATB2_114	OMIM:612313
0833	PMID_27376152_FPLD_122_8_en-prompt.txt	PMID_27376152_FPLD_122_8	OMIM:620679
0834	PMID_24126608_BAB3280_en-prompt.txt	PMID_24126608_BAB3280	OMIM:620542
0835	PMID_37167966_F1_II_3_en-prompt.txt	PMID_37167966_F1-II:3	OMIM:620375
0836	PMID_34722527_individual_QT491_3_Lin_Li_DetectionofVa_en-prompt.txt	PMID_34722527_individual_QT491_3_Lin_Li_DetectionofVa	OMIM:613826
0837	PMID_30746398_younger_brother_en-prompt.txt	PMID_30746398_younger_brother	OMIM:606693
0838	PMID_35933355_two_year_old_ACM_proband_en-prompt.txt	PMID_35933355_two-year-old_ACM_proband	OMIM:620519
0839	PMID_36446582_Low_2016_P13_27_en-prompt.txt	PMID_36446582_Low_2016_P13_27	OMIM:148050
0840	PMID_33731876_fam52_en-prompt.txt	PMID_33731876_fam52	OMIM:613721
0841	PMID_31021519_Patient_3_from_Zarate_et_al__2015_en-prompt.txt	PMID_31021519_Patient_3_from_Zarate_et_al__2015	OMIM:612313
0842	PMID_31774634_Garg_and_Xing_et_al___2014__patient_1_en-prompt.txt	PMID_31774634_Garg_and_Xing_et_al._(2014)_patient_1	OMIM:616914
0843	PMID_31239556_individual_1_en-prompt.txt	PMID_31239556_individual_1	OMIM:615502
0844	PMID_16900296_IV_4_en-prompt.txt	PMID_16900296_IV-4	OMIM:608393
0845	PMID_34521999_35_en-prompt.txt	PMID_34521999_35	OMIM:617140
0846	PMID_20358619_Patient_2_en-prompt.txt	PMID_20358619_Patient_2	OMIM:610168
0847	PMID_21217753_Fam_1_III_9_en-prompt.txt	PMID_21217753_Fam_1_III-9	OMIM:613795
0848	PMID_36446582_Low_2016_P8_33_en-prompt.txt	PMID_36446582_Low_2016_P8_33	OMIM:148050
0849	PMID_31021519_264840_from_Bengani_et_al_en-prompt.txt	PMID_31021519_264840_from_Bengani_et_al	OMIM:612313
0850	PMID_24736735_G121__en-prompt.txt	PMID_24736735_G121_	OMIM:146510
0851	PMID_15266616_119_en-prompt.txt	PMID_15266616_119	OMIM:147791
0852	PMID_28482824_proband_en-prompt.txt	PMID_28482824_proband	OMIM:601088
0853	STX_30654231_Patient_2_en-prompt.txt	STX_30654231_Patient_2	OMIM:612164
0854	PMID_25835445_11_II_1__en-prompt.txt	PMID_25835445_11-II:1*	OMIM:615582
0855	PMID_10580070_B_III_11_en-prompt.txt	PMID_10580070_B_III-11	OMIM:115200
0856	PMID_34521999_22_en-prompt.txt	PMID_34521999_22	OMIM:617140
0857	PMID_37962958_14_en-prompt.txt	PMID_37962958_14	OMIM:620535
0858	PMID_27087320_Subject_10_en-prompt.txt	PMID_27087320_Subject_10	OMIM:616975
0859	PMID_35617047_Proband_2_en-prompt.txt	PMID_35617047_Proband_2	OMIM:620647
0860	STX_Fila_2_EG_CB_en-prompt.txt	STX_Fila_2_EG_CB	OMIM:612164
0861	PMID_25163805_proposita_en-prompt.txt	PMID_25163805_proposita	OMIM:614816
0862	PMID_21739261_Patient_2_en-prompt.txt	PMID_21739261_Patient_2	OMIM:203290
0863	STX_EG1324P_en-prompt.txt	STX_EG1324P	OMIM:612164
0864	PMID_25852890_patient_en-prompt.txt	PMID_25852890_patient	OMIM:248250
0865	PMID_34722527_individual_arRP_F094_7_Leen_Abu_Safieh_Autozygome_guid_en-prompt.txt	PMID_34722527_individual_arRP-F094_7_Leen_Abu-Safieh_Autozygome-guid	OMIM:613826
0866	PMID_37761890_47__en-prompt.txt	PMID_37761890_47 	OMIM:616362
0867	PMID_37761890_52__en-prompt.txt	PMID_37761890_52 	OMIM:616362
0868	PMID_31021519_individual_SATB2_103_en-prompt.txt	PMID_31021519_individual_SATB2_103	OMIM:612313
0869	PMID_29196670_Patient_19_en-prompt.txt	PMID_29196670_Patient_19	OMIM:613254
0870	PMID_22541558_individual_O_1_en-prompt.txt	PMID_22541558_individual_O_1	OMIM:154400
0871	PMID_34722527_individual_individual_1_Hui_Wang_ComprehensiveM_en-prompt.txt	PMID_34722527_individual_individual_1_Hui_Wang_ComprehensiveM	OMIM:613826
0872	PMID_31021519_SATB2_33_from_Zarate_et_al__2018a_en-prompt.txt	PMID_31021519_SATB2_33_from_Zarate_et_al__2018a	OMIM:612313
0873	STX_26350204_UK10K_FINDWGA5411254_en-prompt.txt	STX_26350204_UK10K_FINDWGA5411254	OMIM:612164
0874	STX_29896790_P8_en-prompt.txt	STX_29896790_P8	OMIM:612164
0875	PMID_21542062__22_year_old_Asian_mal_en-prompt.txt	PMID_21542062__22-year-old_Asian_mal	OMIM:606693
0876	PMID_21131976_EsM42160_en-prompt.txt	PMID_21131976_EsM42160	OMIM:613717
0877	PMID_36189931_Individual_29_en-prompt.txt	PMID_36189931_Individual_29	OMIM:130050
0878	PMID_31021519_individual_from_Trakadis_et_al_en-prompt.txt	PMID_31021519_individual_from_Trakadis_et_al	OMIM:612313
0879	PMID_35150594_I_II_3_en-prompt.txt	PMID_35150594_I:II:3	OMIM:620538
0880	PMID_33731876_fam324_en-prompt.txt	PMID_33731876_fam324	OMIM:613721
0881	PMID_33731876_fam274_en-prompt.txt	PMID_33731876_fam274	OMIM:613721
0882	PMID_36446582_KBG31B_en-prompt.txt	PMID_36446582_KBG31B	OMIM:148050
0883	PMID_24039054_propositus_en-prompt.txt	PMID_24039054_propositus	OMIM:616914
0884	PMID_16917909_668_2_en-prompt.txt	PMID_16917909_668-2	OMIM:142900
0885	PMID_30356099_Patient_12_en-prompt.txt	PMID_30356099_Patient_12	OMIM:616211
0886	PMID_36446582_Gnazzo_2020_P16_en-prompt.txt	PMID_36446582_Gnazzo_2020_P16	OMIM:148050
0887	PMID_33731876_fam178_en-prompt.txt	PMID_33731876_fam178	OMIM:613721
0888	PMID_33731876_fam399_en-prompt.txt	PMID_33731876_fam399	OMIM:613721
0889	PMID_31021519_individual_SATB2_84_en-prompt.txt	PMID_31021519_individual_SATB2_84	OMIM:612313
0890	PMID_31021519_Case_14_from_Bengani_et_al_en-prompt.txt	PMID_31021519_Case_14_from_Bengani_et_al	OMIM:612313
0891	PMID_36446582_KBG6_en-prompt.txt	PMID_36446582_KBG6	OMIM:148050
0892	PMID_36446582_Goldenberg2016_P32_en-prompt.txt	PMID_36446582_Goldenberg2016_P32	OMIM:148050
0893	PMID_35344616_A18_en-prompt.txt	PMID_35344616_A18	OMIM:268310
0894	PMID_37260585_5_year_old_girl_en-prompt.txt	PMID_37260585_5-year-old_girl	OMIM:151100
0895	PMID_35470444_P7_en-prompt.txt	PMID_35470444_P7	OMIM:620568
0896	PMID_30945334_Individual_1_en-prompt.txt	PMID_30945334_Individual_1	OMIM:618443
0897	PMID_37196654_Individual_84_en-prompt.txt	PMID_37196654_Individual_84	OMIM:618505
0898	PMID_28074573_MA1_en-prompt.txt	PMID_28074573_MA1	OMIM:163950
0899	PMID_36586412_17_en-prompt.txt	PMID_36586412_17	OMIM:301111
0900	PMID_36446582_Gnazzo_2020_P1_en-prompt.txt	PMID_36446582_Gnazzo_2020_P1	OMIM:148050
0901	PMID_34722527_individual_individual_1_Moon_Woo_Seong_Molecularchara_en-prompt.txt	PMID_34722527_individual_individual_1_Moon-Woo_Seong_Molecularchara	OMIM:613826
0902	PMID_23714749_23714749_P13_en-prompt.txt	PMID_23714749_23714749_P13	OMIM:256810
0903	PMID_25808063_Patient_1_en-prompt.txt	PMID_25808063_Patient_1	OMIM:600373
0904	PMID_37196654_Individual_39_en-prompt.txt	PMID_37196654_Individual_39	OMIM:618505
0905	PMID_33731876_fam156_en-prompt.txt	PMID_33731876_fam156	OMIM:613721
0906	PMID_17646629_brother_II_4_en-prompt.txt	PMID_17646629_brother_II_4	OMIM:607259
0907	PMID_36136249_II_2_of_family_B_en-prompt.txt	PMID_36136249_II.2_of_family_B	OMIM:620636
0908	PMID_28830446_Patient_1_en-prompt.txt	PMID_28830446_Patient_1	OMIM:615688
0909	STX_26993267_Case_65_en-prompt.txt	STX_26993267_Case_65	OMIM:612164
0910	STX_29997391_P6_en-prompt.txt	STX_29997391_P6	OMIM:612164
0911	PMID_36446582_Kutkowska_Kazmierczak2021_P16_en-prompt.txt	PMID_36446582_Kutkowska_Kazmierczak2021_P16	OMIM:148050
0912	PMID_17273967_III_8_en-prompt.txt	PMID_17273967_III-8	OMIM:602400
0913	PMID_12818525_B_III_2_en-prompt.txt	PMID_12818525_B_III/2	OMIM:142900
0914	PMID_14585638_F2_en-prompt.txt	PMID_14585638_F2	OMIM:188400
0915	PMID_29379883_Family_2_patient_2_en-prompt.txt	PMID_29379883_Family_2_patient_2	OMIM:616907
0916	PMID_34722527_individual_individual_8_Arif_O_Khan_TheRPGRIP1_rel_en-prompt.txt	PMID_34722527_individual_individual_8_Arif_O_Khan_TheRPGRIP1-rel	OMIM:613826
0917	PMID_15266616_137_en-prompt.txt	PMID_15266616_137	OMIM:147791
0918	PMID_27573763_patient_en-prompt.txt	PMID_27573763_patient	OMIM:147920
0919	PMID_21094623_II_3_en-prompt.txt	PMID_21094623_II.3	OMIM:606693
0920	PMID_36247900__IV_2_en-prompt.txt	PMID_36247900__IV-2	OMIM:617225
0921	PMID_34722527_individual_3677_2_Xia_Wang_Comprehensivem_en-prompt.txt	PMID_34722527_individual_3677_2_Xia_Wang_Comprehensivem	OMIM:613826
0922	STX_P_37_en-prompt.txt	STX_P_37	OMIM:612164
0923	PMID_37196654_Individual_42__DDD_292095__en-prompt.txt	PMID_37196654_Individual_42_(DDD_292095)	OMIM:618505
0924	PMID_26247899_P3_1_en-prompt.txt	PMID_26247899_P3-1	OMIM:619656
0925	PMID_37133451_Individual_P1_en-prompt.txt	PMID_37133451_Individual_P1	OMIM:620646
0926	PMID_20853184_NAPO_7_en-prompt.txt	PMID_20853184_NAPO-7	OMIM:606693
0927	PMID_12818525_A_IV_4__en-prompt.txt	PMID_12818525_A_IV/4_	OMIM:142900
0928	PMID_31727177_patient_7_en-prompt.txt	PMID_31727177_patient_7	OMIM:147920
0929	PMID_36446582_KBG64_en-prompt.txt	PMID_36446582_KBG64	OMIM:148050
0930	PMID_15452312_III_10_en-prompt.txt	PMID_15452312_III_10	OMIM:604187
0931	PMID_34722527_individual_MOL0600_1_1_Beryozkin_Current_en-prompt.txt	PMID_34722527_individual_MOL0600_1_1_Beryozkin_Current	OMIM:613826
0932	STX_P_20_en-prompt.txt	STX_P_20	OMIM:612164
0933	PMID_9817917_Family_2_individual_13775_en-prompt.txt	PMID_9817917_Family_2_individual_13775	OMIM:222300
0934	STX_32521962_P5_en-prompt.txt	STX_32521962_P5	OMIM:612164
0935	PMID_10580070_A_III_1_en-prompt.txt	PMID_10580070_A_III-1	OMIM:115200
0936	PMID_37196654_Individual_60__MSSNG_AU4427301__en-prompt.txt	PMID_37196654_Individual_60_(MSSNG_AU4427301)	OMIM:618505
0937	PMID_30057029_Individual_5_en-prompt.txt	PMID_30057029_Individual_5	OMIM:618089
0938	STX_23708187_T23122_en-prompt.txt	STX_23708187_T23122	OMIM:612164
0939	PMID_36446582_Parenti2016_P2_en-prompt.txt	PMID_36446582_Parenti2016_P2	OMIM:148050
0940	PMID_37179472_Family_1_II_2_en-prompt.txt	PMID_37179472_Family_1_II_2	OMIM:620641
0941	PMID_18551513_4_en-prompt.txt	PMID_18551513_4	OMIM:613205
0942	PMID_37761890_23__en-prompt.txt	PMID_37761890_23 	OMIM:616362
0943	PMID_37761890_36__en-prompt.txt	PMID_37761890_36 	OMIM:616362
0944	PMID_15148656_female_patient_en-prompt.txt	PMID_15148656_female_patient	OMIM:608776
0945	PMID_32006683_patients_IV_3_en-prompt.txt	PMID_32006683_patients_IV_3	OMIM:620780
0946	PMID_30099644_IV_3_en-prompt.txt	PMID_30099644_IV:3	OMIM:600138
0947	PMID_15266616_120_en-prompt.txt	PMID_15266616_120	OMIM:147791
0948	PMID_14764528_Pedigree_of_FET_en-prompt.txt	PMID_14764528_Pedigree_of_FET	OMIM:601977
0949	PMID_10580070_A_III_8__en-prompt.txt	PMID_10580070_A_III-8_	OMIM:115200
0950	PMID_30868101_KRS_103_IV_14_en-prompt.txt	PMID_30868101_KRS-103-IV-14	OMIM:606693
0951	PMID_30097146_patient_en-prompt.txt	PMID_30097146_patient	OMIM:275400
0952	PMID_25480986_individual_A_1_en-prompt.txt	PMID_25480986_individual_A_1	OMIM:275400
0953	PMID_29967133_Family_3_II_3_en-prompt.txt	PMID_29967133_Family_3_II-3	OMIM:619656
0954	PMID_10756346_B13_en-prompt.txt	PMID_10756346_B13	OMIM:154700
0955	PMID_31021519_SATB2_49_from_Zarate_et_al__2018a_en-prompt.txt	PMID_31021519_SATB2_49_from_Zarate_et_al__2018a	OMIM:612313
0956	PMID_37154409_A_III_6_en-prompt.txt	PMID_37154409_A_III_6	OMIM:606658
0957	PMID_35344616_A21_en-prompt.txt	PMID_35344616_A21	OMIM:268310
0958	PMID_12203992_D37_en-prompt.txt	PMID_12203992_D37	OMIM:154700
0959	PMID_31442532_P1_en-prompt.txt	PMID_31442532_P1	OMIM:615471
0960	PMID_36189931_Individual_10_en-prompt.txt	PMID_36189931_Individual_10	OMIM:130050
0961	PMID_36189931_Individual_8_en-prompt.txt	PMID_36189931_Individual_8	OMIM:130050
0962	PMID_12189163_Sib_1_en-prompt.txt	PMID_12189163_Sib_1	OMIM:219100
0963	PMID_34602956_34602956_en-prompt.txt	PMID_34602956_34602956	OMIM:615471
0964	PMID_23691375_4_year_old_girl_en-prompt.txt	PMID_23691375_4_year_old_girl	OMIM:190350
0965	PMID_30451291_IV_4_en-prompt.txt	PMID_30451291_IV:4	OMIM:300088
0966	PMID_33766796_16_en-prompt.txt	PMID_33766796_16	OMIM:620157
0967	PMID_15781812_individual_147_3_en-prompt.txt	PMID_15781812_individual_147_3	OMIM:620681
0968	PMID_36528028_Individual_4_en-prompt.txt	PMID_36528028_Individual_4	OMIM:620455
0969	PMID_34722527_individual_individual_4_Saloni_Walia_VisualAcuityi_en-prompt.txt	PMID_34722527_individual_individual_4_Saloni_Walia_VisualAcuityi	OMIM:613826
0970	STX_19557857_Patient_2_en-prompt.txt	STX_19557857_Patient_2	OMIM:612164
0971	PMID_21683322_3_en-prompt.txt	PMID_21683322_3	OMIM:614185
0972	PMID_35977029_family_6_en-prompt.txt	PMID_35977029_family_6	OMIM:620494
0973	PMID_28940506_Family_30_Individual_36_en-prompt.txt	PMID_28940506_Family_30_Individual_36	OMIM:615471
0974	PMID_37196654_Individual_74_en-prompt.txt	PMID_37196654_Individual_74	OMIM:618505
0975	PMID_35060672_female_infant_VI1_en-prompt.txt	PMID_35060672_female_infant_VI1	OMIM:147920
0976	PMID_38014483_Family_c_individual_c_4_en-prompt.txt	PMID_38014483_Family_c_individual_c_4	OMIM:620666
0977	PMID_33731876_fam347_en-prompt.txt	PMID_33731876_fam347	OMIM:613721
0978	PMID_33731876_fam217_en-prompt.txt	PMID_33731876_fam217	OMIM:613721
0979	PMID_36553465_P15_en-prompt.txt	PMID_36553465_P15	OMIM:606574
0980	PMID_30057029_Individual_15_en-prompt.txt	PMID_30057029_Individual_15	OMIM:618089
0981	PMID_4045952_IV_13_en-prompt.txt	PMID_4045952_IV.13	OMIM:301310
0982	PMID_15266616_35_en-prompt.txt	PMID_15266616_35	OMIM:147791
0983	PMID_25835445_2_IV_3_en-prompt.txt	PMID_25835445_2-IV:3	OMIM:615582
0984	PMID_29051910_patient_en-prompt.txt	PMID_29051910_patient	OMIM:609528
0985	PMID_22772371_MS239_V_5_en-prompt.txt	PMID_22772371_MS239_V_5	OMIM:614816
0986	PMID_10580070_D_III_6_en-prompt.txt	PMID_10580070_D_III-6	OMIM:115200
0987	PMID_16917909_667_2_en-prompt.txt	PMID_16917909_667-2	OMIM:142900
0988	PMID_24239060_index_patient_II_2_en-prompt.txt	PMID_24239060_index_patient_II_2	OMIM:609284
0989	PMID_28886341_Individual_F2_II_4_en-prompt.txt	PMID_28886341_Individual_F2_II_4	OMIM:617694
0990	PMID_35344616_A6_en-prompt.txt	PMID_35344616_A6	OMIM:268310
0991	STX_EG0731P_en-prompt.txt	STX_EG0731P	OMIM:612164
0992	PMID_16965330_patient_4_en-prompt.txt	PMID_16965330_patient_4	OMIM:240300
0993	PMID_28327087_Patient_II_1_en-prompt.txt	PMID_28327087_Patient_II_1	OMIM:613162
0994	PMID_14702087_the_fourth_Dutch_index_patient_en-prompt.txt	PMID_14702087_the_fourth_Dutch_index_patient	OMIM:608415
0995	PMID_36446582_KBG29_en-prompt.txt	PMID_36446582_KBG29	OMIM:148050
0996	PMID_12818525_A_III_2_en-prompt.txt	PMID_12818525_A_III/2	OMIM:142900
0997	PMID_16596670_Patient_3_en-prompt.txt	PMID_16596670_Patient_3	OMIM:609192
0998	PMID_33862550_patient_en-prompt.txt	PMID_33862550_patient	OMIM:617225
0999	PMID_29482518_Patient_1_en-prompt.txt	PMID_29482518_Patient_1	OMIM:147920
1000	PMID_33875846_individual_row_24_en-prompt.txt	PMID_33875846_individual_row_24	OMIM:620450
1001	STX_32521962_P11_en-prompt.txt	STX_32521962_P11	OMIM:612164
1002	STX_29997391_09NG001_en-prompt.txt	STX_29997391_09NG001	OMIM:612164
1003	PMID_31021519_SATB2_59_from_Zarate_et_al__2018a_en-prompt.txt	PMID_31021519_SATB2_59_from_Zarate_et_al__2018a	OMIM:612313
1004	PMID_37433783_P14_en-prompt.txt	PMID_37433783_P14	OMIM:601674
1005	PMID_34521999_41_en-prompt.txt	PMID_34521999_41	OMIM:617140
1006	PMID_37919452_Family_1__patient_1_en-prompt.txt	PMID_37919452_Family_1:_patient_1	OMIM:620683
1007	PMID_32083401_Patient_2_en-prompt.txt	PMID_32083401_Patient_2	OMIM:147920
1008	PMID_32627184_Case_2_en-prompt.txt	PMID_32627184_Case_2	OMIM:620654
1009	PMID_12058348_Patient_3_en-prompt.txt	PMID_12058348_Patient_3	OMIM:151100
1010	PMID_10939567_Spo11_en-prompt.txt	PMID_10939567_Spo11	OMIM:181350
1011	PMID_18256394_8_en-prompt.txt	PMID_18256394_8	OMIM:176670
1012	PMID_30099644_IV_11_en-prompt.txt	PMID_30099644_IV:11	OMIM:600138
1013	PMID_33731876_fam26_en-prompt.txt	PMID_33731876_fam26	OMIM:613721
1014	PMID_28940506_Family_29_Individual_35_en-prompt.txt	PMID_28940506_Family_29_Individual_35	OMIM:615471
1015	PMID_17056636_nan_en-prompt.txt	PMID_17056636_nan	OMIM:615278
1016	PMID_24126608_BAB5311_en-prompt.txt	PMID_24126608_BAB5311	OMIM:620542
1017	PMID_37075751_Individual_4_en-prompt.txt	PMID_37075751_Individual_4	OMIM:616462
1018	PMID_21236492_Individual_P2_en-prompt.txt	PMID_21236492_Individual_P2	OMIM:614199
1019	PMID_21683322_11_en-prompt.txt	PMID_21683322_11	OMIM:614185
1020	PMID_34521999_5_en-prompt.txt	PMID_34521999_5	OMIM:617140
1021	PMID_22701786_proband_en-prompt.txt	PMID_22701786_proband	OMIM:227645
1022	PMID_25835445_10_III_1__en-prompt.txt	PMID_25835445_10-III:1*	OMIM:615582
1023	STX_20887364_Subject_1655_en-prompt.txt	STX_20887364_Subject_1655	OMIM:612164
1024	PMID_10580070_D_II_5_en-prompt.txt	PMID_10580070_D_II-5	OMIM:115200
1025	PMID_33731876_fam31_en-prompt.txt	PMID_33731876_fam31	OMIM:613721
1026	PMID_10805329_10805329_P2_en-prompt.txt	PMID_10805329_10805329_P2	OMIM:604377
1027	PMID_27672653_Individual_7_en-prompt.txt	PMID_27672653_Individual_7	OMIM:231670
1028	STX_HSJD_Patient_6_en-prompt.txt	STX_HSJD_Patient_6	OMIM:612164
1029	STX_25533962_258242_en-prompt.txt	STX_25533962_258242	OMIM:612164
1030	PMID_30759870_LOVD_ID_AN_006205_en-prompt.txt	PMID_30759870_LOVD_ID_AN_006205	OMIM:618000
1031	PMID_18551513_11_en-prompt.txt	PMID_18551513_11	OMIM:613205
1032	PMID_18351627_Patient_II_1_en-prompt.txt	PMID_18351627_Patient_II-1	OMIM:142900
1033	PMID_36446582_Parenti2021_P9_en-prompt.txt	PMID_36446582_Parenti2021_P9	OMIM:148050
1034	PMID_36553465_P7_en-prompt.txt	PMID_36553465_P7	OMIM:606574
1035	PMID_23222957_Family_9_9_1_en-prompt.txt	PMID_23222957_Family_9_9.1	OMIM:242840
1036	PMID_28940506_Family_26_Individual_32_en-prompt.txt	PMID_28940506_Family_26_Individual_32	OMIM:615471
1037	PMID_36446582_Scarano_2013_P4_en-prompt.txt	PMID_36446582_Scarano_2013_P4	OMIM:148050
1038	PMID_37761890_39__en-prompt.txt	PMID_37761890_39 	OMIM:616362
1039	PMID_25411445_Patient_3_en-prompt.txt	PMID_25411445_Patient_3	OMIM:616211
1040	PMID_33731876_fam350_en-prompt.txt	PMID_33731876_fam350	OMIM:613721
1041	PMID_37660254_Patient_2_en-prompt.txt	PMID_37660254_Patient_2	OMIM:620669
1042	PMID_33731876_fam200_en-prompt.txt	PMID_33731876_fam200	OMIM:613721
1043	PMID_36446582_Ockeloen2015_P14_en-prompt.txt	PMID_36446582_Ockeloen2015_P14	OMIM:148050
1044	PMID_36727596_OP_1110_II1_en-prompt.txt	PMID_36727596_OP-1110_II1	OMIM:620642
1045	PMID_17661815_Patient_A_III_2_en-prompt.txt	PMID_17661815_Patient_A_III_2	OMIM:214800
1046	STX_EG0226P_en-prompt.txt	STX_EG0226P	OMIM:612164
1047	PMID_34722527_individual_1797_3128_5_Farzad_Jamshidi_Contributionof_en-prompt.txt	PMID_34722527_individual_1797–3128_5_Farzad_Jamshidi_Contributionof	OMIM:613826
1048	PMID_10580070_B_III_1_en-prompt.txt	PMID_10580070_B_III-1	OMIM:115200
1049	PMID_20358596_Patient_B_en-prompt.txt	PMID_20358596_Patient_B	OMIM:123000
1050	PMID_31332438_A_II_4_en-prompt.txt	PMID_31332438_A:II:4	OMIM:620528
1051	PMID_37962958_3_en-prompt.txt	PMID_37962958_3	OMIM:620535
1052	PMID_20015879_Patient_en-prompt.txt	PMID_20015879_Patient	OMIM:185020
1053	PMID_34722527_individual_individual_1_Juan_C__Zenteno_Extensivegenic_en-prompt.txt	PMID_34722527_individual_individual_1_Juan_C__Zenteno_Extensivegenic	OMIM:608194
1054	PMID_33633439_18739_II_1_en-prompt.txt	PMID_33633439_18739_II_1	OMIM:620731
1055	PMID_22541558_individual_R_2_en-prompt.txt	PMID_22541558_individual_R_2	OMIM:154400
1056	PMID_28886341_Individual_F1_II_3_en-prompt.txt	PMID_28886341_Individual_F1_II_3	OMIM:617694
1057	PMID_31239556_individual_18_en-prompt.txt	PMID_31239556_individual_18	OMIM:615502
1058	PMID_37196654_Individual_57__PCGC_1_03321__en-prompt.txt	PMID_37196654_Individual_57_(PCGC_1-03321)	OMIM:618505
1059	PMID_23388215_Proband_3_en-prompt.txt	PMID_23388215_Proband_3	OMIM:616247
1060	PMID_23099195_Patient_1_en-prompt.txt	PMID_23099195_Patient_1	OMIM:215700
1061	PMID_31021519_SATB2_23_from_Zarate_et_al__2018a_en-prompt.txt	PMID_31021519_SATB2_23_from_Zarate_et_al__2018a	OMIM:612313
1062	PMID_24736735_G038__en-prompt.txt	PMID_24736735_G038_	OMIM:175700
1063	PMID_16917909_620_2_en-prompt.txt	PMID_16917909_620-2	OMIM:142900
1064	STX_BCH_006_en-prompt.txt	STX_BCH_006	OMIM:612164
1065	PMID_33731876_fam293_en-prompt.txt	PMID_33731876_fam293	OMIM:607745
1066	PMID_12161596_Patient_2_en-prompt.txt	PMID_12161596_Patient_2	OMIM:151100
1067	PMID_15911822_Patient_2_en-prompt.txt	PMID_15911822_Patient_2	OMIM:234200
1068	PMID_31239556_individual_36_en-prompt.txt	PMID_31239556_individual_36	OMIM:615502
1069	STX_26865513_Patient_9_en-prompt.txt	STX_26865513_Patient_9	OMIM:612164
1070	PMID_33731876_fam122_en-prompt.txt	PMID_33731876_fam122	OMIM:613721
1071	PMID_10939567_Spo28_en-prompt.txt	PMID_10939567_Spo28	OMIM:181350
1072	PMID_26401820_Patient_II_2__proband__en-prompt.txt	PMID_26401820_Patient_II/2_(proband)	OMIM:142900
1073	PMID_10580070_E_II_4_en-prompt.txt	PMID_10580070_E_II-4	OMIM:115200
1074	PMID_27153400_Family_B_IV_9_en-prompt.txt	PMID_27153400_Family_B_IV_9	OMIM:616907
1075	STX_S011_en-prompt.txt	STX_S011	OMIM:612164
1076	PMID_25477417_F2_1_en-prompt.txt	PMID_25477417_F2_1	OMIM:248250
1077	PMID_28258187_Patient_1_en-prompt.txt	PMID_28258187_Patient_1	OMIM:618343
1078	PMID_25477417_F11_2_en-prompt.txt	PMID_25477417_F11_2	OMIM:248250
1079	PMID_36446582_DeBernardi2018_en-prompt.txt	PMID_36446582_DeBernardi2018	OMIM:148050
1080	PMID_29196670_Patient_9_en-prompt.txt	PMID_29196670_Patient_9	OMIM:613254
1081	PMID_36440963_III_3_en-prompt.txt	PMID_36440963_III-3	OMIM:620459
1082	PMID_37303127_6_en-prompt.txt	PMID_37303127_6	OMIM:151660
1083	PMID_28940506_Family_14_Individual_17_en-prompt.txt	PMID_28940506_Family_14_Individual_17	OMIM:615471
1084	PMID_24019847_patient_en-prompt.txt	PMID_24019847_patient	OMIM:147920
1085	PMID_36307226_Proband_12_en-prompt.txt	PMID_36307226_Proband_12	OMIM:620537
1086	PMID_29330883_Subject_6_en-prompt.txt	PMID_29330883_Subject_6	OMIM:616975
1087	PMID_8188302_III_4_en-prompt.txt	PMID_8188302_III_4	OMIM:129600
1088	PMID_12925374_III_1_en-prompt.txt	PMID_12925374_III_1	OMIM:606889
1089	PMID_32376980_14_en-prompt.txt	PMID_32376980_14	OMIM:618164
1090	PMID_27087320_Subject_5_en-prompt.txt	PMID_27087320_Subject_5	OMIM:616975
1091	PMID_28940506_Family_22_Individual_28_en-prompt.txt	PMID_28940506_Family_22_Individual_28	OMIM:615471
1092	PMID_27040691_Individual_2_1_en-prompt.txt	PMID_27040691_Individual_2-1	OMIM:616900
1093	PMID_34722527_individual_individual_2_Takahide_Suzuki_Anovelexon17_en-prompt.txt	PMID_34722527_individual_individual_2_Takahide_Suzuki_Anovelexon17	OMIM:613826
1094	STX_P_43_en-prompt.txt	STX_P_43	OMIM:612164
1095	PMID_33045405_Pitt_et_al___2015_A1_3_en-prompt.txt	PMID_33045405_Pitt_et_al.,_2015_A1-3	OMIM:605911
1096	PMID_29801479_proband_en-prompt.txt	PMID_29801479_proband	OMIM:610968
1097	PMID_35923690_50_4_en-prompt.txt	PMID_35923690_50–4	OMIM:105650
1098	STX_Syrbe_10_en-prompt.txt	STX_Syrbe_10	OMIM:612164
1099	PMID_10580070_A_III_14_en-prompt.txt	PMID_10580070_A_III-14	OMIM:115200
1100	PMID_36695497_Individual_1_en-prompt.txt	PMID_36695497_Individual_1	OMIM:620731
1101	PMID_30580808_Ind_16_Fam_16_en-prompt.txt	PMID_30580808_Ind-16-Fam-16	OMIM:618362
1102	PMID_32376980_2_en-prompt.txt	PMID_32376980_2	OMIM:618164
1103	PMID_30580808_Chen_Pat_126_Fam_49_en-prompt.txt	PMID_30580808_Chen_Pat_126-Fam-49	OMIM:618362
1104	STX_Syrbe_6_en-prompt.txt	STX_Syrbe_6	OMIM:612164
1105	STX_30842224_Patient_3_en-prompt.txt	STX_30842224_Patient_3	OMIM:612164
1106	PMID_15266616_154_en-prompt.txt	PMID_15266616_154	OMIM:147791
1107	PMID_28007986_B_IV2__en-prompt.txt	PMID_28007986_B(IV2)	OMIM:617527
1108	PMID_37761890_48__en-prompt.txt	PMID_37761890_48 	OMIM:616362
1109	PMID_21683322_28_en-prompt.txt	PMID_21683322_28	OMIM:102370
1110	PMID_10842287_HOS_B1_en-prompt.txt	PMID_10842287_HOS-B1	OMIM:142900
1111	PMID_37875108_Patient_2_en-prompt.txt	PMID_37875108_Patient_2	OMIM:301115
1112	PMID_36446582_Low_2016_P26_23_en-prompt.txt	PMID_36446582_Low_2016_P26_23	OMIM:148050
1113	PMID_18351627_Patient_I_2_en-prompt.txt	PMID_18351627_Patient_I-2	OMIM:142900
1114	STX_26514728_Patient_22_en-prompt.txt	STX_26514728_Patient_22	OMIM:612164
1115	PMID_29122497_29122497_P1_en-prompt.txt	PMID_29122497_29122497_P1	OMIM:616370
1116	PMID_21217753_Fam_1_II_7_en-prompt.txt	PMID_21217753_Fam_1_II-7	OMIM:613795
1117	PMID_21696388_V_9_en-prompt.txt	PMID_21696388_V-9	OMIM:606693
1118	PMID_25868664_Family_11_Case_7_Gai_2013_case_8_en-prompt.txt	PMID_25868664_Family_11_Case_7_Gai_2013_case_8	OMIM:615471
1119	PMID_33731876_fam284_en-prompt.txt	PMID_33731876_fam284	OMIM:613721
1120	STX_Fila_1_EG_CB_en-prompt.txt	STX_Fila_1_EG_CB	OMIM:612164
1121	PMID_37054711_Family_1_Subject_1_en-prompt.txt	PMID_37054711_Family_1_Subject_1	OMIM:620428
1122	PMID_24498630_ISR3_en-prompt.txt	PMID_24498630_ISR3	OMIM:246200
1123	PMID_29469822_Family_3_II_1_en-prompt.txt	PMID_29469822_Family_3_II-1	OMIM:605275
1124	PMID_17331980_patient_en-prompt.txt	PMID_17331980_patient	OMIM:611182
1125	PMID_33731876_fam135_en-prompt.txt	PMID_33731876_fam135	OMIM:613721
1126	PMID_33731876_fam7_en-prompt.txt	PMID_33731876_fam7	OMIM:607745
1127	PMID_29078790_proband_en-prompt.txt	PMID_29078790_proband	OMIM:162500
1128	PMID_33731876_fam369_en-prompt.txt	PMID_33731876_fam369	OMIM:613721
1129	PMID_33731876_fam239_en-prompt.txt	PMID_33731876_fam239	OMIM:613721
1130	PMID_16917909_603_1_en-prompt.txt	PMID_16917909_603-1	OMIM:142900
1131	PMID_33731876_fam188_en-prompt.txt	PMID_33731876_fam188	OMIM:613721
1132	PMID_34722527_individual_individual_3_Thaddeus_P__Dryja_Null_RPGRIP1_Al_en-prompt.txt	PMID_34722527_individual_individual_3_Thaddeus_P__Dryja_Null RPGRIP1 Al	OMIM:613826
1133	STX_BCH_011_en-prompt.txt	STX_BCH_011	OMIM:612164
1134	PMID_37962958_7_en-prompt.txt	PMID_37962958_7	OMIM:620535
1135	PMID_31021519_individual_from_Farwell_et_al_en-prompt.txt	PMID_31021519_individual_from_Farwell_et_al	OMIM:612313
1136	PMID_32730804_Individual_4_en-prompt.txt	PMID_32730804_Individual_4	OMIM:620511
1137	PMID_37196654_Individual_67_en-prompt.txt	PMID_37196654_Individual_67	OMIM:618505
1138	PMID_33731876_fam108_en-prompt.txt	PMID_33731876_fam108	OMIM:613721
1139	PMID_36446582_Low_2016_P15_3_en-prompt.txt	PMID_36446582_Low_2016_P15_3	OMIM:148050
1140	PMID_8825048_index_case_en-prompt.txt	PMID_8825048_index_case	OMIM:613254
1141	PMID_36718090_Patient_3_en-prompt.txt	PMID_36718090_Patient_3	OMIM:620417
1142	PMID_33731876_fam204_en-prompt.txt	PMID_33731876_fam204	OMIM:613721
1143	PMID_34421895_P3_en-prompt.txt	PMID_34421895_P3	OMIM:619375
1144	PMID_37077559_Sibling_1_en-prompt.txt	PMID_37077559_Sibling_1	OMIM:620402
1145	PMID_24736735_G085_Grand_mother_en-prompt.txt	PMID_24736735_G085-Grand-mother	OMIM:146510
1146	PMID_36446582_Parenti2021_P23_en-prompt.txt	PMID_36446582_Parenti2021_P23	OMIM:148050
1147	PMID_10797416_Belleh_Patient_CF1347_en-prompt.txt	PMID_10797416_Belleh_Patient_CF1347	OMIM:121050
1148	PMID_20979188_patient_en-prompt.txt	PMID_20979188_patient	OMIM:616914
1149	PMID_36446582_Ockeloen2015_P10_en-prompt.txt	PMID_36446582_Ockeloen2015_P10	OMIM:148050
1150	STX_G3_P4_en-prompt.txt	STX_G3_P4	OMIM:612164
1151	PMID_21358634_Family_18_en-prompt.txt	PMID_21358634_Family_18	OMIM:132800
1152	STX_23708187_T22856_en-prompt.txt	STX_23708187_T22856	OMIM:612164
1153	PMID_22772371_TAA288_III_2_en-prompt.txt	PMID_22772371_TAA288_III_2	OMIM:614816
1154	PMID_30580808_Ind_41_Fam_55_en-prompt.txt	PMID_30580808_Ind-41-Fam-55	OMIM:618362
1155	PMID_25477417_F16_1_en-prompt.txt	PMID_25477417_F16_1	OMIM:248250
1156	PMID_18551513_15_en-prompt.txt	PMID_18551513_15	OMIM:613205
1157	STX_HSJD_Patient_2_en-prompt.txt	STX_HSJD_Patient_2	OMIM:612164
1158	PMID_24369382_Family_1_II_3_en-prompt.txt	PMID_24369382_Family_1_II.3	OMIM:614322
1159	PMID_36553465_P3_en-prompt.txt	PMID_36553465_P3	OMIM:606574
1160	PMID_37761890_55__en-prompt.txt	PMID_37761890_55 	OMIM:616362
1161	PMID_37761890_40__en-prompt.txt	PMID_37761890_40 	OMIM:616362
1162	PMID_25516138_IV_5_en-prompt.txt	PMID_25516138_IV_5	OMIM:273900
1163	PMID_38141607_Individuals_3_P3_en-prompt.txt	PMID_38141607_Individuals_3_P3	OMIM:620712
1164	PMID_24355708_IHG25190_individual_3_en-prompt.txt	PMID_24355708_IHG25190_individual_3	OMIM:215470
1165	PMID_29469822_Family_1_II_3_en-prompt.txt	PMID_29469822_Family_1_II-3	OMIM:605275
1166	PMID_14742428_WA_en-prompt.txt	PMID_14742428_WA	OMIM:620698
1167	PMID_25477417_F5_2_en-prompt.txt	PMID_25477417_F5_2	OMIM:248250
1168	PMID_33731876_fam88_en-prompt.txt	PMID_33731876_fam88	OMIM:613721
1169	PMID_36073542_individual_1_en-prompt.txt	PMID_36073542_individual_1	OMIM:620774
1170	PMID_34521999_1_en-prompt.txt	PMID_34521999_1	OMIM:617140
1171	PMID_34722527_individual_4LCA_1_Daisuke_Miyamichi_Retinalstructu_en-prompt.txt	PMID_34722527_individual_4LCA_1_Daisuke_Miyamichi_Retinalstructu	OMIM:613826
1172	PMID_34521999_52_en-prompt.txt	PMID_34521999_52	OMIM:617140
1173	PMID_28782633_Family_1_P1_father_en-prompt.txt	PMID_28782633_Family_1_P1_father	OMIM:620670
1174	PMID_21683322_15_en-prompt.txt	PMID_21683322_15	OMIM:614185
1175	PMID_23335590_Subject_3301_en-prompt.txt	PMID_23335590_Subject_3301	OMIM:304110
1176	PMID_10580070_D_II_1_en-prompt.txt	PMID_10580070_D_II-1	OMIM:115200
1177	PMID_15781812_individual_143_en-prompt.txt	PMID_15781812_individual_143	OMIM:620681
1178	PMID_18669544_FO_09_en-prompt.txt	PMID_18669544_FO-09	OMIM:209900
1179	PMID_22940089_PT3_en-prompt.txt	PMID_22940089_PT3	OMIM:209900
1180	PMID_33731876_fam35_en-prompt.txt	PMID_33731876_fam35	OMIM:613721
1181	PMID_36446582_VanDongen2019_P8_en-prompt.txt	PMID_36446582_VanDongen2019_P8	OMIM:148050
1182	PMID_36823193_Patient_2_Family_1_en-prompt.txt	PMID_36823193_Patient_2_Family_1	OMIM:620451
1183	PMID_27672653_Individual_3_en-prompt.txt	PMID_27672653_Individual_3	OMIM:231670
1184	PMID_34521999_45_en-prompt.txt	PMID_34521999_45	OMIM:617140
1185	PMID_37433783_P10_en-prompt.txt	PMID_37433783_P10	OMIM:601674
1186	PMID_21660509_DEM4322b_en-prompt.txt	PMID_21660509_DEM4322b	OMIM:601869
1187	PMID_12058348_Patient_7_en-prompt.txt	PMID_12058348_Patient_7	OMIM:151100
1188	PMID_33731876_fam22_en-prompt.txt	PMID_33731876_fam22	OMIM:613721
1189	PMID_21236492_Individual_P6_en-prompt.txt	PMID_21236492_Individual_P6	OMIM:614199
1190	PMID_35344616_A2_en-prompt.txt	PMID_35344616_A2	OMIM:268310
1191	STX_25818041_Patient_21_en-prompt.txt	STX_25818041_Patient_21	OMIM:612164
1192	PMID_31590245_proband_en-prompt.txt	PMID_31590245_proband	OMIM:601144
1193	PMID_17853487_Patient_2_en-prompt.txt	PMID_17853487_Patient_2	OMIM:607330
1194	PMID_32376980_29_en-prompt.txt	PMID_32376980_29	OMIM:618164
1195	STX_29390993_Patient_P1_en-prompt.txt	STX_29390993_Patient_P1	OMIM:612164
1196	PMID_19800048_IV_5_en-prompt.txt	PMID_19800048_IV-5	OMIM:300804
1197	PMID_36074901_4_en-prompt.txt	PMID_36074901_4	OMIM:620465
1198	PMID_31021519_SATB2_06_from_Zarate_et_al__2018a_Scott_et_al_en-prompt.txt	PMID_31021519_SATB2_06_from_Zarate_et_al__2018a_Scott_et_al	OMIM:612313
1199	PMID_30612693_4_en-prompt.txt	PMID_30612693_4	OMIM:618443
1200	PMID_35880319_Family_2_en-prompt.txt	PMID_35880319_Family_2	OMIM:620732
1201	PMID_36331550_Family_25_Patient_30_en-prompt.txt	PMID_36331550_Family_25_Patient_30	OMIM:613477
1202	PMID_30057029_Individual_11_en-prompt.txt	PMID_30057029_Individual_11	OMIM:618089
1203	PMID_36553465_P11_en-prompt.txt	PMID_36553465_P11	OMIM:606574
1204	PMID_33731876_fam213_en-prompt.txt	PMID_33731876_fam213	OMIM:613721
1205	PMID_33731876_fam343_en-prompt.txt	PMID_33731876_fam343	OMIM:613721
1206	PMID_26805781_Family_9_Subject_11_II_2_en-prompt.txt	PMID_26805781_Family_9_Subject_11_II_2	OMIM:616878
1207	PMID_10580070_D_III_2_en-prompt.txt	PMID_10580070_D_III-2	OMIM:115200
1208	PMID_27182039_3_5_year_old_boy_en-prompt.txt	PMID_27182039_3_5_year_old_boy	OMIM:615471
1209	STX_31130284_UPN_0843_en-prompt.txt	STX_31130284_UPN_0843	OMIM:612164
1210	PMID_21683322_7_en-prompt.txt	PMID_21683322_7	OMIM:614185
1211	PMID_29469822_Family_2_II_4_en-prompt.txt	PMID_29469822_Family_2_II-4	OMIM:605275
1212	PMID_33045405_Pitt_et_al___2015_B1_1_en-prompt.txt	PMID_33045405_Pitt_et_al.,_2015_B1-1	OMIM:605911
1213	STX_26865513_Patient_13_en-prompt.txt	STX_26865513_Patient_13	OMIM:612164
1214	PMID_30580808_Lo_twin_2_Fam_52_en-prompt.txt	PMID_30580808_Lo_twin_2-Fam-52	OMIM:618362
1215	PMID_37054711_Family_1_1_Subject_2_en-prompt.txt	PMID_37054711_Family_1-1_Subject_2	OMIM:620428
1216	STX_EG1634P_en-prompt.txt	STX_EG1634P	OMIM:612164
1217	PMID_37196654_Individual_70_en-prompt.txt	PMID_37196654_Individual_70	OMIM:618505
1218	PMID_21217753_Fam_1_IV_6_en-prompt.txt	PMID_21217753_Fam_1_IV-6	OMIM:613795
1219	PMID_36446582_Novara_2017_P9_en-prompt.txt	PMID_36446582_Novara_2017_P9	OMIM:148050
1220	PMID_28183707_nan_en-prompt.txt	PMID_28183707_nan	OMIM:214500
1221	PMID_36307226_Proband_4_en-prompt.txt	PMID_36307226_Proband_4	OMIM:620537
1222	PMID_28289718_Higgins_Patient_2_en-prompt.txt	PMID_28289718_Higgins-Patient-2	OMIM:618499
1223	PMID_36047608_Patient_2_F1_II_1_en-prompt.txt	PMID_36047608_Patient_2_F1_II_1	OMIM:620666
1224	PMID_28823388_3_month_old_girl_en-prompt.txt	PMID_28823388_3_month_old_girl	OMIM:102700
1225	PMID_27732904_patient_en-prompt.txt	PMID_27732904_patient	OMIM:105650
1226	PMID_36074901_2e_en-prompt.txt	PMID_36074901_2e	OMIM:620465
1227	PMID_27374306_Case_1_en-prompt.txt	PMID_27374306_Case_1	OMIM:616249
1228	PMID_23643385_23643385_P4_en-prompt.txt	PMID_23643385_23643385_P4	OMIM:608913
1229	PMID_36996813_Individual_9_en-prompt.txt	PMID_36996813_Individual_9	OMIM:620371
1230	PMID_31332438_B_IV_2_en-prompt.txt	PMID_31332438_B:IV:2	OMIM:620528
1231	PMID_36333996_Patient_of_family_A_en-prompt.txt	PMID_36333996_Patient_of_family_A	OMIM:620427
1232	PMID_22772371_MS239_IV_20_en-prompt.txt	PMID_22772371_MS239_IV_20	OMIM:614816
1233	PMID_26453364_Patient_4_en-prompt.txt	PMID_26453364_Patient_4	OMIM:608776
1234	PMID_33731876_fam280_en-prompt.txt	PMID_33731876_fam280	OMIM:613721
1235	PMID_36355422_IV_9_en-prompt.txt	PMID_36355422_IV_9	OMIM:620745
1236	PMID_28940506_Family_19_Individual_25_en-prompt.txt	PMID_28940506_Family_19_Individual_25	OMIM:615471
1237	PMID_31239556_individual_25_en-prompt.txt	PMID_31239556_individual_25	OMIM:615502
1238	PMID_33731876_fam3_en-prompt.txt	PMID_33731876_fam3	OMIM:607745
1239	PMID_33731876_fam131_en-prompt.txt	PMID_33731876_fam131	OMIM:613721
1240	PMID_36446582_Goldenberg2016_P8_en-prompt.txt	PMID_36446582_Goldenberg2016_P8	OMIM:148050
1241	PMID_32404357_II_1_en-prompt.txt	PMID_32404357_II_1	OMIM:129600
1242	PMID_31021519_SATB2_05_from_Zarate_et_al__2018a_en-prompt.txt	PMID_31021519_SATB2_05_from_Zarate_et_al__2018a	OMIM:612313
1243	STX_Syrbe_2_en-prompt.txt	STX_Syrbe_2	OMIM:612164
1244	PMID_28782633_Family_1_14_year_old_male_P8_en-prompt.txt	PMID_28782633_Family_1_14_year_old_male_P8	OMIM:620670
1245	STX_S002_en-prompt.txt	STX_S002	OMIM:612164
1246	PMID_33766796_8_en-prompt.txt	PMID_33766796_8	OMIM:620157
1247	PMID_16912710_Individual_F1012__II_2__en-prompt.txt	PMID_16912710_Individual_F1012_(II-2)	OMIM:614199
1248	PMID_15266616_150_en-prompt.txt	PMID_15266616_150	OMIM:147791
1249	PMID_37875108_Patient_6_en-prompt.txt	PMID_37875108_Patient_6	OMIM:301115
1250	PMID_32154675_Family_2_Patient_3_en-prompt.txt	PMID_32154675_Family_2_Patient_3	OMIM:613795
1251	PMID_26242992_III_6_en-prompt.txt	PMID_26242992_III-6	OMIM:301310
1252	PMID_26467218_individual_10_Kraoua_et_al__23_en-prompt.txt	PMID_26467218_individual_10_Kraoua_et_al__23	OMIM:613224
1253	PMID_34722527_individual_3676_1_Xia_Wang_Comprehensivem_en-prompt.txt	PMID_34722527_individual_3676_1_Xia_Wang_Comprehensivem	OMIM:613826
1254	PMID_34722527_individual_individual_4_Elena_Vallespin_Mutationscreen_en-prompt.txt	PMID_34722527_individual_individual_4_Elena_Vallespin_Mutationscreen	OMIM:608194
1255	PMID_15731757_Family_2_II_1_en-prompt.txt	PMID_15731757_Family_2_II_1	OMIM:610168
1256	PMID_37761890_31__en-prompt.txt	PMID_37761890_31 	OMIM:616362
1257	PMID_37761890_24__en-prompt.txt	PMID_37761890_24 	OMIM:616362
1258	PMID_29122497_29122497_P5_en-prompt.txt	PMID_29122497_29122497_P5	OMIM:616370
1259	PMID_34722527_individual_individual_1_Shiyuan_Wang2_Clinicalandge_en-prompt.txt	PMID_34722527_individual_individual_1_Shiyuan_Wang2_Clinicalandge	OMIM:613826
1260	STX_Syrbe_14_en-prompt.txt	STX_Syrbe_14	OMIM:612164
1261	PMID_30568144_Case_Report_en-prompt.txt	PMID_30568144_Case_Report	OMIM:277700
1262	PMID_36932076_Patient_1_en-prompt.txt	PMID_36932076_Patient_1	OMIM:620376
1263	PMID_33633439_940_I_1_en-prompt.txt	PMID_33633439_940_I_1	OMIM:620731
1264	PMID_36440963_IV_2_en-prompt.txt	PMID_36440963_IV-2	OMIM:620459
1265	PMID_25142838_P11_en-prompt.txt	PMID_25142838_P11	OMIM:147920
1266	PMID_36695497_Individual_5_en-prompt.txt	PMID_36695497_Individual_5	OMIM:620731
1267	PMID_22158539_individual_8_en-prompt.txt	PMID_22158539_individual_8	OMIM:139210
1268	PMID_24721225_Patient_III_3_en-prompt.txt	PMID_24721225_Patient_III-3	OMIM:301111
1269	PMID_33633439_12467_I_1_en-prompt.txt	PMID_33633439_12467_I_1	OMIM:620731
1270	PMID_27991736_proband_II_2_en-prompt.txt	PMID_27991736_proband_II_2	OMIM:147920
1271	PMID_36307226_Proband_16_en-prompt.txt	PMID_36307226_Proband_16	OMIM:620537
1272	PMID_36446582_KBG14_en-prompt.txt	PMID_36446582_KBG14	OMIM:148050
1273	PMID_12789647_K5_III_1_en-prompt.txt	PMID_12789647_K5:III-1	OMIM:142900
1274	PMID_23063621_individual_IV10_en-prompt.txt	PMID_23063621_individual_IV10	OMIM:614931
1275	PMID_37880421_Family_4_II_1_en-prompt.txt	PMID_37880421_Family_4_II_1	OMIM:620653
1276	STX_20887364_Subject_1792_en-prompt.txt	STX_20887364_Subject_1792	OMIM:612164
1277	PMID_32376980_10_en-prompt.txt	PMID_32376980_10	OMIM:618164
1278	PMID_27087320_Subject_1_en-prompt.txt	PMID_27087320_Subject_1	OMIM:616975
1279	STX_28387369_R1007_en-prompt.txt	STX_28387369_R1007	OMIM:612164
1280	PMID_27040692_D_II_1_en-prompt.txt	PMID_27040692_D-II-1	OMIM:616900
1281	PMID_36446582_Kim_2015_P3_en-prompt.txt	PMID_36446582_Kim_2015_P3	OMIM:148050
1282	PMID_37196654_Individual_8_en-prompt.txt	PMID_37196654_Individual_8	OMIM:618505
1283	PMID_15266616_147_en-prompt.txt	PMID_15266616_147	OMIM:147791
1284	PMID_25145518_patient_III_2_en-prompt.txt	PMID_25145518_patient_III_2	OMIM:163800
1285	PMID_31949313_F7_II_1_en-prompt.txt	PMID_31949313_F7_II_1	OMIM:147920
1286	PMID_37303127_2_en-prompt.txt	PMID_37303127_2	OMIM:151660
1287	PMID_22541558_individual_M_3_en-prompt.txt	PMID_22541558_individual_M_3	OMIM:154400
1288	PMID_37734847_Patient_1_en-prompt.txt	PMID_37734847_Patient_1	OMIM:620629
1289	PMID_36446582_Low2017_en-prompt.txt	PMID_36446582_Low2017	OMIM:148050
1290	PMID_31239556_individual_32_en-prompt.txt	PMID_31239556_individual_32	OMIM:615502
1291	PMID_15911822_Patient_6_en-prompt.txt	PMID_15911822_Patient_6	OMIM:234200
1292	PMID_33731876_fam126_en-prompt.txt	PMID_33731876_fam126	OMIM:613721
1293	PMID_23099195_Patient_5_en-prompt.txt	PMID_23099195_Patient_5	OMIM:215700
1294	PMID_24889630_Proband_1_en-prompt.txt	PMID_24889630_Proband_1	OMIM:620680
1295	PMID_36553465_P28_en-prompt.txt	PMID_36553465_P28	OMIM:606574
1296	STX_BCH_002_en-prompt.txt	STX_BCH_002	OMIM:612164
1297	PMID_28940506_Family_16_Individual_22_en-prompt.txt	PMID_28940506_Family_16_Individual_22	OMIM:615471
1298	PMID_37985816_proband_en-prompt.txt	PMID_37985816_proband	OMIM:620772
1299	PMID_19541485_patient_en-prompt.txt	PMID_19541485_patient	OMIM:601098
1300	PMID_11175294_D13_en-prompt.txt	PMID_11175294_D13	OMIM:154700
1301	PMID_19776401_Patient_1_1_en-prompt.txt	PMID_19776401_Patient_1-1	OMIM:243700
1302	PMID_10580070_B_V_1_en-prompt.txt	PMID_10580070_B_V-1	OMIM:115200
1303	STX_31780880_Patient1233_en-prompt.txt	STX_31780880_Patient1233	OMIM:612164
1304	PMID_36446582_Low_2016_P27_24_en-prompt.txt	PMID_36446582_Low_2016_P27_24	OMIM:148050
1305	PMID_33731876_fam115_en-prompt.txt	PMID_33731876_fam115	OMIM:613721
1306	PMID_31332438_C_III_3_en-prompt.txt	PMID_31332438_C:III:3	OMIM:620528
1307	PMID_29907796_Patient_3_en-prompt.txt	PMID_29907796_Patient_3	OMIM:614608
1308	PMID_36446582_Novara_2017_P3_en-prompt.txt	PMID_36446582_Novara_2017_P3	OMIM:148050
1309	PMID_37196654_Individual_59__DDD_306396__en-prompt.txt	PMID_37196654_Individual_59_(DDD_306396)	OMIM:618505
1310	PMID_29469822_Family_6_II_6_en-prompt.txt	PMID_29469822_Family_6_II-6	OMIM:605275
1311	STX_26865513_Patient_19_en-prompt.txt	STX_26865513_Patient_19	OMIM:612164
1312	PMID_23566664_nan_en-prompt.txt	PMID_23566664_nan	OMIM:102500
1313	PMID_12203992_D63_en-prompt.txt	PMID_12203992_D63	OMIM:154700
1314	PMID_34722527_individual_individual_1_Takahide_Suzuki_Anovelexon17_en-prompt.txt	PMID_34722527_individual_individual_1_Takahide_Suzuki_Anovelexon17	OMIM:613826
1315	PMID_26377839_51_year_old_Hungarian_male_patient_en-prompt.txt	PMID_26377839_51-year-old_Hungarian_male_patient	OMIM:151100
1316	PMID_10580070_C_II_4_en-prompt.txt	PMID_10580070_C_II-4	OMIM:115200
1317	PMID_34722527_individual_individual_2_Lin_Li__DetectionofVa_en-prompt.txt	PMID_34722527_individual_individual_2_Lin_Li__DetectionofVa	OMIM:613826
1318	PMID_33731876_fam349_en-prompt.txt	PMID_33731876_fam349	OMIM:613721
1319	PMID_33731876_fam219_en-prompt.txt	PMID_33731876_fam219	OMIM:613721
1320	STX_28708303_Patient_56_en-prompt.txt	STX_28708303_Patient_56	OMIM:612164
1321	PMID_23829229_23829229_P1_en-prompt.txt	PMID_23829229_23829229_P1	OMIM:256810
1322	PMID_25835445_1_III_6__en-prompt.txt	PMID_25835445_1-III:6*	OMIM:615582
1323	PMID_33731876_fam95_en-prompt.txt	PMID_33731876_fam95	OMIM:613721
1324	PMID_34722527_individual_TB34R_R77_3_Tami_Current_en-prompt.txt	PMID_34722527_individual_TB34R-R77_3_Tami_Current	OMIM:608194
1325	PMID_35344616_A8_en-prompt.txt	PMID_35344616_A8	OMIM:268310
1326	PMID_27007857_proband_en-prompt.txt	PMID_27007857_proband	OMIM:620458
1327	PMID_34722527_individual_MOL0597_1_4_Beryozkin_Current_en-prompt.txt	PMID_34722527_individual_MOL0597_1_4_Beryozkin_Current	OMIM:608194
1328	PMID_18322662_patient_en-prompt.txt	PMID_18322662_patient	OMIM:150250
1329	PMID_32376980_23_en-prompt.txt	PMID_32376980_23	OMIM:618164
1330	STX_23708187_T23553_en-prompt.txt	STX_23708187_T23553	OMIM:612164
1331	PMID_36446582_KBG27_en-prompt.txt	PMID_36446582_KBG27	OMIM:148050
1332	PMID_20074988__20074988_P4_en-prompt.txt	PMID_20074988__20074988_P4	OMIM:256810
1333	PMID_33731876_fam28_en-prompt.txt	PMID_33731876_fam28	OMIM:613721
1334	PMID_18256394_6_en-prompt.txt	PMID_18256394_6	OMIM:176670
1335	PMID_37196654_Individual_48__TAS_F3039Y__en-prompt.txt	PMID_37196654_Individual_48_(TAS_F3039Y)	OMIM:618505
1336	PMID_17886299_patient_BM5_en-prompt.txt	PMID_17886299_patient_BM5	OMIM:620726
1337	PMID_29333303_proposita_en-prompt.txt	PMID_29333303_proposita	OMIM:269150
1338	PMID_18256394_14_en-prompt.txt	PMID_18256394_14	OMIM:176670
1339	PMID_31509304_F4_III_1_en-prompt.txt	PMID_31509304_F4_III_1	OMIM:617560
1340	PMID_18669544_FO_03_en-prompt.txt	PMID_18669544_FO-03	OMIM:209900
1341	STX_26514728_Patient_15_en-prompt.txt	STX_26514728_Patient_15	OMIM:612164
1342	PMID_10571775_YAT_II_1_en-prompt.txt	PMID_10571775_YAT-II-1	OMIM:611590
1343	PMID_31021519_SATB2_20_from_Zarate_et_al__2018a_Scott_et_al_en-prompt.txt	PMID_31021519_SATB2_20_from_Zarate_et_al__2018a_Scott_et_al	OMIM:612313
1344	PMID_26805781_Family_3_Subject_3_II_1_en-prompt.txt	PMID_26805781_Family_3_Subject_3_II_1	OMIM:616878
1345	PMID_29469822_Family_5_II_1_2_en-prompt.txt	PMID_29469822_Family_5_II-1/2	OMIM:605275
1346	PMID_31021519_Patient_3_from_Kikuiri_et_al_en-prompt.txt	PMID_31021519_Patient_3_from_Kikuiri_et_al	OMIM:612313
1347	PMID_34722527_individual_LCA_F001_5_Leen_Abu_Safieh_Autozygome_guid_en-prompt.txt	PMID_34722527_individual_LCA-F001_5_Leen_Abu-Safieh_Autozygome-guid	OMIM:613826
1348	PMID_33731876_fam82_en-prompt.txt	PMID_33731876_fam82	OMIM:613721
1349	PMID_29606302_C_IV_6_en-prompt.txt	PMID_29606302_C_IV_6	OMIM:618000
1350	PMID_33576469_Patient_5_en-prompt.txt	PMID_33576469_Patient_5	OMIM:129600
1351	PMID_27259050_III_5_en-prompt.txt	PMID_27259050_III_5	OMIM:159550
1352	PMID_27067446_IV1_en-prompt.txt	PMID_27067446_IV1	OMIM:248250
1353	PMID_22772368_6_II_6_en-prompt.txt	PMID_22772368_6_II_6	OMIM:614816
1354	PMID_22258530_Patient_14_en-prompt.txt	PMID_22258530_Patient_14	OMIM:613477
1355	STX_Syrbe_27_en-prompt.txt	STX_Syrbe_27	OMIM:612164
1356	STX_HSJD_Patient_8_en-prompt.txt	STX_HSJD_Patient_8	OMIM:612164
1357	PMID_32376980_34_en-prompt.txt	PMID_32376980_34	OMIM:618164
1358	PMID_36553465_P9_en-prompt.txt	PMID_36553465_P9	OMIM:606574
1359	PMID_36446582_Parenti2021_P7_en-prompt.txt	PMID_36446582_Parenti2021_P7	OMIM:148050
1360	PMID_36446582_KBG30_en-prompt.txt	PMID_36446582_KBG30	OMIM:148050
1361	PMID_31239556_individual_1_Chen_et_al_en-prompt.txt	PMID_31239556_individual_1_Chen_et_al	OMIM:615502
1362	PMID_35962790_Family_D_Individual_5__II_2__en-prompt.txt	PMID_35962790_Family_D_Individual_5_(II-2)	OMIM:620545
1363	PMID_21358634_Family_12_en-prompt.txt	PMID_21358634_Family_12	OMIM:132800
1364	PMID_22772371_TAA288_IV_1_en-prompt.txt	PMID_22772371_TAA288_IV_1	OMIM:614816
1365	PMID_22772371_TAA288_III_8_en-prompt.txt	PMID_22772371_TAA288_III_8	OMIM:614816
1366	PMID_9199560_Maslen_1997_Patient_CS971736_en-prompt.txt	PMID_9199560_Maslen_1997_Patient_CS971736	OMIM:121050
1367	PMID_22772368_6_III_6_en-prompt.txt	PMID_22772368_6_III_6	OMIM:614816
1368	PMID_28074573_AS1_en-prompt.txt	PMID_28074573_AS1	OMIM:163950
1369	PMID_21367767_F48_II_3_en-prompt.txt	PMID_21367767_F48_II_3	OMIM:606658
1370	PMID_33731876_fam102_en-prompt.txt	PMID_33731876_fam102	OMIM:613721
1371	PMID_27738187_Patient_3_en-prompt.txt	PMID_27738187_Patient_3	OMIM:617180
1372	PMID_35962790_Family_A_Individual_2__II_4__en-prompt.txt	PMID_35962790_Family_A_Individual_2_(II-4)	OMIM:620545
1373	PMID_31239556_individual_16_en-prompt.txt	PMID_31239556_individual_16	OMIM:615502
1374	STX_EG0086P_en-prompt.txt	STX_EG0086P	OMIM:612164
1375	PMID_34722527_individual_13_5_Arif_O_Khan_Geneticanalysi_en-prompt.txt	PMID_34722527_individual_13_5_Arif_O_Khan_Geneticanalysi	OMIM:613826
1376	PMID_34722527_individual_QT312_6_Lin_Li_DetectionofVa_en-prompt.txt	PMID_34722527_individual_QT312_6_Lin_Li_DetectionofVa	OMIM:613826
1377	PMID_21367767_F34_IV_4_en-prompt.txt	PMID_21367767_F34_IV_4	OMIM:606658
1378	PMID_24736735_G083__Father_en-prompt.txt	PMID_24736735_G083_-Father	OMIM:146510
1379	STX_58_en-prompt.txt	STX_58	OMIM:612164
1380	PMID_15266616_91_en-prompt.txt	PMID_15266616_91	OMIM:147791
1381	PMID_36586412_5_en-prompt.txt	PMID_36586412_5	OMIM:301111
1382	PMID_33731876_fam191_en-prompt.txt	PMID_33731876_fam191	OMIM:613721
1383	STX_STXBP1adult_Pt4_en-prompt.txt	STX_STXBP1adult_Pt4	OMIM:612164
1384	STX_BCH_008_en-prompt.txt	STX_BCH_008	OMIM:612164
1385	PMID_15731757_Family_6_I_2_en-prompt.txt	PMID_15731757_Family_6_I_2	OMIM:610168
1386	PMID_21358634_Family_5_en-prompt.txt	PMID_21358634_Family_5	OMIM:132800
1387	PMID_18423521_Patient_1b_en-prompt.txt	PMID_18423521_Patient_1b	OMIM:113620
1388	PMID_12203992_D2_en-prompt.txt	PMID_12203992_D2	OMIM:154700
1389	PMID_29122497_29122497_P10_en-prompt.txt	PMID_29122497_29122497_P10	OMIM:616370
1390	PMID_34722527_individual_TB33T_R73_1_Tami_Current_en-prompt.txt	PMID_34722527_individual_TB33T-R73_1_Tami_Current	OMIM:608194
1391	PMID_36553465_P22_en-prompt.txt	PMID_36553465_P22	OMIM:606574
1392	PMID_33731876_fam370_en-prompt.txt	PMID_33731876_fam370	OMIM:613721
1393	PMID_33731876_fam220_en-prompt.txt	PMID_33731876_fam220	OMIM:613721
1394	PMID_25868664_Family_24_Case_11_en-prompt.txt	PMID_25868664_Family_24_Case_11	OMIM:615471
1395	PMID_31239556_individual_38_en-prompt.txt	PMID_31239556_individual_38	OMIM:615502
1396	PMID_25835445_1_II_12__en-prompt.txt	PMID_25835445_1-II:12*	OMIM:615582
1397	PMID_29378527_male_sinbling_en-prompt.txt	PMID_29378527_male_sinbling	OMIM:600920
1398	STX_26865513_Patient_7_en-prompt.txt	STX_26865513_Patient_7	OMIM:612164
1399	PMID_28940506_Family_1_Individual_2_en-prompt.txt	PMID_28940506_Family_1_Individual_2	OMIM:615471
1400	STX_26865513_Patient_20_en-prompt.txt	STX_26865513_Patient_20	OMIM:612164
1401	PMID_36303223_individual_31_PMID_31806255_en-prompt.txt	PMID_36303223_individual_31_PMID_31806255	OMIM:272300
1402	PMID_36446582_Low_2016_P21_15_en-prompt.txt	PMID_36446582_Low_2016_P21_15	OMIM:148050
1403	PMID_29196670_Patient_7_en-prompt.txt	PMID_29196670_Patient_7	OMIM:191100
1404	PMID_30580808_Ind_14_Fam_14_en-prompt.txt	PMID_30580808_Ind-14-Fam-14	OMIM:618362
1405	PMID_37196654_Individual_49__DEASD_0146_001__en-prompt.txt	PMID_37196654_Individual_49_(DEASD_0146_001)	OMIM:618505
1406	PMID_21217753_Fam_1_IV_18_en-prompt.txt	PMID_21217753_Fam_1_IV-18	OMIM:613795
1407	PMID_31021519_SATB2_39_from_Zarate_et_al__2018a_Scott_et_al_en-prompt.txt	PMID_31021519_SATB2_39_from_Zarate_et_al__2018a_Scott_et_al	OMIM:612313
1408	PMID_23222957_Family_8_8_2_en-prompt.txt	PMID_23222957_Family_8_8.2	OMIM:242840
1409	PMID_23086397_Patient_1_en-prompt.txt	PMID_23086397_Patient_1	OMIM:614959
1410	PMID_30356099_Patient_5_en-prompt.txt	PMID_30356099_Patient_5	OMIM:616211
1411	PMID_33731876_fam11_en-prompt.txt	PMID_33731876_fam11	OMIM:613721
1412	PMID_15781812_individual_167_en-prompt.txt	PMID_15781812_individual_167	OMIM:620681
1413	PMID_33045405_Pitt_et_al___2015_A2_1_en-prompt.txt	PMID_33045405_Pitt_et_al.,_2015_A2-1	OMIM:605911
1414	PMID_27861123_Patient_2_en-prompt.txt	PMID_27861123_Patient_2	OMIM:614021
1415	PMID_37962958_40_en-prompt.txt	PMID_37962958_40	OMIM:620535
1416	PMID_35977029_NA127_en-prompt.txt	PMID_35977029_NA127	OMIM:620494
1417	PMID_24126608_BAB3022_en-prompt.txt	PMID_24126608_BAB3022	OMIM:620542
1418	PMID_35617047_Proband_1b_en-prompt.txt	PMID_35617047_Proband_1b	OMIM:620647
1419	PMID_11093277_K8345_III_1_FC_en-prompt.txt	PMID_11093277_K8345_III-1_FC	OMIM:305400
1420	PMID_34722527_individual_individual_1_Boulanger_Scemama__2015__Orphanet_J_Rare_Dis_10__85_nan_en-prompt.txt	PMID_34722527_individual_individual_1_Boulanger-Scemama_(2015)_Orphanet_J_Rare_Dis 10_ 85_nan	OMIM:608194
1421	PMID_37196654_Individual_2_en-prompt.txt	PMID_37196654_Individual_2	OMIM:618505
1422	PMID_29330883_Subject_8_en-prompt.txt	PMID_29330883_Subject_8	OMIM:616975
1423	STX_26514728_Patient_4_en-prompt.txt	STX_26514728_Patient_4	OMIM:612164
1424	PMID_30569521_proband_en-prompt.txt	PMID_30569521_proband	OMIM:617180
1425	STX_29056246_Patient_54_en-prompt.txt	STX_29056246_Patient_54	OMIM:612164
1426	PMID_34722527_individual_QT584_4_Lin_Li_DetectionofVa_en-prompt.txt	PMID_34722527_individual_QT584_4_Lin_Li_DetectionofVa	OMIM:613826
1427	PMID_25216260_Family_1_Patient_2_en-prompt.txt	PMID_25216260_Family_1_Patient_2	OMIM:142900
1428	PMID_18297069_Case_6_en-prompt.txt	PMID_18297069_Case_6	OMIM:300707
1429	PMID_29050398_P2_en-prompt.txt	PMID_29050398_P2	OMIM:620540
1430	PMID_22158539_individual_2_en-prompt.txt	PMID_22158539_individual_2	OMIM:139210
1431	PMID_36446582_Lim2014_en-prompt.txt	PMID_36446582_Lim2014	OMIM:148050
1432	STX_HSJD_Patient_15_en-prompt.txt	STX_HSJD_Patient_15	OMIM:612164
1433	PMID_31021519_individual_SATB2_140_en-prompt.txt	PMID_31021519_individual_SATB2_140	OMIM:612313
1434	PMID_36303223_individual_11_PMID_12112661_en-prompt.txt	PMID_36303223_individual_11_PMID_12112661	OMIM:272300
1435	PMID_24321194_II_11_en-prompt.txt	PMID_24321194_II_11	OMIM:248250
1436	PMID_30315159_Patient_1_en-prompt.txt	PMID_30315159_Patient_1	OMIM:620475
1437	PMID_10939567_EMD4_II_2_en-prompt.txt	PMID_10939567_EMD4_II-2	OMIM:181350
1438	STX_Syrbe_8_en-prompt.txt	STX_Syrbe_8	OMIM:612164
1439	PMID_21683322_26_en-prompt.txt	PMID_21683322_26	OMIM:102370
1440	PMID_33766796_2_en-prompt.txt	PMID_33766796_2	OMIM:620157
1441	PMID_9398836_Family_J2_20_III_2_en-prompt.txt	PMID_9398836_Family_J2_20_III_2	OMIM:137920
1442	PMID_36446582_Novara_2017_P10_en-prompt.txt	PMID_36446582_Novara_2017_P10	OMIM:148050
1443	PMID_33688495_IV_2_en-prompt.txt	PMID_33688495_IV-2	OMIM:615981
1444	PMID_28687524_proband_en-prompt.txt	PMID_28687524_proband	OMIM:602342
1445	PMID_22736615_Patient_1_en-prompt.txt	PMID_22736615_Patient_1	OMIM:129600
1446	PMID_34722527_individual_individual_1_Juliana_Maria_Ferraz_Sallum1_12_Clinicalandmo_en-prompt.txt	PMID_34722527_individual_individual_1_Juliana_Maria_Ferraz_Sallum1_12_Clinicalandmo	OMIM:613826
1447	PMID_26044242_24_year_old_Caucasian_male_en-prompt.txt	PMID_26044242_24_year_old_Caucasian_male	OMIM:212050
1448	PMID_32528524_II_2_en-prompt.txt	PMID_32528524_II_2	OMIM:610168
1449	PMID_37352860_Individual_6_en-prompt.txt	PMID_37352860_Individual_6	OMIM:620662
1450	PMID_33731876_fam9_en-prompt.txt	PMID_33731876_fam9	OMIM:607745
1451	PMID_34722527_individual_individual_1_H_Abouzeid_ANovelRecessi_en-prompt.txt	PMID_34722527_individual_individual_1_H_Abouzeid_ANovelRecessi	OMIM:613826
1452	PMID_36446582_Goldenberg2016_P2_en-prompt.txt	PMID_36446582_Goldenberg2016_P2	OMIM:148050
1453	PMID_18423521_Patient_4_en-prompt.txt	PMID_18423521_Patient_4	OMIM:113620
1454	PMID_29058101_Patient_1_en-prompt.txt	PMID_29058101_Patient_1	OMIM:243700
1455	STX_26865513_Patient_37_en-prompt.txt	STX_26865513_Patient_37	OMIM:612164
1456	PMID_36996813_Individual_3_en-prompt.txt	PMID_36996813_Individual_3	OMIM:620371
1457	PMID_10939567_Spo1_en-prompt.txt	PMID_10939567_Spo1	OMIM:181350
1458	PMID_34612517_F1_II_3_en-prompt.txt	PMID_34612517_F1-II-3	OMIM:617478
1459	PMID_17295247_Individual_III_2_en-prompt.txt	PMID_17295247_Individual_III_2	OMIM:306955
1460	PMID_36446582_Parenti2021_P10_en-prompt.txt	PMID_36446582_Parenti2021_P10	OMIM:148050
1461	STX_21770924_Patient_3_en-prompt.txt	STX_21770924_Patient_3	OMIM:612164
1462	PMID_35904126_Proband_3_en-prompt.txt	PMID_35904126_Proband_3	OMIM:620450
1463	PMID_33731876_fam367_en-prompt.txt	PMID_33731876_fam367	OMIM:613721
1464	PMID_33731876_fam237_en-prompt.txt	PMID_33731876_fam237	OMIM:613721
1465	PMID_33731876_fam106_en-prompt.txt	PMID_33731876_fam106	OMIM:613721
1466	PMID_31239556_individual_12_en-prompt.txt	PMID_31239556_individual_12	OMIM:615502
1467	PMID_36586412_1_en-prompt.txt	PMID_36586412_1	OMIM:301111
1468	PMID_34392356_PK_INF_602_en-prompt.txt	PMID_34392356_PK_INF_602	OMIM:620686
1469	PMID_15266616_95_en-prompt.txt	PMID_15266616_95	OMIM:147791
1470	PMID_24603435_Family_1_affected_individual_en-prompt.txt	PMID_24603435_Family_1_affected_individual	OMIM:613717
1471	PMID_37962958_9_en-prompt.txt	PMID_37962958_9	OMIM:620535
1472	PMID_15911822_Patient_12_en-prompt.txt	PMID_15911822_Patient_12	OMIM:234200
1473	PMID_31021519_SATB2_73_from_Bengani_et_al_en-prompt.txt	PMID_31021519_SATB2_73_from_Bengani_et_al	OMIM:612313
1474	PMID_24736735_G043__en-prompt.txt	PMID_24736735_G043_	OMIM:175700
1475	PMID_24736735_G056__en-prompt.txt	PMID_24736735_G056_	OMIM:175700
1476	PMID_21358634_Family_16_en-prompt.txt	PMID_21358634_Family_16	OMIM:132800
1477	PMID_36047608_Patient_4_F3_II_3_en-prompt.txt	PMID_36047608_Patient_4_F3_II_3	OMIM:620666
1478	PMID_15731757_Family_4_II_1_en-prompt.txt	PMID_15731757_Family_4_II_1	OMIM:610168
1479	PMID_36586412_9a_en-prompt.txt	PMID_36586412_9a	OMIM:301111
1480	PMID_10797416_Belleh_Patient_CF1349_en-prompt.txt	PMID_10797416_Belleh_Patient_CF1349	OMIM:121050
1481	PMID_26247899_P2_1_en-prompt.txt	PMID_26247899_P2-1	OMIM:619656
1482	PMID_33731876_fam86_en-prompt.txt	PMID_33731876_fam86	OMIM:607745
1483	PMID_16965330_patient_12_en-prompt.txt	PMID_16965330_patient_12	OMIM:240300
1484	PMID_32376980_30_en-prompt.txt	PMID_32376980_30	OMIM:618164
1485	PMID_8282779_II_1_en-prompt.txt	PMID_8282779_II/1	OMIM:612653
1486	PMID_22258530_Patient_10_en-prompt.txt	PMID_22258530_Patient_10	OMIM:613477
1487	PMID_33576469_Patient_1_en-prompt.txt	PMID_33576469_Patient_1	OMIM:129600
1488	PMID_34722527_individual_individual_3_Saloni_Walia_VisualAcuityi_en-prompt.txt	PMID_34722527_individual_individual_3_Saloni_Walia_VisualAcuityi	OMIM:613826
1489	PMID_23440193_11_y_old_boy_en-prompt.txt	PMID_23440193_11_y_old_boy	OMIM:609622
1490	PMID_33045405_This_study_patient_1_en-prompt.txt	PMID_33045405_This_study_patient_1	OMIM:605911
1491	PMID_36446582_KBG34_en-prompt.txt	PMID_36446582_KBG34	OMIM:148050
1492	PMID_36446582_Parenti2021_P3_en-prompt.txt	PMID_36446582_Parenti2021_P3	OMIM:148050
1493	PMID_18669544_FO_07_en-prompt.txt	PMID_18669544_FO-07	OMIM:209900
1494	STX_26514728_Patient_11_en-prompt.txt	STX_26514728_Patient_11	OMIM:612164
1495	PMID_32376980_8____patient_DDD4K_03113_in_DDD_study__Nature__2017__en-prompt.txt	PMID_32376980_8_(=_patient_DDD4K.03113_in_DDD_study,_Nature,_2017)	OMIM:618164
1496	STX_EG0573P_en-prompt.txt	STX_EG0573P	OMIM:612164
1497	PMID_10842287_HOS_A2_en-prompt.txt	PMID_10842287_HOS-A2	OMIM:142900
1498	PMID_37196654_Individual_47__DDD_303829__en-prompt.txt	PMID_37196654_Individual_47_(DDD_303829)	OMIM:618505
1499	PMID_20519243_4_en-prompt.txt	PMID_20519243_4	OMIM:142900
1500	PMID_15499950_15499950_P3_en-prompt.txt	PMID_15499950_15499950_P3	OMIM:604377
1501	PMID_18669544_FO_10_en-prompt.txt	PMID_18669544_FO-10	OMIM:209900
1502	PMID_37761890_33__en-prompt.txt	PMID_37761890_33 	OMIM:616362
1503	PMID_37761890_26__en-prompt.txt	PMID_37761890_26 	OMIM:616362
1504	PMID_18256394_2_en-prompt.txt	PMID_18256394_2	OMIM:176670
1505	PMID_21660509_DEM4197b_en-prompt.txt	PMID_21660509_DEM4197b	OMIM:601869
1506	PMID_30113454_index_en-prompt.txt	PMID_30113454_index	OMIM:133540
1507	PMID_26805781_Family_1_Subject_1_II_1_en-prompt.txt	PMID_26805781_Family_1_Subject_1_II_1	OMIM:616878
1508	PMID_21236492_Individual_P8_en-prompt.txt	PMID_21236492_Individual_P8	OMIM:614199
1509	PMID_22772371_MS211_III_14_en-prompt.txt	PMID_22772371_MS211_III_14	OMIM:614816
1510	PMID_29606302_A_II_1_en-prompt.txt	PMID_29606302_A_II_1	OMIM:618000
1511	PMID_21660509_PKDF1258b_en-prompt.txt	PMID_21660509_PKDF1258b	OMIM:601869
1512	PMID_15731757_Family_9_II_1_en-prompt.txt	PMID_15731757_Family_9_II_1	OMIM:609192
1513	PMID_30101859_Patient_4_en-prompt.txt	PMID_30101859_Patient_4	OMIM:610168
1514	PMID_18256394_10_en-prompt.txt	PMID_18256394_10	OMIM:176670
1515	PMID_10580070_B_IV_4_en-prompt.txt	PMID_10580070_B_IV-4	OMIM:115200
1516	PMID_23993194_Family_2_Case_4_en-prompt.txt	PMID_23993194_Family_2_Case_4	OMIM:615471
1517	PMID_34722527_individual_LCA_F041_4_Leen_Abu_Safieh_Autozygome_guid_en-prompt.txt	PMID_34722527_individual_LCA-F041_4_Leen_Abu-Safieh_Autozygome-guid	OMIM:613826
1518	PMID_33731876_fam91_en-prompt.txt	PMID_33731876_fam91	OMIM:607745
1519	PMID_32376980_27_en-prompt.txt	PMID_32376980_27	OMIM:618164
1520	PMID_34722527_individual_16_8_Arif_O_Khan_Geneticanalysi_en-prompt.txt	PMID_34722527_individual_16_8_Arif_O_Khan_Geneticanalysi	OMIM:613826
1521	PMID_36446582_KBG23_en-prompt.txt	PMID_36446582_KBG23	OMIM:148050
1522	PMID_27099744_Family_27_en-prompt.txt	PMID_27099744_Family_27	OMIM:615471
1523	PMID_31949313_F1_II_1_en-prompt.txt	PMID_31949313_F1_II_1	OMIM:147920
1524	PMID_36446582_Murray_2017_P9_5_1_en-prompt.txt	PMID_36446582_Murray_2017_P9_5_1	OMIM:148050
1525	PMID_23222957_Family_3_3_1_en-prompt.txt	PMID_23222957_Family_3_3.1	OMIM:242840
1526	PMID_35150594_K_III_4_en-prompt.txt	PMID_35150594_K:III:4	OMIM:620538
1527	PMID_21660509_W98_042e_en-prompt.txt	PMID_21660509_W98_042e	OMIM:601869
1528	STX_EG0239P_en-prompt.txt	STX_EG0239P	OMIM:612164
1529	PMID_36890397_P1_en-prompt.txt	PMID_36890397_P1	OMIM:619375
1530	PMID_24715504_patient_en-prompt.txt	PMID_24715504_patient	OMIM:139210
1531	PMID_34722527_individual_MEP43_5_Martin_McKibbin_Genotype_Phenot_en-prompt.txt	PMID_34722527_individual_MEP43_5_Martin_McKibbin_Genotype-Phenot	OMIM:613826
1532	STX_EG1494P_en-prompt.txt	STX_EG1494P	OMIM:612164
1533	PMID_33731876_fam111_en-prompt.txt	PMID_33731876_fam111	OMIM:613721
1534	PMID_30564627_Subject_II_8_en-prompt.txt	PMID_30564627_Subject_II_8	OMIM:620732
1535	PMID_28065471_PV_1_en-prompt.txt	PMID_28065471_PV:1	OMIM:617403
1536	PMID_29037160_Case_3_family_III_en-prompt.txt	PMID_29037160_Case_3_family_III	OMIM:220400
1537	PMID_36303223_individual_4_PMID_12112661_en-prompt.txt	PMID_36303223_individual_4_PMID_12112661	OMIM:272300
1538	PMID_37711075_Family_2_R176_01_en-prompt.txt	PMID_37711075_Family_2_R176_01	OMIM:620546
1539	PMID_37880421_Family_2_II_1_en-prompt.txt	PMID_37880421_Family_2_II_1	OMIM:620653
1540	PMID_36446582_Novara_2017_P7_en-prompt.txt	PMID_36446582_Novara_2017_P7	OMIM:148050
1541	PMID_15266616_82_en-prompt.txt	PMID_15266616_82	OMIM:147791
1542	PMID_20887961_Patient_4_en-prompt.txt	PMID_20887961_Patient_4	OMIM:600920
1543	PMID_9697705_brother_en-prompt.txt	PMID_9697705_brother	OMIM:241850
1544	PMID_21683322_9_en-prompt.txt	PMID_21683322_9	OMIM:614185
1545	PMID_12203992_D67_en-prompt.txt	PMID_12203992_D67	OMIM:154700
1546	PMID_31021519_SATB2_70_from_Zarate_et_al__2018a_en-prompt.txt	PMID_31021519_SATB2_70_from_Zarate_et_al__2018a	OMIM:612313
1547	PMID_28239884_Family_1_proband_en-prompt.txt	PMID_28239884_Family_1_proband	OMIM:148600
1548	PMID_10580070_E_III_8_en-prompt.txt	PMID_10580070_E_III-8	OMIM:115200
1549	PMID_36996813_Individual_7_en-prompt.txt	PMID_36996813_Individual_7	OMIM:620371
1550	PMID_33731876_fam182_en-prompt.txt	PMID_33731876_fam182	OMIM:613721
1551	PMID_36331550_Family_10_Patient_12_en-prompt.txt	PMID_36331550_Family_10_Patient_12	OMIM:620540
1552	PMID_37349293_Patient_1_en-prompt.txt	PMID_37349293_Patient_1	OMIM:620565
1553	PMID_19776401_Patient_8_2_en-prompt.txt	PMID_19776401_Patient_8-2	OMIM:243700
1554	PMID_36446582_Parenti2021_P14_en-prompt.txt	PMID_36446582_Parenti2021_P14	OMIM:148050
1555	PMID_28940506_Family_24_Individual_30_en-prompt.txt	PMID_28940506_Family_24_Individual_30	OMIM:615471
1556	PMID_25896430_Patient_4_en-prompt.txt	PMID_25896430_Patient_4	OMIM:147920
1557	PMID_33731876_fam233_en-prompt.txt	PMID_33731876_fam233	OMIM:613721
1558	PMID_33731876_fam363_en-prompt.txt	PMID_33731876_fam363	OMIM:613721
1559	STX_STXBP1adult_Pt11_en-prompt.txt	STX_STXBP1adult_Pt11	OMIM:612164
1560	PMID_19818506_Patient_1B_en-prompt.txt	PMID_19818506_Patient_1B	OMIM:620344
1561	PMID_11344241_III_3_en-prompt.txt	PMID_11344241_III-3	OMIM:151660
1562	PMID_36446582_Goldenberg2016_P6_en-prompt.txt	PMID_36446582_Goldenberg2016_P6	OMIM:148050
1563	PMID_31969900_S1_en-prompt.txt	PMID_31969900_S1	OMIM:615471
1564	PMID_37352860_Individual_2_en-prompt.txt	PMID_37352860_Individual_2	OMIM:620663
1565	PMID_16917909_666_2__en-prompt.txt	PMID_16917909_666-2_	OMIM:142900
1566	PMID_25007886_Subject_3_en-prompt.txt	PMID_25007886_Subject_3	OMIM:613268
1567	PMID_36355422_IV_7_en-prompt.txt	PMID_36355422_IV_7	OMIM:620745
1568	STX_26865513_Patient_33_en-prompt.txt	STX_26865513_Patient_33	OMIM:612164
1569	PMID_19864672_Patient_2M_en-prompt.txt	PMID_19864672_Patient_2M	OMIM:212050
1570	PMID_28446873_Case_1_en-prompt.txt	PMID_28446873_Case_1	OMIM:200150
1571	PMID_31021519_Subject_3_from_Rosenfeld_et_al_en-prompt.txt	PMID_31021519_Subject_3_from_Rosenfeld_et_al	OMIM:612313
1572	PMID_30580808_Chen_Pat_123_Fam_47_en-prompt.txt	PMID_30580808_Chen_Pat_123-Fam-47	OMIM:618362
1573	PMID_12789647_K11_III_2_en-prompt.txt	PMID_12789647_K11:III-2	OMIM:142900
1574	STX_31164858_Patient_018P_en-prompt.txt	STX_31164858_Patient_018P	OMIM:612164
1575	PMID_22158539_individual_11_en-prompt.txt	PMID_22158539_individual_11	OMIM:139210
1576	PMID_22939636_Family_1_Individual_1_en-prompt.txt	PMID_22939636_Family_1_Individual_1	OMIM:614833
1577	PMID_30315159_Patient_5_en-prompt.txt	PMID_30315159_Patient_5	OMIM:620475
1578	PMID_21696388_V_3_en-prompt.txt	PMID_21696388_V-3	OMIM:606693
1579	PMID_25129007_25129007_P1_en-prompt.txt	PMID_25129007_25129007_P1	OMIM:256810
1580	PMID_15781812_individual_174_en-prompt.txt	PMID_15781812_individual_174	OMIM:620681
1581	STX_26740508_Proband_14_en-prompt.txt	STX_26740508_Proband_14	OMIM:612164
1582	PMID_27040692_B_IV_4_en-prompt.txt	PMID_27040692_B-IV-4	OMIM:616900
1583	PMID_22158539_individual_6_en-prompt.txt	PMID_22158539_individual_6	OMIM:139210
1584	PMID_25835445_7_I_1_en-prompt.txt	PMID_25835445_7-I:1	OMIM:615582
1585	PMID_11175294_B7_en-prompt.txt	PMID_11175294_B7	OMIM:154700
1586	PMID_29755943_Family_2_IV_1_en-prompt.txt	PMID_29755943_Family_2:IV:1	OMIM:142900
1587	PMID_34722527_individual_MEP1_3_Martin_McKibbin_Genotype_Phenot_en-prompt.txt	PMID_34722527_individual_MEP1_3_Martin_McKibbin_Genotype-Phenot	OMIM:613826
1588	PMID_15266616_4_en-prompt.txt	PMID_15266616_4	OMIM:147791
1589	PMID_37226891_Individual_2_en-prompt.txt	PMID_37226891_Individual_2	OMIM:620779
1590	PMID_37196654_Individual_44__DDD_286674__en-prompt.txt	PMID_37196654_Individual_44_(DDD_286674)	OMIM:618505
1591	PMID_37962958_44_en-prompt.txt	PMID_37962958_44	OMIM:620535
1592	PMID_37196654_Individual_6_en-prompt.txt	PMID_37196654_Individual_6	OMIM:618505
1593	PMID_37761890_57__en-prompt.txt	PMID_37761890_57 	OMIM:616362
1594	PMID_37761890_42__en-prompt.txt	PMID_37761890_42 	OMIM:616362
1595	STX_G2_P3_en-prompt.txt	STX_G2_P3	OMIM:612164
1596	PMID_18297069_Case_2_en-prompt.txt	PMID_18297069_Case_2	OMIM:300707
1597	PMID_35534203_R0036_II_3_P2_en-prompt.txt	PMID_35534203_R0036_II_3_P2	OMIM:620744
1598	PMID_22541558_individual_N_1_en-prompt.txt	PMID_22541558_individual_N_1	OMIM:154400
1599	PMID_23086397_Patient_5_en-prompt.txt	PMID_23086397_Patient_5	OMIM:614959
1600	PMID_38013626_Patient_3_en-prompt.txt	PMID_38013626_Patient_3	OMIM:620666
1601	PMID_33731876_fam15_en-prompt.txt	PMID_33731876_fam15	OMIM:613721
1602	PMID_31944623_Patient_B_en-prompt.txt	PMID_31944623_Patient_B	OMIM:617225
1603	PMID_30356099_Patient_1_en-prompt.txt	PMID_30356099_Patient_1	OMIM:616211
1604	PMID_31774634_Graul_Neumann_et_al___2010__en-prompt.txt	PMID_31774634_Graul-Neumann_et_al._(2010)	OMIM:616914
1605	PMID_28202457_F1_II_1_en-prompt.txt	PMID_28202457_F1_II_1	OMIM:159550
1606	PMID_16705067_Patient_2_brother_en-prompt.txt	PMID_16705067_Patient_2_brother	OMIM:248250
1607	PMID_28781842_patient_2_en-prompt.txt	PMID_28781842_patient_2	OMIM:610759
1608	PMID_34722527_individual_87_5_Hui_Wang_ComprehensiveM_en-prompt.txt	PMID_34722527_individual_87_5_Hui_Wang_ComprehensiveM	OMIM:613826
1609	PMID_15911822_Patient_8_en-prompt.txt	PMID_15911822_Patient_8	OMIM:234200
1610	PMID_23993194_Family_5_case_S1_en-prompt.txt	PMID_23993194_Family_5_case_S1	OMIM:615471
1611	PMID_33539324_C_II_1_en-prompt.txt	PMID_33539324_C-II.1	OMIM:620456
1612	PMID_24736735_G109_Father_en-prompt.txt	PMID_24736735_G109_Father	OMIM:175700
1613	PMID_36047608_Patient_3_F2_II_3_en-prompt.txt	PMID_36047608_Patient_3_F2_II_3	OMIM:620666
1614	PMID_33731876_fam128_en-prompt.txt	PMID_33731876_fam128	OMIM:613721
1615	STX_32139178_Patient_Infantile12_en-prompt.txt	STX_32139178_Patient_Infantile12	OMIM:612164
1616	PMID_33731876_fam299_en-prompt.txt	PMID_33731876_fam299	OMIM:613721
1617	PMID_30612693_10_en-prompt.txt	PMID_30612693_10	OMIM:618443
1618	PMID_36303223_individual_25_PMID_31870341_en-prompt.txt	PMID_36303223_individual_25_PMID_31870341	OMIM:272300
1619	PMID_21217753_Fam_2_III_3_en-prompt.txt	PMID_21217753_Fam_2_III-3	OMIM:613795
1620	PMID_25868664_Family_9_Case_4_Gai_2013_case_7_en-prompt.txt	PMID_25868664_Family_9_Case_4_Gai_2013_case_7	OMIM:615471
1621	PMID_33731876_fam195_en-prompt.txt	PMID_33731876_fam195	OMIM:613721
1622	PMID_11050011_II_1_en-prompt.txt	PMID_11050011_II-1	OMIM:301310
1623	PMID_21358634_Family_1_en-prompt.txt	PMID_21358634_Family_1	OMIM:132800
1624	PMID_37943620_F_28_en-prompt.txt	PMID_37943620_F/28	OMIM:620714
1625	PMID_33731876_fam224_en-prompt.txt	PMID_33731876_fam224	OMIM:613721
1626	PMID_36446582_Low_2016_P7_8_en-prompt.txt	PMID_36446582_Low_2016_P7_8	OMIM:148050
1627	PMID_33731876_fam374_en-prompt.txt	PMID_33731876_fam374	OMIM:613721
1628	PMID_36553465_P26_en-prompt.txt	PMID_36553465_P26	OMIM:606574
1629	PMID_21677813_11_month_old_African_male_infant_en-prompt.txt	PMID_21677813_11-month-old_African_male_infant	OMIM:151100
1630	PMID_33731876_fam393_en-prompt.txt	PMID_33731876_fam393	OMIM:613721
1631	PMID_28584669_newborn_male_en-prompt.txt	PMID_28584669_newborn_male	OMIM:193700
1632	PMID_18477167_III_4_en-prompt.txt	PMID_18477167_III_4	OMIM:144200
1633	PMID_36446582_Goldenberg2016_P38_en-prompt.txt	PMID_36446582_Goldenberg2016_P38	OMIM:148050
1634	PMID_23222957_Family_5_5_2_en-prompt.txt	PMID_23222957_Family_5_5.2	OMIM:242840
1635	PMID_35344616_A12_en-prompt.txt	PMID_35344616_A12	OMIM:268310
1636	STX_EG0931P_en-prompt.txt	STX_EG0931P	OMIM:612164
1637	PMID_24736735_G003_Brother_en-prompt.txt	PMID_24736735_G003_Brother	OMIM:175700
1638	PMID_23335590_Subject_4354_en-prompt.txt	PMID_23335590_Subject_4354	OMIM:304110
1639	PMID_33731876_fam407_en-prompt.txt	PMID_33731876_fam407	OMIM:613721
1640	PMID_25539947_25539947_P1_en-prompt.txt	PMID_25539947_25539947_P1	OMIM:616370
1641	PMID_30356099_Patient_18_en-prompt.txt	PMID_30356099_Patient_18	OMIM:616211
1642	PMID_30643655_F1_IV_1_en-prompt.txt	PMID_30643655_F1_IV_1	OMIM:613115
1643	PMID_27484170_A_5_year_old_male_patient_en-prompt.txt	PMID_27484170_A_5_year-old_male_patient	OMIM:151100
1644	PMID_33731876_fam172_en-prompt.txt	PMID_33731876_fam172	OMIM:613721
1645	PMID_28074573_GB3_en-prompt.txt	PMID_28074573_GB3	OMIM:163950
1646	PMID_35150594_M_II_1_en-prompt.txt	PMID_35150594_M:II:1	OMIM:620538
1647	PMID_36528028_Individual_11_en-prompt.txt	PMID_36528028_Individual_11	OMIM:620455
1648	STX_30776697_Patient_70_en-prompt.txt	STX_30776697_Patient_70	OMIM:612164
1649	PMID_19864672_Patient_2B2_en-prompt.txt	PMID_19864672_Patient_2B2	OMIM:212050
1650	PMID_12789647_K12_III_2_en-prompt.txt	PMID_12789647_K12:III-2	OMIM:142900
1651	PMID_24736735_G028__en-prompt.txt	PMID_24736735_G028_	OMIM:175700
1652	PMID_36067010_Family_2_Patient_4_en-prompt.txt	PMID_36067010_Family_2_Patient_4	OMIM:620504
1653	PMID_29755943_Family_2_III_3_en-prompt.txt	PMID_29755943_Family_2:III:3	OMIM:142900
1654	STX_29896790_P2_en-prompt.txt	STX_29896790_P2	OMIM:612164
1655	PMID_36965478_Individual_4_en-prompt.txt	PMID_36965478_Individual_4	OMIM:620515
1656	PMID_26911354_Family_2_Patient_2_en-prompt.txt	PMID_26911354_Family_2_Patient_2	OMIM:615066
1657	PMID_26426912_Patient_3_en-prompt.txt	PMID_26426912_Patient_3	OMIM:248250
1658	PMID_10939567_EMD1_III_20_en-prompt.txt	PMID_10939567_EMD1_III-20	OMIM:181350
1659	PMID_36189931_Individual_23_en-prompt.txt	PMID_36189931_Individual_23	OMIM:130050
1660	PMID_31021519_individual_from_Tegay_et_al_en-prompt.txt	PMID_31021519_individual_from_Tegay_et_al	OMIM:612313
1661	PMID_25168959_Y21_en-prompt.txt	PMID_25168959_Y21	OMIM:614608
1662	PMID_36446582_KBG40_en-prompt.txt	PMID_36446582_KBG40	OMIM:148050
1663	PMID_31021519_individual_SATB2_109_en-prompt.txt	PMID_31021519_individual_SATB2_109	OMIM:612313
1664	PMID_27040691_Individual_3_1_en-prompt.txt	PMID_27040691_Individual_3-1	OMIM:616900
1665	PMID_32376980_44_en-prompt.txt	PMID_32376980_44	OMIM:618164
1666	PMID_28061825_proband_en-prompt.txt	PMID_28061825_proband	OMIM:601553
1667	PMID_32631816_Patient_IV_2_1_en-prompt.txt	PMID_32631816_Patient_IV_2–1	OMIM:620703
1668	PMID_26706854_Subject_1_2_en-prompt.txt	PMID_26706854_Subject_1-2	OMIM:603671
1669	STX_P_13_en-prompt.txt	STX_P_13	OMIM:612164
1670	PMID_11179005_6__S__en-prompt.txt	PMID_11179005_6_(S)	OMIM:311200
1671	PMID_10939567_Spo78_en-prompt.txt	PMID_10939567_Spo78	OMIM:181350
1672	PMID_7493032_Putnam_1995_p262_en-prompt.txt	PMID_7493032_Putnam_1995_p262	OMIM:121050
1673	PMID_15266616_113_en-prompt.txt	PMID_15266616_113	OMIM:147791
1674	PMID_20683840_II_16_en-prompt.txt	PMID_20683840_II-16	OMIM:606693
1675	PMID_25477417_F3_1_en-prompt.txt	PMID_25477417_F3_1	OMIM:248250
1676	PMID_34521999_28_en-prompt.txt	PMID_34521999_28	OMIM:617140
1677	PMID_27843126_A_III_6_en-prompt.txt	PMID_27843126_A-III.6	OMIM:617146
1678	PMID_34722527_individual_individual_3_Arif_O_Khan_Geneticanalysi_en-prompt.txt	PMID_34722527_individual_individual_3_Arif_O_Khan_Geneticanalysi	OMIM:613826
1679	PMID_31021519_ER52725_from_Rauch_et_al_en-prompt.txt	PMID_31021519_ER52725_from_Rauch_et_al	OMIM:612313
1680	PMID_12446365_RWT_en-prompt.txt	PMID_12446365_RWT	OMIM:129600
1681	PMID_21594993_patient_en-prompt.txt	PMID_21594993_patient	OMIM:616914
1682	PMID_33776626_fetus_en-prompt.txt	PMID_33776626_fetus	OMIM:603671
1683	PMID_37761890_58__en-prompt.txt	PMID_37761890_58 	OMIM:616362
1684	PMID_24739679_patient_K7_en-prompt.txt	PMID_24739679_patient_K7	OMIM:147920
1685	PMID_15266616_104_en-prompt.txt	PMID_15266616_104	OMIM:147791
1686	PMID_21217753_Fam_1_III_3_en-prompt.txt	PMID_21217753_Fam_1_III-3	OMIM:613795
1687	PMID_34722527_individual_F04_2_Maleeha_Maria_HomozygosityMa_en-prompt.txt	PMID_34722527_individual_F04_2_Maleeha_Maria_HomozygosityMa	OMIM:613826
1688	PMID_33731876_fam58_en-prompt.txt	PMID_33731876_fam58	OMIM:613721
1689	PMID_25439728_V_2_en-prompt.txt	PMID_25439728_V.2	OMIM:616354
1690	PMID_36446582_KBG57_en-prompt.txt	PMID_36446582_KBG57	OMIM:148050
1691	PMID_37071997_Individual_12_en-prompt.txt	PMID_37071997_Individual_12	OMIM:616211
1692	PMID_27376152_FPLD_122_2_en-prompt.txt	PMID_27376152_FPLD_122_2	OMIM:620679
1693	PMID_37167966_F5_II_1_en-prompt.txt	PMID_37167966_F5-II:1	OMIM:620375
1694	PMID_36446582_KBG8A_en-prompt.txt	PMID_36446582_KBG8A	OMIM:148050
1695	PMID_34722527_individual_81_7_Tobias_Eisenberger_Increasingthe_en-prompt.txt	PMID_34722527_individual_81_7_Tobias_Eisenberger_Increasingthe	OMIM:613826
1696	STX_P_04_en-prompt.txt	STX_P_04	OMIM:612164
1697	PMID_12789647_K15_III_1_en-prompt.txt	PMID_12789647_K15:III-1	OMIM:142900
1698	PMID_16917909_370_2_en-prompt.txt	PMID_16917909_370-2	OMIM:142900
1699	PMID_33731876_fam269_en-prompt.txt	PMID_33731876_fam269	OMIM:613721
1700	PMID_36586412_24_en-prompt.txt	PMID_36586412_24	OMIM:301111
1701	PMID_33045405_Aledo_et_al___2001_Proband_en-prompt.txt	PMID_33045405_Aledo_et_al.,_2001_Proband	OMIM:605911
1702	PMID_28132690_Family_B_II_1_en-prompt.txt	PMID_28132690_Family_B_II_1	OMIM:617425
1703	PMID_36745868_Patient_2_en-prompt.txt	PMID_36745868_Patient_2	OMIM:620603
1704	PMID_36189931_Individual_34_en-prompt.txt	PMID_36189931_Individual_34	OMIM:130050
1705	PMID_30891318_case_en-prompt.txt	PMID_30891318_case	OMIM:277700
1706	PMID_37582359_F4_III_3_en-prompt.txt	PMID_37582359_F4-III-3	OMIM:620558
1707	PMID_37071997_Individual_7_en-prompt.txt	PMID_37071997_Individual_7	OMIM:616211
1708	PMID_19949040_Patient_2_en-prompt.txt	PMID_19949040_Patient_2	OMIM:616325
1709	PMID_33731876_fam384_en-prompt.txt	PMID_33731876_fam384	OMIM:613721
1710	PMID_20932317_SMS324_en-prompt.txt	PMID_20932317_SMS324	OMIM:182290
1711	PMID_25876182_Patient_VI_2_en-prompt.txt	PMID_25876182_Patient_VI_2	OMIM:273900
1712	PMID_34722527_individual_individual_1_Cathrine_Jespersgaard_Moleculargenet_en-prompt.txt	PMID_34722527_individual_individual_1_Cathrine_Jespersgaard_Moleculargenet	OMIM:613826
1713	PMID_33731876_fam410_en-prompt.txt	PMID_33731876_fam410	OMIM:613721
1714	PMID_30580808_Ind_05_Fam_05_en-prompt.txt	PMID_30580808_Ind-05-Fam-05	OMIM:618362
1715	PMID_26136118_patient_en-prompt.txt	PMID_26136118_patient	OMIM:248250
1716	STX_G3_P18_en-prompt.txt	STX_G3_P18	OMIM:612164
1717	PMID_37196654_Individual_58__DDD_305030__en-prompt.txt	PMID_37196654_Individual_58_(DDD_305030)	OMIM:618505
1718	PMID_33731876_fam165_en-prompt.txt	PMID_33731876_fam165	OMIM:613721
1719	PMID_20375004_3_II_3_en-prompt.txt	PMID_20375004_3-II:3	OMIM:184900
1720	PMID_28137957_HIH22132_II_1_en-prompt.txt	PMID_28137957_HIH22132.II.1	OMIM:617225
1721	PMID_33731876_fam247_en-prompt.txt	PMID_33731876_fam247	OMIM:613721
1722	PMID_36446582_Ockeloen2015_P7_en-prompt.txt	PMID_36446582_Ockeloen2015_P7	OMIM:148050
1723	PMID_33731876_fam317_en-prompt.txt	PMID_33731876_fam317	OMIM:613721
1724	PMID_27153400_Family_A_V_2_en-prompt.txt	PMID_27153400_Family_A_V_2	OMIM:616907
1725	PMID_17273969_Patient_2P_en-prompt.txt	PMID_17273969_Patient_2P	OMIM:610759
1726	PMID_11118249_PATIENT_III_2_en-prompt.txt	PMID_11118249_PATIENT_III.2	OMIM:301310
1727	PMID_24932600_Patient_1_en-prompt.txt	PMID_24932600_Patient_1	OMIM:268310
1728	PMID_28285769_Individual_2_II_2_en-prompt.txt	PMID_28285769_Individual_2_II_2	OMIM:250410
1729	PMID_36189931_Individual_2_en-prompt.txt	PMID_36189931_Individual_2	OMIM:130050
1730	PMID_25145518_index_patient_IV_1_en-prompt.txt	PMID_25145518_index_patient_IV_1	OMIM:163800
1731	STX_26648591_Patient_3_en-prompt.txt	STX_26648591_Patient_3	OMIM:612164
1732	PMID_26805782_F1_II_2_en-prompt.txt	PMID_26805782_F1_II_2	OMIM:616878
1733	STX_G3_P36_en-prompt.txt	STX_G3_P36	OMIM:612164
1734	PMID_36303223_individual_2_PMID_9600976_en-prompt.txt	PMID_36303223_individual_2_PMID_9600976	OMIM:272300
1735	PMID_30580808_Ind_25_Li_Ind_2_Fam_19_en-prompt.txt	PMID_30580808_Ind-25_Li_Ind_2-Fam-19	OMIM:618362
1736	PMID_36446582_Gnazzo_2020_P25_en-prompt.txt	PMID_36446582_Gnazzo_2020_P25	OMIM:148050
1737	PMID_20082460_case_6_en-prompt.txt	PMID_20082460_case_6	OMIM:305400
1738	PMID_37196654_Individual_24_en-prompt.txt	PMID_37196654_Individual_24	OMIM:618505
1739	PMID_17056636_Patient_No_4_en-prompt.txt	PMID_17056636_Patient_No_4	OMIM:609942
1740	PMID_22541558_individual_A_1_en-prompt.txt	PMID_22541558_individual_A_1	OMIM:154400
1741	PMID_30791088_female_en-prompt.txt	PMID_30791088_female	OMIM:620703
1742	PMID_34521999_11_en-prompt.txt	PMID_34521999_11	OMIM:617140
1743	PMID_31021519_individual_from_Lieden_et_al_en-prompt.txt	PMID_31021519_individual_from_Lieden_et_al	OMIM:612313
1744	PMID_31021519_SATB2_29_from_Zarate_et_al__2018a_Scott_et_al_en-prompt.txt	PMID_31021519_SATB2_29_from_Zarate_et_al__2018a_Scott_et_al	OMIM:612313
1745	PMID_31021519_SATB2_60_from_Zarate_et_al__2018a_en-prompt.txt	PMID_31021519_SATB2_60_from_Zarate_et_al__2018a	OMIM:612313
1746	PMID_21217753_Fam_1_III_12_en-prompt.txt	PMID_21217753_Fam_1_III-12	OMIM:613795
1747	PMID_34035203_34035203_P1_en-prompt.txt	PMID_34035203_34035203_P1	OMIM:256810
1748	PMID_25868664_Family_25_Case_8_en-prompt.txt	PMID_25868664_Family_25_Case_8	OMIM:615471
1749	PMID_33731876_fam76_en-prompt.txt	PMID_33731876_fam76	OMIM:613721
1750	PMID_30580808_Machol_Ind_14_Fam_44_en-prompt.txt	PMID_30580808_Machol_Ind_14-Fam-44	OMIM:618362
1751	PMID_22772368_5_III_2_en-prompt.txt	PMID_22772368_5_III_2	OMIM:614816
1752	PMID_32666529_Family_3_II_1_en-prompt.txt	PMID_32666529_Family_3_II.1	OMIM:620519
1753	STX_EG0721P_en-prompt.txt	STX_EG0721P	OMIM:612164
1754	PMID_33633439_13706_II_1_en-prompt.txt	PMID_33633439_13706_II_1	OMIM:620731
1755	PMID_31021519_individual_SATB2_130_en-prompt.txt	PMID_31021519_individual_SATB2_130	OMIM:612313
1756	PMID_22428873_P2_en-prompt.txt	PMID_22428873_P2	OMIM:174200
1757	PMID_9312167_A_I_2_en-prompt.txt	PMID_9312167_A:I:2	OMIM:179800
1758	PMID_34722527_individual_individual_3_Juan_C__Zenteno_Extensivegenic_en-prompt.txt	PMID_34722527_individual_individual_3_Juan_C__Zenteno_Extensivegenic	OMIM:613826
1759	PMID_24069336_proband_V_02_en-prompt.txt	PMID_24069336_proband_V_02	OMIM:615193
1760	PMID_37962958_27_en-prompt.txt	PMID_37962958_27	OMIM:620535
1761	PMID_36190515_Patient_6_en-prompt.txt	PMID_36190515_Patient_6	OMIM:620423
1762	PMID_29198722_p_Arg913Ter_Affected_Individual_2_en-prompt.txt	PMID_29198722_p.Arg913Ter_Affected_Individual_2	OMIM:617865
1763	PMID_21533187_family_A_en-prompt.txt	PMID_21533187_family_A	OMIM:156250
1764	PMID_31021519_individual_SATB2_127_en-prompt.txt	PMID_31021519_individual_SATB2_127	OMIM:612313
1765	PMID_37054711_Family_2_1_Subject_4_en-prompt.txt	PMID_37054711_Family_2-1_Subject_4	OMIM:620428
1766	PMID_36745799_V_12_en-prompt.txt	PMID_36745799_V:12	OMIM:620375
1767	PMID_37962958_30_en-prompt.txt	PMID_37962958_30	OMIM:620535
1768	PMID_37761890_29__en-prompt.txt	PMID_37761890_29 	OMIM:616362
1769	STX_31344879_Patient5_en-prompt.txt	STX_31344879_Patient5	OMIM:612164
1770	PMID_26805781_Family_6_Subject_6_II_1_en-prompt.txt	PMID_26805781_Family_6_Subject_6_II_1	OMIM:616878
1771	PMID_23714749_23714749_P1_en-prompt.txt	PMID_23714749_23714749_P1	OMIM:256810
1772	PMID_31021519_259950_from_Bengani_et_al_en-prompt.txt	PMID_31021519_259950_from_Bengani_et_al	OMIM:612313
1773	PMID_29883675_first_family_patient_1_en-prompt.txt	PMID_29883675_first_family_patient_1	OMIM:614833
1774	PMID_27743463_S4_en-prompt.txt	PMID_27743463_S4	OMIM:615471
1775	PMID_26908613_MOGL2064_en-prompt.txt	PMID_26908613_MOGL2064	OMIM:617123
1776	PMID_33731876_fam61_en-prompt.txt	PMID_33731876_fam61	OMIM:613721
1777	PMID_23972372_family_2_V_12_en-prompt.txt	PMID_23972372_family_2_V_12	OMIM:174300
1778	PMID_23993194_Family_1_Case_1_en-prompt.txt	PMID_23993194_Family_1_Case_1	OMIM:615471
1779	PMID_25331754_patient_en-prompt.txt	PMID_25331754_patient	OMIM:242840
1780	PMID_28782633_Family_1_P3_26_year_old_son_en-prompt.txt	PMID_28782633_Family_1_P3_26_year_old_son	OMIM:620670
1781	PMID_36446582_Goldenberg2016_P16_en-prompt.txt	PMID_36446582_Goldenberg2016_P16	OMIM:148050
1782	PMID_18828908_4_year_old_male_patient_en-prompt.txt	PMID_18828908_4-year_old_male_patient	OMIM:142900
1783	PMID_37196654_Individual_33_en-prompt.txt	PMID_37196654_Individual_33	OMIM:618505
1784	STX_G3_P21_en-prompt.txt	STX_G3_P21	OMIM:612164
1785	PMID_35420632_Patient_3_III_3_en-prompt.txt	PMID_35420632_Patient_3_III-3	OMIM:620367
1786	PMID_37075751_Individual_13_en-prompt.txt	PMID_37075751_Individual_13	OMIM:616462
1787	PMID_29321044_Patient_1_en-prompt.txt	PMID_29321044_Patient_1	OMIM:616829
1788	PMID_24736735_G012_F___en-prompt.txt	PMID_24736735_G012_F*_	OMIM:146510
1789	PMID_33731876_fam250_en-prompt.txt	PMID_33731876_fam250	OMIM:613721
1790	PMID_33731876_fam300_en-prompt.txt	PMID_33731876_fam300	OMIM:613721
1791	STX_CHCO_05_en-prompt.txt	STX_CHCO_05	OMIM:612164
1792	PMID_17661820_6_en-prompt.txt	PMID_17661820_6	OMIM:163950
1793	PMID_20618352_Patient_1_en-prompt.txt	PMID_20618352_Patient_1	OMIM:615981
1794	PMID_23913798_Patient_2_en-prompt.txt	PMID_23913798_Patient_2	OMIM:620458
1795	PMID_30580808_Machol_Ind_7_Fam_37_en-prompt.txt	PMID_30580808_Machol_Ind_7-Fam-37	OMIM:618362
1796	PMID_12789647_K9_II_3_en-prompt.txt	PMID_12789647_K9:II-3	OMIM:142900
1797	PMID_25876182_Patient_VI_6_en-prompt.txt	PMID_25876182_Patient_VI_6	OMIM:273900
1798	PMID_33731876_fam380_en-prompt.txt	PMID_33731876_fam380	OMIM:613721
1799	PMID_33633439_9574_II_1_en-prompt.txt	PMID_33633439_9574_II_1	OMIM:620731
1800	PMID_37071997_Individual_3_en-prompt.txt	PMID_37071997_Individual_3	OMIM:616211
1801	PMID_36446582_Kutkowska_Kazmierczak2021_P21_en-prompt.txt	PMID_36446582_Kutkowska_Kazmierczak2021_P21	OMIM:148050
1802	PMID_33731876_fam161_en-prompt.txt	PMID_33731876_fam161	OMIM:613721
1803	PMID_23972372_family_1_V_4_en-prompt.txt	PMID_23972372_family_1_V_4	OMIM:174300
1804	PMID_28137957_HSP84_II_3_en-prompt.txt	PMID_28137957_HSP84.II.3	OMIM:617225
1805	PMID_31021519_SATB2_55_from_Zarate_et_al__2018a_en-prompt.txt	PMID_31021519_SATB2_55_from_Zarate_et_al__2018a	OMIM:612313
1806	PMID_36446582_Miyatake_2017_P1_en-prompt.txt	PMID_36446582_Miyatake_2017_P1	OMIM:148050
1807	PMID_30315159_Patient_2__Father_of_Patient_1___en-prompt.txt	PMID_30315159_Patient_2_(Father_of_Patient_1)_	OMIM:620475
1808	PMID_22508010_22508010_P1_en-prompt.txt	PMID_22508010_22508010_P1	OMIM:256810
1809	PMID_36586412_20_en-prompt.txt	PMID_36586412_20	OMIM:301111
1810	PMID_36446582_Willemsen2010_P1_en-prompt.txt	PMID_36446582_Willemsen2010_P1	OMIM:148050
1811	PMID_11175294_D54_en-prompt.txt	PMID_11175294_D54	OMIM:154700
1812	PMID_36189931_Individual_30_en-prompt.txt	PMID_36189931_Individual_30	OMIM:130050
1813	PMID_15496425_patient_en-prompt.txt	PMID_15496425_patient	OMIM:616325
1814	PMID_37071997_Individual_16_en-prompt.txt	PMID_37071997_Individual_16	OMIM:616211
1815	PMID_36446582_KBG53_en-prompt.txt	PMID_36446582_KBG53	OMIM:148050
1816	PMID_28940506_Family_21_Individual_27_en-prompt.txt	PMID_28940506_Family_21_Individual_27	OMIM:615471
1817	PMID_22541558_individual_F_2_en-prompt.txt	PMID_22541558_individual_F_2	OMIM:154400
1818	STX_26384463_Patient_3_en-prompt.txt	STX_26384463_Patient_3	OMIM:612164
1819	PMID_31846209_patient_en-prompt.txt	PMID_31846209_patient	OMIM:147920
1820	PMID_28292286_Affected_brother_en-prompt.txt	PMID_28292286_Affected_brother	OMIM:222470
1821	PMID_15200511_individual_II_6_en-prompt.txt	PMID_15200511_individual_II_6	OMIM:277300
1822	PMID_34722527_individual_27536_1_Tiwari_A_Identification_en-prompt.txt	PMID_34722527_individual_27536_1_Tiwari_A_Identification	OMIM:613826
1823	PMID_16865293_Family_2_individual_9Y11M_en-prompt.txt	PMID_16865293_Family_2_individual_9Y11M	OMIM:216400
1824	PMID_G13_B1_en-prompt.txt	PMID_G13_B1	OMIM:619375
1825	PMID_15266616_100_en-prompt.txt	PMID_15266616_100	OMIM:147791
1826	PMID_24739679_patient_K3_en-prompt.txt	PMID_24739679_patient_K3	OMIM:147920
1827	PMID_37761890_21__en-prompt.txt	PMID_37761890_21 	OMIM:616362
1828	PMID_37761890_34__en-prompt.txt	PMID_37761890_34 	OMIM:616362
1829	PMID_35060672_Patient_2_en-prompt.txt	PMID_35060672_Patient_2	OMIM:147920
1830	PMID_15266616_117_en-prompt.txt	PMID_15266616_117	OMIM:147791
1831	PMID_20375004_1_II_1_en-prompt.txt	PMID_20375004_1-II:1	OMIM:184900
1832	PMID_30580808_Ind_19_Fam_18_en-prompt.txt	PMID_30580808_Ind-19-Fam-18	OMIM:618362
1833	PMID_30200888_Patient_A_III_4_en-prompt.txt	PMID_30200888_Patient_A_III_4	OMIM:216400
1834	PMID_36446582_KBG44_en-prompt.txt	PMID_36446582_KBG44	OMIM:148050
1835	PMID_28940506_Family_3_Individual_4_en-prompt.txt	PMID_28940506_Family_3_Individual_4	OMIM:615471
1836	PMID_24355708_IHG25353_individual_1_en-prompt.txt	PMID_24355708_IHG25353_individual_1	OMIM:215470
1837	PMID_32376980_40_en-prompt.txt	PMID_32376980_40	OMIM:618164
1838	PMID_26805781_Family_5_Subject_5_II_1_en-prompt.txt	PMID_26805781_Family_5_Subject_5_II_1	OMIM:616878
1839	PMID_31239556_individual_1_Gregor_et_al_en-prompt.txt	PMID_31239556_individual_1_Gregor_et_al	OMIM:615502
1840	STX_P_17_en-prompt.txt	STX_P_17	OMIM:612164
1841	STX_EG1184P_en-prompt.txt	STX_EG1184P	OMIM:612164
1842	PMID_22541558_individual_T_1_en-prompt.txt	PMID_22541558_individual_T_1	OMIM:154400
1843	PMID_22560515_Patient_2_en-prompt.txt	PMID_22560515_Patient_2	OMIM:610687
1844	PMID_33045405_Bouchard_et_al___2001_a_Patient_2_en-prompt.txt	PMID_33045405_Bouchard_et_al._(2001)a_Patient_2	OMIM:605911
1845	PMID_36528028_Individual_15_en-prompt.txt	PMID_36528028_Individual_15	OMIM:620455
1846	STX_29896790_P6_en-prompt.txt	STX_29896790_P6	OMIM:612164
1847	PMID_36189931_Individual_27_en-prompt.txt	PMID_36189931_Individual_27	OMIM:130050
1848	PMID_12203992_B79_en-prompt.txt	PMID_12203992_B79	OMIM:154700
1849	PMID_24736735_G051__en-prompt.txt	PMID_24736735_G051_	OMIM:175700
1850	PMID_24736735_G044__en-prompt.txt	PMID_24736735_G044_	OMIM:146510
1851	PMID_33731876_fam397_en-prompt.txt	PMID_33731876_fam397	OMIM:613721
1852	PMID_36303223_individual_20_PMID_24938149_en-prompt.txt	PMID_36303223_individual_20_PMID_24938149	OMIM:272300
1853	PMID_35344616_A16_en-prompt.txt	PMID_35344616_A16	OMIM:268310
1854	PMID_25168959_L18_en-prompt.txt	PMID_25168959_L18	OMIM:614608
1855	PMID_22388936_II_5_en-prompt.txt	PMID_22388936_II-5	OMIM:606693
1856	PMID_33731876_fam403_en-prompt.txt	PMID_33731876_fam403	OMIM:613721
1857	PMID_25533820_proband_en-prompt.txt	PMID_25533820_proband	OMIM:615982
1858	PMID_37054711_Family_10_2_Subject_15_en-prompt.txt	PMID_37054711_Family_10-2_Subject_15	OMIM:620428
1859	PMID_37196654_Individual_19_en-prompt.txt	PMID_37196654_Individual_19	OMIM:618505
1860	PMID_33731876_fam176_en-prompt.txt	PMID_33731876_fam176	OMIM:613721
1861	STX_29933521_Patient_1_en-prompt.txt	STX_29933521_Patient_1	OMIM:612164
1862	PMID_36446582_Gnazzo_2020_P18_en-prompt.txt	PMID_36446582_Gnazzo_2020_P18	OMIM:148050
1863	STX_CHCO_01_en-prompt.txt	STX_CHCO_01	OMIM:612164
1864	PMID_31021519_SATB2_46_from_Zarate_et_al__2018a_en-prompt.txt	PMID_31021519_SATB2_46_from_Zarate_et_al__2018a	OMIM:612313
1865	PMID_22956686_558_IV_2_en-prompt.txt	PMID_22956686_558-IV-2	OMIM:614923
1866	PMID_33731876_fam304_en-prompt.txt	PMID_33731876_fam304	OMIM:613721
1867	PMID_36586412_19_en-prompt.txt	PMID_36586412_19	OMIM:301111
1868	PMID_33731876_fam254_en-prompt.txt	PMID_33731876_fam254	OMIM:613721
1869	PMID_36331550_Family_1_Patient_1_en-prompt.txt	PMID_36331550_Family_1_Patient_1	OMIM:620538
1870	PMID_17661820_2_en-prompt.txt	PMID_17661820_2	OMIM:163950
1871	PMID_12445216_affected_13_y_old_patient_en-prompt.txt	PMID_12445216_affected_13_y_old_patient	OMIM:601553
1872	PMID_11118249_PATIENT_II_2_en-prompt.txt	PMID_11118249_PATIENT_II.2	OMIM:301310
1873	PMID_35470444_P9_en-prompt.txt	PMID_35470444_P9	OMIM:620568
1874	PMID_36446582_Kutkowska_Kazmierczak2021_P18_en-prompt.txt	PMID_36446582_Kutkowska_Kazmierczak2021_P18	OMIM:148050
1875	PMID_36446582_Goldenberg2016_P12_en-prompt.txt	PMID_36446582_Goldenberg2016_P12	OMIM:148050
1876	STX_G3_P25_en-prompt.txt	STX_G3_P25	OMIM:612164
1877	PMID_33731876_fam158_en-prompt.txt	PMID_33731876_fam158	OMIM:613721
1878	PMID_37196654_Individual_37_en-prompt.txt	PMID_37196654_Individual_37	OMIM:618505
1879	PMID_14702087_Patient_4_of_PMID_1790747_en-prompt.txt	PMID_14702087_Patient_4_of_PMID_1790747	OMIM:608415
1880	PMID_34552798_8_year_old_female_patient_en-prompt.txt	PMID_34552798_8-year-old_female_patient	OMIM:151100
1881	PMID_37075751_Individual_17_en-prompt.txt	PMID_37075751_Individual_17	OMIM:616462
1882	PMID_29482508_current_case_en-prompt.txt	PMID_29482508_current_case	OMIM:135100
1883	PMID_36446582_Walz2015_PD_en-prompt.txt	PMID_36446582_Walz2015_PD	OMIM:148050
1884	PMID__33890291_Proband_3_en-prompt.txt	PMID__33890291_Proband_3	OMIM:620423
1885	PMID_34722527_individual_34_1_JENNIFER_A__GALVIN_EVALUATIONOFG_en-prompt.txt	PMID_34722527_individual_34_1_JENNIFER_A__GALVIN_EVALUATIONOFG	OMIM:613826
1886	PMID_15266616_139_en-prompt.txt	PMID_15266616_139	OMIM:147791
1887	STX_20887364_Subject_1751_en-prompt.txt	STX_20887364_Subject_1751	OMIM:612164
1888	PMID_23714749_23714749_P5_en-prompt.txt	PMID_23714749_23714749_P5	OMIM:256810
1889	PMID_36446582_Low_2016_30_28_en-prompt.txt	PMID_36446582_Low_2016_30_28	OMIM:148050
1890	PMID_33731876_fam65_en-prompt.txt	PMID_33731876_fam65	OMIM:613721
1891	PMID_17886299_patient_BM14_en-prompt.txt	PMID_17886299_patient_BM14	OMIM:158810
1892	PMID_27040691_Individual_4_2_en-prompt.txt	PMID_27040691_Individual_4-2	OMIM:616900
1893	PMID_31021519_25_from_Gilissen_et_al_en-prompt.txt	PMID_31021519_25_from_Gilissen_et_al	OMIM:612313
1894	PMID_29198722_p_Arg913Ter_Affected_Individual_6_en-prompt.txt	PMID_29198722_p.Arg913Ter_Affected_Individual_6	OMIM:617865
1895	PMID_36446582_Low_2016_32_30_en-prompt.txt	PMID_36446582_Low_2016_32_30	OMIM:148050
1896	PMID_25477417_F17_1_en-prompt.txt	PMID_25477417_F17_1	OMIM:248250
1897	PMID_36190515_Patient_2_en-prompt.txt	PMID_36190515_Patient_2	OMIM:620423
1898	PMID_31021519_individual_SATB2_123_en-prompt.txt	PMID_31021519_individual_SATB2_123	OMIM:612313
1899	PMID_22772368_3_III_1_en-prompt.txt	PMID_22772368_3_III_1	OMIM:614816
1900	PMID_37761890_45__en-prompt.txt	PMID_37761890_45 	OMIM:616362
1901	PMID_37761890_50__en-prompt.txt	PMID_37761890_50 	OMIM:616362
1902	PMID_21533187_family_E_en-prompt.txt	PMID_21533187_family_E	OMIM:156250
1903	PMID_9312167_A_II_3_en-prompt.txt	PMID_9312167_A:II:3	OMIM:179800
1904	PMID_32666529_Family_I_II_1_en-prompt.txt	PMID_32666529_Family_I_II.1	OMIM:620519
1905	PMID_36355422_IV_10_en-prompt.txt	PMID_36355422_IV_10	OMIM:620745
1906	PMID_28940506_Family_13_Individual_15_en-prompt.txt	PMID_28940506_Family_13_Individual_15	OMIM:615471
1907	STX_P_39_en-prompt.txt	STX_P_39	OMIM:612164
1908	STX_31344879_Patient1_en-prompt.txt	STX_31344879_Patient1	OMIM:612164
1909	PMID_37962958_34_en-prompt.txt	PMID_37962958_34	OMIM:620535
1910	PMID_25477417_F4_2_en-prompt.txt	PMID_25477417_F4_2	OMIM:248250
1911	PMID_19458539_patient_en-prompt.txt	PMID_19458539_patient	OMIM:609200
1912	PMID_18930476_individual_III3_en-prompt.txt	PMID_18930476_individual_III3	OMIM:614321
1913	PMID_22428873_P6_en-prompt.txt	PMID_22428873_P6	OMIM:174200
1914	PMID_26467218_individual_3_Denayer_et_al__22_en-prompt.txt	PMID_26467218_individual_3_Denayer_et_al__22	OMIM:613224
1915	PMID_31021519_individual_SATB2_134_en-prompt.txt	PMID_31021519_individual_SATB2_134	OMIM:612313
1916	PMID_37711075_Family_1_BAB13340_en-prompt.txt	PMID_37711075_Family_1_BAB13340	OMIM:620546
1917	PMID_21660509_Indian_familye_en-prompt.txt	PMID_21660509_Indian_familye	OMIM:601869
1918	PMID_37962958_23_en-prompt.txt	PMID_37962958_23	OMIM:620535
1919	PMID_36446582_Murray_2017_P2_1_2_en-prompt.txt	PMID_36446582_Murray_2017_P2_1_2	OMIM:148050
1920	PMID_16865293_Family_6_individual_5Y5M_en-prompt.txt	PMID_16865293_Family_6_individual_5Y5M	OMIM:216400
1921	PMID_34521999_15_en-prompt.txt	PMID_34521999_15	OMIM:617140
1922	PMID_35638551_Patient_PM9_en-prompt.txt	PMID_35638551_Patient_PM9	OMIM:620715
1923	PMID_15781812_individual_104_en-prompt.txt	PMID_15781812_individual_104	OMIM:620681
1924	PMID_36745799_V_8_en-prompt.txt	PMID_36745799_V:8	OMIM:620375
1925	PMID_12446365_JL_en-prompt.txt	PMID_12446365_JL	OMIM:129600
1926	PMID_26467218_individual_8_Cirstea_et_al__14_en-prompt.txt	PMID_26467218_individual_8_Cirstea_et_al__14	OMIM:613224
1927	PMID_20577567_Family_1_III_1_en-prompt.txt	PMID_20577567_Family_1_III-1	OMIM:156250
1928	PMID_33731876_fam72_en-prompt.txt	PMID_33731876_fam72	OMIM:613721
1929	PMID_30580808_Ind_21_Fam_18_en-prompt.txt	PMID_30580808_Ind-21-Fam-18	OMIM:618362
1930	STX_31171384_Patient_1_en-prompt.txt	STX_31171384_Patient_1	OMIM:612164
1931	PMID_26805781_Family_4_Subject_4_II_1_en-prompt.txt	PMID_26805781_Family_4_Subject_4_II_1	OMIM:616878
1932	STX_26865513_Patient_43_en-prompt.txt	STX_26865513_Patient_43	OMIM:612164
1933	PMID_31844624_31844624_P1_en-prompt.txt	PMID_31844624_31844624_P1	OMIM:604377
1934	PMID_28851325_Case_4_en-prompt.txt	PMID_28851325_Case_4	OMIM:613454
1935	PMID_9312167_B_II_4_en-prompt.txt	PMID_9312167_B:II:4	OMIM:179800
1936	PMID_25959430_individual_IV_2_family_A_en-prompt.txt	PMID_25959430_individual_IV_2_family_A	OMIM:602875
1937	PMID_34722527_individual_MA_117_2_2_Muhammad_Arif_Nadeem_Saqib_Homozygosityma_en-prompt.txt	PMID_34722527_individual_MA-117-2_2_Muhammad_Arif_Nadeem_Saqib_Homozygosityma	OMIM:608194
1938	PMID_26667307_III_2_en-prompt.txt	PMID_26667307_III_2	OMIM:236200
1939	PMID_37196654_Individual_20_en-prompt.txt	PMID_37196654_Individual_20	OMIM:618505
1940	PMID_20082460_case_2_en-prompt.txt	PMID_20082460_case_2	OMIM:305400
1941	PMID_36446582_Gnazzo_2020_P21_en-prompt.txt	PMID_36446582_Gnazzo_2020_P21	OMIM:148050
1942	STX_G3_P32_en-prompt.txt	STX_G3_P32	OMIM:612164
1943	PMID_36103875_Individual_1_en-prompt.txt	PMID_36103875_Individual_1	OMIM:620502
1944	PMID_10580070_B_IV_10_en-prompt.txt	PMID_10580070_B_IV-10	OMIM:115200
1945	PMID_36446582_Ockeloen2015_P3_en-prompt.txt	PMID_36446582_Ockeloen2015_P3	OMIM:148050
1946	PMID_25868664_Family_12_Case_9_Gai_2013_case_9_en-prompt.txt	PMID_25868664_Family_12_Case_9_Gai_2013_case_9	OMIM:615471
1947	PMID_33731876_fam243_en-prompt.txt	PMID_33731876_fam243	OMIM:613721
1948	PMID_15654695_Patient_2_en-prompt.txt	PMID_15654695_Patient_2	OMIM:615982
1949	STX_EG0939P_en-prompt.txt	STX_EG0939P	OMIM:612164
1950	PMID_12203992_B1_en-prompt.txt	PMID_12203992_B1	OMIM:154700
1951	PMID_36189931_Individual_6_en-prompt.txt	PMID_36189931_Individual_6	OMIM:130050
1952	PMID_28007986_A_VI10__en-prompt.txt	PMID_28007986_A(VI10)	OMIM:617527
1953	PMID_37541189_Individual_4_en-prompt.txt	PMID_37541189_Individual_4	OMIM:620688
1954	PMID_34722527_individual_Fam7_2_3_Anna_Skorczyk_Werner_Novelgenevari_en-prompt.txt	PMID_34722527_individual_Fam7-2_3_Anna_Skorczyk‑Werner_Novelgenevari	OMIM:613826
1955	PMID_25142838_P8_en-prompt.txt	PMID_25142838_P8	OMIM:147920
1956	PMID_36074901_19_en-prompt.txt	PMID_36074901_19	OMIM:620465
1957	PMID_29914387_patient_en-prompt.txt	PMID_29914387_patient	OMIM:147920
1958	PMID_9312167_C_II_2_en-prompt.txt	PMID_9312167_C:II:2	OMIM:179800
1959	PMID_12203992_D10_en-prompt.txt	PMID_12203992_D10	OMIM:154700
1960	PMID_33731876_fam387_en-prompt.txt	PMID_33731876_fam387	OMIM:613721
1961	PMID_25876182_Patient_VI_1_en-prompt.txt	PMID_25876182_Patient_VI_1	OMIM:273900
1962	PMID_23222957_Family_11_11_1_en-prompt.txt	PMID_23222957_Family_11_11.1	OMIM:242840
1963	PMID_37071997_Individual_4_en-prompt.txt	PMID_37071997_Individual_4	OMIM:616211
1964	PMID_19949040_Patient_1_en-prompt.txt	PMID_19949040_Patient_1	OMIM:616325
1965	PMID_35963604_proband_en-prompt.txt	PMID_35963604_proband	OMIM:241850
1966	PMID_26805781_Family_8_Subject_10_II_3_en-prompt.txt	PMID_26805781_Family_8_Subject_10_II_3	OMIM:616878
1967	PMID_33731876_fam166_en-prompt.txt	PMID_33731876_fam166	OMIM:613721
1968	PMID_21217753_Fam_1_V_1_en-prompt.txt	PMID_21217753_Fam_1_V-1	OMIM:613795
1969	PMID_33731876_fam413_en-prompt.txt	PMID_33731876_fam413	OMIM:613721
1970	PMID_22219643_II_13_en-prompt.txt	PMID_22219643_II_13	OMIM:129600
1971	PMID_12789647_K15_III_2_en-prompt.txt	PMID_12789647_K15:III-2	OMIM:142900
1972	PMID_16917909_370_1_en-prompt.txt	PMID_16917909_370-1	OMIM:142900
1973	PMID_28137957_HSP84_II_4_en-prompt.txt	PMID_28137957_HSP84.II.4	OMIM:617225
1974	PMID_28132690_Family_B_II_2_en-prompt.txt	PMID_28132690_Family_B_II_2	OMIM:617425
1975	PMID_36446582_KBG8B_en-prompt.txt	PMID_36446582_KBG8B	OMIM:148050
1976	PMID_30451291_II_8_en-prompt.txt	PMID_30451291_II:8	OMIM:300088
1977	PMID_30580808_Ind_12_Fam_12_en-prompt.txt	PMID_30580808_Ind-12-Fam-12	OMIM:618362
1978	PMID_37071997_Individual_11_en-prompt.txt	PMID_37071997_Individual_11	OMIM:616211
1979	PMID_16021330_LDJP1_1_en-prompt.txt	PMID_16021330_LDJP1_1	OMIM:620681
1980	PMID_36446582_KBG54_en-prompt.txt	PMID_36446582_KBG54	OMIM:148050
1981	STX_32139178_Patient_Neonatal11_en-prompt.txt	STX_32139178_Patient_Neonatal11	OMIM:612164
1982	STX_EG1190P_en-prompt.txt	STX_EG1190P	OMIM:612164
1983	STX_P_07_en-prompt.txt	STX_P_07	OMIM:612164
1984	PMID_16917909_668_1__en-prompt.txt	PMID_16917909_668-1_	OMIM:142900
1985	PMID_28074573_ST1_en-prompt.txt	PMID_28074573_ST1	OMIM:163950
1986	PMID_30580808_Ind_17_Fam_16_en-prompt.txt	PMID_30580808_Ind-17-Fam-16	OMIM:618362
1987	STX_26384463_Patient_4_en-prompt.txt	STX_26384463_Patient_4	OMIM:612164
1988	PMID_37154409_B_I_1_en-prompt.txt	PMID_37154409_B_I_1	OMIM:606658
1989	PMID_15266616_107_en-prompt.txt	PMID_15266616_107	OMIM:147791
1990	STX_25533962_260459_en-prompt.txt	STX_25533962_260459	OMIM:612164
1991	PMID_24739679_patient_K4_en-prompt.txt	PMID_24739679_patient_K4	OMIM:147920
1992	PMID_31239556_individual_8_en-prompt.txt	PMID_31239556_individual_8	OMIM:615502
1993	PMID_10662742_II_1_en-prompt.txt	PMID_10662742_II-1	OMIM:115200
1994	PMID_32154675_Family_7_Patient_18_en-prompt.txt	PMID_32154675_Family_7_Patient_18	OMIM:613795
1995	PMID_25439728_V_1_en-prompt.txt	PMID_25439728_V.1	OMIM:616354
1996	PMID_12789647_K5_II_1_en-prompt.txt	PMID_12789647_K5:II-1	OMIM:142900
1997	PMID_25477417_F3_2_en-prompt.txt	PMID_25477417_F3_2	OMIM:248250
1998	PMID_26833330_F2_II2_en-prompt.txt	PMID_26833330_F2_II2	OMIM:616829
1999	PMID_15266616_110_en-prompt.txt	PMID_15266616_110	OMIM:147791
2000	PMID_31332438_A_I_1_en-prompt.txt	PMID_31332438_A:I:1	OMIM:620528
2001	PMID_20683840_II_15_en-prompt.txt	PMID_20683840_II-15	OMIM:606693
2002	PMID_37761890_35__en-prompt.txt	PMID_37761890_35 	OMIM:616362
2003	PMID_28239884_Family_3_proband_en-prompt.txt	PMID_28239884_Family_3_proband	OMIM:148600
2004	PMID_37761890_20__en-prompt.txt	PMID_37761890_20 	OMIM:616362
2005	PMID_25477417_F10_1_en-prompt.txt	PMID_25477417_F10_1	OMIM:248250
2006	PMID_27843126_A_III_5_en-prompt.txt	PMID_27843126_A-III.5	OMIM:617146
2007	PMID_31239556_individual_Bastaki_et_al_en-prompt.txt	PMID_31239556_individual_Bastaki_et_al	OMIM:615502
2008	PMID_29196670_Patient_10_en-prompt.txt	PMID_29196670_Patient_10	OMIM:191100
2009	PMID_36446582_KBG43_en-prompt.txt	PMID_36446582_KBG43	OMIM:148050
2010	PMID_25168959_Y22_en-prompt.txt	PMID_25168959_Y22	OMIM:614608
2011	PMID_36454683_II_3_en-prompt.txt	PMID_36454683_II-3	OMIM:620402
2012	PMID_26706854_Subject_1_1_en-prompt.txt	PMID_26706854_Subject_1-1	OMIM:603671
2013	PMID_19864672_Patient_2B1_en-prompt.txt	PMID_19864672_Patient_2B1	OMIM:212050
2014	PMID_36528028_Individual_12_en-prompt.txt	PMID_36528028_Individual_12	OMIM:620455
2015	PMID_36189931_Individual_20_en-prompt.txt	PMID_36189931_Individual_20	OMIM:130050
2016	PMID_36965478_Individual_7_en-prompt.txt	PMID_36965478_Individual_7	OMIM:620515
2017	PMID_12789647_K8_II_1_en-prompt.txt	PMID_12789647_K8:II-1	OMIM:142900
2018	STX_29896790_P1_en-prompt.txt	STX_29896790_P1	OMIM:612164
2019	PMID_31774634_Jacquinet_et_al___2014__en-prompt.txt	PMID_31774634_Jacquinet_et_al._(2014)	OMIM:616914
2020	PMID_37433783_P9_en-prompt.txt	PMID_37433783_P9	OMIM:601674
2021	PMID_31000419_III_10_en-prompt.txt	PMID_31000419_III_10	OMIM:620686
2022	PMID_23222957_Family_5_5_1_en-prompt.txt	PMID_23222957_Family_5_5.1	OMIM:242840
2023	PMID_35344616_A11_en-prompt.txt	PMID_35344616_A11	OMIM:268310
2024	PMID_33731876_fam390_en-prompt.txt	PMID_33731876_fam390	OMIM:613721
2025	PMID_32710489_Group_2_Patient_3_en-prompt.txt	PMID_32710489_Group_2_Patient_3	OMIM:620157
2026	PMID_30643655_F1_IV_2_en-prompt.txt	PMID_30643655_F1_IV_2	OMIM:613115
2027	PMID_33731876_fam171_en-prompt.txt	PMID_33731876_fam171	OMIM:613721
2028	PMID_34722527_individual_MEP43_8_Martin_McKibbin_Genotype_Phenot_en-prompt.txt	PMID_34722527_individual_MEP43_8_Martin_McKibbin_Genotype-Phenot	OMIM:613826
2029	PMID_33731876_fam404_en-prompt.txt	PMID_33731876_fam404	OMIM:613721
2030	PMID_23993194_Family_5_case_V8_en-prompt.txt	PMID_23993194_Family_5_case_V8	OMIM:615471
2031	PMID_24736735_A019F___en-prompt.txt	PMID_24736735_A019F*_	OMIM:175700
2032	PMID_17661820_5_en-prompt.txt	PMID_17661820_5	OMIM:163950
2033	PMID_33731876_fam253_en-prompt.txt	PMID_33731876_fam253	OMIM:613721
2034	PMID_31021519_individual_from_Boone_et_al_en-prompt.txt	PMID_31021519_individual_from_Boone_et_al	OMIM:612313
2035	PMID_33731876_fam303_en-prompt.txt	PMID_33731876_fam303	OMIM:613721
2036	PMID_36446582_Gnazzo_2020_P8_en-prompt.txt	PMID_36446582_Gnazzo_2020_P8	OMIM:148050
2037	PMID_34722527_individual_MOL1124_1_6_Beryozkin_Current_en-prompt.txt	PMID_34722527_individual_MOL1124_1_6_Beryozkin_Current	OMIM:608194
2038	PMID_23913798_Patient_1_en-prompt.txt	PMID_23913798_Patient_1	OMIM:620458
2039	PMID_36047608_Patient_1_F1_II_4_en-prompt.txt	PMID_36047608_Patient_1_F1_II_4	OMIM:620666
2040	PMID_36446582_Goldenberg2016_P15_en-prompt.txt	PMID_36446582_Goldenberg2016_P15	OMIM:148050
2041	PMID_35420632_Patient_4_IV_4_en-prompt.txt	PMID_35420632_Patient_4_IV-4	OMIM:620367
2042	PMID_19776401_Patient_7_1_en-prompt.txt	PMID_19776401_Patient_7-1	OMIM:243700
2043	PMID_17273967_III_1_en-prompt.txt	PMID_17273967_III-1	OMIM:602400
2044	PMID_9101303_patient_en-prompt.txt	PMID_9101303_patient	OMIM:162200
2045	PMID_36074901_20_en-prompt.txt	PMID_36074901_20	OMIM:620465
2046	PMID_31509304_F1_III_1_en-prompt.txt	PMID_31509304_F1_III_1	OMIM:617560
2047	PMID_37075751_Individual_10_en-prompt.txt	PMID_37075751_Individual_10	OMIM:616462
2048	PMID_29321044_Patient_2_en-prompt.txt	PMID_29321044_Patient_2	OMIM:616829
2049	PMID_31509304_F2_II_1_en-prompt.txt	PMID_31509304_F2_II_1	OMIM:617560
2050	PMID_36446582_Gnazzo_2020_P31_en-prompt.txt	PMID_36446582_Gnazzo_2020_P31	OMIM:148050
2051	PMID_22541558_individual_S_1_en-prompt.txt	PMID_22541558_individual_S_1	OMIM:154400
2052	PMID_27743463_S7_en-prompt.txt	PMID_27743463_S7	OMIM:615471
2053	PMID_29883675_first_family_patient_2_en-prompt.txt	PMID_29883675_first_family_patient_2	OMIM:614833
2054	PMID_30099644_III_7_en-prompt.txt	PMID_30099644_III:7	OMIM:600138
2055	PMID_23993194_Family_4_Case_6_en-prompt.txt	PMID_23993194_Family_4_Case_6	OMIM:615471
2056	PMID_23714749_23714749_P2_en-prompt.txt	PMID_23714749_23714749_P2	OMIM:256810
2057	PMID_36446582_Walz2015_PC_en-prompt.txt	PMID_36446582_Walz2015_PC	OMIM:148050
2058	PMID_31021519_SATB2_75_from_Zarate_et_al__2018a_en-prompt.txt	PMID_31021519_SATB2_75_from_Zarate_et_al__2018a	OMIM:612313
2059	PMID_33731876_fam62_en-prompt.txt	PMID_33731876_fam62	OMIM:613721
2060	PMID_32154675_Family_7_Patient_21_en-prompt.txt	PMID_32154675_Family_7_Patient_21	OMIM:613795
2061	PMID_31021519_individual_SATB2_124_en-prompt.txt	PMID_31021519_individual_SATB2_124	OMIM:612313
2062	PMID_21533187_family_B_en-prompt.txt	PMID_21533187_family_B	OMIM:156250
2063	PMID_29198722_p_Arg913Ter_Affected_Individual_1_en-prompt.txt	PMID_29198722_p.Arg913Ter_Affected_Individual_1	OMIM:617865
2064	PMID_36190515_Patient_5_en-prompt.txt	PMID_36190515_Patient_5	OMIM:620423
2065	STX_31344879_Patient6_en-prompt.txt	STX_31344879_Patient6	OMIM:612164
2066	PMID_37962958_33_en-prompt.txt	PMID_37962958_33	OMIM:620535
2067	PMID_22428873_P1_en-prompt.txt	PMID_22428873_P1	OMIM:174200
2068	PMID_37761890_51__en-prompt.txt	PMID_37761890_51 	OMIM:616362
2069	PMID_37761890_44__en-prompt.txt	PMID_37761890_44 	OMIM:616362
2070	PMID_31021519_individual_SATB2_133_en-prompt.txt	PMID_31021519_individual_SATB2_133	OMIM:612313
2071	PMID_32154675_Family_3_Patient_6_en-prompt.txt	PMID_32154675_Family_3_Patient_6	OMIM:613795
2072	PMID_28940506_Family_7_Individual_8_en-prompt.txt	PMID_28940506_Family_7_Individual_8	OMIM:615471
2073	PMID_37962958_24_en-prompt.txt	PMID_37962958_24	OMIM:620535
2074	PMID_9106527_Putnam_1997_Patient_P319_en-prompt.txt	PMID_9106527_Putnam_1997_Patient_P319	OMIM:121050
2075	PMID_36446582_Low_2016_P17_10_en-prompt.txt	PMID_36446582_Low_2016_P17_10	OMIM:148050
2076	STX_P_29_en-prompt.txt	STX_P_29	OMIM:612164
2077	PMID_36331550_Family_26_Patient_31_en-prompt.txt	PMID_36331550_Family_26_Patient_31	OMIM:613477
2078	PMID_9312167_A_I_1_en-prompt.txt	PMID_9312167_A:I:1	OMIM:179800
2079	PMID_15781812_individual_103_en-prompt.txt	PMID_15781812_individual_103	OMIM:620681
2080	PMID_33087723_E4_en-prompt.txt	PMID_33087723_E4	OMIM:619375
2081	PMID_35150594_A_II_3_en-prompt.txt	PMID_35150594_A:II:3	OMIM:620538
2082	PMID_15266616_129_en-prompt.txt	PMID_15266616_129	OMIM:147791
2083	PMID_35638551_Patient_PM11_en-prompt.txt	PMID_35638551_Patient_PM11	OMIM:620715
2084	PMID_17056636_Patient_No_7_en-prompt.txt	PMID_17056636_Patient_No_7	OMIM:609942
2085	PMID_37919452_Family_2__patient_4_en-prompt.txt	PMID_37919452_Family_2:_patient_4	OMIM:620683
2086	PMID_34521999_12_en-prompt.txt	PMID_34521999_12	OMIM:617140
2087	PMID_22772368_5_III_1_en-prompt.txt	PMID_22772368_5_III_1	OMIM:614816
2088	PMID_24108658_Family_2_Patient_3_en-prompt.txt	PMID_24108658_Family_2_Patient_3	OMIM:154500
2089	PMID_33731876_fam75_en-prompt.txt	PMID_33731876_fam75	OMIM:613721
2090	PMID_9312167_B_II_3_en-prompt.txt	PMID_9312167_B:II:3	OMIM:179800
2091	PMID_28851325_Case_3_en-prompt.txt	PMID_28851325_Case_3	OMIM:613454
2092	STX_26865513_Patient_44_en-prompt.txt	STX_26865513_Patient_44	OMIM:612164
2093	STX_Fila_8_EG_CB_en-prompt.txt	STX_Fila_8_EG_CB	OMIM:612164
2094	PMID_36446582_Gnazzo_2020_P26_en-prompt.txt	PMID_36446582_Gnazzo_2020_P26	OMIM:148050
2095	PMID_20082460_case_5_en-prompt.txt	PMID_20082460_case_5	OMIM:305400
2096	PMID_33731876_fam148_en-prompt.txt	PMID_33731876_fam148	OMIM:607745
2097	PMID_37196654_Individual_27_en-prompt.txt	PMID_37196654_Individual_27	OMIM:618505
2098	STX_G3_P35_en-prompt.txt	STX_G3_P35	OMIM:612164
2099	PMID_37196654_Individual_62__MSSNG_AU2168301__en-prompt.txt	PMID_37196654_Individual_62_(MSSNG_AU2168301)	OMIM:618505
2100	PMID_36446582_Ockeloen2015_P4_en-prompt.txt	PMID_36446582_Ockeloen2015_P4	OMIM:148050
2101	PMID_16917909_666_1_en-prompt.txt	PMID_16917909_666-1	OMIM:142900
2102	PMID_37541189_Individual_3_en-prompt.txt	PMID_37541189_Individual_3	OMIM:620688
2103	PMID_36189931_Individual_1_en-prompt.txt	PMID_36189931_Individual_1	OMIM:130050
2104	PMID_24932600_Patient_2_en-prompt.txt	PMID_24932600_Patient_2	OMIM:268310
2105	PMID_36189931_Individual_19_en-prompt.txt	PMID_36189931_Individual_19	OMIM:130050
2106	PMID_28285769_Individual_2_II_1_en-prompt.txt	PMID_28285769_Individual_2_II_1	OMIM:250410
2107	PMID_20839288_Case_2_en-prompt.txt	PMID_20839288_Case_2	OMIM:610968
2108	PMID_35344616_A15_en-prompt.txt	PMID_35344616_A15	OMIM:268310
2109	PMID_29903538_0_year_old_child_en-prompt.txt	PMID_29903538_0-year-old_child	OMIM:606693
2110	PMID_33731876_fam394_en-prompt.txt	PMID_33731876_fam394	OMIM:613721
2111	PMID_31021519_individual_SATB2_89_en-prompt.txt	PMID_31021519_individual_SATB2_89	OMIM:612313
2112	PMID_33731876_fam175_en-prompt.txt	PMID_33731876_fam175	OMIM:613721
2113	PMID_33045405_Ramos_et_al___2013_Proband_en-prompt.txt	PMID_33045405_Ramos_et_al.,_2013_Proband	OMIM:605911
2114	STX_29933521_Patient_2_en-prompt.txt	STX_29933521_Patient_2	OMIM:612164
2115	PMID_28074573_GB4_en-prompt.txt	PMID_28074573_GB4	OMIM:163950
2116	PMID_26942284_II_1_from_Family_B_en-prompt.txt	PMID_26942284_II_1_from_Family_B	OMIM:616840
2117	PMID_33731876_fam400_en-prompt.txt	PMID_33731876_fam400	OMIM:613721
2118	PMID_33731876_fam279_en-prompt.txt	PMID_33731876_fam279	OMIM:613721
2119	PMID_33045405_Bouchard_et_al___2001_a_Patient_1_en-prompt.txt	PMID_33045405_Bouchard_et_al._(2001)a_Patient_1	OMIM:605911
2120	PMID_34722527_individual_MEP1_2_Martin_McKibbin_Genotype_Phenot_en-prompt.txt	PMID_34722527_individual_MEP1_2_Martin_McKibbin_Genotype-Phenot	OMIM:613826
2121	PMID_22560515_Patient_1_en-prompt.txt	PMID_22560515_Patient_1	OMIM:610687
2122	PMID_26426912_Patient_4_en-prompt.txt	PMID_26426912_Patient_4	OMIM:248250
2123	PMID_35150594_C_II_1_en-prompt.txt	PMID_35150594_C:II:1	OMIM:620538
2124	PMID_36965478_Individual_3_en-prompt.txt	PMID_36965478_Individual_3	OMIM:620515
2125	PMID_36189931_Individual_24_en-prompt.txt	PMID_36189931_Individual_24	OMIM:130050
2126	STX_29896790_P5_en-prompt.txt	STX_29896790_P5	OMIM:612164
2127	PMID_29196670_Patient_14_en-prompt.txt	PMID_29196670_Patient_14	OMIM:191100
2128	PMID_32376980_43_en-prompt.txt	PMID_32376980_43	OMIM:618164
2129	PMID_24355708_IHG25353_individual_2_en-prompt.txt	PMID_24355708_IHG25353_individual_2	OMIM:215470
2130	PMID_28163941_proband_en-prompt.txt	PMID_28163941_proband	OMIM:610168
2131	PMID_36446582_KBG47_en-prompt.txt	PMID_36446582_KBG47	OMIM:148050
2132	STX_P_14_en-prompt.txt	STX_P_14	OMIM:612164
2133	PMID_37962958_19_en-prompt.txt	PMID_37962958_19	OMIM:620535
2134	PMID_9817917_Family_5_individual_13885_en-prompt.txt	PMID_9817917_Family_5_individual_13885	OMIM:222300
2135	PMID_15266616_114_en-prompt.txt	PMID_15266616_114	OMIM:147791
2136	PMID_28132690_Family_A_II_1_en-prompt.txt	PMID_28132690_Family_A_II_1	OMIM:617425
2137	PMID_37761890_59__en-prompt.txt	PMID_37761890_59 	OMIM:616362
2138	PMID_36823193_Patient_7_Family_5_en-prompt.txt	PMID_36823193_Patient_7_Family_5	OMIM:620451
2139	PMID_33731876_fam48_en-prompt.txt	PMID_33731876_fam48	OMIM:613721
2140	PMID_30658709_patient_en-prompt.txt	PMID_30658709_patient	OMIM:615878
2141	PMID_24739679_patient_K10_en-prompt.txt	PMID_24739679_patient_K10	OMIM:147920
2142	PMID_27843126_A_III_1_en-prompt.txt	PMID_27843126_A-III.1	OMIM:617146
2143	PMID_34521999_38_en-prompt.txt	PMID_34521999_38	OMIM:617140
2144	PMID_15266616_103_en-prompt.txt	PMID_15266616_103	OMIM:147791
2145	STX_EG0519P_en-prompt.txt	STX_EG0519P	OMIM:612164
2146	PMID_35150594_N_II_1_en-prompt.txt	PMID_35150594_N:II:1	OMIM:620538
2147	PMID_10662742_II_5_en-prompt.txt	PMID_10662742_II-5	OMIM:115200
2148	PMID_28782633_Family_II_grandmother_P1_en-prompt.txt	PMID_28782633_Family_II_grandmother_P1	OMIM:620670
2149	PMID_36446582_Behnert_2018_en-prompt.txt	PMID_36446582_Behnert_2018	OMIM:148050
2150	STX_27779742_WJL_en-prompt.txt	STX_27779742_WJL	OMIM:612164
2151	PMID_29037160_Case_2_family_II_en-prompt.txt	PMID_29037160_Case_2_family_II	OMIM:220400
2152	PMID_31021519_individual_SATB2_119_en-prompt.txt	PMID_31021519_individual_SATB2_119	OMIM:612313
2153	PMID_36446582_KBG50_en-prompt.txt	PMID_36446582_KBG50	OMIM:148050
2154	PMID_30643655_F2_IV_1_en-prompt.txt	PMID_30643655_F2_IV_1	OMIM:613115
2155	PMID_37071997_Individual_15_en-prompt.txt	PMID_37071997_Individual_15	OMIM:616211
2156	PMID_31021519_262560_from_Bengani_et_al_en-prompt.txt	PMID_31021519_262560_from_Bengani_et_al	OMIM:612313
2157	PMID_36446582_Kutkowska_Kazmierczak2021_P9_en-prompt.txt	PMID_36446582_Kutkowska_Kazmierczak2021_P9	OMIM:148050
2158	PMID_15200511_individual_II_5_en-prompt.txt	PMID_15200511_individual_II_5	OMIM:277300
2159	STX_P_03_en-prompt.txt	STX_P_03	OMIM:612164
2160	PMID_22541558_individual_F_1_en-prompt.txt	PMID_22541558_individual_F_1	OMIM:154400
2161	PMID_36446582_Murray_2017_P7_3_3_en-prompt.txt	PMID_36446582_Murray_2017_P7_3_3	OMIM:148050
2162	PMID_36067010_Family_4_Patient_6_en-prompt.txt	PMID_36067010_Family_4_Patient_6	OMIM:620504
2163	PMID_24736735_G029__en-prompt.txt	PMID_24736735_G029_	OMIM:175700
2164	PMID_32710489_Group_1_Patient_9_en-prompt.txt	PMID_32710489_Group_1_Patient_9	OMIM:620155
2165	PMID_36586412_23_en-prompt.txt	PMID_36586412_23	OMIM:301111
2166	PMID_36446582_Miyatake_2017_P2_en-prompt.txt	PMID_36446582_Miyatake_2017_P2	OMIM:148050
2167	PMID_12446365_OP_en-prompt.txt	PMID_12446365_OP	OMIM:129600
2168	PMID_36189931_Individual_33_en-prompt.txt	PMID_36189931_Individual_33	OMIM:130050
2169	PMID_37582359_F4_III_4_en-prompt.txt	PMID_37582359_F4-III-4	OMIM:620558
2170	STX_27184330_Patient_III_en-prompt.txt	STX_27184330_Patient_III	OMIM:612164
2171	PMID_36446582_Willemsen2010_P2_en-prompt.txt	PMID_36446582_Willemsen2010_P2	OMIM:148050
2172	PMID_36446582_Kutkowska_Kazmierczak2021_P22_en-prompt.txt	PMID_36446582_Kutkowska_Kazmierczak2021_P22	OMIM:148050
2173	PMID_30850397_proband_II_2_en-prompt.txt	PMID_30850397_proband_II_2	OMIM:615983
2174	PMID_36446582_Goldenberg2016_P28_en-prompt.txt	PMID_36446582_Goldenberg2016_P28	OMIM:148050
2175	PMID_33633439_9574_II_2_en-prompt.txt	PMID_33633439_9574_II_2	OMIM:620731
2176	PMID_36446582_Crippa2015_P3_en-prompt.txt	PMID_36446582_Crippa2015_P3	OMIM:148050
2177	PMID_19949040_Patient_5_en-prompt.txt	PMID_19949040_Patient_5	OMIM:616325
2178	PMID_29217778_P5_D637_en-prompt.txt	PMID_29217778_P5_D637	OMIM:159550
2179	PMID_25876182_Patient_VI_5_en-prompt.txt	PMID_25876182_Patient_VI_5	OMIM:273900
2180	PMID_33731876_fam383_en-prompt.txt	PMID_33731876_fam383	OMIM:613721
2181	PMID_26467218_individual_12_F_Present_study_en-prompt.txt	PMID_26467218_individual_12_F_Present_study	OMIM:613224
2182	PMID_12189163_V_6_en-prompt.txt	PMID_12189163_V:6	OMIM:219100
2183	PMID_33731876_fam417_en-prompt.txt	PMID_33731876_fam417	OMIM:607745
2184	PMID_12789647_K4_IV_1_en-prompt.txt	PMID_12789647_K4:IV-1	OMIM:142900
2185	PMID_22539873_II_1_en-prompt.txt	PMID_22539873_II_1	OMIM:129600
2186	PMID_15654695_Patient_1_en-prompt.txt	PMID_15654695_Patient_1	OMIM:615982
2187	PMID_36528028_Individual_9_en-prompt.txt	PMID_36528028_Individual_9	OMIM:620455
2188	PMID_34722527_individual_individual_7_Arif_O_Khan_TheRPGRIP1_rel_en-prompt.txt	PMID_34722527_individual_individual_7_Arif_O_Khan_TheRPGRIP1-rel	OMIM:613826
2189	PMID_25835445_2_III_3_en-prompt.txt	PMID_25835445_2-III:3	OMIM:615582
2190	PMID_33731876_fam310_en-prompt.txt	PMID_33731876_fam310	OMIM:613721
2191	PMID_33731876_fam240_en-prompt.txt	PMID_33731876_fam240	OMIM:613721
2192	PMID_34722527_individual_individual_1_Shiyuan_Wang3_Clinicalandge_en-prompt.txt	PMID_34722527_individual_individual_1_Shiyuan_Wang3_Clinicalandge	OMIM:613826
2193	PMID_37541189_Individual_7_en-prompt.txt	PMID_37541189_Individual_7	OMIM:620688
2194	PMID_12203992_B43_en-prompt.txt	PMID_12203992_B43	OMIM:154700
2195	PMID_36189931_Individual_5_en-prompt.txt	PMID_36189931_Individual_5	OMIM:130050
2196	PMID_26467218_individual_2_Runtuwene_et_al__21_en-prompt.txt	PMID_26467218_individual_2_Runtuwene_et_al__21	OMIM:613224
2197	PMID_31844624_31844624_P2_en-prompt.txt	PMID_31844624_31844624_P2	OMIM:604377
2198	STX_26648591_Patient_4_en-prompt.txt	STX_26648591_Patient_4	OMIM:612164
2199	STX_20887364_Subject_2103_en-prompt.txt	STX_20887364_Subject_2103	OMIM:612164
2200	STX_26865513_Patient_40_en-prompt.txt	STX_26865513_Patient_40	OMIM:612164
2201	PMID_26590883_Patient__NCI_309_1_en-prompt.txt	PMID_26590883_Patient__NCI‐309‐1	OMIM:609053
2202	PMID_25835445_1_II_14__en-prompt.txt	PMID_25835445_1-II:14*	OMIM:615582
2203	PMID_30315159_Patient_6__en-prompt.txt	PMID_30315159_Patient_6_	OMIM:620475
2204	STX_G3_P31_en-prompt.txt	STX_G3_P31	OMIM:612164
2205	PMID_36103875_Individual_2_en-prompt.txt	PMID_36103875_Individual_2	OMIM:620502
2206	PMID_20493457_Subject_3_en-prompt.txt	PMID_20493457_Subject_3	OMIM:613477
2207	PMID_37196654_Individual_23_en-prompt.txt	PMID_37196654_Individual_23	OMIM:618505
2208	PMID_30580808_Machol_Ind_9_Fam_39_en-prompt.txt	PMID_30580808_Machol_Ind_9-Fam-39	OMIM:618362
2209	PMID_20082460_case_1_en-prompt.txt	PMID_20082460_case_1	OMIM:305400
2210	PMID_36446582_Gnazzo_2020_P22_en-prompt.txt	PMID_36446582_Gnazzo_2020_P22	OMIM:148050
2211	PMID_34521999_16_en-prompt.txt	PMID_34521999_16	OMIM:617140
2212	PMID_12750403_66_year_old_woman_en-prompt.txt	PMID_12750403_66_year_old_woman	OMIM:163800
2213	PMID_33731876_fam71_en-prompt.txt	PMID_33731876_fam71	OMIM:613721
2214	PMID_18551513_9_en-prompt.txt	PMID_18551513_9	OMIM:613205
2215	PMID_31021519_individual_SATB2_137_en-prompt.txt	PMID_31021519_individual_SATB2_137	OMIM:612313
2216	PMID_30057029_Individual_8_en-prompt.txt	PMID_30057029_Individual_8	OMIM:618089
2217	PMID_22428873_P5_en-prompt.txt	PMID_22428873_P5	OMIM:174200
2218	PMID_22772368_4_III_1_en-prompt.txt	PMID_22772368_4_III_1	OMIM:614816
2219	STX_32521962_P8_en-prompt.txt	STX_32521962_P8	OMIM:612164
2220	STX_23934111_fh_en-prompt.txt	STX_23934111_fh	OMIM:612164
2221	PMID_37962958_20_en-prompt.txt	PMID_37962958_20	OMIM:620535
2222	PMID_37761890_28__en-prompt.txt	PMID_37761890_28 	OMIM:616362
2223	PMID_29379883_Family_1_patient_1_en-prompt.txt	PMID_29379883_Family_1_patient_1	OMIM:616907
2224	PMID_22986007_Family_C_proband_III_2_en-prompt.txt	PMID_22986007_Family_C_proband_III_2	OMIM:117360
2225	PMID_21533187_family_F_en-prompt.txt	PMID_21533187_family_F	OMIM:156250
2226	PMID_31021519_individual_SATB2_120_en-prompt.txt	PMID_31021519_individual_SATB2_120	OMIM:612313
2227	PMID_36190515_Patient_1_en-prompt.txt	PMID_36190515_Patient_1	OMIM:620423
2228	PMID_29198722_p_Arg913Ter_Affected_Individual_5_en-prompt.txt	PMID_29198722_p.Arg913Ter_Affected_Individual_5	OMIM:617865
2229	STX_EG0720P_en-prompt.txt	STX_EG0720P	OMIM:612164
2230	PMID_37962958_37_en-prompt.txt	PMID_37962958_37	OMIM:620535
2231	PMID_25477417_F4_1_en-prompt.txt	PMID_25477417_F4_1	OMIM:248250
2232	PMID_35484142_F4_P4_en-prompt.txt	PMID_35484142_F4/P4	OMIM:620460
2233	STX_31344879_Patient2_en-prompt.txt	STX_31344879_Patient2	OMIM:612164
2234	PMID_31859446_first_case_en-prompt.txt	PMID_31859446_first_case	OMIM:620719
2235	PMID_26805782_F2_II_2_en-prompt.txt	PMID_26805782_F2_II_2	OMIM:616878
2236	PMID_28940506_Family_13_Individual_16_en-prompt.txt	PMID_28940506_Family_13_Individual_16	OMIM:615471
2237	PMID_37919452_Family_4__patient_6_en-prompt.txt	PMID_37919452_Family_4:_patient_6	OMIM:620683
2238	PMID_37656279_Pedigree_D_II_4_en-prompt.txt	PMID_37656279_Pedigree_D_II:4	OMIM:620510
2239	STX_23708187_T23289_en-prompt.txt	STX_23708187_T23289	OMIM:612164
2240	PMID_23714749_23714749_P6_en-prompt.txt	PMID_23714749_23714749_P6	OMIM:256810
2241	PMID_30099644_III_3_en-prompt.txt	PMID_30099644_III:3	OMIM:600138
2242	STX_27779742_131_en-prompt.txt	STX_27779742_131	OMIM:612164
2243	PMID_24408148_8_year_old_male_patient_en-prompt.txt	PMID_24408148_8-year-old_male_patient	OMIM:142900
2244	PMID_27743463_S3_en-prompt.txt	PMID_27743463_S3	OMIM:615471
2245	PMID_26242992_III_18_en-prompt.txt	PMID_26242992_III-18	OMIM:301310
2246	PMID_34722527_individual_p9_1_Jinu_Han_Diagnosticappl_en-prompt.txt	PMID_34722527_individual_p9_1_Jinu_Han_Diagnosticappl	OMIM:613826
2247	PMID_27040691_Individual_4_1_en-prompt.txt	PMID_27040691_Individual_4-1	OMIM:616900
2248	PMID_35923690_50_10_en-prompt.txt	PMID_35923690_50–10	OMIM:105650
2249	PMID_26908613_MOGL2063_en-prompt.txt	PMID_26908613_MOGL2063	OMIM:617123
2250	PMID_33731876_fam66_en-prompt.txt	PMID_33731876_fam66	OMIM:613721
2251	STX_EG0169P_en-prompt.txt	STX_EG0169P	OMIM:612164
2252	PMID_31173466_Suzuki_Patient_1_en-prompt.txt	PMID_31173466_Suzuki-Patient-1	OMIM:618499
2253	PMID_17273967_III_5_en-prompt.txt	PMID_17273967_III-5	OMIM:602400
2254	PMID_25835445_1_III_11__en-prompt.txt	PMID_25835445_1-III:11*	OMIM:615582
2255	STX_EG1414P_en-prompt.txt	STX_EG1414P	OMIM:612164
2256	PMID_36446582_Goldenberg2016_P11_en-prompt.txt	PMID_36446582_Goldenberg2016_P11	OMIM:148050
2257	PMID_9817917_Family_9_individual_13781_en-prompt.txt	PMID_9817917_Family_9_individual_13781	OMIM:222300
2258	STX_28944233_265950_en-prompt.txt	STX_28944233_265950	OMIM:612164
2259	PMID_36074901_24_en-prompt.txt	PMID_36074901_24	OMIM:620465
2260	PMID_37075751_Individual_14_en-prompt.txt	PMID_37075751_Individual_14	OMIM:616462
2261	PMID_37196654_Individual_34_en-prompt.txt	PMID_37196654_Individual_34	OMIM:618505
2262	PMID_32710489_Group_1_Patient_10_en-prompt.txt	PMID_32710489_Group_1_Patient_10	OMIM:620155
2263	STX_G3_P26_en-prompt.txt	STX_G3_P26	OMIM:612164
2264	PMID_24736735_G13684_Brother_en-prompt.txt	PMID_24736735_G13684_Brother	OMIM:175700
2265	PMID_17661820_1_en-prompt.txt	PMID_17661820_1	OMIM:163950
2266	PMID_33731876_fam307_en-prompt.txt	PMID_33731876_fam307	OMIM:613721
2267	PMID_33731876_fam257_en-prompt.txt	PMID_33731876_fam257	OMIM:607745
2268	PMID_34722527_individual_19_10_Arif_O_Khan_Geneticanalysi_en-prompt.txt	PMID_34722527_individual_19_10_Arif_O_Khan_Geneticanalysi	OMIM:613826
2269	PMID_34722527_individual_sRP_088_10_Leen_Abu_Safieh_Autozygome_guid_en-prompt.txt	PMID_34722527_individual_sRP-088_10_Leen_Abu-Safieh_Autozygome-guid	OMIM:613826
2270	STX_CHCO_02_en-prompt.txt	STX_CHCO_02	OMIM:612164
2271	PMID_21131976_EsM5513_en-prompt.txt	PMID_21131976_EsM5513	OMIM:613717
2272	PMID_4045952_III_1_en-prompt.txt	PMID_4045952_III.1	OMIM:301310
2273	PMID_37196654_Individual_54__SSC_13675_p1__en-prompt.txt	PMID_37196654_Individual_54_(SSC_13675.p1)	OMIM:618505
2274	PMID_26805781_Family_8_Subject_8_II_1_en-prompt.txt	PMID_26805781_Family_8_Subject_8_II_1	OMIM:616878
2275	PMID_24321194_II_8_en-prompt.txt	PMID_24321194_II_8	OMIM:248250
2276	PMID_35977029_20190W0028_en-prompt.txt	PMID_35977029_20190W0028	OMIM:620494
2277	PMID_11118249_PATIENT_II_1_en-prompt.txt	PMID_11118249_PATIENT_II.1	OMIM:301310
2278	PMID_34722527_individual_individual_3_Arif_O_Khan_TheRPGRIP1_rel_en-prompt.txt	PMID_34722527_individual_individual_3_Arif_O_Khan_TheRPGRIP1-rel	OMIM:613826
2279	PMID_17460694_F010191_en-prompt.txt	PMID_17460694_F010191	OMIM:609053
2280	PMID_22772368_7_III_1_en-prompt.txt	PMID_22772368_7_III_1	OMIM:614816
2281	PMID_31239556_individual_15_en-prompt.txt	PMID_31239556_individual_15	OMIM:615502
2282	PMID_33731876_fam101_en-prompt.txt	PMID_33731876_fam101	OMIM:613721
2283	PMID_36586412_6_en-prompt.txt	PMID_36586412_6	OMIM:301111
2284	PMID_22772371_TAA288_IV_2_en-prompt.txt	PMID_22772371_TAA288_IV_2	OMIM:614816
2285	STX_31780880_Patient1214_en-prompt.txt	STX_31780880_Patient1214	OMIM:612164
2286	PMID_15911822_Patient_15_en-prompt.txt	PMID_15911822_Patient_15	OMIM:234200
2287	PMID_21358634_Family_11_en-prompt.txt	PMID_21358634_Family_11	OMIM:132800
2288	PMID_28074573_HC3_en-prompt.txt	PMID_28074573_HC3	OMIM:163950
2289	PMID_36446582_Ockeloen2015_P19_en-prompt.txt	PMID_36446582_Ockeloen2015_P19	OMIM:148050
2290	PMID_36446582_Low_2016_P3_4_en-prompt.txt	PMID_36446582_Low_2016_P3_4	OMIM:148050
2291	PMID_29606302_B_II_1_en-prompt.txt	PMID_29606302_B_II_1	OMIM:618000
2292	PMID_22772368_6_III_5_en-prompt.txt	PMID_22772368_6_III_5	OMIM:614816
2293	PMID_33731876_fam81_en-prompt.txt	PMID_33731876_fam81	OMIM:613721
2294	PMID_27040692_A_II_1_en-prompt.txt	PMID_27040692_A-II-1	OMIM:616900
2295	PMID_36446582_Scarano_2013_P9_en-prompt.txt	PMID_36446582_Scarano_2013_P9	OMIM:148050
2296	PMID_22956686_1435_IV_8_en-prompt.txt	PMID_22956686_1435-IV-8	OMIM:614923
2297	PMID_36446582_Parenti2021_P4_en-prompt.txt	PMID_36446582_Parenti2021_P4	OMIM:148050
2298	PMID_36446582_KBG33_en-prompt.txt	PMID_36446582_KBG33	OMIM:148050
2299	PMID_26833330_F3_II1_en-prompt.txt	PMID_26833330_F3_II1	OMIM:616829
2300	PMID_30903679_proband_en-prompt.txt	PMID_30903679_proband	OMIM:620719
2301	PMID_30580808_Machol_Ind_12_Fam_42_en-prompt.txt	PMID_30580808_Machol_Ind_12-Fam-42	OMIM:618362
2302	PMID_32376980_37_en-prompt.txt	PMID_32376980_37	OMIM:618164
2303	PMID_33576469_Patient_6_en-prompt.txt	PMID_33576469_Patient_6	OMIM:129600
2304	PMID_22258530_Patient_17_en-prompt.txt	PMID_22258530_Patient_17	OMIM:613477
2305	PMID_27259050_III_6_en-prompt.txt	PMID_27259050_III_6	OMIM:159550
2306	PMID_22541558_individual_I_1_en-prompt.txt	PMID_22541558_individual_I_1	OMIM:154400
2307	PMID_34722527_individual_MOL1403_3_3_Beryozkin_Current_en-prompt.txt	PMID_34722527_individual_MOL1403_3_3_Beryozkin_Current	OMIM:608194
2308	PMID_36446582_VanDongen2019_P1_en-prompt.txt	PMID_36446582_VanDongen2019_P1	OMIM:148050
2309	PMID_37761890_27__en-prompt.txt	PMID_37761890_27 	OMIM:616362
2310	PMID_37761890_32__en-prompt.txt	PMID_37761890_32 	OMIM:616362
2311	PMID_31509304_F4_III_2_en-prompt.txt	PMID_31509304_F4_III_2	OMIM:617560
2312	STX_26514728_Patient_16_en-prompt.txt	STX_26514728_Patient_16	OMIM:612164
2313	PMID_35874597_Case_3_en-prompt.txt	PMID_35874597_Case_3	OMIM:620537
2314	PMID_15499950_15499950_P4_en-prompt.txt	PMID_15499950_15499950_P4	OMIM:604377
2315	PMID_20519243_3_en-prompt.txt	PMID_20519243_3	OMIM:142900
2316	PMID_32431071_Family_2_IV_4_en-prompt.txt	PMID_32431071_Family_2_IV-4	OMIM:620655
2317	PMID_31949313_F2_II_1_en-prompt.txt	PMID_31949313_F2_II_1	OMIM:147920
2318	PMID_16912710_Individual_F1012__II_1__en-prompt.txt	PMID_16912710_Individual_F1012_(II-1)	OMIM:614199
2319	PMID_34521999_8_en-prompt.txt	PMID_34521999_8	OMIM:617140
2320	PMID_15731757_Family_7_II_1_en-prompt.txt	PMID_15731757_Family_7_II_1	OMIM:609192
2321	PMID_37075751_Individual_9_en-prompt.txt	PMID_37075751_Individual_9	OMIM:616462
2322	PMID_31509304_F3_III_1_en-prompt.txt	PMID_31509304_F3_III_1	OMIM:617560
2323	PMID_30200888_Patient_C_VI_2_en-prompt.txt	PMID_30200888_Patient_C_VI_2	OMIM:216400
2324	PMID_8664912_Patient_0545_en-prompt.txt	PMID_8664912_Patient_0545	OMIM:162200
2325	PMID_18256394_5_en-prompt.txt	PMID_18256394_5	OMIM:176670
2326	PMID_36331550_Family_23_Patient_28_en-prompt.txt	PMID_36331550_Family_23_Patient_28	OMIM:613477
2327	PMID_34722527_individual_P024_2_Hui_Huang_Targetednextg_en-prompt.txt	PMID_34722527_individual_P024_2_Hui_Huang_Targetednextg	OMIM:613826
2328	PMID_37433783_P19_en-prompt.txt	PMID_37433783_P19	OMIM:601674
2329	PMID_23993194_Family_2_Case_3_en-prompt.txt	PMID_23993194_Family_2_Case_3	OMIM:615471
2330	PMID_29707406_A_II_2_en-prompt.txt	PMID_29707406_A_II_2	OMIM:606854
2331	PMID_33731876_fam96_en-prompt.txt	PMID_33731876_fam96	OMIM:613721
2332	PMID_25868664_Family_13_Case_10_en-prompt.txt	PMID_25868664_Family_13_Case_10	OMIM:615471
2333	PMID_20074988__20074988_P7_en-prompt.txt	PMID_20074988__20074988_P7	OMIM:256810
2334	PMID_31021519_SATB2_43_from_Zarate_et_al__2018a_en-prompt.txt	PMID_31021519_SATB2_43_from_Zarate_et_al__2018a	OMIM:612313
2335	PMID_16965330_patient_9_en-prompt.txt	PMID_16965330_patient_9	OMIM:240300
2336	PMID_25835445_7_III_4_en-prompt.txt	PMID_25835445_7-III:4	OMIM:615582
2337	PMID_36446582_KBG24_en-prompt.txt	PMID_36446582_KBG24	OMIM:148050
2338	PMID_32376980_20_en-prompt.txt	PMID_32376980_20	OMIM:618164
2339	PMID_18513678_individual_5051_en-prompt.txt	PMID_18513678_individual_5051	OMIM:260300
2340	PMID_12203992_B19_en-prompt.txt	PMID_12203992_B19	OMIM:154700
2341	PMID_22155372_8_year_old_girl_en-prompt.txt	PMID_22155372_8_year_old_girl	OMIM:609622
2342	PMID_23829229_23829229_P2_en-prompt.txt	PMID_23829229_23829229_P2	OMIM:256810
2343	STX_28708303_Patient_55_en-prompt.txt	STX_28708303_Patient_55	OMIM:612164
2344	PMID_36553465_P18_en-prompt.txt	PMID_36553465_P18	OMIM:606574
2345	PMID_30057029_Individual_18_en-prompt.txt	PMID_30057029_Individual_18	OMIM:618089
2346	STX_27159321_LD_0358_en-prompt.txt	STX_27159321_LD_0358	OMIM:612164
2347	PMID_22772368_5_II_2_en-prompt.txt	PMID_22772368_5_II_2	OMIM:614816
2348	PMID_33731876_fam116_en-prompt.txt	PMID_33731876_fam116	OMIM:613721
2349	PMID_26002053_proband_en-prompt.txt	PMID_26002053_proband	OMIM:620772
2350	PMID_36303223_individual_14_PMID_11825068_en-prompt.txt	PMID_36303223_individual_14_PMID_11825068	OMIM:272300
2351	PMID_30580808_Machol_Ind_1_Fam_31_en-prompt.txt	PMID_30580808_Machol_Ind_1-Fam-31	OMIM:618362
2352	PMID_25469541_patient_en-prompt.txt	PMID_25469541_patient	OMIM:277600
2353	PMID_20887961_Patient_3_en-prompt.txt	PMID_20887961_Patient_3	OMIM:600920
2354	PMID_36446582_Scarano_2013_P10_en-prompt.txt	PMID_36446582_Scarano_2013_P10	OMIM:148050
2355	PMID_28202457_F2_II_1_en-prompt.txt	PMID_28202457_F2_II_1	OMIM:159550
2356	PMID_12203992_B37_en-prompt.txt	PMID_12203992_B37	OMIM:154700
2357	PMID_33731876_fam185_en-prompt.txt	PMID_33731876_fam185	OMIM:607745
2358	PMID_10939567_Spo2_en-prompt.txt	PMID_10939567_Spo2	OMIM:181350
2359	STX_STXBP1adult_Pt16_en-prompt.txt	STX_STXBP1adult_Pt16	OMIM:612164
2360	PMID_27843126_B_III_1_en-prompt.txt	PMID_27843126_B-III.1	OMIM:617146
2361	STX_29264391_Patient_6_en-prompt.txt	STX_29264391_Patient_6	OMIM:612164
2362	PMID_33731876_fam364_en-prompt.txt	PMID_33731876_fam364	OMIM:613721
2363	PMID_33731876_fam234_en-prompt.txt	PMID_33731876_fam234	OMIM:607745
2364	PMID_30580808_Ind_37_Fam_28_en-prompt.txt	PMID_30580808_Ind-37-Fam-28	OMIM:618362
2365	PMID_36446582_Parenti2021_P13_en-prompt.txt	PMID_36446582_Parenti2021_P13	OMIM:148050
2366	PMID_36446582_Ockeloen2015_P20_en-prompt.txt	PMID_36446582_Ockeloen2015_P20	OMIM:148050
2367	PMID_25896430_Patient_3_en-prompt.txt	PMID_25896430_Patient_3	OMIM:147920
2368	PMID_37352860_Individual_5_en-prompt.txt	PMID_37352860_Individual_5	OMIM:620662
2369	PMID_31021519_SATB2_02_from_Zarate_et_al__2018a_Scott_et_al_en-prompt.txt	PMID_31021519_SATB2_02_from_Zarate_et_al__2018a_Scott_et_al	OMIM:612313
2370	PMID_33731876_fam138_en-prompt.txt	PMID_33731876_fam138	OMIM:613721
2371	PMID_36446582_Goldenberg2016_P1_en-prompt.txt	PMID_36446582_Goldenberg2016_P1	OMIM:148050
2372	PMID_22736615_Patient_2_en-prompt.txt	PMID_22736615_Patient_2	OMIM:129600
2373	PMID_22772368_4_II_3_en-prompt.txt	PMID_22772368_4_II_3	OMIM:614816
2374	PMID_32765928_Case_3_en-prompt.txt	PMID_32765928_Case_3	OMIM:151100
2375	PMID_9312167_D_I_1_en-prompt.txt	PMID_9312167_D:I:1	OMIM:179800
2376	PMID_28202457_F1_1_2_en-prompt.txt	PMID_28202457_F1_1_2	OMIM:159550
2377	STX_31130284_UPN_0657_en-prompt.txt	STX_31130284_UPN_0657	OMIM:612164
2378	STX_26865513_Patient_34_en-prompt.txt	STX_26865513_Patient_34	OMIM:612164
2379	PMID_25007886_Subject_4_en-prompt.txt	PMID_25007886_Subject_4	OMIM:613268
2380	PMID_29058101_Patient_2_en-prompt.txt	PMID_29058101_Patient_2	OMIM:243700
2381	PMID_33731876_fam289_en-prompt.txt	PMID_33731876_fam289	OMIM:613721
2382	PMID_34722527_individual_P065_3_Hui_Huang_Targetednextg_en-prompt.txt	PMID_34722527_individual_P065_3_Hui_Huang_Targetednextg	OMIM:608194
2383	STX_EG0598P_en-prompt.txt	STX_EG0598P	OMIM:612164
2384	PMID_32154675_Family_4_Patient_10_en-prompt.txt	PMID_32154675_Family_4_Patient_10	OMIM:613795
2385	PMID_1907800_KT_en-prompt.txt	PMID_1907800_KT	OMIM:230650
2386	PMID_21683322_25_en-prompt.txt	PMID_21683322_25	OMIM:102370
2387	PMID_33766796_1_en-prompt.txt	PMID_33766796_1	OMIM:616831
2388	STX_HSJD_Patient_16_en-prompt.txt	STX_HSJD_Patient_16	OMIM:612164
2389	PMID_20371544_patient_en-prompt.txt	PMID_20371544_patient	OMIM:616325
2390	PMID_15266616_3_en-prompt.txt	PMID_15266616_3	OMIM:147791
2391	PMID_29217778_P6_D637f_en-prompt.txt	PMID_29217778_P6_D637f	OMIM:159550
2392	PMID_29050398_P1_en-prompt.txt	PMID_29050398_P1	OMIM:620540
2393	PMID_22158539_individual_1_en-prompt.txt	PMID_22158539_individual_1	OMIM:139210
2394	PMID_10662742_III_1_en-prompt.txt	PMID_10662742_III-1	OMIM:115200
2395	PMID_35923690_50_9_en-prompt.txt	PMID_35923690_50–9	OMIM:105650
2396	PMID_37711075_Family_1_BAB13337_en-prompt.txt	PMID_37711075_Family_1_BAB13337	OMIM:620546
2397	PMID_37761890_43__en-prompt.txt	PMID_37761890_43 	OMIM:616362
2398	PMID_37761890_56__en-prompt.txt	PMID_37761890_56 	OMIM:616362
2399	PMID_37196654_Individual_1_en-prompt.txt	PMID_37196654_Individual_1	OMIM:618505
2400	PMID_14742428_DM_en-prompt.txt	PMID_14742428_DM	OMIM:620698
2401	PMID_37962958_43_en-prompt.txt	PMID_37962958_43	OMIM:620535
2402	PMID_35617047_Proband_1a_en-prompt.txt	PMID_35617047_Proband_1a	OMIM:620647
2403	PMID_18297069_Case_5_en-prompt.txt	PMID_18297069_Case_5	OMIM:300707
2404	PMID_23407777_23407777_P1_en-prompt.txt	PMID_23407777_23407777_P1	OMIM:604377
2405	PMID_28403827_IV_1_en-prompt.txt	PMID_28403827_IV_1	OMIM:614931
2406	PMID_32376980_19_en-prompt.txt	PMID_32376980_19	OMIM:618164
2407	PMID_27087320_Subject_8_en-prompt.txt	PMID_27087320_Subject_8	OMIM:616975
2408	PMID_30400883_proband_en-prompt.txt	PMID_30400883_proband	OMIM:300352
2409	PMID_36446582_Low_2016_P24_21_en-prompt.txt	PMID_36446582_Low_2016_P24_21	OMIM:148050
2410	PMID_25216260_Family_1_Patient_1_en-prompt.txt	PMID_25216260_Family_1_Patient_1	OMIM:142900
2411	PMID_30580808_Chen_Pat_124_Fam_48_en-prompt.txt	PMID_30580808_Chen_Pat_124-Fam-48	OMIM:618362
2412	PMID_26467218_individual_11_Kraoua_et_al__23_en-prompt.txt	PMID_26467218_individual_11_Kraoua_et_al__23	OMIM:613224
2413	STX_G2_P4_en-prompt.txt	STX_G2_P4	OMIM:612164
2414	PMID_33731876_fam12_en-prompt.txt	PMID_33731876_fam12	OMIM:613721
2415	PMID_30356099_Patient_6_en-prompt.txt	PMID_30356099_Patient_6	OMIM:616211
2416	PMID_23222957_Family_8_8_1_en-prompt.txt	PMID_23222957_Family_8_8.1	OMIM:242840
2417	PMID_23086397_Patient_2_en-prompt.txt	PMID_23086397_Patient_2	OMIM:614959
2418	PMID_29196670_Patient_4_en-prompt.txt	PMID_29196670_Patient_4	OMIM:191100
2419	PMID_27861123_Patient_1_en-prompt.txt	PMID_27861123_Patient_1	OMIM:614021
2420	PMID_24736735_G043_Brother_en-prompt.txt	PMID_24736735_G043_Brother	OMIM:175700
2421	PMID_24736735_G043_Father_en-prompt.txt	PMID_24736735_G043_Father	OMIM:175700
2422	PMID_10580070_E_II_9_en-prompt.txt	PMID_10580070_E_II-9	OMIM:115200
2423	PMID_27153400_Family_B_IV_4_en-prompt.txt	PMID_27153400_Family_B_IV_4	OMIM:616907
2424	PMID_37054711_Family_7_Subject_9_en-prompt.txt	PMID_37054711_Family_7_Subject_9	OMIM:620428
2425	PMID_29707406_C_II_4_en-prompt.txt	PMID_29707406_C_II_4	OMIM:606854
2426	STX_26865513_Patient_23_en-prompt.txt	STX_26865513_Patient_23	OMIM:612164
2427	PMID_28940506_Family_1_Individual_1_en-prompt.txt	PMID_28940506_Family_1_Individual_1	OMIM:615471
2428	PMID_24736735_G033__en-prompt.txt	PMID_24736735_G033_	OMIM:175700
2429	PMID_24736735_G026__en-prompt.txt	PMID_24736735_G026_	OMIM:175700
2430	PMID_24736735_G013_F___en-prompt.txt	PMID_24736735_G013_F*_	OMIM:146510
2431	PMID_36823193_Patient_3_Family_2_en-prompt.txt	PMID_36823193_Patient_3_Family_2	OMIM:620451
2432	PMID_33731876_fam965_en-prompt.txt	PMID_33731876_fam965	OMIM:613721
2433	PMID_12203992_D59_en-prompt.txt	PMID_12203992_D59	OMIM:154700
2434	PMID_16505000_III_1_affected_girl_en-prompt.txt	PMID_16505000_III_1_affected_girl	OMIM:620707
2435	PMID_36446582_Srivastava_2017_P1_en-prompt.txt	PMID_36446582_Srivastava_2017_P1	OMIM:148050
2436	PMID_33731876_fam192_en-prompt.txt	PMID_33731876_fam192	OMIM:613721
2437	STX_29997391_11NG001_en-prompt.txt	STX_29997391_11NG001	OMIM:612164
2438	STX_32105008_case_report_en-prompt.txt	STX_32105008_case_report	OMIM:612164
2439	PMID_36553465_P21_en-prompt.txt	PMID_36553465_P21	OMIM:606574
2440	PMID_33731876_fam373_en-prompt.txt	PMID_33731876_fam373	OMIM:607745
2441	PMID_33731876_fam888_en-prompt.txt	PMID_33731876_fam888	OMIM:613721
2442	PMID_33731876_fam223_en-prompt.txt	PMID_33731876_fam223	OMIM:613721
2443	PMID_18423521_Patient_1a_en-prompt.txt	PMID_18423521_Patient_1a	OMIM:113620
2444	PMID_30580808_Ind_03_Fam_03_en-prompt.txt	PMID_30580808_Ind-03-Fam-03	OMIM:618362
2445	PMID_21358634_Family_6_en-prompt.txt	PMID_21358634_Family_6	OMIM:132800
2446	PMID_36307226_Proband_9_en-prompt.txt	PMID_36307226_Proband_9	OMIM:620537
2447	PMID_36446582_Novara_2017_P4_en-prompt.txt	PMID_36446582_Novara_2017_P4	OMIM:148050
2448	PMID_29907796_Patient_4_en-prompt.txt	PMID_29907796_Patient_4	OMIM:614608
2449	PMID_12789647_K12_II_3_en-prompt.txt	PMID_12789647_K12:II-3	OMIM:142900
2450	PMID_36446582_Cucco_2020_Patient_B_en-prompt.txt	PMID_36446582_Cucco_2020_Patient_B	OMIM:148050
2451	PMID_33731876_fam112_en-prompt.txt	PMID_33731876_fam112	OMIM:613721
2452	PMID_36446582_Low_2016_P9_1_en-prompt.txt	PMID_36446582_Low_2016_P9_1	OMIM:148050
2453	PMID_15266616_81_en-prompt.txt	PMID_15266616_81	OMIM:147791
2454	PMID_36303223_individual_33_PMID_33405344_en-prompt.txt	PMID_36303223_individual_33_PMID_33405344	OMIM:272300
2455	PMID_37179472_Family_2II_6_en-prompt.txt	PMID_37179472_Family_2II_6	OMIM:620641
2456	PMID_14702087_Patient_3_of_PMID_1790747_en-prompt.txt	PMID_14702087_Patient_3_of_PMID_1790747	OMIM:608415
2457	PMID_11175294_D27_en-prompt.txt	PMID_11175294_D27	OMIM:154700
2458	PMID_36890397_P2_en-prompt.txt	PMID_36890397_P2	OMIM:619375
2459	PMID_33731876_fam92_en-prompt.txt	PMID_33731876_fam92	OMIM:607745
2460	PMID_30612693_9_en-prompt.txt	PMID_30612693_9	OMIM:618443
2461	PMID_24736735_G13684_Mother_en-prompt.txt	PMID_24736735_G13684_Mother	OMIM:175700
2462	PMID_36446582_KBG20_en-prompt.txt	PMID_36446582_KBG20	OMIM:148050
2463	PMID_36074901_9_en-prompt.txt	PMID_36074901_9	OMIM:620465
2464	PMID_20074988__20074988_P3_en-prompt.txt	PMID_20074988__20074988_P3	OMIM:256810
2465	PMID_34722527_individual_individual_1_Juliana_Maria_Ferraz_Sallum1_5_Clinicalandmo_en-prompt.txt	PMID_34722527_individual_individual_1_Juliana_Maria_Ferraz_Sallum1_5_Clinicalandmo	OMIM:613826
2466	PMID_34722527_individual_RCD163_1_Nicole_Weisschuh_MutationDetect_en-prompt.txt	PMID_34722527_individual_RCD163_1_Nicole_Weisschuh_MutationDetect	OMIM:608194
2467	PMID_18256394_1_en-prompt.txt	PMID_18256394_1	OMIM:176670
2468	PMID_15210538_15210538_P1_en-prompt.txt	PMID_15210538_15210538_P1	OMIM:604377
2469	PMID_17886299_Patient_BM2_en-prompt.txt	PMID_17886299_Patient_BM2	OMIM:620726
2470	PMID_18256394_13_en-prompt.txt	PMID_18256394_13	OMIM:176670
2471	PMID_34521999_48_en-prompt.txt	PMID_34521999_48	OMIM:617140
2472	PMID_25868664_Family_21_Case_6_en-prompt.txt	PMID_25868664_Family_21_Case_6	OMIM:615471
2473	PMID_10842287_HOS_A1_en-prompt.txt	PMID_10842287_HOS-A1	OMIM:142900
2474	PMID_28209105_28209105_P1_en-prompt.txt	PMID_28209105_28209105_P1	OMIM:256810
2475	STX_26514728_Patient_12_en-prompt.txt	STX_26514728_Patient_12	OMIM:612164
2476	PMID_18669544_FO_04_en-prompt.txt	PMID_18669544_FO-04	OMIM:209900
2477	PMID_36446582_VanDongen2019_P5_en-prompt.txt	PMID_36446582_VanDongen2019_P5	OMIM:148050
2478	PMID_33731876_fam38_en-prompt.txt	PMID_33731876_fam38	OMIM:613721
2479	PMID_34612517_F3_II_2_en-prompt.txt	PMID_34612517_F3-II-2	OMIM:617478
2480	PMID_28821231_Family_I_patient_I_en-prompt.txt	PMID_28821231_Family_I_patient_I	OMIM:234200
2481	PMID_25835445_11_I_1__en-prompt.txt	PMID_25835445_11-I:1*	OMIM:615582
2482	PMID_23222957_Family_13_13_1_en-prompt.txt	PMID_23222957_Family_13_13.1	OMIM:242840
2483	PMID_19353847_19353847_P1_en-prompt.txt	PMID_19353847_19353847_P1	OMIM:604377
2484	PMID_21683322_18_en-prompt.txt	PMID_21683322_18	OMIM:614185
2485	PMID_16965330_patient_11_en-prompt.txt	PMID_16965330_patient_11	OMIM:240300
2486	PMID_34979697_34979697_P1_en-prompt.txt	PMID_34979697_34979697_P1	OMIM:256810
2487	PMID_33731876_fam85_en-prompt.txt	PMID_33731876_fam85	OMIM:613721
2488	PMID_33633439_9472_II_1_en-prompt.txt	PMID_33633439_9472_II_1	OMIM:620731
2489	PMID_26008899_patient_en-prompt.txt	PMID_26008899_patient	OMIM:620632
2490	PMID_32737437_ADN140259_en-prompt.txt	PMID_32737437_ADN140259	OMIM:620731
2491	PMID_36446582_KBG37_en-prompt.txt	PMID_36446582_KBG37	OMIM:148050
2492	PMID_33045405_This_study_patient_2_en-prompt.txt	PMID_33045405_This_study_patient_2	OMIM:605911
2493	PMID_24736735_G13684__en-prompt.txt	PMID_24736735_G13684_	OMIM:175700
2494	PMID_22258530_Patient_13_en-prompt.txt	PMID_22258530_Patient_13	OMIM:613477
2495	PMID_33576469_Patient_2_en-prompt.txt	PMID_33576469_Patient_2	OMIM:129600
2496	PMID_25868664_Family_22_Case_18_Bonnen_case_S3_en-prompt.txt	PMID_25868664_Family_22_Case_18_Bonnen_case_S3	OMIM:615471
2497	STX_Syrbe_20_en-prompt.txt	STX_Syrbe_20	OMIM:612164
2498	PMID_8282779_II_2_en-prompt.txt	PMID_8282779_II/2	OMIM:612653
2499	PMID_34722527_individual_690_1378_2_Farzad_Jamshidi_Contributionof_en-prompt.txt	PMID_34722527_individual_690–1378_2_Farzad_Jamshidi_Contributionof	OMIM:613826
2500	PMID_28620732__6_y_old_boy_en-prompt.txt	PMID_28620732__6-y-old_boy	OMIM:252650
2501	PMID_21358634_Family_15_en-prompt.txt	PMID_21358634_Family_15	OMIM:132800
2502	PMID_15911822_Patient_11_en-prompt.txt	PMID_15911822_Patient_11	OMIM:234200
2503	STX_G3_P9_en-prompt.txt	STX_G3_P9	OMIM:612164
2504	PMID_10939567_EMD6_II_3_en-prompt.txt	PMID_10939567_EMD6_II-3	OMIM:181350
2505	PMID_36586412_9b_en-prompt.txt	PMID_36586412_9b	OMIM:301111
2506	PMID_33731876_fam209_en-prompt.txt	PMID_33731876_fam209	OMIM:613721
2507	PMID_33731876_fam359_en-prompt.txt	PMID_33731876_fam359	OMIM:613721
2508	PMID_31239556_individual_11_en-prompt.txt	PMID_31239556_individual_11	OMIM:615502
2509	PMID_28886341_Individual_F5_II_2_en-prompt.txt	PMID_28886341_Individual_F5_II_2	OMIM:617694
2510	PMID_33731876_fam105_en-prompt.txt	PMID_33731876_fam105	OMIM:613721
2511	PMID_27738187_Patient_4_en-prompt.txt	PMID_27738187_Patient_4	OMIM:617180
2512	PMID_32730804_Individual_9_en-prompt.txt	PMID_32730804_Individual_9	OMIM:620511
2513	PMID_15266616_96_en-prompt.txt	PMID_15266616_96	OMIM:147791
2514	PMID_21367767_F34_IV_3_en-prompt.txt	PMID_21367767_F34_IV_3	OMIM:606658
2515	PMID_19864201_Case_2__Twin_B__en-prompt.txt	PMID_19864201_Case_2_(Twin_B)	OMIM:151100
2516	PMID_36586412_2_en-prompt.txt	PMID_36586412_2	OMIM:301111
2517	PMID_11050011_II_2_en-prompt.txt	PMID_11050011_II-2	OMIM:301310
2518	STX_STXBP1adult_Pt3_en-prompt.txt	STX_STXBP1adult_Pt3	OMIM:612164
2519	PMID_33731876_fam196_en-prompt.txt	PMID_33731876_fam196	OMIM:613721
2520	PMID_21660509_PKSR22Ab_en-prompt.txt	PMID_21660509_PKSR22Ab	OMIM:601869
2521	PMID_33731876_fam227_en-prompt.txt	PMID_33731876_fam227	OMIM:613721
2522	PMID_33731876_fam377_en-prompt.txt	PMID_33731876_fam377	OMIM:613721
2523	PMID_34722527_individual_39II_1_Johannes_Birtel_Next_generation_en-prompt.txt	PMID_34722527_individual_39II_1_Johannes_Birtel_Next-generation	OMIM:608194
2524	PMID_36553465_P25_en-prompt.txt	PMID_36553465_P25	OMIM:606574
2525	PMID_34722527_individual_individual_2_Jana_Zernant_GenotypingMicr_en-prompt.txt	PMID_34722527_individual_individual_2_Jana_Zernant_GenotypingMicr	OMIM:613826
2526	PMID_21358634_Family_2_en-prompt.txt	PMID_21358634_Family_2	OMIM:132800
2527	PMID_12203992_D5_en-prompt.txt	PMID_12203992_D5	OMIM:154700
2528	PMID_36303223_individual_15_PMID_12001203_en-prompt.txt	PMID_36303223_individual_15_PMID_12001203	OMIM:272300
2529	PMID_20519243_5_father_en-prompt.txt	PMID_20519243_5.father	OMIM:142900
2530	PMID_23993194_Family_5_case_S2_en-prompt.txt	PMID_23993194_Family_5_case_S2	OMIM:615471
2531	PMID_28886341_Individual_F4_II_3_en-prompt.txt	PMID_28886341_Individual_F4_II_3	OMIM:617694
2532	PMID_34722527_individual_individual_3_Elena_Vallespin_Mutationscreen_en-prompt.txt	PMID_34722527_individual_individual_3_Elena_Vallespin_Mutationscreen	OMIM:613826
2533	STX_26865513_Patient_27_en-prompt.txt	STX_26865513_Patient_27	OMIM:612164
2534	PMID_30612693_13_en-prompt.txt	PMID_30612693_13	OMIM:618443
2535	PMID_30356099_Patient_2_en-prompt.txt	PMID_30356099_Patient_2	OMIM:616211
2536	PMID_31944623_Patient_A_en-prompt.txt	PMID_31944623_Patient_A	OMIM:617225
2537	PMID_8755636_patient_en-prompt.txt	PMID_8755636_patient	OMIM:236200
2538	PMID_33731876_fam16_en-prompt.txt	PMID_33731876_fam16	OMIM:613721
2539	PMID_23086397_Patient_6_en-prompt.txt	PMID_23086397_Patient_6	OMIM:614959
2540	PMID_36303223_individual_1_PMID_9050047_en-prompt.txt	PMID_36303223_individual_1_PMID_9050047	OMIM:272300
2541	PMID_28781842_patient_1_en-prompt.txt	PMID_28781842_patient_1	OMIM:610759
2542	PMID_30364145_proband_en-prompt.txt	PMID_30364145_proband	OMIM:617452
2543	PMID_31021519_SATB2_53_from_Zarate_et_al__2018a_Scott_et_al_en-prompt.txt	PMID_31021519_SATB2_53_from_Zarate_et_al__2018a_Scott_et_al	OMIM:612313
2544	PMID_28202457_F1_II_2_en-prompt.txt	PMID_28202457_F1_II_2	OMIM:159550
2545	PMID_10939567_Spo21_en-prompt.txt	PMID_10939567_Spo21	OMIM:181350
2546	STX_29761117_Case_12_en-prompt.txt	STX_29761117_Case_12	OMIM:612164
2547	PMID_37196654_Individual_5_en-prompt.txt	PMID_37196654_Individual_5	OMIM:618505
2548	PMID_29469822_Family_8_II_11_en-prompt.txt	PMID_29469822_Family_8_II-11	OMIM:605275
2549	PMID_18297069_Case_1_en-prompt.txt	PMID_18297069_Case_1	OMIM:300707
2550	PMID_30580808_Yi_case_Fam_51_en-prompt.txt	PMID_30580808_Yi_case-Fam-51	OMIM:618362
2551	STX_29056246_Patient_53_en-prompt.txt	STX_29056246_Patient_53	OMIM:612164
2552	PMID_36446582_KBG19_en-prompt.txt	PMID_36446582_KBG19	OMIM:148050
2553	PMID_15266616_7_en-prompt.txt	PMID_15266616_7	OMIM:147791
2554	PMID_34722527_individual_15_7_Arif_O_Khan_Geneticanalysi_en-prompt.txt	PMID_34722527_individual_15_7_Arif_O_Khan_Geneticanalysi	OMIM:613826
2555	PMID_29755943_Family_2_IV_2_en-prompt.txt	PMID_29755943_Family_2:IV:2	OMIM:142900
2556	STX_HSJD_Patient_12_en-prompt.txt	STX_HSJD_Patient_12	OMIM:612164
2557	PMID_22158539_individual_5_en-prompt.txt	PMID_22158539_individual_5	OMIM:139210
2558	PMID_36695497_Individual_8_en-prompt.txt	PMID_36695497_Individual_8	OMIM:620731
2559	STX_Syrbe_19_en-prompt.txt	STX_Syrbe_19	OMIM:612164
2560	PMID_27026770_a_6_year_old_girl__en-prompt.txt	PMID_27026770_a_6-year-old_girl,	OMIM:142900
2561	PMID_37582359_F1_II_4_en-prompt.txt	PMID_37582359_F1-II-4	OMIM:620558
2562	PMID_36303223_individual_23_PMID_28725568_en-prompt.txt	PMID_36303223_individual_23_PMID_28725568	OMIM:272300
2563	PMID_37226891_Individual_1_en-prompt.txt	PMID_37226891_Individual_1	OMIM:620779
2564	PMID_22939636_Family_1_Individual_2_en-prompt.txt	PMID_22939636_Family_1_Individual_2	OMIM:614833
2565	PMID_28782633_Family_1_17_year_old_male_P7_en-prompt.txt	PMID_28782633_Family_1_17_year_old_male_P7	OMIM:620670
2566	PMID_29122497_29122497_P8_en-prompt.txt	PMID_29122497_29122497_P8	OMIM:616370
2567	PMID_12789647_K11_III_1_en-prompt.txt	PMID_12789647_K11:III-1	OMIM:142900
2568	STX_27069701_case_report_en-prompt.txt	STX_27069701_case_report	OMIM:612164
2569	PMID_33766796_5_en-prompt.txt	PMID_33766796_5	OMIM:620157
2570	PMID_15731757_Family_10_I_2_en-prompt.txt	PMID_15731757_Family_10_I_2	OMIM:609192
2571	PMID_21683322_21_en-prompt.txt	PMID_21683322_21	OMIM:102370
2572	PMID_35170830_patient_23_en-prompt.txt	PMID_35170830_patient_23	OMIM:620458
2573	PMID_34722527_individual_p8_2_Jinu_Han_Diagnosticappl_en-prompt.txt	PMID_34722527_individual_p8_2_Jinu_Han_Diagnosticappl	OMIM:613826
2574	PMID_25835445_10_III_2__en-prompt.txt	PMID_25835445_10-III:2*	OMIM:615582
2575	PMID_36446582_Goldenberg2016_P5_en-prompt.txt	PMID_36446582_Goldenberg2016_P5	OMIM:148050
2576	PMID_31969900_S2_en-prompt.txt	PMID_31969900_S2	OMIM:615471
2577	PMID_12789647_K13_II_2_en-prompt.txt	PMID_12789647_K13:II-2	OMIM:142900
2578	PMID_31239556_individual_28_en-prompt.txt	PMID_31239556_individual_28	OMIM:615502
2579	PMID_19818506_Patient_1A_en-prompt.txt	PMID_19818506_Patient_1A	OMIM:620344
2580	PMID_28446873_Case_2_en-prompt.txt	PMID_28446873_Case_2	OMIM:200150
2581	STX_26865513_Patient_30_en-prompt.txt	STX_26865513_Patient_30	OMIM:612164
2582	PMID_1680289_patient_en-prompt.txt	PMID_1680289_patient	OMIM:102700
2583	PMID_36355422_IV_4_en-prompt.txt	PMID_36355422_IV_4	OMIM:620745
2584	PMID_18423521_Patient_3_en-prompt.txt	PMID_18423521_Patient_3	OMIM:113620
2585	PMID_31021519_SATB2_76_from_Zarate_et_al__2018a_en-prompt.txt	PMID_31021519_SATB2_76_from_Zarate_et_al__2018a	OMIM:612313
2586	PMID_34612517_F1_II_4_en-prompt.txt	PMID_34612517_F1-II-4	OMIM:617478
2587	PMID_37349293_Patient_2_en-prompt.txt	PMID_37349293_Patient_2	OMIM:620565
2588	PMID_36996813_Individual_4_en-prompt.txt	PMID_36996813_Individual_4	OMIM:620371
2589	PMID_33731876_fam181_en-prompt.txt	PMID_33731876_fam181	OMIM:613721
2590	PMID_30936877_8_year_old_girl_en-prompt.txt	PMID_30936877_8-year-old_girl	OMIM:620632
2591	PMID_35904126_Proband_4_en-prompt.txt	PMID_35904126_Proband_4	OMIM:620450
2592	PMID_33731876_fam230_en-prompt.txt	PMID_33731876_fam230	OMIM:613721
2593	PMID_33731876_fam360_en-prompt.txt	PMID_33731876_fam360	OMIM:613721
2594	STX_29264391_Patient_2_en-prompt.txt	STX_29264391_Patient_2	OMIM:612164
2595	STX_25533962_263903_en-prompt.txt	STX_25533962_263903	OMIM:612164
2596	PMID_25896430_Patient_7_en-prompt.txt	PMID_25896430_Patient_7	OMIM:147920
2597	PMID_19776401_Patient_8_1_en-prompt.txt	PMID_19776401_Patient_8-1	OMIM:243700
2598	PMID_36446582_Parenti2021_P17_en-prompt.txt	PMID_36446582_Parenti2021_P17	OMIM:148050
2599	PMID_26467218_individual_9_Cirstea_et_al__14_en-prompt.txt	PMID_26467218_individual_9_Cirstea_et_al__14	OMIM:613224
2600	PMID_27743463_S2_en-prompt.txt	PMID_27743463_S2	OMIM:615471
2601	PMID_23714749_23714749_P7_en-prompt.txt	PMID_23714749_23714749_P7	OMIM:256810
2602	PMID_28285769_Individual_1_II_3_en-prompt.txt	PMID_28285769_Individual_1_II_3	OMIM:250410
2603	PMID_36446582_Walz2015_Pf_en-prompt.txt	PMID_36446582_Walz2015_Pf	OMIM:148050
2604	PMID__33890291_Proband_1_en-prompt.txt	PMID__33890291_Proband_1	OMIM:620423
2605	PMID_29127725_Patient_1_en-prompt.txt	PMID_29127725_Patient_1	OMIM:174300
2606	PMID_31021519_SATB2_51_from_Zarate_et_al__2018a_en-prompt.txt	PMID_31021519_SATB2_51_from_Zarate_et_al__2018a	OMIM:612313
2607	PMID_33731876_fam67_en-prompt.txt	PMID_33731876_fam67	OMIM:613721
2608	PMID_31021519_individual_SATB2_121_en-prompt.txt	PMID_31021519_individual_SATB2_121	OMIM:612313
2609	PMID_28940506_Family_17_Individual_23_en-prompt.txt	PMID_28940506_Family_17_Individual_23	OMIM:615471
2610	PMID_21533187_family_G_en-prompt.txt	PMID_21533187_family_G	OMIM:156250
2611	PMID_29198722_p_Arg913Ter_Affected_Individual_4_en-prompt.txt	PMID_29198722_p.Arg913Ter_Affected_Individual_4	OMIM:617865
2612	PMID_36074124_1_VII_5_en-prompt.txt	PMID_36074124_1_VII_5	OMIM:620570
2613	PMID_35484142_F4_P5_en-prompt.txt	PMID_35484142_F4/P5	OMIM:620460
2614	STX_31344879_Patient3_en-prompt.txt	STX_31344879_Patient3	OMIM:612164
2615	PMID_37962958_36_en-prompt.txt	PMID_37962958_36	OMIM:620535
2616	PMID_37919452_Family_4__patient_7_en-prompt.txt	PMID_37919452_Family_4:_patient_7	OMIM:620683
2617	PMID_33045405_Zschocke_et_al___2002_Proband_en-prompt.txt	PMID_33045405_Zschocke_et_al.,_2002_Proband	OMIM:605911
2618	PMID_29318572_29318572_P2_en-prompt.txt	PMID_29318572_29318572_P2	OMIM:256810
2619	STX_CHCO_03_en-prompt.txt	STX_CHCO_03	OMIM:612164
2620	PMID_34722527_individual_individual_1_Saber_Imani_Identification_en-prompt.txt	PMID_34722527_individual_individual_1_Saber_Imani_Identification	OMIM:613826
2621	STX_24315539_Patient_en-prompt.txt	STX_24315539_Patient	OMIM:612164
2622	PMID_31021519_Patient_5_from_Zarate_et_al__2018a_en-prompt.txt	PMID_31021519_Patient_5_from_Zarate_et_al__2018a	OMIM:612313
2623	PMID_33731876_fam306_en-prompt.txt	PMID_33731876_fam306	OMIM:613721
2624	PMID_33731876_fam256_en-prompt.txt	PMID_33731876_fam256	OMIM:613721
2625	PMID_10851256_family_815_en-prompt.txt	PMID_10851256_family_815	OMIM:103500
2626	PMID_38014483_Family_b_individual_b_3_en-prompt.txt	PMID_38014483_Family_b_individual_b_3	OMIM:620666
2627	PMID_32376980_33__also_see_Urreizti_et_al_AJMG_2016__patient_P6__for_phenotypic_description__en-prompt.txt	PMID_32376980_33_(also_see_Urreizti_et_al_AJMG_2016,_patient_P6,_for_phenotypic_description)	OMIM:618164
2628	PMID_30580808_Ind_40_Fam_54_en-prompt.txt	PMID_30580808_Ind-40-Fam-54	OMIM:618362
2629	PMID_36446582_Low_2016_P28_25_en-prompt.txt	PMID_36446582_Low_2016_P28_25	OMIM:148050
2630	PMID_35150594_B_II_1_en-prompt.txt	PMID_35150594_B:II:1	OMIM:620538
2631	PMID_36446582_Goldenberg2016_P10_en-prompt.txt	PMID_36446582_Goldenberg2016_P10	OMIM:148050
2632	PMID_36074901_25_en-prompt.txt	PMID_36074901_25	OMIM:620465
2633	PMID_24736735_G063__en-prompt.txt	PMID_24736735_G063_	OMIM:175700
2634	PMID_24736735_G076__en-prompt.txt	PMID_24736735_G076_	OMIM:175700
2635	PMID_37075751_Individual_15_en-prompt.txt	PMID_37075751_Individual_15	OMIM:616462
2636	STX_G3_P27_en-prompt.txt	STX_G3_P27	OMIM:612164
2637	PMID_32710489_Group_1_Patient_11_en-prompt.txt	PMID_32710489_Group_1_Patient_11	OMIM:620155
2638	STX_EG0219P_en-prompt.txt	STX_EG0219P	OMIM:612164
2639	PMID_37196654_Individual_22_en-prompt.txt	PMID_37196654_Individual_22	OMIM:618505
2640	PMID_35150594_G_II_1__en-prompt.txt	PMID_35150594_G:II:1_	OMIM:620538
2641	PMID_36446582_Gnazzo_2020_P23_en-prompt.txt	PMID_36446582_Gnazzo_2020_P23	OMIM:148050
2642	STX_G3_P30_en-prompt.txt	STX_G3_P30	OMIM:612164
2643	PMID_20493457_Subject_2_en-prompt.txt	PMID_20493457_Subject_2	OMIM:613477
2644	PMID_36103875_Individual_3_en-prompt.txt	PMID_36103875_Individual_3	OMIM:620502
2645	PMID_10842287_HOS_G_en-prompt.txt	PMID_10842287_HOS-G	OMIM:142900
2646	PMID_36528028_Individual_8_en-prompt.txt	PMID_36528028_Individual_8	OMIM:620455
2647	PMID_12203992_B3_en-prompt.txt	PMID_12203992_B3	OMIM:154700
2648	PMID_36331550_Family_22_Patient_27_en-prompt.txt	PMID_36331550_Family_22_Patient_27	OMIM:613477
2649	PMID_25480986_individual_B_1_en-prompt.txt	PMID_25480986_individual_B_1	OMIM:275400
2650	PMID_33731876_fam311_en-prompt.txt	PMID_33731876_fam311	OMIM:613721
2651	PMID_36446582_Ockeloen2015_P1_en-prompt.txt	PMID_36446582_Ockeloen2015_P1	OMIM:148050
2652	PMID_33731876_fam241_en-prompt.txt	PMID_33731876_fam241	OMIM:607745
2653	PMID_34722527_individual_LCA81_1_1_Anshuman_Verma_MutationalScre_en-prompt.txt	PMID_34722527_individual_LCA81–1_1_Anshuman_Verma_MutationalScre	OMIM:613826
2654	PMID_23972372_family_1_V_13_en-prompt.txt	PMID_23972372_family_1_V_13	OMIM:174300
2655	PMID_36303223_individual_8_PMID_12112661_en-prompt.txt	PMID_36303223_individual_8_PMID_12112661	OMIM:272300
2656	PMID_36189931_Individual_4_en-prompt.txt	PMID_36189931_Individual_4	OMIM:130050
2657	PMID_36303223_individual_17_PMID_15952210_en-prompt.txt	PMID_36303223_individual_17_PMID_15952210	OMIM:272300
2658	PMID_22428873_P4_en-prompt.txt	PMID_22428873_P4	OMIM:174200
2659	STX_EG0394P_en-prompt.txt	STX_EG0394P	OMIM:612164
2660	PMID_31021519_individual_SATB2_136_en-prompt.txt	PMID_31021519_individual_SATB2_136	OMIM:612313
2661	PMID_30057029_Individual_9_en-prompt.txt	PMID_30057029_Individual_9	OMIM:618089
2662	PMID_37761890_13__en-prompt.txt	PMID_37761890_13 	OMIM:616362
2663	PMID_30690882_case_report_en-prompt.txt	PMID_30690882_case_report	OMIM:611182
2664	PMID_37962958_21_en-prompt.txt	PMID_37962958_21	OMIM:620535
2665	STX_32521962_P9_en-prompt.txt	STX_32521962_P9	OMIM:612164
2666	PMID_28940506_Family_18_Individual_24_en-prompt.txt	PMID_28940506_Family_18_Individual_24	OMIM:615471
2667	STX_25533962_258815_en-prompt.txt	STX_25533962_258815	OMIM:612164
2668	PMID_33087723_E1_en-prompt.txt	PMID_33087723_E1	OMIM:619375
2669	PMID_34722527_individual_individual_5_Saloni_Walia_VisualAcuityi_en-prompt.txt	PMID_34722527_individual_individual_5_Saloni_Walia_VisualAcuityi	OMIM:613826
2670	PMID_36331550_Family_20_Patient_25_en-prompt.txt	PMID_36331550_Family_20_Patient_25	OMIM:620540
2671	PMID_34521999_17_en-prompt.txt	PMID_34521999_17	OMIM:617140
2672	PMID_17056636_Patient_No_2_en-prompt.txt	PMID_17056636_Patient_No_2	OMIM:609942
2673	PMID_15452312_II_10_en-prompt.txt	PMID_15452312_II_10	OMIM:604187
2674	PMID_25835445_2_III_7__en-prompt.txt	PMID_25835445_2-III:7*	OMIM:615582
2675	PMID_18551513_8_en-prompt.txt	PMID_18551513_8	OMIM:613205
2676	PMID_33731876_fam70_en-prompt.txt	PMID_33731876_fam70	OMIM:613721
2677	PMID_37071997_Individual_14_en-prompt.txt	PMID_37071997_Individual_14	OMIM:616211
2678	PMID_36727596_OP_4161_II1_en-prompt.txt	PMID_36727596_OP-4161_II1	OMIM:620642
2679	PMID_36446582_KBG51_en-prompt.txt	PMID_36446582_KBG51	OMIM:148050
2680	STX_EG0893P_en-prompt.txt	STX_EG0893P	OMIM:612164
2681	STX_P_02_en-prompt.txt	STX_P_02	OMIM:612164
2682	PMID_36446582_Kutkowska_Kazmierczak2021_P8_en-prompt.txt	PMID_36446582_Kutkowska_Kazmierczak2021_P8	OMIM:148050
2683	STX_26384463_Patient_1_en-prompt.txt	STX_26384463_Patient_1	OMIM:612164
2684	PMID_15266616_102_en-prompt.txt	PMID_15266616_102	OMIM:147791
2685	PMID_34521999_39_en-prompt.txt	PMID_34521999_39	OMIM:617140
2686	PMID_24739679_patient_K1_en-prompt.txt	PMID_24739679_patient_K1	OMIM:147920
2687	PMID_10939567_Spo69_en-prompt.txt	PMID_10939567_Spo69	OMIM:181350
2688	PMID_35386260_proband_en-prompt.txt	PMID_35386260_proband	OMIM:620719
2689	PMID_34722527_individual_QT511_1_Lin_Li__DetectionofVa_en-prompt.txt	PMID_34722527_individual_QT511_1_Lin_Li__DetectionofVa	OMIM:613826
2690	PMID_31021519_Patient_5_from_Balasubramanian_et_al_en-prompt.txt	PMID_31021519_Patient_5_from_Balasubramanian_et_al	OMIM:612313
2691	PMID_31021519_SATB2_42_from_Zarate_et_al__2018a_en-prompt.txt	PMID_31021519_SATB2_42_from_Zarate_et_al__2018a	OMIM:612313
2692	PMID_24736735_G16012_Daughter_en-prompt.txt	PMID_24736735_G16012_Daughter	OMIM:175700
2693	PMID_30573562_Patient_1_en-prompt.txt	PMID_30573562_Patient_1	OMIM:620748
2694	PMID_36446582_Kutkowska_Kazmierczak2021_P23_en-prompt.txt	PMID_36446582_Kutkowska_Kazmierczak2021_P23	OMIM:148050
2695	STX_29778030_No_ID_en-prompt.txt	STX_29778030_No_ID	OMIM:612164
2696	PMID_33731876_fam382_en-prompt.txt	PMID_33731876_fam382	OMIM:613721
2697	PMID_12203992_D15_en-prompt.txt	PMID_12203992_D15	OMIM:154700
2698	STX_23020937_MR_NET001_en-prompt.txt	STX_23020937_MR_NET001	OMIM:612164
2699	PMID_20375004_2_III_1_en-prompt.txt	PMID_20375004_2-III:1	OMIM:184900
2700	PMID_36446582_Goldenberg2016_P29_en-prompt.txt	PMID_36446582_Goldenberg2016_P29	OMIM:148050
2701	PMID_19949040_Patient_4_en-prompt.txt	PMID_19949040_Patient_4	OMIM:616325
2702	PMID_36446582_Crippa2015_P2_en-prompt.txt	PMID_36446582_Crippa2015_P2	OMIM:148050
2703	PMID_37071997_Individual_1_en-prompt.txt	PMID_37071997_Individual_1	OMIM:616211
2704	PMID_33731876_fam163_en-prompt.txt	PMID_33731876_fam163	OMIM:613721
2705	PMID_12789647_K14_III_3_en-prompt.txt	PMID_12789647_K14:III-3	OMIM:142900
2706	PMID_33731876_fam416_en-prompt.txt	PMID_33731876_fam416	OMIM:607745
2707	PMID_34722527_individual_10_4_Arif_O_Khan_Geneticanalysi_en-prompt.txt	PMID_34722527_individual_10_4_Arif_O_Khan_Geneticanalysi	OMIM:613826
2708	PMID_36586412_22_en-prompt.txt	PMID_36586412_22	OMIM:301111
2709	PMID_35112411_35112411_P1_en-prompt.txt	PMID_35112411_35112411_P1	OMIM:604377
2710	PMID_36067010_Family_4_Patient_7_en-prompt.txt	PMID_36067010_Family_4_Patient_7	OMIM:620504
2711	PMID_32710489_Group_1_Patient_8_en-prompt.txt	PMID_32710489_Group_1_Patient_8	OMIM:620155
2712	PMID_29297947_29297947_P1_en-prompt.txt	PMID_29297947_29297947_P1	OMIM:616370
2713	PMID_28137957_HSP84_II_1_en-prompt.txt	PMID_28137957_HSP84.II.1	OMIM:617225
2714	PMID_36446582_Miyatake_2017_P3_en-prompt.txt	PMID_36446582_Miyatake_2017_P3	OMIM:148050
2715	PMID_30580808_Ind_33_Fam_24_en-prompt.txt	PMID_30580808_Ind-33-Fam-24	OMIM:618362
2716	PMID_36331550_Family_13_Patient_18_en-prompt.txt	PMID_36331550_Family_13_Patient_18	OMIM:620540
2717	PMID_36189931_Individual_32_en-prompt.txt	PMID_36189931_Individual_32	OMIM:130050
2718	PMID_36446582_Willemsen2010_P3_en-prompt.txt	PMID_36446582_Willemsen2010_P3	OMIM:148050
2719	PMID_30103036_Patient_2_en-prompt.txt	PMID_30103036_Patient_2	OMIM:616900
2720	PMID_12789647_K6_II_3_en-prompt.txt	PMID_12789647_K6:II-3	OMIM:142900
2721	PMID_33731876_fam328_en-prompt.txt	PMID_33731876_fam328	OMIM:613721
2722	PMID_33731876_fam278_en-prompt.txt	PMID_33731876_fam278	OMIM:613721
2723	STX_EG1299P_en-prompt.txt	STX_EG1299P	OMIM:612164
2724	PMID_36189931_Individual_25_en-prompt.txt	PMID_36189931_Individual_25	OMIM:130050
2725	PMID_36446582_Rentas2021_P1_en-prompt.txt	PMID_36446582_Rentas2021_P1	OMIM:148050
2726	PMID_26426912_Patient_5_en-prompt.txt	PMID_26426912_Patient_5	OMIM:248250
2727	PMID_36965478_Individual_2_en-prompt.txt	PMID_36965478_Individual_2	OMIM:620515
2728	STX_29896790_P4_en-prompt.txt	STX_29896790_P4	OMIM:612164
2729	PMID_34722527_individual_41_1_Valentina_Di_Iorio_ClinicalandGe_en-prompt.txt	PMID_34722527_individual_41_1_Valentina_Di_Iorio_ClinicalandGe	OMIM:613826
2730	PMID_35344616_A14_en-prompt.txt	PMID_35344616_A14	OMIM:268310
2731	PMID_37582359_F2_III_2_en-prompt.txt	PMID_37582359_F2-III-2	OMIM:620558
2732	PMID_30580808_Ind_38_Fam_29_en-prompt.txt	PMID_30580808_Ind-38-Fam-29	OMIM:618362
2733	PMID_33731876_fam395_en-prompt.txt	PMID_33731876_fam395	OMIM:613721
2734	PMID_20932317_SMS335_en-prompt.txt	PMID_20932317_SMS335	OMIM:182290
2735	PMID_31021519_individual_SATB2_88_en-prompt.txt	PMID_31021519_individual_SATB2_88	OMIM:612313
2736	PMID_33731876_fam174_en-prompt.txt	PMID_33731876_fam174	OMIM:613721
2737	STX_29933521_Patient_3_en-prompt.txt	STX_29933521_Patient_3	OMIM:612164
2738	PMID_33731876_fam401_en-prompt.txt	PMID_33731876_fam401	OMIM:613721
2739	PMID_26942284_II_1_from_Family_C_en-prompt.txt	PMID_26942284_II_1_from_Family_C	OMIM:616840
2740	PMID_34722527_individual_individual_1_Arif_O_Khan_Geneticanalysi_en-prompt.txt	PMID_34722527_individual_individual_1_Arif_O_Khan_Geneticanalysi	OMIM:613826
2741	PMID_33206935_ale_patient__en-prompt.txt	PMID_33206935_ale_patient_	OMIM:620528
2742	PMID_37684057_10_yr_old_boy_en-prompt.txt	PMID_37684057_10-yr-old_boy	OMIM:618443
2743	PMID_28283438_51_year_old_man_en-prompt.txt	PMID_28283438_51-year-old_man	OMIM:619656
2744	PMID_33731876_fam49_en-prompt.txt	PMID_33731876_fam49	OMIM:613721
2745	PMID_37156989_P2_en-prompt.txt	PMID_37156989_P2	OMIM:619375
2746	PMID_22541558_individual_L_1_en-prompt.txt	PMID_22541558_individual_L_1	OMIM:154400
2747	PMID_30733661_4_year_old_girl_en-prompt.txt	PMID_30733661_4-year-old_girl	OMIM:620475
2748	STX_31780880_Patient598_en-prompt.txt	STX_31780880_Patient598	OMIM:612164
2749	PMID_24739679_patient_K11_en-prompt.txt	PMID_24739679_patient_K11	OMIM:147920
2750	PMID_32376980_42_en-prompt.txt	PMID_32376980_42	OMIM:618164
2751	PMID_36446582_KBG46_en-prompt.txt	PMID_36446582_KBG46	OMIM:148050
2752	PMID_24736735_G076_Brother_en-prompt.txt	PMID_24736735_G076_Brother	OMIM:175700
2753	STX_P_15_en-prompt.txt	STX_P_15	OMIM:612164
2754	PMID_24736735_G111__en-prompt.txt	PMID_24736735_G111_	OMIM:175700
2755	PMID_37962958_18_en-prompt.txt	PMID_37962958_18	OMIM:620535
2756	PMID_29967133_Family_1_III_1_en-prompt.txt	PMID_29967133_Family_1_III-1	OMIM:619656
2757	PMID_33087723_E5_en-prompt.txt	PMID_33087723_E5	OMIM:619375
2758	PMID_22219643_III_9_en-prompt.txt	PMID_22219643_III_9	OMIM:129600
2759	STX_27779742_123_en-prompt.txt	STX_27779742_123	OMIM:612164
2760	PMID_17056636_Patient_No_6_en-prompt.txt	PMID_17056636_Patient_No_6	OMIM:609942
2761	STX_27734276_Patient_9_en-prompt.txt	STX_27734276_Patient_9	OMIM:612164
2762	PMID_34521999_13_en-prompt.txt	PMID_34521999_13	OMIM:617140
2763	PMID_15266616_128_en-prompt.txt	PMID_15266616_128	OMIM:147791
2764	STX_31130284_UPN_1751_en-prompt.txt	STX_31130284_UPN_1751	OMIM:612164
2765	PMID_12789647_K4_II_1_en-prompt.txt	PMID_12789647_K4:II-1	OMIM:142900
2766	PMID_33731876_fam74_en-prompt.txt	PMID_33731876_fam74	OMIM:613721
2767	PMID_31021519_individual_SATB2_132_en-prompt.txt	PMID_31021519_individual_SATB2_132	OMIM:612313
2768	PMID_36446582_Murray_2017_P10_7_1_en-prompt.txt	PMID_36446582_Murray_2017_P10_7_1	OMIM:148050
2769	STX_EG1141P_en-prompt.txt	STX_EG1141P	OMIM:612164
2770	STX_25693842_Patient_2_en-prompt.txt	STX_25693842_Patient_2	OMIM:612164
2771	PMID_32154675_Family_3_Patient_7_en-prompt.txt	PMID_32154675_Family_3_Patient_7	OMIM:613795
2772	PMID_37167966_F4_II_2_en-prompt.txt	PMID_37167966_F4-II:2	OMIM:620375
2773	PMID_10580070_A_III_9_en-prompt.txt	PMID_10580070_A_III-9	OMIM:115200
2774	PMID_25168959_K2426_en-prompt.txt	PMID_25168959_K2426	OMIM:614608
2775	PMID_37962958_25_en-prompt.txt	PMID_37962958_25	OMIM:620535
2776	STX_P_28_en-prompt.txt	STX_P_28	OMIM:612164
2777	PMID_35904126_Proband_2__en-prompt.txt	PMID_35904126_Proband_2_	OMIM:620450
2778	PMID_10939567_EMD1_IV_13_en-prompt.txt	PMID_10939567_EMD1_IV-13	OMIM:181350
2779	STX_EG0661P_en-prompt.txt	STX_EG0661P	OMIM:612164
2780	PMID_19818506_Patient_4_en-prompt.txt	PMID_19818506_Patient_4	OMIM:620344
2781	PMID_28413018_A_IV_8_en-prompt.txt	PMID_28413018_A-IV-8	OMIM:617527
2782	PMID_24736735_G094__en-prompt.txt	PMID_24736735_G094_	OMIM:175700
2783	PMID_24736735_G081__en-prompt.txt	PMID_24736735_G081_	OMIM:146510
2784	PMID_33731876_fam245_en-prompt.txt	PMID_33731876_fam245	OMIM:613721
2785	PMID_36446582_Ockeloen2015_P5_en-prompt.txt	PMID_36446582_Ockeloen2015_P5	OMIM:148050
2786	PMID_30095615_proband_en-prompt.txt	PMID_30095615_proband	OMIM:120970
2787	PMID_28940506_Family_4_Individual_5_en-prompt.txt	PMID_28940506_Family_4_Individual_5	OMIM:615471
2788	PMID_37541189_Individual_2_en-prompt.txt	PMID_37541189_Individual_2	OMIM:620688
2789	PMID_24932600_Patient_3_en-prompt.txt	PMID_24932600_Patient_3	OMIM:268310
2790	PMID_36189931_Individual_18_en-prompt.txt	PMID_36189931_Individual_18	OMIM:130050
2791	PMID_37850357_Case_2_en-prompt.txt	PMID_37850357_Case_2	OMIM:620654
2792	STX_23708187_T22595_en-prompt.txt	STX_23708187_T22595	OMIM:612164
2793	PMID_9312167_B_II_2_en-prompt.txt	PMID_9312167_B:II:2	OMIM:179800
2794	PMID_28851325_Case_2_en-prompt.txt	PMID_28851325_Case_2	OMIM:613454
2795	PMID_30517146_Patient_5_en-prompt.txt	PMID_30517146_Patient_5	OMIM:161800
2796	PMID_31021519_Case_49_from_Baptista_et_al_en-prompt.txt	PMID_31021519_Case_49_from_Baptista_et_al	OMIM:612313
2797	PMID_33045405_Conboy_et_al___2017_Patient_1_en-prompt.txt	PMID_33045405_Conboy_et_al.,_2017_Patient_1	OMIM:605911
2798	STX_26865513_Patient_45_en-prompt.txt	STX_26865513_Patient_45	OMIM:612164
2799	PMID_22258530_Patient_8_en-prompt.txt	PMID_22258530_Patient_8	OMIM:613477
2800	PMID_10580070_B_IV_16_en-prompt.txt	PMID_10580070_B_IV-16	OMIM:115200
2801	PMID_24800029_boy_en-prompt.txt	PMID_24800029_boy	OMIM:115150
2802	STX_G3_P34_en-prompt.txt	STX_G3_P34	OMIM:612164
2803	PMID_11179005_3__F__en-prompt.txt	PMID_11179005_3_(F)	OMIM:311200
2804	PMID_36823193_Patient_4_Family_3_en-prompt.txt	PMID_36823193_Patient_4_Family_3	OMIM:620451
2805	PMID_36446582_Gnazzo_2020_P27_en-prompt.txt	PMID_36446582_Gnazzo_2020_P27	OMIM:148050
2806	PMID_20082460_case_4_en-prompt.txt	PMID_20082460_case_4	OMIM:305400
2807	PMID_33731876_fam149_en-prompt.txt	PMID_33731876_fam149	OMIM:613721
2808	PMID_37196654_Individual_26_en-prompt.txt	PMID_37196654_Individual_26	OMIM:618505
2809	PMID_26667307_III_4_en-prompt.txt	PMID_26667307_III_4	OMIM:236200
2810	PMID_36446582_Goldenberg2016_P14_en-prompt.txt	PMID_36446582_Goldenberg2016_P14	OMIM:148050
2811	PMID_8664912_Patient_0544_twin_1_en-prompt.txt	PMID_8664912_Patient_0544_twin_1	OMIM:162200
2812	PMID_36074901_21_en-prompt.txt	PMID_36074901_21	OMIM:620465
2813	PMID_30881852_index_case_en-prompt.txt	PMID_30881852_index_case	OMIM:161200
2814	PMID_37075751_Individual_11_en-prompt.txt	PMID_37075751_Individual_11	OMIM:616462
2815	PMID_29321044_Patient_3_en-prompt.txt	PMID_29321044_Patient_3	OMIM:616829
2816	PMID_36446582_Gnazzo_2020_P30_en-prompt.txt	PMID_36446582_Gnazzo_2020_P30	OMIM:148050
2817	PMID_37196654_Individual_31_en-prompt.txt	PMID_37196654_Individual_31	OMIM:618505
2818	STX_G3_P23_en-prompt.txt	STX_G3_P23	OMIM:612164
2819	PMID_25835445_4_III_1_en-prompt.txt	PMID_25835445_4-III:1	OMIM:615582
2820	PMID_17661820_4_en-prompt.txt	PMID_17661820_4	OMIM:163950
2821	PMID_32404357_III_1_en-prompt.txt	PMID_32404357_III_1	OMIM:129600
2822	PMID_28069640_R__VI12__older_sister_en-prompt.txt	PMID_28069640_R_(VI12)_older_sister	OMIM:620519
2823	PMID_30746398_older_brother_en-prompt.txt	PMID_30746398_older_brother	OMIM:606693
2824	PMID_33731876_fam252_en-prompt.txt	PMID_33731876_fam252	OMIM:607745
2825	PMID_33731876_fam302_en-prompt.txt	PMID_33731876_fam302	OMIM:613721
2826	PMID_36446582_Gnazzo_2020_P9_en-prompt.txt	PMID_36446582_Gnazzo_2020_P9	OMIM:148050
2827	STX_CHCO_07_en-prompt.txt	STX_CHCO_07	OMIM:612164
2828	STX_SP_L_en-prompt.txt	STX_SP_L	OMIM:612164
2829	PMID_28940506_Family_23_Individual_29_en-prompt.txt	PMID_28940506_Family_23_Individual_29	OMIM:615471
2830	PMID_12203992_B51_en-prompt.txt	PMID_12203992_B51	OMIM:154700
2831	PMID_21533187_family_C_en-prompt.txt	PMID_21533187_family_C	OMIM:156250
2832	PMID_25216260_Family_5_Patient_7_en-prompt.txt	PMID_25216260_Family_5_Patient_7	OMIM:142900
2833	PMID_31021519_individual_SATB2_125_en-prompt.txt	PMID_31021519_individual_SATB2_125	OMIM:612313
2834	PMID_23993195_Individual_2_en-prompt.txt	PMID_23993195_Individual_2	OMIM:615473
2835	PMID_36074124_1_VII_1_en-prompt.txt	PMID_36074124_1_VII_1	OMIM:620570
2836	PMID_36190515_Patient_4_en-prompt.txt	PMID_36190515_Patient_4	OMIM:620423
2837	PMID_9312167_A_III_1_en-prompt.txt	PMID_9312167_A:III:1	OMIM:179800
2838	PMID_37962958_32_en-prompt.txt	PMID_37962958_32	OMIM:620535
2839	PMID_26078953_proband_II_2_en-prompt.txt	PMID_26078953_proband_II:2	OMIM:615981
2840	PMID_34722527_individual_individual_2_Malika_Fakhratova_Identification_en-prompt.txt	PMID_34722527_individual_individual_2_Malika_Fakhratova_Identification	OMIM:613826
2841	PMID_36446582_Palumbo_2016_en-prompt.txt	PMID_36446582_Palumbo_2016	OMIM:148050
2842	PMID_9312167_A_II_5_en-prompt.txt	PMID_9312167_A:II:5	OMIM:179800
2843	PMID_10571775_KSN_II_1_en-prompt.txt	PMID_10571775_KSN-II-1	OMIM:611590
2844	PMID_23714749_23714749_P3_en-prompt.txt	PMID_23714749_23714749_P3	OMIM:256810
2845	PMID_27743463_S6_en-prompt.txt	PMID_27743463_S6	OMIM:615471
2846	PMID_36446582_Walz2015_PB_en-prompt.txt	PMID_36446582_Walz2015_PB	OMIM:148050
2847	PMID_34722527_individual_individual_1_Juliana_Maria_Ferraz_Sallum1_6_Clinicalandmo_en-prompt.txt	PMID_34722527_individual_individual_1_Juliana_Maria_Ferraz_Sallum1_6_Clinicalandmo	OMIM:613826
2848	PMID_37761890_8__en-prompt.txt	PMID_37761890_8 	OMIM:616362
2849	PMID_31332438_A_III_1_en-prompt.txt	PMID_31332438_A:III:1	OMIM:620528
2850	PMID_33731876_fam63_en-prompt.txt	PMID_33731876_fam63	OMIM:613721
2851	PMID_32154675_Family_7_Patient_20_en-prompt.txt	PMID_32154675_Family_7_Patient_20	OMIM:613795
2852	PMID_29196670_Patient_11_en-prompt.txt	PMID_29196670_Patient_11	OMIM:613254
2853	PMID_15452312_II_5_en-prompt.txt	PMID_15452312_II_5	OMIM:604187
2854	STX_20887364_Subject_1694_en-prompt.txt	STX_20887364_Subject_1694	OMIM:612164
2855	PMID_32816001_II_2_en-prompt.txt	PMID_32816001_II:2	OMIM:301116
2856	PMID_36446582_Low_2016_P11_20_en-prompt.txt	PMID_36446582_Low_2016_P11_20	OMIM:148050
2857	PMID_29967133_Family_5_II_5_en-prompt.txt	PMID_29967133_Family_5_II-5	OMIM:619656
2858	PMID_36446582_KBG42_en-prompt.txt	PMID_36446582_KBG42	OMIM:148050
2859	PMID_36303223_individual_29_PMID_33335014_en-prompt.txt	PMID_36303223_individual_29_PMID_33335014	OMIM:272300
2860	PMID_36454683_II_2_en-prompt.txt	PMID_36454683_II-2	OMIM:620402
2861	PMID_33500254_Case_2_en-prompt.txt	PMID_33500254_Case_2	OMIM:620651
2862	PMID_20683840_II_14_en-prompt.txt	PMID_20683840_II-14	OMIM:606693
2863	PMID_28321562_index_patient_en-prompt.txt	PMID_28321562_index_patient	OMIM:616907
2864	PMID_32779419_patient_en-prompt.txt	PMID_32779419_patient	OMIM:615471
2865	PMID_25477417_F3_3_en-prompt.txt	PMID_25477417_F3_3	OMIM:248250
2866	PMID_20519243_5_index_en-prompt.txt	PMID_20519243_5.index	OMIM:142900
2867	PMID_27023906_10DG0257_Individual_1_en-prompt.txt	PMID_27023906_10DG0257_Individual_1	OMIM:617402
2868	STX_26212315_Patient_1_en-prompt.txt	STX_26212315_Patient_1	OMIM:612164
2869	PMID_7493032_Putnam_1995_p260_en-prompt.txt	PMID_7493032_Putnam_1995_p260	OMIM:121050
2870	PMID_32376980_26__twin_of_patient_25__en-prompt.txt	PMID_32376980_26_(twin_of_patient_25)	OMIM:618164
2871	PMID_35344616_A10_en-prompt.txt	PMID_35344616_A10	OMIM:268310
2872	PMID_37433783_P8_en-prompt.txt	PMID_37433783_P8	OMIM:601674
2873	PMID_31000419_III_11_en-prompt.txt	PMID_31000419_III_11	OMIM:620686
2874	PMID_33731876_fam391_en-prompt.txt	PMID_33731876_fam391	OMIM:613721
2875	PMID_32710489_Group_2_Patient_2_en-prompt.txt	PMID_32710489_Group_2_Patient_2	OMIM:620157
2876	PMID_30643655_F1_IV_3_en-prompt.txt	PMID_30643655_F1_IV_3	OMIM:613115
2877	PMID_33731876_fam170_en-prompt.txt	PMID_33731876_fam170	OMIM:607745
2878	PMID_28074573_GB1_en-prompt.txt	PMID_28074573_GB1	OMIM:163950
2879	PMID_20375004_3_I_1_en-prompt.txt	PMID_20375004_3-I:1	OMIM:184900
2880	PMID_35977029_family_19_en-prompt.txt	PMID_35977029_family_19	OMIM:620494
2881	PMID_31527767_II_5_en-prompt.txt	PMID_31527767_II_5	OMIM:129600
2882	PMID_33731876_fam405_en-prompt.txt	PMID_33731876_fam405	OMIM:613721
2883	PMID_36528028_Individual_13_en-prompt.txt	PMID_36528028_Individual_13	OMIM:620455
2884	PMID_34722527_individual_1CRD_8_A_Hameed__EvidenceofRPG_en-prompt.txt	PMID_34722527_individual_1CRD_8_A_Hameed__EvidenceofRPG	OMIM:608194
2885	PMID_28940506_Family_27_Individual_33_en-prompt.txt	PMID_28940506_Family_27_Individual_33	OMIM:615471
2886	PMID_36965478_Individual_6_en-prompt.txt	PMID_36965478_Individual_6	OMIM:620515
2887	PMID_26426912_Patient_1_en-prompt.txt	PMID_26426912_Patient_1	OMIM:248250
2888	PMID_31021519_SATB2_64_from_Zarate_et_al__2018a_en-prompt.txt	PMID_31021519_SATB2_64_from_Zarate_et_al__2018a	OMIM:612313
2889	PMID_36189931_Individual_21_en-prompt.txt	PMID_36189931_Individual_21	OMIM:130050
2890	PMID_29755943_Family_2_III_1_en-prompt.txt	PMID_29755943_Family_2:III:1	OMIM:142900
2891	STX_32139178_Patient_Neonatal8_en-prompt.txt	STX_32139178_Patient_Neonatal8	OMIM:612164
2892	PMID_22219643_II_12_en-prompt.txt	PMID_22219643_II_12	OMIM:129600
2893	PMID_28285769_Individual_3_II_1_en-prompt.txt	PMID_28285769_Individual_3_II_1	OMIM:250410
2894	PMID_34722527_individual_14_6_Arif_O_Khan_Geneticanalysi_en-prompt.txt	PMID_34722527_individual_14_6_Arif_O_Khan_Geneticanalysi	OMIM:613826
2895	PMID_37582359_F4_III_1_en-prompt.txt	PMID_37582359_F4-III-1	OMIM:620558
2896	PMID_26740388_PMID_26740388_en-prompt.txt	PMID_26740388_PMID_26740388	OMIM:602849
2897	PMID_27495153_Patient_2_en-prompt.txt	PMID_27495153_Patient_2	OMIM:616211
2898	PMID_36074901_18_en-prompt.txt	PMID_36074901_18	OMIM:620465
2899	PMID_25142838_P9_en-prompt.txt	PMID_25142838_P9	OMIM:147920
2900	PMID_37071997_Individual_5_en-prompt.txt	PMID_37071997_Individual_5	OMIM:616211
2901	PMID_28940506_Family_28_Individual_34_en-prompt.txt	PMID_28940506_Family_28_Individual_34	OMIM:615471
2902	PMID_33731876_fam386_en-prompt.txt	PMID_33731876_fam386	OMIM:613721
2903	PMID_24736735_A018__en-prompt.txt	PMID_24736735_A018_	OMIM:175700
2904	PMID_35150594_K_IV_8_en-prompt.txt	PMID_35150594_K:IV:8	OMIM:620538
2905	PMID_33731876_fam167_en-prompt.txt	PMID_33731876_fam167	OMIM:613721
2906	PMID_33731876_fam412_en-prompt.txt	PMID_33731876_fam412	OMIM:613721
2907	PMID_38014483_Family_d_individual_d_4_en-prompt.txt	PMID_38014483_Family_d_individual_d_4	OMIM:620666
2908	PMID_15266616_106_en-prompt.txt	PMID_15266616_106	OMIM:147791
2909	PMID_28940506_Family_31_Individual_37_en-prompt.txt	PMID_28940506_Family_31_Individual_37	OMIM:615471
2910	PMID_31239556_individual_9_en-prompt.txt	PMID_31239556_individual_9	OMIM:615502
2911	PMID_28969374_Family_3_LD_1061_0A_Pt4_en-prompt.txt	PMID_28969374_Family_3_LD_1061_0A_Pt4	OMIM:617560
2912	PMID_27040691_Individual_9_2_en-prompt.txt	PMID_27040691_Individual_9-2	OMIM:616900
2913	PMID_34722527_individual_individual_2_Juliana_Maria_Ferraz_Sallum1_3_Clinicalandmo_en-prompt.txt	PMID_34722527_individual_individual_2_Juliana_Maria_Ferraz_Sallum1_3_Clinicalandmo	OMIM:613826
2914	PMID_9817917_Family_6_individual_13062_en-prompt.txt	PMID_9817917_Family_6_individual_13062	OMIM:222300
2915	PMID_32154675_Family_7_Patient_19_en-prompt.txt	PMID_32154675_Family_7_Patient_19	OMIM:613795
2916	PMID_32666529_Family_2_II_2_en-prompt.txt	PMID_32666529_Family_2_II.2	OMIM:620519
2917	PMID_37845262_a_Japanese_patient_en-prompt.txt	PMID_37845262_a_Japanese_patient	OMIM:616914
2918	PMID_36446582_KBG55_en-prompt.txt	PMID_36446582_KBG55	OMIM:148050
2919	PMID_37071997_Individual_10_en-prompt.txt	PMID_37071997_Individual_10	OMIM:616211
2920	PMID_22772368_4_I_2_en-prompt.txt	PMID_22772368_4_I_2	OMIM:614816
2921	STX_P_06_en-prompt.txt	STX_P_06	OMIM:612164
2922	PMID_35451551_proband_en-prompt.txt	PMID_35451551_proband	OMIM:620654
2923	PMID_22939636_Family_1_Individual_3_en-prompt.txt	PMID_22939636_Family_1_Individual_3	OMIM:614833
2924	PMID_30868101_KRS_103_IV_2_en-prompt.txt	PMID_30868101_KRS-103-IV-2	OMIM:606693
2925	PMID_29122497_29122497_P9_en-prompt.txt	PMID_29122497_29122497_P9	OMIM:616370
2926	PMID_21696388_V_1_en-prompt.txt	PMID_21696388_V-1	OMIM:606693
2927	STX_24095819_Patient_1_en-prompt.txt	STX_24095819_Patient_1	OMIM:612164
2928	PMID_36446582_Murray_2017_P3_1_3_en-prompt.txt	PMID_36446582_Murray_2017_P3_1_3	OMIM:148050
2929	PMID_22822385_17_year_old_male_en-prompt.txt	PMID_22822385_17-year-old_male	OMIM:151100
2930	PMID_34722527_individual_35_5_Tobias_Eisenberger_Increasingthe_en-prompt.txt	PMID_34722527_individual_35_5_Tobias_Eisenberger_Increasingthe	OMIM:613826
2931	PMID_33766796_4_en-prompt.txt	PMID_33766796_4	OMIM:616831
2932	PMID_29755943_Family_1_III_1_en-prompt.txt	PMID_29755943_Family_1:III:1	OMIM:142900
2933	PMID_27040692_B_IV_6_en-prompt.txt	PMID_27040692_B-IV-6	OMIM:616900
2934	PMID_21683322_20_en-prompt.txt	PMID_21683322_20	OMIM:102370
2935	PMID_25145518_patient_VI_1_en-prompt.txt	PMID_25145518_patient_VI_1	OMIM:163800
2936	PMID_15781812_individual_176_en-prompt.txt	PMID_15781812_individual_176	OMIM:620681
2937	PMID_10939567_Spo37_en-prompt.txt	PMID_10939567_Spo37	OMIM:181350
2938	STX_HSJD_Patient_13_en-prompt.txt	STX_HSJD_Patient_13	OMIM:612164
2939	PMID_22158539_individual_4_en-prompt.txt	PMID_22158539_individual_4	OMIM:139210
2940	PMID_29050398_P4_en-prompt.txt	PMID_29050398_P4	OMIM:620540
2941	PMID_34722527_individual_individual_1_Moon_Woo_Seong_Diagnosticappl_en-prompt.txt	PMID_34722527_individual_individual_1_Moon-Woo_Seong_Diagnosticappl	OMIM:613826
2942	PMID_37761890_14__en-prompt.txt	PMID_37761890_14 	OMIM:616362
2943	PMID_10662742_III_4_en-prompt.txt	PMID_10662742_III-4	OMIM:115200
2944	PMID_28202457_F2_II_4_en-prompt.txt	PMID_28202457_F2_II_4	OMIM:159550
2945	PMID_8825048_father_en-prompt.txt	PMID_8825048_father	OMIM:613254
2946	PMID_36996813_Individual_5_en-prompt.txt	PMID_36996813_Individual_5	OMIM:620371
2947	PMID_33731876_fam180_en-prompt.txt	PMID_33731876_fam180	OMIM:613721
2948	PMID_33731876_fam231_en-prompt.txt	PMID_33731876_fam231	OMIM:607745
2949	PMID_33731876_fam361_en-prompt.txt	PMID_33731876_fam361	OMIM:613721
2950	PMID_17646629_index_patient_II_3_en-prompt.txt	PMID_17646629_index_patient_II_3	OMIM:607259
2951	STX_29264391_Patient_3_en-prompt.txt	STX_29264391_Patient_3	OMIM:612164
2952	PMID_27843126_B_III_4_en-prompt.txt	PMID_27843126_B-III.4	OMIM:617146
2953	PMID_12949970_proposita_en-prompt.txt	PMID_12949970_proposita	OMIM:148820
2954	PMID_35904126_Proband_5_en-prompt.txt	PMID_35904126_Proband_5	OMIM:620450
2955	PMID_29388673_Fam_2_II_1_en-prompt.txt	PMID_29388673_Fam_2_II_1	OMIM:617560
2956	STX_21770924_Patient_5_en-prompt.txt	STX_21770924_Patient_5	OMIM:612164
2957	PMID_20799361_Patient_1_en-prompt.txt	PMID_20799361_Patient_1	OMIM:611590
2958	PMID_25868664_Family_19_Case_12_en-prompt.txt	PMID_25868664_Family_19_Case_12	OMIM:615471
2959	PMID_36446582_Parenti2021_P16_en-prompt.txt	PMID_36446582_Parenti2021_P16	OMIM:148050
2960	PMID_25896430_Patient_6_en-prompt.txt	PMID_25896430_Patient_6	OMIM:147920
2961	PMID_36446582_Goldenberg2016_P4_en-prompt.txt	PMID_36446582_Goldenberg2016_P4	OMIM:148050
2962	PMID_31239556_individual_29_en-prompt.txt	PMID_31239556_individual_29	OMIM:615502
2963	PMID_34722527_individual_LOB_5_Gerber_S_Completeexon_i_en-prompt.txt	PMID_34722527_individual_LOB_5_Gerber_S_Completeexon-i	OMIM:613826
2964	PMID_24029078_Patient_1_en-prompt.txt	PMID_24029078_Patient_1	OMIM:614959
2965	PMID_37880421_Family_3_II_2_en-prompt.txt	PMID_37880421_Family_3_II_2	OMIM:620653
2966	PMID_7726174_propositus_en-prompt.txt	PMID_7726174_propositus	OMIM:148820
2967	STX_26865513_Patient_31_en-prompt.txt	STX_26865513_Patient_31	OMIM:612164
2968	PMID_36355422_IV_5_en-prompt.txt	PMID_36355422_IV_5	OMIM:620745
2969	PMID_29469822_Family_7_II_1_en-prompt.txt	PMID_29469822_Family_7_II-1	OMIM:605275
2970	PMID_27977582_male_child__en-prompt.txt	PMID_27977582_male_child 	OMIM:150250
2971	PMID_25007886_Subject_1_en-prompt.txt	PMID_25007886_Subject_1	OMIM:613268
2972	PMID_18423521_Patient_2_en-prompt.txt	PMID_18423521_Patient_2	OMIM:113620
2973	PMID_21131976_Man33_en-prompt.txt	PMID_21131976_Man33	OMIM:613717
2974	PMID_33539324_C_II_3_en-prompt.txt	PMID_33539324_C-II.3	OMIM:620456
2975	STX_26865513_Patient_1_en-prompt.txt	STX_26865513_Patient_1	OMIM:612164
2976	PMID_31239556_individual_3_Gregor_et_al_en-prompt.txt	PMID_31239556_individual_3_Gregor_et_al	OMIM:615502
2977	PMID_34722527_individual_MOL1403_1_2_Beryozkin_Current_en-prompt.txt	PMID_34722527_individual_MOL1403_1_2_Beryozkin_Current	OMIM:608194
2978	PMID_28886341_Individual_F4_II_2_en-prompt.txt	PMID_28886341_Individual_F4_II_2	OMIM:617694
2979	PMID_30612693_12_en-prompt.txt	PMID_30612693_12	OMIM:618443
2980	STX_26865513_Patient_26_en-prompt.txt	STX_26865513_Patient_26	OMIM:612164
2981	PMID_19776401_Patient_2_1_en-prompt.txt	PMID_19776401_Patient_2-1	OMIM:243700
2982	PMID_25406581_P2_en-prompt.txt	PMID_25406581_P2	OMIM:620449
2983	PMID_29967133_Family_4_III_2_en-prompt.txt	PMID_29967133_Family_4_III-2	OMIM:619656
2984	PMID_21217753_Fam_2_III_1_en-prompt.txt	PMID_21217753_Fam_2_III-1	OMIM:613795
2985	PMID_24736735_A017__en-prompt.txt	PMID_24736735_A017_	OMIM:175700
2986	STX_STXBP1adult_Pt2_en-prompt.txt	STX_STXBP1adult_Pt2	OMIM:612164
2987	PMID_33731876_fam197_en-prompt.txt	PMID_33731876_fam197	OMIM:613721
2988	PMID_33731876_fam226_en-prompt.txt	PMID_33731876_fam226	OMIM:613721
2989	PMID_33731876_fam376_en-prompt.txt	PMID_33731876_fam376	OMIM:613721
2990	PMID_36553465_P24_en-prompt.txt	PMID_36553465_P24	OMIM:606574
2991	PMID_21358634_Family_3_en-prompt.txt	PMID_21358634_Family_3	OMIM:132800
2992	PMID_37196654_Individual_4_en-prompt.txt	PMID_37196654_Individual_4	OMIM:618505
2993	PMID_22772371_MS239_IV_2_en-prompt.txt	PMID_22772371_MS239_IV_2	OMIM:614816
2994	PMID_27843126_D_II_2_en-prompt.txt	PMID_27843126_D-II.2	OMIM:617146
2995	PMID_31021519_Case_2_from_Lee_et_al_en-prompt.txt	PMID_31021519_Case_2_from_Lee_et_al	OMIM:612313
2996	PMID_32154675_Family_1_Patient_1_en-prompt.txt	PMID_32154675_Family_1_Patient_1	OMIM:613795
2997	PMID_37962958_46_en-prompt.txt	PMID_37962958_46	OMIM:620535
2998	PMID_28403827_IV_4_en-prompt.txt	PMID_28403827_IV_4	OMIM:614931
2999	PMID_12789647_K10_II_4_en-prompt.txt	PMID_12789647_K10:II-4	OMIM:142900
3000	PMID_10939567_EMD6_IV_7_en-prompt.txt	PMID_10939567_EMD6_IV-7	OMIM:181350
3001	PMID_36446582_KBG18_en-prompt.txt	PMID_36446582_KBG18	OMIM:148050
3002	STX_G2_P1_en-prompt.txt	STX_G2_P1	OMIM:612164
3003	PMID_33731876_fam17_en-prompt.txt	PMID_33731876_fam17	OMIM:613721
3004	PMID_12789647_K16_III_3_en-prompt.txt	PMID_12789647_K16:III-3	OMIM:142900
3005	PMID_30356099_Patient_3_en-prompt.txt	PMID_30356099_Patient_3	OMIM:616211
3006	PMID_18219278_proband_en-prompt.txt	PMID_18219278_proband	OMIM:620707
3007	PMID_30580808_Ind_18_Fam_17_en-prompt.txt	PMID_30580808_Ind-18-Fam-17	OMIM:618362
3008	PMID_29196670_Patient_1_en-prompt.txt	PMID_29196670_Patient_1	OMIM:613254
3009	PMID_9714438_Park_p103_daughter_of_p279_en-prompt.txt	PMID_9714438_Park_p103_daughter_of_p279	OMIM:121050
3010	PMID_10939567_Spo20_en-prompt.txt	PMID_10939567_Spo20	OMIM:181350
3011	PMID_27153400_Family_B_IV_1_en-prompt.txt	PMID_27153400_Family_B_IV_1	OMIM:616907
3012	PMID_36333968_16_year_oldBrazilian_male_en-prompt.txt	PMID_36333968_16-year-oldBrazilian_male	OMIM:620511
3013	PMID_34612517_F2_II_2_en-prompt.txt	PMID_34612517_F2-II-2	OMIM:617478
3014	PMID_33731876_fam84_en-prompt.txt	PMID_33731876_fam84	OMIM:613721
3015	PMID_16965330_patient_10_en-prompt.txt	PMID_16965330_patient_10	OMIM:240300
3016	PMID_30804983_9_month_old_girl_en-prompt.txt	PMID_30804983_9_month_old_girl	OMIM:615471
3017	PMID_34722527_individual_281_608_3_Farzad_Jamshidi_Contributionof_en-prompt.txt	PMID_34722527_individual_281–608_3_Farzad_Jamshidi_Contributionof	OMIM:613826
3018	PMID_36446582_KBG36_en-prompt.txt	PMID_36446582_KBG36	OMIM:148050
3019	PMID_36446582_Murray_2017_P16_13_1_en-prompt.txt	PMID_36446582_Murray_2017_P16_13_1	OMIM:148050
3020	PMID_27040691_Individual_6_2_en-prompt.txt	PMID_27040691_Individual_6-2	OMIM:616900
3021	PMID_36446582_Parenti2021_P1_en-prompt.txt	PMID_36446582_Parenti2021_P1	OMIM:148050
3022	PMID_25868664_Family_18_Case_20_en-prompt.txt	PMID_25868664_Family_18_Case_20	OMIM:615471
3023	PMID_32376980_32_en-prompt.txt	PMID_32376980_32	OMIM:618164
3024	STX_Syrbe_21_en-prompt.txt	STX_Syrbe_21	OMIM:612164
3025	PMID_24613577_16_year_old_girl_en-prompt.txt	PMID_24613577_16_year_old_girl	OMIM:616914
3026	PMID_27259050_III_3_en-prompt.txt	PMID_27259050_III_3	OMIM:159550
3027	PMID_22258530_Patient_12_en-prompt.txt	PMID_22258530_Patient_12	OMIM:613477
3028	PMID_33576469_Patient_3_en-prompt.txt	PMID_33576469_Patient_3	OMIM:129600
3029	PMID_36446582_Low_2016_P18_12_en-prompt.txt	PMID_36446582_Low_2016_P18_12	OMIM:148050
3030	PMID_36446582_VanDongen2019_P4_en-prompt.txt	PMID_36446582_VanDongen2019_P4	OMIM:148050
3031	PMID_36965478_Individual_10_en-prompt.txt	PMID_36965478_Individual_10	OMIM:620515
3032	PMID_33731876_fam39_en-prompt.txt	PMID_33731876_fam39	OMIM:613721
3033	PMID_18669544_FO_05_en-prompt.txt	PMID_18669544_FO-05	OMIM:209900
3034	PMID_25477417_F15_1_en-prompt.txt	PMID_25477417_F15_1	OMIM:248250
3035	STX_18469812_Subject_11_en-prompt.txt	STX_18469812_Subject_11	OMIM:612164
3036	PMID_31021519_Patient_1_from_Kikuiri_et_al_en-prompt.txt	PMID_31021519_Patient_1_from_Kikuiri_et_al	OMIM:612313
3037	PMID_25525168_25525168_P2_en-prompt.txt	PMID_25525168_25525168_P2	OMIM:608909
3038	PMID_16917909_619_1_en-prompt.txt	PMID_16917909_619-1	OMIM:142900
3039	PMID_33731876_fam1204_en-prompt.txt	PMID_33731876_fam1204	OMIM:613721
3040	PMID_34612517_F3_II_3_en-prompt.txt	PMID_34612517_F3-II-3	OMIM:617478
3041	PMID_15499950_15499950_P1_en-prompt.txt	PMID_15499950_15499950_P1	OMIM:604377
3042	PMID_34722527_individual_6b_2_Kristiina_Avela_Thegeneticaet_en-prompt.txt	PMID_34722527_individual_6b_2_Kristiina_Avela_Thegeneticaet	OMIM:613826
3043	PMID_34722527_individual_MEP3_16_Martin_McKibbin_Genotype_Phenot_en-prompt.txt	PMID_34722527_individual_MEP3_16_Martin_McKibbin_Genotype-Phenot	OMIM:613826
3044	PMID_21683322_19_en-prompt.txt	PMID_21683322_19	OMIM:614185
3045	PMID_31239556_individual_21_twin_2_en-prompt.txt	PMID_31239556_individual_21_twin_2	OMIM:615502
3046	PMID_31239556_individual_10_en-prompt.txt	PMID_31239556_individual_10	OMIM:615502
3047	PMID_27738187_Patient_5_en-prompt.txt	PMID_27738187_Patient_5	OMIM:617180
3048	PMID_33731876_fam104_en-prompt.txt	PMID_33731876_fam104	OMIM:613721
3049	PMID_32730804_Individual_8_en-prompt.txt	PMID_32730804_Individual_8	OMIM:620511
3050	PMID_36586412_3_en-prompt.txt	PMID_36586412_3	OMIM:301111
3051	PMID_15266616_97_en-prompt.txt	PMID_15266616_97	OMIM:147791
3052	PMID_31021519_Case_1_from_Rainger_et_al_en-prompt.txt	PMID_31021519_Case_1_from_Rainger_et_al	OMIM:612313
3053	PMID_22150416_Patient_2_en-prompt.txt	PMID_22150416_Patient_2	OMIM:123000
3054	PMID_28074573_HC6_en-prompt.txt	PMID_28074573_HC6	OMIM:163950
3055	PMID_21358634_Family_14_en-prompt.txt	PMID_21358634_Family_14	OMIM:132800
3056	STX_G3_P8_en-prompt.txt	STX_G3_P8	OMIM:612164
3057	PMID_33731876_fam358_en-prompt.txt	PMID_33731876_fam358	OMIM:613721
3058	PMID_28971234_child_en-prompt.txt	PMID_28971234_child	OMIM:604841
3059	PMID_10580070_C_II_2_en-prompt.txt	PMID_10580070_C_II-2	OMIM:115200
3060	PMID_33045405_Pitt_et_al___2015_B2_1_en-prompt.txt	PMID_33045405_Pitt_et_al.,_2015_B2-1	OMIM:605911
3061	PMID_36307226_Proband_8_en-prompt.txt	PMID_36307226_Proband_8	OMIM:620537
3062	PMID_36446582_Novara_2017_P5_en-prompt.txt	PMID_36446582_Novara_2017_P5	OMIM:148050
3063	PMID_12789647_K12_II_2_en-prompt.txt	PMID_12789647_K12:II-2	OMIM:142900
3064	PMID_33731876_fam113_en-prompt.txt	PMID_33731876_fam113	OMIM:613721
3065	PMID_37054711_Family_9_Subject_12_en-prompt.txt	PMID_37054711_Family_9_Subject_12	OMIM:620428
3066	PMID_15266616_80_en-prompt.txt	PMID_15266616_80	OMIM:147791
3067	PMID_35977029_DI1750_167397_en-prompt.txt	PMID_35977029_DI1750_167397	OMIM:620494
3068	PMID_28202457_F1_III_2_en-prompt.txt	PMID_28202457_F1_III_2	OMIM:159550
3069	PMID_30099644_IV_19_en-prompt.txt	PMID_30099644_IV:19	OMIM:600138
3070	PMID_22398176_proband_en-prompt.txt	PMID_22398176_proband	OMIM:301310
3071	PMID_34722527_individual_individual_2_Elena_Vallespin_Mutationscreen_en-prompt.txt	PMID_34722527_individual_individual_2_Elena_Vallespin_Mutationscreen	OMIM:608194
3072	PMID_18256394_12_en-prompt.txt	PMID_18256394_12	OMIM:176670
3073	PMID_18084123_father_en-prompt.txt	PMID_18084123_father	OMIM:610168
3074	PMID_34722527_individual_MEP50_10_Martin_McKibbin_Genotype_Phenot_en-prompt.txt	PMID_34722527_individual_MEP50_10_Martin_McKibbin_Genotype-Phenot	OMIM:613826
3075	PMID_25868664_Family_8_Case_2_en-prompt.txt	PMID_25868664_Family_8_Case_2	OMIM:615471
3076	PMID_31548836_Family_B_II1_en-prompt.txt	PMID_31548836_Family_B_II1	OMIM:119600
3077	PMID_24736735_G068_Brother_en-prompt.txt	PMID_24736735_G068_Brother	OMIM:175700
3078	STX_31164858_Patient_106_en-prompt.txt	STX_31164858_Patient_106	OMIM:612164
3079	PMID_34521999_49_en-prompt.txt	PMID_34521999_49	OMIM:617140
3080	PMID_37761890_7__en-prompt.txt	PMID_37761890_7 	OMIM:616362
3081	PMID_33731876_fam93_en-prompt.txt	PMID_33731876_fam93	OMIM:607745
3082	PMID_31021519_SATB2_67_from_Zarate_et_al__2018a_en-prompt.txt	PMID_31021519_SATB2_67_from_Zarate_et_al__2018a	OMIM:612313
3083	PMID_20310007_40_year_old_man_en-prompt.txt	PMID_20310007_40-year-old_man	OMIM:606693
3084	PMID_25835445_3_II_3__en-prompt.txt	PMID_25835445_3-II:3*	OMIM:615582
3085	PMID_30612693_8_en-prompt.txt	PMID_30612693_8	OMIM:618443
3086	PMID_24403049_Proband_2_en-prompt.txt	PMID_24403049_Proband_2	OMIM:266265
3087	PMID_20074988__20074988_P2_en-prompt.txt	PMID_20074988__20074988_P2	OMIM:256810
3088	PMID_36446582_KBG21_en-prompt.txt	PMID_36446582_KBG21	OMIM:148050
3089	PMID_36074901_8_en-prompt.txt	PMID_36074901_8	OMIM:620465
3090	PMID_30099644_IV__7_en-prompt.txt	PMID_30099644_IV:_7	OMIM:600138
3091	PMID_31021519_260175_from_Bengani_et_al_en-prompt.txt	PMID_31021519_260175_from_Bengani_et_al	OMIM:612313
3092	PMID_32376980_25_en-prompt.txt	PMID_32376980_25	OMIM:618164
3093	PMID_30356099_Patient_7_en-prompt.txt	PMID_30356099_Patient_7	OMIM:616211
3094	PMID_33731876_fam13_en-prompt.txt	PMID_33731876_fam13	OMIM:613721
3095	PMID_33045405_Ma_and_Yu__2018__patient_1_en-prompt.txt	PMID_33045405_Ma_and_Yu_(2018)_patient_1	OMIM:605911
3096	PMID_29196670_Patient_5_en-prompt.txt	PMID_29196670_Patient_5	OMIM:613254
3097	PMID_23086397_Patient_3_en-prompt.txt	PMID_23086397_Patient_3	OMIM:614959
3098	PMID_25868664_Family_19_Case_3_en-prompt.txt	PMID_25868664_Family_19_Case_3	OMIM:615471
3099	PMID_31949313_F3_II_1_en-prompt.txt	PMID_31949313_F3_II_1	OMIM:147920
3100	PMID_10580070_E_II_8_en-prompt.txt	PMID_10580070_E_II-8	OMIM:115200
3101	PMID_27153400_Family_B_IV_5_en-prompt.txt	PMID_27153400_Family_B_IV_5	OMIM:616907
3102	PMID_25477417_F1_1_en-prompt.txt	PMID_25477417_F1_1	OMIM:248250
3103	PMID_37962958_42_en-prompt.txt	PMID_37962958_42	OMIM:620535
3104	PMID_26908613_SRF1630_en-prompt.txt	PMID_26908613_SRF1630	OMIM:617123
3105	PMID_29469822_Family_4_II_2_en-prompt.txt	PMID_29469822_Family_4_II-2	OMIM:605275
3106	PMID_18297069_Case_4_en-prompt.txt	PMID_18297069_Case_4	OMIM:300707
3107	PMID_27087320_Subject_9_en-prompt.txt	PMID_27087320_Subject_9	OMIM:616975
3108	PMID_32376980_18_en-prompt.txt	PMID_32376980_18	OMIM:618164
3109	PMID_34112922_A_Japanese_girl_en-prompt.txt	PMID_34112922_A_Japanese_girl	OMIM:620535
3110	STX_29056246_Patient_56_en-prompt.txt	STX_29056246_Patient_56	OMIM:612164
3111	PMID_33731876_fam193_en-prompt.txt	PMID_33731876_fam193	OMIM:613721
3112	STX_STXBP1adult_Pt6_en-prompt.txt	STX_STXBP1adult_Pt6	OMIM:612164
3113	STX_25951140_Case_2_en-prompt.txt	STX_25951140_Case_2	OMIM:612164
3114	PMID_30580808_Ind_06_Fam_06_en-prompt.txt	PMID_30580808_Ind-06-Fam-06	OMIM:618362
3115	PMID_36553465_P20_en-prompt.txt	PMID_36553465_P20	OMIM:606574
3116	PMID_33731876_fam372_en-prompt.txt	PMID_33731876_fam372	OMIM:613721
3117	PMID_33731876_fam222_en-prompt.txt	PMID_33731876_fam222	OMIM:613721
3118	PMID_37054711_Family_2_Subject_3_en-prompt.txt	PMID_37054711_Family_2_Subject_3	OMIM:620428
3119	PMID_30057029_Individual_20_en-prompt.txt	PMID_30057029_Individual_20	OMIM:618089
3120	PMID_28569194_nan_en-prompt.txt	PMID_28569194_nan	OMIM:260000
3121	PMID_21358634_Family_7_en-prompt.txt	PMID_21358634_Family_7	OMIM:132800
3122	PMID_28782633_Family_II_patient_II_P3_en-prompt.txt	PMID_28782633_Family_II_patient_II_P3	OMIM:620670
3123	STX_26865513_Patient_22_en-prompt.txt	STX_26865513_Patient_22	OMIM:612164
3124	PMID_35484142_F9_P10_en-prompt.txt	PMID_35484142_F9/P10	OMIM:620460
3125	PMID_29707406_C_II_5_en-prompt.txt	PMID_29707406_C_II_5	OMIM:606854
3126	PMID_22736615_Patient_3_en-prompt.txt	PMID_22736615_Patient_3	OMIM:129600
3127	PMID_23273567_individual_AII_2_en-prompt.txt	PMID_23273567_individual_AII_2	OMIM:258480
3128	PMID_37352860_Individual_4_en-prompt.txt	PMID_37352860_Individual_4	OMIM:620663
3129	PMID_33731876_fam139_en-prompt.txt	PMID_33731876_fam139	OMIM:613721
3130	STX_30182498_Patient_068_en-prompt.txt	STX_30182498_Patient_068	OMIM:612164
3131	PMID_34722527_individual_11_14_Arif_O_Khan_Geneticanalysi_en-prompt.txt	PMID_34722527_individual_11_14_Arif_O_Khan_Geneticanalysi	OMIM:613826
3132	PMID_29469822_Family_9_II_2_en-prompt.txt	PMID_29469822_Family_9_II-2	OMIM:605275
3133	PMID_32765928_Case_2_en-prompt.txt	PMID_32765928_Case_2	OMIM:151100
3134	PMID_31021519_SATB2_52_from_Zarate_et_al__2018a_en-prompt.txt	PMID_31021519_SATB2_52_from_Zarate_et_al__2018a	OMIM:612313
3135	PMID_36446582_Novara_2017_P12_en-prompt.txt	PMID_36446582_Novara_2017_P12	OMIM:148050
3136	PMID_28202457_F1_1_3_en-prompt.txt	PMID_28202457_F1_1_3	OMIM:159550
3137	PMID_29967133_Family_2_III_1_en-prompt.txt	PMID_29967133_Family_2_III-1	OMIM:619656
3138	PMID_36355422_IV_1_en-prompt.txt	PMID_36355422_IV_1	OMIM:620745
3139	PMID_37054711_Family_4_Subject_6_en-prompt.txt	PMID_37054711_Family_4_Subject_6	OMIM:620428
3140	PMID_36331550_Family_10_Patient_14_en-prompt.txt	PMID_36331550_Family_10_Patient_14	OMIM:620540
3141	PMID_36331550_Family_3_Patient_5_en-prompt.txt	PMID_36331550_Family_3_Patient_5	OMIM:620538
3142	PMID_33731876_fam184_en-prompt.txt	PMID_33731876_fam184	OMIM:613721
3143	PMID_36996813_Individual_1_en-prompt.txt	PMID_36996813_Individual_1	OMIM:620371
3144	PMID_10939567_Spo3_en-prompt.txt	PMID_10939567_Spo3	OMIM:181350
3145	PMID_21367767_F39_II_3_en-prompt.txt	PMID_21367767_F39_II_3	OMIM:606658
3146	STX_29264391_Patient_7_en-prompt.txt	STX_29264391_Patient_7	OMIM:612164
3147	PMID_33731876_fam365_en-prompt.txt	PMID_33731876_fam365	OMIM:613721
3148	PMID_33731876_fam235_en-prompt.txt	PMID_33731876_fam235	OMIM:613721
3149	PMID_25896430_Patient_2_en-prompt.txt	PMID_25896430_Patient_2	OMIM:147920
3150	PMID_36446582_Parenti2021_P12_en-prompt.txt	PMID_36446582_Parenti2021_P12	OMIM:148050
3151	PMID_15266616_17_en-prompt.txt	PMID_15266616_17	OMIM:147791
3152	STX_21770924_Patient_1_en-prompt.txt	STX_21770924_Patient_1	OMIM:612164
3153	STX_HSJD_Patient_17_en-prompt.txt	STX_HSJD_Patient_17	OMIM:612164
3154	PMID_17056636_Patient_No_10_en-prompt.txt	PMID_17056636_Patient_No_10	OMIM:609942
3155	PMID_37582359_F1_II_1_en-prompt.txt	PMID_37582359_F1-II-1	OMIM:620558
3156	PMID_31021519_263440_from_Bengani_et_al_en-prompt.txt	PMID_31021519_263440_from_Bengani_et_al	OMIM:612313
3157	PMID_18084123_patient_en-prompt.txt	PMID_18084123_patient	OMIM:610168
3158	PMID_31021519_individual_SATB2_142_en-prompt.txt	PMID_31021519_individual_SATB2_142	OMIM:612313
3159	PMID_34722527_individual_individual_2_Sylvain_Hanein_Lebercongenita_en-prompt.txt	PMID_34722527_individual_individual_2_Sylvain_Hanein_Lebercongenita	OMIM:613826
3160	PMID_35923690_50_8_en-prompt.txt	PMID_35923690_50–8	OMIM:105650
3161	PMID_28065471_PI_2_en-prompt.txt	PMID_28065471_PI:2	OMIM:617402
3162	PMID_21696388_V_5_en-prompt.txt	PMID_21696388_V-5	OMIM:606693
3163	PMID_30315159_Patient_3_en-prompt.txt	PMID_30315159_Patient_3	OMIM:620475
3164	PMID_30771478_Patient_1_en-prompt.txt	PMID_30771478_Patient_1	OMIM:615471
3165	PMID_23273567_individual_EII_1_en-prompt.txt	PMID_23273567_individual_EII_1	OMIM:258480
3166	PMID_36331550_Family_12_Patient_16_en-prompt.txt	PMID_36331550_Family_12_Patient_16	OMIM:620540
3167	PMID_29359243_29359243_P1_en-prompt.txt	PMID_29359243_29359243_P1	OMIM:616370
3168	PMID_15731757_Family_6_II_1_en-prompt.txt	PMID_15731757_Family_6_II_1	OMIM:610168
3169	PMID_32154675_Family_4_Patient_11_en-prompt.txt	PMID_32154675_Family_4_Patient_11	OMIM:613795
3170	PMID_21683322_24_en-prompt.txt	PMID_21683322_24	OMIM:102370
3171	PMID_34722527_individual_MA_117_1_1_Muhammad_Arif_Nadeem_Saqib_Homozygosityma_en-prompt.txt	PMID_34722527_individual_MA-117-1_1_Muhammad_Arif_Nadeem_Saqib_Homozygosityma	OMIM:608194
3172	STX_27864847_017P_en-prompt.txt	STX_27864847_017P	OMIM:612164
3173	PMID_33731876_fam97_en-prompt.txt	PMID_33731876_fam97	OMIM:607745
3174	PMID_25835445_4_II_2__en-prompt.txt	PMID_25835445_4-II:2*	OMIM:615582
3175	PMID_23993194_Family_2_Case_2_en-prompt.txt	PMID_23993194_Family_2_Case_2	OMIM:615471
3176	PMID_29707406_A_II_3_en-prompt.txt	PMID_29707406_A_II_3	OMIM:606854
3177	PMID_22541558_individual_C_1_en-prompt.txt	PMID_22541558_individual_C_1	OMIM:154400
3178	PMID_24355708_ARCA_05_individual_2_en-prompt.txt	PMID_24355708_ARCA_05_individual_2	OMIM:215470
3179	PMID_36446582_KBG25_en-prompt.txt	PMID_36446582_KBG25	OMIM:148050
3180	PMID_20074988__20074988_P6_en-prompt.txt	PMID_20074988__20074988_P6	OMIM:256810
3181	PMID_16965330_patient_8_en-prompt.txt	PMID_16965330_patient_8	OMIM:240300
3182	PMID_20924721_Egyptian_infant_en-prompt.txt	PMID_20924721_Egyptian_infant	OMIM:193700
3183	STX_31130284_UPN_1176_en-prompt.txt	STX_31130284_UPN_1176	OMIM:612164
3184	PMID_18513678_individual_5050_en-prompt.txt	PMID_18513678_individual_5050	OMIM:260300
3185	PMID_32376980_21_en-prompt.txt	PMID_32376980_21	OMIM:618164
3186	PMID_32376980_6____patient_DDD4K_01539_in_DDD_study__Nature__2017__en-prompt.txt	PMID_32376980_6_(=_patient_DDD4K.01539_in_DDD_study,_Nature,_2017)	OMIM:618164
3187	PMID_37075751_Individual_8_en-prompt.txt	PMID_37075751_Individual_8	OMIM:616462
3188	PMID_28940506_Family_6_Individual_7_en-prompt.txt	PMID_28940506_Family_6_Individual_7	OMIM:615471
3189	PMID_18256394_4_en-prompt.txt	PMID_18256394_4	OMIM:176670
3190	PMID_34722527_individual_115_4_Tobias_Eisenberger_Increasingthe_en-prompt.txt	PMID_34722527_individual_115_4_Tobias_Eisenberger_Increasingthe	OMIM:613826
3191	PMID_10939567_EMD5_II_1_en-prompt.txt	PMID_10939567_EMD5_II-1	OMIM:181350
3192	PMID_24736735_G14083__en-prompt.txt	PMID_24736735_G14083_	OMIM:175700
3193	PMID_37433783_P18_en-prompt.txt	PMID_37433783_P18	OMIM:601674
3194	STX_EG0549P_en-prompt.txt	STX_EG0549P	OMIM:612164
3195	PMID_29907796_Patient_1_en-prompt.txt	PMID_29907796_Patient_1	OMIM:614608
3196	PMID_36446582_Novara_2017_P1_en-prompt.txt	PMID_36446582_Novara_2017_P1	OMIM:148050
3197	PMID_30580808_Machol_Ind_4_Fam_34_en-prompt.txt	PMID_30580808_Machol_Ind_4-Fam-34	OMIM:618362
3198	PMID_33731876_fam117_en-prompt.txt	PMID_33731876_fam117	OMIM:607745
3199	PMID_34722527_individual_individual_1_Juliana_Maria_Ferraz_Sallum1_3_Clinicalandmo_en-prompt.txt	PMID_34722527_individual_individual_1_Juliana_Maria_Ferraz_Sallum1_3_Clinicalandmo	OMIM:613826
3200	PMID_24736735_G051_Mother_en-prompt.txt	PMID_24736735_G051_Mother	OMIM:175700
3201	STX_EG1269P_en-prompt.txt	STX_EG1269P	OMIM:612164
3202	PMID_36446582_Scarano_2013_P11_en-prompt.txt	PMID_36446582_Scarano_2013_P11	OMIM:148050
3203	PMID_20887961_Patient_2_en-prompt.txt	PMID_20887961_Patient_2	OMIM:600920
3204	PMID_15266616_84_en-prompt.txt	PMID_15266616_84	OMIM:147791
3205	STX_23533165_Patient_2_en-prompt.txt	STX_23533165_Patient_2	OMIM:612164
3206	PMID_17187620_17187620_P1_en-prompt.txt	PMID_17187620_17187620_P1	OMIM:604377
3207	PMID_31949313_F4_I_1_en-prompt.txt	PMID_31949313_F4_I_1	OMIM:147920
3208	PMID_12203992_B18_en-prompt.txt	PMID_12203992_B18	OMIM:154700
3209	PMID_31021519_SATB2_04_from_Zarate_et_al__2018a_Scott_et_al_en-prompt.txt	PMID_31021519_SATB2_04_from_Zarate_et_al__2018a_Scott_et_al	OMIM:612313
3210	PMID_29755943_Family_2_II_2_en-prompt.txt	PMID_29755943_Family_2:II:2	OMIM:142900
3211	PMID_24736735_G079__en-prompt.txt	PMID_24736735_G079_	OMIM:175700
3212	PMID_23829229_23829229_P3_en-prompt.txt	PMID_23829229_23829229_P3	OMIM:256810
3213	PMID_30057029_Individual_19_en-prompt.txt	PMID_30057029_Individual_19	OMIM:618089
3214	PMID_36553465_P19_en-prompt.txt	PMID_36553465_P19	OMIM:606574
3215	STX_EG0699P_en-prompt.txt	STX_EG0699P	OMIM:612164
3216	PMID_22772371_TAA288_IV_3_en-prompt.txt	PMID_22772371_TAA288_IV_3	OMIM:614816
3217	PMID_19776401_Patient_5_2_en-prompt.txt	PMID_19776401_Patient_5-2	OMIM:243700
3218	PMID_21358634_Family_10_en-prompt.txt	PMID_21358634_Family_10	OMIM:132800
3219	PMID_27991736_proband_III_1_en-prompt.txt	PMID_27991736_proband_III_1	OMIM:147920
3220	PMID_28074573_HC2_en-prompt.txt	PMID_28074573_HC2	OMIM:163950
3221	PMID_15911822_Patient_14_en-prompt.txt	PMID_15911822_Patient_14	OMIM:234200
3222	PMID_34722527_individual_6a_1_Kristiina_Avela_Thegeneticaet_en-prompt.txt	PMID_34722527_individual_6a_1_Kristiina_Avela_Thegeneticaet	OMIM:613826
3223	PMID_28969374_Family_2_G653002_Pt3_en-prompt.txt	PMID_28969374_Family_2_G653002_Pt3	OMIM:617560
3224	PMID_36446582_Ockeloen2015_P18_en-prompt.txt	PMID_36446582_Ockeloen2015_P18	OMIM:148050
3225	PMID_34722527_individual_93_2_Hui_Wang_ComprehensiveM_en-prompt.txt	PMID_34722527_individual_93_2_Hui_Wang_ComprehensiveM	OMIM:613826
3226	PMID_24736735_GBUL__en-prompt.txt	PMID_24736735_GBUL_	OMIM:146510
3227	PMID_31239556_individual_14_en-prompt.txt	PMID_31239556_individual_14	OMIM:615502
3228	PMID_33731876_fam100_en-prompt.txt	PMID_33731876_fam100	OMIM:613721
3229	PMID_31021519_SATB2_41_from_Zarate_et_al__2018a_en-prompt.txt	PMID_31021519_SATB2_41_from_Zarate_et_al__2018a	OMIM:612313
3230	PMID_27738187_Patient_1_en-prompt.txt	PMID_27738187_Patient_1	OMIM:617180
3231	PMID_23647072_Proband_F_en-prompt.txt	PMID_23647072_Proband_F	OMIM:620537
3232	PMID_34722527_individual_individual_9_Arif_O_Khan_TheRPGRIP1_rel_en-prompt.txt	PMID_34722527_individual_individual_9_Arif_O_Khan_TheRPGRIP1-rel	OMIM:613826
3233	PMID_15266616_93_en-prompt.txt	PMID_15266616_93	OMIM:147791
3234	PMID_36586412_7_en-prompt.txt	PMID_36586412_7	OMIM:301111
3235	PMID_28051070_Brother_2_204_en-prompt.txt	PMID_28051070_Brother_2_204	OMIM:620675
3236	PMID_31239556_individual_3_Chen_et_al_en-prompt.txt	PMID_31239556_individual_3_Chen_et_al	OMIM:615502
3237	PMID_31509304_F4_III_3_en-prompt.txt	PMID_31509304_F4_III_3	OMIM:617560
3238	PMID_18669544_FO_01_en-prompt.txt	PMID_18669544_FO-01	OMIM:209900
3239	STX_26514728_Patient_17_en-prompt.txt	STX_26514728_Patient_17	OMIM:612164
3240	PMID_15499950_15499950_P5_en-prompt.txt	PMID_15499950_15499950_P5	OMIM:604377
3241	STX_EG0863P_en-prompt.txt	STX_EG0863P	OMIM:612164
3242	PMID_20519243_2_en-prompt.txt	PMID_20519243_2	OMIM:142900
3243	PMID_35874597_Case_2_en-prompt.txt	PMID_35874597_Case_2	OMIM:620537
3244	PMID_36074901_13g_en-prompt.txt	PMID_36074901_13g	OMIM:620465
3245	PMID_34521999_9_en-prompt.txt	PMID_34521999_9	OMIM:617140
3246	PMID_16965330_patient_14_en-prompt.txt	PMID_16965330_patient_14	OMIM:240300
3247	PMID_31021519_SATB2_28_from_Zarate_et_al__2018a_en-prompt.txt	PMID_31021519_SATB2_28_from_Zarate_et_al__2018a	OMIM:612313
3248	PMID_34722527_individual_individual_1_Saloni_Walia_VisualAcuityi_en-prompt.txt	PMID_34722527_individual_individual_1_Saloni_Walia_VisualAcuityi	OMIM:613826
3249	PMID_22772368_8_II_3_en-prompt.txt	PMID_22772368_8_II_3	OMIM:614816
3250	PMID_36446582_Scarano_2013_P8_en-prompt.txt	PMID_36446582_Scarano_2013_P8	OMIM:148050
3251	PMID_33731876_fam80_en-prompt.txt	PMID_33731876_fam80	OMIM:607745
3252	PMID_36446582_Parenti2021_P5_en-prompt.txt	PMID_36446582_Parenti2021_P5	OMIM:148050
3253	PMID_36446582_KBG32_en-prompt.txt	PMID_36446582_KBG32	OMIM:148050
3254	PMID_29606302_C_IV_4_en-prompt.txt	PMID_29606302_C_IV_4	OMIM:618000
3255	PMID_33576469_Patient_7_en-prompt.txt	PMID_33576469_Patient_7	OMIM:129600
3256	PMID_27067446_IV3_en-prompt.txt	PMID_27067446_IV3	OMIM:248250
3257	PMID_22258530_Patient_16_en-prompt.txt	PMID_22258530_Patient_16	OMIM:613477
3258	STX_Syrbe_25_en-prompt.txt	STX_Syrbe_25	OMIM:612164
3259	PMID_32376980_36_en-prompt.txt	PMID_32376980_36	OMIM:618164
3260	PMID_25868664_Family_10_Case_5_en-prompt.txt	PMID_25868664_Family_10_Case_5	OMIM:615471
3261	PMID_38013626_Patient_2_en-prompt.txt	PMID_38013626_Patient_2	OMIM:620666
3262	PMID_29196670_Patient_2_en-prompt.txt	PMID_29196670_Patient_2	OMIM:613254
3263	PMID_23086397_Patient_4_en-prompt.txt	PMID_23086397_Patient_4	OMIM:614959
3264	PMID_31944623_Patient_C_en-prompt.txt	PMID_31944623_Patient_C	OMIM:617225
3265	PMID_31021519_261355_from_Bengani_et_al_en-prompt.txt	PMID_31021519_261355_from_Bengani_et_al	OMIM:612313
3266	PMID_31774634_XH601__this_study__en-prompt.txt	PMID_31774634_XH601_(this_study)	OMIM:616914
3267	PMID_33731876_fam14_en-prompt.txt	PMID_33731876_fam14	OMIM:613721
3268	PMID_27153400_Family_B_IV_2_en-prompt.txt	PMID_27153400_Family_B_IV_2	OMIM:616907
3269	PMID_15266616_148_en-prompt.txt	PMID_15266616_148	OMIM:147791
3270	PMID_32154675_Family_4_Patient_9_en-prompt.txt	PMID_32154675_Family_4_Patient_9	OMIM:613795
3271	PMID_33731876_fam1075_en-prompt.txt	PMID_33731876_fam1075	OMIM:613721
3272	PMID_26421390_a_male_patient_en-prompt.txt	PMID_26421390_a_male_patient	OMIM:606693
3273	PMID_37962958_45_en-prompt.txt	PMID_37962958_45	OMIM:620535
3274	PMID_32424628_32424628_P1_en-prompt.txt	PMID_32424628_32424628_P1	OMIM:616370
3275	PMID_32154675_Family_1_Patient_2_en-prompt.txt	PMID_32154675_Family_1_Patient_2	OMIM:613795
3276	PMID_37196654_Individual_7_en-prompt.txt	PMID_37196654_Individual_7	OMIM:618505
3277	STX_26514728_Patient_1_en-prompt.txt	STX_26514728_Patient_1	OMIM:612164
3278	STX_G2_P2_en-prompt.txt	STX_G2_P2	OMIM:612164
3279	PMID_18297069_Case_3_en-prompt.txt	PMID_18297069_Case_3	OMIM:300707
3280	STX_STXBP1adult_Pt1_en-prompt.txt	STX_STXBP1adult_Pt1	OMIM:612164
3281	PMID_33731876_fam194_en-prompt.txt	PMID_33731876_fam194	OMIM:613721
3282	PMID_21217753_Fam_2_III_2_en-prompt.txt	PMID_21217753_Fam_2_III-2	OMIM:613795
3283	PMID_25868664_Family_23_Case_15_en-prompt.txt	PMID_25868664_Family_23_Case_15	OMIM:615471
3284	PMID_36282599_21_year_old_man_en-prompt.txt	PMID_36282599_21-year-old_man	OMIM:620601
3285	PMID_33731876_fam600_en-prompt.txt	PMID_33731876_fam600	OMIM:613721
3286	PMID_32376980_24__mother_of_patients_25_and_26__en-prompt.txt	PMID_32376980_24_(mother_of_patients_25_and_26)	OMIM:618164
3287	PMID_12203992_D7_en-prompt.txt	PMID_12203992_D7	OMIM:154700
3288	PMID_33731876_fam225_en-prompt.txt	PMID_33731876_fam225	OMIM:613721
3289	PMID_31021519_individual_SATB2_68_en-prompt.txt	PMID_31021519_individual_SATB2_68	OMIM:612313
3290	PMID_33731876_fam375_en-prompt.txt	PMID_33731876_fam375	OMIM:613721
3291	PMID_36553465_P27_en-prompt.txt	PMID_36553465_P27	OMIM:606574
3292	PMID_31475485_index_patient_II_5_en-prompt.txt	PMID_31475485_index_patient_II_5	OMIM:609192
3293	PMID_15731757_Family_5_II_1_en-prompt.txt	PMID_15731757_Family_5_II_1	OMIM:610168
3294	PMID_11179005_27__S__en-prompt.txt	PMID_11179005_27_(S)	OMIM:311200
3295	PMID_28886341_Individual_F4_II_1_en-prompt.txt	PMID_28886341_Individual_F4_II_1	OMIM:617694
3296	PMID_15911822_Patient_9_en-prompt.txt	PMID_15911822_Patient_9	OMIM:234200
3297	PMID_33731876_fam129_en-prompt.txt	PMID_33731876_fam129	OMIM:613721
3298	PMID_36446582_Low_2016_P4_5_en-prompt.txt	PMID_36446582_Low_2016_P4_5	OMIM:148050
3299	PMID_33731876_fam298_en-prompt.txt	PMID_33731876_fam298	OMIM:613721
3300	PMID_25406581_P1_en-prompt.txt	PMID_25406581_P1	OMIM:620449
3301	PMID_28007986_A_VI6__en-prompt.txt	PMID_28007986_A(VI6)	OMIM:617527
3302	STX_26865513_Patient_25_en-prompt.txt	STX_26865513_Patient_25	OMIM:612164
3303	PMID_30612693_11_en-prompt.txt	PMID_30612693_11	OMIM:618443
3304	PMID_11344241_III_2_en-prompt.txt	PMID_11344241_III-2	OMIM:151660
3305	PMID_24029078_Patient_2_en-prompt.txt	PMID_24029078_Patient_2	OMIM:614959
3306	PMID_15731757_Family_1_III_1_en-prompt.txt	PMID_15731757_Family_1_III_1	OMIM:610168
3307	PMID_31021519_SATB2_08_from_Zarate_et_al__2018a_en-prompt.txt	PMID_31021519_SATB2_08_from_Zarate_et_al__2018a	OMIM:612313
3308	PMID_22736615_Patient_4_en-prompt.txt	PMID_22736615_Patient_4	OMIM:129600
3309	PMID_36446582_Goldenberg2016_P7_en-prompt.txt	PMID_36446582_Goldenberg2016_P7	OMIM:148050
3310	PMID_30580808_Ind_08_Fam_08_en-prompt.txt	PMID_30580808_Ind-08-Fam-08	OMIM:618362
3311	PMID_37352860_Individual_3_en-prompt.txt	PMID_37352860_Individual_3	OMIM:620663
3312	PMID_30580808_Ind_39_Fam_30_en-prompt.txt	PMID_30580808_Ind-39-Fam-30	OMIM:618362
3313	PMID_25007886_Subject_2_en-prompt.txt	PMID_25007886_Subject_2	OMIM:613268
3314	PMID_27040692_C_II_1_en-prompt.txt	PMID_27040692_C-II-1	OMIM:616900
3315	STX_26865513_Patient_32_en-prompt.txt	STX_26865513_Patient_32	OMIM:612164
3316	PMID_36331550_Family_10_Patient_13_en-prompt.txt	PMID_36331550_Family_10_Patient_13	OMIM:620540
3317	PMID_31044565_proband_en-prompt.txt	PMID_31044565_proband	OMIM:227645
3318	PMID_10939567_Spo4_en-prompt.txt	PMID_10939567_Spo4	OMIM:181350
3319	PMID_36996813_Individual_6_en-prompt.txt	PMID_36996813_Individual_6	OMIM:620371
3320	PMID_31949313_F4_II_9_en-prompt.txt	PMID_31949313_F4_II_9	OMIM:147920
3321	PMID_33731876_fam183_en-prompt.txt	PMID_33731876_fam183	OMIM:613721
3322	PMID_29967133_Family_3_III_2_en-prompt.txt	PMID_29967133_Family_3_III-2	OMIM:619656
3323	PMID_32154675_Family_6_Patient_14_en-prompt.txt	PMID_32154675_Family_6_Patient_14	OMIM:613795
3324	PMID_37394306_Patient_1_en-prompt.txt	PMID_37394306_Patient_1	OMIM:620511
3325	PMID_25896430_Patient_5_en-prompt.txt	PMID_25896430_Patient_5	OMIM:147920
3326	PMID_20799361_Patient_2_en-prompt.txt	PMID_20799361_Patient_2	OMIM:611590
3327	PMID_36446582_Parenti2021_P15_en-prompt.txt	PMID_36446582_Parenti2021_P15	OMIM:148050
3328	PMID_35904126_Proband_6_en-prompt.txt	PMID_35904126_Proband_6	OMIM:620450
3329	PMID_15761194_III_1_en-prompt.txt	PMID_15761194_III_1	OMIM:609622
3330	PMID_33731876_fam232_en-prompt.txt	PMID_33731876_fam232	OMIM:613721
3331	PMID_33731876_fam362_en-prompt.txt	PMID_33731876_fam362	OMIM:613721
3332	PMID_36553465_P30_en-prompt.txt	PMID_36553465_P30	OMIM:606574
3333	PMID_22158539_individual_7_en-prompt.txt	PMID_22158539_individual_7	OMIM:139210
3334	PMID_15266616_5_en-prompt.txt	PMID_15266616_5	OMIM:147791
3335	PMID_32376980_9_en-prompt.txt	PMID_32376980_9	OMIM:618164
3336	STX_HSJD_Patient_10_en-prompt.txt	STX_HSJD_Patient_10	OMIM:612164
3337	PMID_37226891_Individual_3_en-prompt.txt	PMID_37226891_Individual_3	OMIM:620779
3338	PMID_10939567_Spo89_en-prompt.txt	PMID_10939567_Spo89	OMIM:181350
3339	PMID_31251474_proband_en-prompt.txt	PMID_31251474_proband	OMIM:614739
3340	PMID_22158539_individual_10_en-prompt.txt	PMID_22158539_individual_10	OMIM:139210
3341	PMID_34722527_individual_patient1_1_Shigeru_Sato_Novelmutation_en-prompt.txt	PMID_34722527_individual_patient1_1_Shigeru_Sato_Novelmutation	OMIM:613826
3342	PMID_30057544_patient_en-prompt.txt	PMID_30057544_patient	OMIM:604187
3343	PMID_33087723_B2_en-prompt.txt	PMID_33087723_B2	OMIM:619375
3344	PMID_22541558_individual_D_1_en-prompt.txt	PMID_22541558_individual_D_1	OMIM:154400
3345	PMID_15781812_individual_175_en-prompt.txt	PMID_15781812_individual_175	OMIM:620681
3346	PMID_30315159_Patient_4__Mother_of_Patient_3___en-prompt.txt	PMID_30315159_Patient_4_(Mother_of_Patient_3)_	OMIM:620475
3347	PMID_21683322_23_en-prompt.txt	PMID_21683322_23	OMIM:102370
3348	PMID_25145518_patient_VI_2_en-prompt.txt	PMID_25145518_patient_VI_2	OMIM:163800
3349	PMID_15731757_Family_8_II_1_en-prompt.txt	PMID_15731757_Family_8_II_1	OMIM:609192
3350	PMID_36659944_Patient_en-prompt.txt	PMID_36659944_Patient	OMIM:162200
3351	PMID_36446582_Low_2016_P22_16_en-prompt.txt	PMID_36446582_Low_2016_P22_16	OMIM:148050
3352	PMID_28940506_Family_10_Individual_11_en-prompt.txt	PMID_28940506_Family_10_Individual_11	OMIM:615471
3353	PMID_33731876_fam90_en-prompt.txt	PMID_33731876_fam90	OMIM:607745
3354	PMID_36446582_KBG22_en-prompt.txt	PMID_36446582_KBG22	OMIM:148050
3355	PMID_24403049_Proband_1_en-prompt.txt	PMID_24403049_Proband_1	OMIM:266265
3356	PMID_25835445_7_II_4_en-prompt.txt	PMID_25835445_7-II:4	OMIM:615582
3357	PMID_20074988__20074988_P1_en-prompt.txt	PMID_20074988__20074988_P1	OMIM:256810
3358	PMID_28202457_F1_III_1_en-prompt.txt	PMID_28202457_F1_III_1	OMIM:159550
3359	PMID_18256394_3_en-prompt.txt	PMID_18256394_3	OMIM:176670
3360	STX_30842647_Patient_45969_en-prompt.txt	STX_30842647_Patient_45969	OMIM:612164
3361	PMID_28413018_A_IV_10_en-prompt.txt	PMID_28413018_A-IV-10	OMIM:617527
3362	PMID_34722527_individual_37_3_JENNIFER_A__GALVIN_EVALUATIONOFG_en-prompt.txt	PMID_34722527_individual_37_3_JENNIFER_A__GALVIN_EVALUATIONOFG	OMIM:613826
3363	PMID_30681580_proband_en-prompt.txt	PMID_30681580_proband	OMIM:146000
3364	PMID_12058348_Patient_8_en-prompt.txt	PMID_12058348_Patient_8	OMIM:151100
3365	PMID_28940506_Family_9_Individual_10_en-prompt.txt	PMID_28940506_Family_9_Individual_10	OMIM:615471
3366	PMID_18256394_11_en-prompt.txt	PMID_18256394_11	OMIM:176670
3367	PMID_30564627_Subject_II_9_en-prompt.txt	PMID_30564627_Subject_II_9	OMIM:620732
3368	PMID_38014483_Family_f_individual_f_3_en-prompt.txt	PMID_38014483_Family_f_individual_f_3	OMIM:620666
3369	PMID_21217753_Fam_1_IV_9_en-prompt.txt	PMID_21217753_Fam_1_IV-9	OMIM:613795
3370	PMID_33731876_fam110_en-prompt.txt	PMID_33731876_fam110	OMIM:613721
3371	PMID_15710732_15_month_old_male_patient_en-prompt.txt	PMID_15710732_15‐month‐old_male_patient	OMIM:142900
3372	PMID_36067010_Family_5_Patient_8_en-prompt.txt	PMID_36067010_Family_5_Patient_8	OMIM:620504
3373	PMID_30580808_Ind_43_Fam_56_en-prompt.txt	PMID_30580808_Ind-43-Fam-56	OMIM:618362
3374	PMID_21683322_8_en-prompt.txt	PMID_21683322_8	OMIM:614185
3375	PMID_15266616_83_en-prompt.txt	PMID_15266616_83	OMIM:147791
3376	PMID_29050398_Patient_9_en-prompt.txt	PMID_29050398_Patient_9	OMIM:613477
3377	PMID_36446582_Murray_2017_P6_3_2_en-prompt.txt	PMID_36446582_Murray_2017_P6_3_2	OMIM:148050
3378	PMID_10580070_C_II_1_en-prompt.txt	PMID_10580070_C_II-1	OMIM:115200
3379	PMID_31021519_Case_1_from_Lee_et_al_en-prompt.txt	PMID_31021519_Case_1_from_Lee_et_al	OMIM:612313
3380	PMID_35150594_K_III_5_en-prompt.txt	PMID_35150594_K:III:5	OMIM:620538
3381	PMID_30147916_proband_IV_7_en-prompt.txt	PMID_30147916_proband_IV_7	OMIM:121050
3382	PMID_16021330_LDJP11_1_en-prompt.txt	PMID_16021330_LDJP11_1	OMIM:620681
3383	PMID_31332438_B_III_2_en-prompt.txt	PMID_31332438_B:III:2	OMIM:620528
3384	PMID_23829229_23829229_P4_en-prompt.txt	PMID_23829229_23829229_P4	OMIM:256810
3385	PMID_28074573_HC5_en-prompt.txt	PMID_28074573_HC5	OMIM:163950
3386	PMID_21358634_Family_17_en-prompt.txt	PMID_21358634_Family_17	OMIM:132800
3387	PMID_22150416_Patient_1_en-prompt.txt	PMID_22150416_Patient_1	OMIM:123000
3388	PMID_15911822_Patient_13_en-prompt.txt	PMID_15911822_Patient_13	OMIM:234200
3389	PMID_25835445_8_II_1__en-prompt.txt	PMID_25835445_8-II:1*	OMIM:615582
3390	PMID_9737771_Babcock_1998_en-prompt.txt	PMID_9737771_Babcock_1998	OMIM:121050
3391	PMID_16021330_SIZ545_1_en-prompt.txt	PMID_16021330_SIZ545_1	OMIM:620681
3392	PMID_34722527_individual_individual_12_Arif_O_Khan_Geneticanalysi_en-prompt.txt	PMID_34722527_individual_individual_12_Arif_O_Khan_Geneticanalysi	OMIM:613826
3393	STX_29997391_10NG006_en-prompt.txt	STX_29997391_10NG006	OMIM:612164
3394	PMID_33898683_43_year_old_man_en-prompt.txt	PMID_33898683_43-year-old_man	OMIM:151100
3395	PMID_20577567_Family_2_III_4_en-prompt.txt	PMID_20577567_Family_2_III-4	OMIM:156250
3396	PMID_33731876_fam107_en-prompt.txt	PMID_33731876_fam107	OMIM:613721
3397	PMID_37196654_Individual_68_en-prompt.txt	PMID_37196654_Individual_68	OMIM:618505
3398	PMID_36074124_1_01687_en-prompt.txt	PMID_36074124_1_01687	OMIM:620570
3399	PMID_31239556_individual_13_en-prompt.txt	PMID_31239556_individual_13	OMIM:615502
3400	PMID_36446582_Youngs2011_en-prompt.txt	PMID_36446582_Youngs2011	OMIM:148050
3401	PMID_23335590_Subject_4271_en-prompt.txt	PMID_23335590_Subject_4271	OMIM:304110
3402	PMID_10756346_B55_en-prompt.txt	PMID_10756346_B55	OMIM:154700
3403	PMID_15266616_94_en-prompt.txt	PMID_15266616_94	OMIM:147791
3404	PMID_27040691_Individual_1_2a_en-prompt.txt	PMID_27040691_Individual_1-2a	OMIM:616900
3405	PMID_28966590_patient_en-prompt.txt	PMID_28966590_patient	OMIM:610031
3406	PMID_34722527_individual_individual_1_Arif_O_Khan_TheRPGRIP1_rel_en-prompt.txt	PMID_34722527_individual_individual_1_Arif_O_Khan_TheRPGRIP1-rel	OMIM:613826
3407	PMID_24736735_G16012__en-prompt.txt	PMID_24736735_G16012_	OMIM:175700
3408	PMID_37962958_8_en-prompt.txt	PMID_37962958_8	OMIM:620535
3409	STX_26514728_Patient_10_en-prompt.txt	STX_26514728_Patient_10	OMIM:612164
3410	PMID_18669544_FO_06_en-prompt.txt	PMID_18669544_FO-06	OMIM:209900
3411	PMID_25525168_25525168_P1_en-prompt.txt	PMID_25525168_25525168_P1	OMIM:608908
3412	PMID_16865293_Family_3_individual_10Y4M_en-prompt.txt	PMID_16865293_Family_3_individual_10Y4M	OMIM:216400
3413	PMID_36446582_VanDongen2019_P7_en-prompt.txt	PMID_36446582_VanDongen2019_P7	OMIM:148050
3414	STX_27171548_100146_en-prompt.txt	STX_27171548_100146	OMIM:612164
3415	PMID_32431071_Family_2_IV_2_en-prompt.txt	PMID_32431071_Family_2_IV-2	OMIM:620655
3416	PMID_25477417_F6_1_en-prompt.txt	PMID_25477417_F6_1	OMIM:248250
3417	PMID_15499950_15499950_P2_en-prompt.txt	PMID_15499950_15499950_P2	OMIM:604377
3418	PMID_16917909_619_2_en-prompt.txt	PMID_16917909_619-2	OMIM:142900
3419	PMID_29755943_Family_1_II_2_en-prompt.txt	PMID_29755943_Family_1:II:2	OMIM:142900
3420	PMID_31774634_Goldblatt_et_al___2011__en-prompt.txt	PMID_31774634_Goldblatt_et_al._(2011)	OMIM:616914
3421	PMID_30580808_Ind_22_Fam_18_en-prompt.txt	PMID_30580808_Ind-22-Fam-18	OMIM:618362
3422	PMID_29469822_Family_5_II_4_en-prompt.txt	PMID_29469822_Family_5_II-4	OMIM:605275
3423	PMID_16965330_patient_13_en-prompt.txt	PMID_16965330_patient_13	OMIM:240300
3424	PMID_33731876_fam87_en-prompt.txt	PMID_33731876_fam87	OMIM:613721
3425	PMID_22258530_Patient_11_en-prompt.txt	PMID_22258530_Patient_11	OMIM:613477
3426	PMID_32376980_31_en-prompt.txt	PMID_32376980_31	OMIM:618164
3427	PMID_36446582_KBG35_en-prompt.txt	PMID_36446582_KBG35	OMIM:148050
3428	PMID_36446582_Parenti2021_P2_en-prompt.txt	PMID_36446582_Parenti2021_P2	OMIM:148050
3429	PMID_27040691_Individual_6_1_en-prompt.txt	PMID_27040691_Individual_6-1	OMIM:616900
3430	PMID_15731757_Family_6_II_2_en-prompt.txt	PMID_15731757_Family_6_II_2	OMIM:610168
3431	PMID_31068971_proband_en-prompt.txt	PMID_31068971_proband	OMIM:612840
3432	PMID_28065471_PI_1_en-prompt.txt	PMID_28065471_PI:1	OMIM:617402
3433	PMID_9398836_Family_J2_20_III_3_en-prompt.txt	PMID_9398836_Family_J2_20_III_3	OMIM:137920
3434	STX_S009_en-prompt.txt	STX_S009	OMIM:612164
3435	PMID_33766796_3_en-prompt.txt	PMID_33766796_3	OMIM:620157
3436	PMID_29050398_P3_en-prompt.txt	PMID_29050398_P3	OMIM:620540
3437	PMID_22158539_individual_3_en-prompt.txt	PMID_22158539_individual_3	OMIM:139210
3438	STX_HSJD_Patient_14_en-prompt.txt	STX_HSJD_Patient_14	OMIM:612164
3439	PMID_31527767_III_9_en-prompt.txt	PMID_31527767_III_9	OMIM:129600
3440	PMID_10662742_III_3_en-prompt.txt	PMID_10662742_III-3	OMIM:115200
3441	PMID_33731876_fam187_en-prompt.txt	PMID_33731876_fam187	OMIM:613721
3442	PMID_36996813_Individual_2_en-prompt.txt	PMID_36996813_Individual_2	OMIM:620371
3443	PMID_25835445_1_II_5__en-prompt.txt	PMID_25835445_1-II:5*	OMIM:615582
3444	PMID_36446582_Parenti2021_P11_en-prompt.txt	PMID_36446582_Parenti2021_P11	OMIM:148050
3445	STX_21770924_Patient_2_en-prompt.txt	STX_21770924_Patient_2	OMIM:612164
3446	PMID_17295247_Individual_III_3_en-prompt.txt	PMID_17295247_Individual_III_3	OMIM:306955
3447	PMID_25896430_Patient_1_en-prompt.txt	PMID_25896430_Patient_1	OMIM:147920
3448	PMID_33731876_fam366_en-prompt.txt	PMID_33731876_fam366	OMIM:613721
3449	STX_29264391_Patient_4_en-prompt.txt	STX_29264391_Patient_4	OMIM:612164
3450	PMID_33731876_fam236_en-prompt.txt	PMID_33731876_fam236	OMIM:613721
3451	PMID_36303223_individual_24_PMID_28629418_en-prompt.txt	PMID_36303223_individual_24_PMID_28629418	OMIM:272300
3452	PMID_33688495_IV_3_en-prompt.txt	PMID_33688495_IV-3	OMIM:615981
3453	PMID_22772368_4_II_1_en-prompt.txt	PMID_22772368_4_II_1	OMIM:614816
3454	PMID_30104866_Patient_en-prompt.txt	PMID_30104866_Patient	OMIM:606889
3455	PMID_32765928_Case_1_en-prompt.txt	PMID_32765928_Case_1	OMIM:151100
3456	PMID_36446582_Novara_2017_P11_en-prompt.txt	PMID_36446582_Novara_2017_P11	OMIM:148050
3457	PMID_29050284_proband_II_5_en-prompt.txt	PMID_29050284_proband_II_5	OMIM:203200
3458	PMID_37352860_Individual_7_en-prompt.txt	PMID_37352860_Individual_7	OMIM:620662
3459	PMID_23273567_individual_AII_1_en-prompt.txt	PMID_23273567_individual_AII_1	OMIM:258480
3460	PMID_33731876_fam8_en-prompt.txt	PMID_33731876_fam8	OMIM:607745
3461	PMID_11344241_II_2_en-prompt.txt	PMID_11344241_II-2	OMIM:151660
3462	PMID_36446582_Goldenberg2016_P3_en-prompt.txt	PMID_36446582_Goldenberg2016_P3	OMIM:148050
3463	PMID_34722527_individual_133_12_Hui_Wang_ComprehensiveM_en-prompt.txt	PMID_34722527_individual_133_12_Hui_Wang_ComprehensiveM	OMIM:613826
3464	STX_EG0685P_en-prompt.txt	STX_EG0685P	OMIM:612164
3465	PMID_33045405_Pitt_et_al___2015_B5_1_en-prompt.txt	PMID_33045405_Pitt_et_al.,_2015_B5-1	OMIM:605911
3466	PMID_18423521_Patient_5_en-prompt.txt	PMID_18423521_Patient_5	OMIM:113620
3467	STX_26865513_Patient_36_en-prompt.txt	STX_26865513_Patient_36	OMIM:612164
3468	PMID_24736735_G070__en-prompt.txt	PMID_24736735_G070_	OMIM:175700
3469	PMID_36355422_IV_2_en-prompt.txt	PMID_36355422_IV_2	OMIM:620745
3470	PMID_34722527_individual_LCATH4_1_Worapoj_Jinda_WholeExomeSeq_en-prompt.txt	PMID_34722527_individual_LCATH4_1_Worapoj_Jinda_WholeExomeSeq	OMIM:613826
3471	PMID_28137957_HIH21480_II_3_en-prompt.txt	PMID_28137957_HIH21480.II.3	OMIM:617225
3472	PMID_36303223_individual_19_PMID_23452914_en-prompt.txt	PMID_36303223_individual_19_PMID_23452914	OMIM:272300
3473	PMID_31239556_individual_39_en-prompt.txt	PMID_31239556_individual_39	OMIM:615502
3474	PMID_16283890_II_2_en-prompt.txt	PMID_16283890_II_2	OMIM:610168
3475	PMID_34722527_individual_153_6_Hui_Wang_ComprehensiveM_en-prompt.txt	PMID_34722527_individual_153_6_Hui_Wang_ComprehensiveM	OMIM:613826
3476	PMID_33539324_C_II_4_en-prompt.txt	PMID_33539324_C-II.4	OMIM:620456
3477	PMID_36446582_Sirmaci2011_P4_previously_published_Brancati_2004_en-prompt.txt	PMID_36446582_Sirmaci2011_P4_previously_published_Brancati_2004	OMIM:148050
3478	PMID_29707406_C_II_6_en-prompt.txt	PMID_29707406_C_II_6	OMIM:606854
3479	PMID_30580808_Ind_35_Fam_26_en-prompt.txt	PMID_30580808_Ind-35-Fam-26	OMIM:618362
3480	PMID_25168959_L43_en-prompt.txt	PMID_25168959_L43	OMIM:614608
3481	STX_BCH_009_en-prompt.txt	STX_BCH_009	OMIM:612164
3482	PMID_33731876_fam190_en-prompt.txt	PMID_33731876_fam190	OMIM:613721
3483	STX_STXBP1adult_Pt5_en-prompt.txt	STX_STXBP1adult_Pt5	OMIM:612164
3484	PMID_16882747_proband_en-prompt.txt	PMID_16882747_proband	OMIM:241850
3485	PMID_21358634_Family_4_en-prompt.txt	PMID_21358634_Family_4	OMIM:132800
3486	PMID_36553465_P23_en-prompt.txt	PMID_36553465_P23	OMIM:606574
3487	PMID_33731876_fam371_en-prompt.txt	PMID_33731876_fam371	OMIM:607745
3488	PMID_33731876_fam221_en-prompt.txt	PMID_33731876_fam221	OMIM:613721
3489	PMID_37962958_41_en-prompt.txt	PMID_37962958_41	OMIM:620535
3490	PMID_29469822_Family_4_II_1_en-prompt.txt	PMID_29469822_Family_4_II-1	OMIM:605275
3491	PMID_37196654_Individual_3_en-prompt.txt	PMID_37196654_Individual_3	OMIM:618505
3492	PMID_34722527_individual_individual_4_Juliana_Maria_Ferraz_Sallum1_3_Clinicalandmo_en-prompt.txt	PMID_34722527_individual_individual_4_Juliana_Maria_Ferraz_Sallum1_3_Clinicalandmo	OMIM:613826
3493	PMID_20375004_1_III_2_en-prompt.txt	PMID_20375004_1-III:2	OMIM:184900
3494	PMID_25477417_F12_1_en-prompt.txt	PMID_25477417_F12_1	OMIM:248250
3495	PMID_28940506_Family_14_Individual_18_en-prompt.txt	PMID_28940506_Family_14_Individual_18	OMIM:615471
3496	STX_22596016_Case_Report_en-prompt.txt	STX_22596016_Case_Report	OMIM:612164
3497	PMID_29330883_Subject_9_en-prompt.txt	PMID_29330883_Subject_9	OMIM:616975
3498	PMID_28403827_IV_3_en-prompt.txt	PMID_28403827_IV_3	OMIM:614931
3499	PMID_37761890_15__en-prompt.txt	PMID_37761890_15 	OMIM:616362
3500	PMID_21217753_Fam_1_IV_19_en-prompt.txt	PMID_21217753_Fam_1_IV-19	OMIM:613795
3501	PMID_33633439_17413_I_2_en-prompt.txt	PMID_33633439_17413_I_2	OMIM:620731
3502	PMID_29196670_Patient_6_en-prompt.txt	PMID_29196670_Patient_6	OMIM:191100
3503	PMID_33731876_fam10_en-prompt.txt	PMID_33731876_fam10	OMIM:613721
3504	PMID_36331550_Family_19_Patient_24_en-prompt.txt	PMID_36331550_Family_19_Patient_24	OMIM:620540
3505	PMID_30356099_Patient_4_en-prompt.txt	PMID_30356099_Patient_4	OMIM:616211
3506	PMID_33087723_C1_en-prompt.txt	PMID_33087723_C1	OMIM:619375
3507	PMID_28202457_F1_II_4_en-prompt.txt	PMID_28202457_F1_II_4	OMIM:159550
3508	PMID_10939567_Spo27_en-prompt.txt	PMID_10939567_Spo27	OMIM:181350
3509	PMID_34722527_individual_MOL0358_6_13_Beryozkin_Current_en-prompt.txt	PMID_34722527_individual_MOL0358_6_13_Beryozkin_Current	OMIM:608194
3510	PMID_30580808_Ind_11_Fam_11_en-prompt.txt	PMID_30580808_Ind-11-Fam-11	OMIM:618362
3511	PMID_34722527_individual_61312_1_Lin_Li_HomozygosityMa_en-prompt.txt	PMID_34722527_individual_61312_1_Lin_Li_HomozygosityMa	OMIM:613826
3512	PMID_25835445_1_IV_2__en-prompt.txt	PMID_25835445_1-IV:2*	OMIM:615582
3513	PMID_27861123_Patient_3_en-prompt.txt	PMID_27861123_Patient_3	OMIM:614021
3514	PMID_25835445_3_II_2__en-prompt.txt	PMID_25835445_3-II:2*	OMIM:615582
3515	PMID_33731876_fam83_en-prompt.txt	PMID_33731876_fam83	OMIM:613721
3516	PMID_29174093_proband_en-prompt.txt	PMID_29174093_proband	OMIM:616973
3517	PMID_37761890_6__en-prompt.txt	PMID_37761890_6 	OMIM:616362
3518	STX_Syrbe_26_en-prompt.txt	STX_Syrbe_26	OMIM:612164
3519	STX_HSJD_Patient_9_en-prompt.txt	STX_HSJD_Patient_9	OMIM:612164
3520	PMID_32376980_35_en-prompt.txt	PMID_32376980_35	OMIM:618164
3521	PMID_12789647_K11_II_2_en-prompt.txt	PMID_12789647_K11:II-2	OMIM:142900
3522	PMID_30509212_male_en-prompt.txt	PMID_30509212_male	OMIM:300867
3523	PMID_33576469_Patient_4_en-prompt.txt	PMID_33576469_Patient_4	OMIM:129600
3524	PMID_34722527_individual_048_051_1_Thaddeus_P__Dryja_Null_RPGRIP1_Al_en-prompt.txt	PMID_34722527_individual_048-051_1_Thaddeus_P__Dryja_Null RPGRIP1 Al	OMIM:613826
3525	PMID_37880421_Family_1_II_3_en-prompt.txt	PMID_37880421_Family_1_II_3	OMIM:620653
3526	PMID_36446582_Parenti2021_P6_en-prompt.txt	PMID_36446582_Parenti2021_P6	OMIM:148050
3527	PMID_36553465_P8_en-prompt.txt	PMID_36553465_P8	OMIM:606574
3528	PMID_36446582_VanDongen2019_P3_en-prompt.txt	PMID_36446582_VanDongen2019_P3	OMIM:148050
3529	STX_26514728_Patient_14_en-prompt.txt	STX_26514728_Patient_14	OMIM:612164
3530	PMID_18669544_FO_02_en-prompt.txt	PMID_18669544_FO-02	OMIM:209900
3531	PMID_24220024_7_year_old_Japanese_boy_en-prompt.txt	PMID_24220024_7_year_old_Japanese_boy	OMIM:610168
3532	PMID_35874597_Case_1_en-prompt.txt	PMID_35874597_Case_1	OMIM:620537
3533	PMID_15499950_15499950_P6_en-prompt.txt	PMID_15499950_15499950_P6	OMIM:604377
3534	PMID_27153400_Family_C_IV_7_en-prompt.txt	PMID_27153400_Family_C_IV_7	OMIM:616907
3535	PMID_20519243_1_en-prompt.txt	PMID_20519243_1	OMIM:142900
3536	PMID_15781812_individual_148_en-prompt.txt	PMID_15781812_individual_148	OMIM:620681
3537	PMID_27738187_Patient_2_en-prompt.txt	PMID_27738187_Patient_2	OMIM:617180
3538	PMID_33731876_fam103_en-prompt.txt	PMID_33731876_fam103	OMIM:613721
3539	PMID_22964873_22964873_P1_en-prompt.txt	PMID_22964873_22964873_P1	OMIM:256810
3540	PMID_34023347_34023347_P1_en-prompt.txt	PMID_34023347_34023347_P1	OMIM:256810
3541	PMID_31239556_individual_17_en-prompt.txt	PMID_31239556_individual_17	OMIM:615502
3542	PMID_22772371_MS239_IV_12_en-prompt.txt	PMID_22772371_MS239_IV_12	OMIM:614816
3543	PMID_11175294_D36_en-prompt.txt	PMID_11175294_D36	OMIM:154700
3544	PMID_21358634_Family_13_en-prompt.txt	PMID_21358634_Family_13	OMIM:132800
3545	PMID_27991736_proband_III_2_en-prompt.txt	PMID_27991736_proband_III_2	OMIM:147920
3546	PMID_28074573_HC1_en-prompt.txt	PMID_28074573_HC1	OMIM:163950
3547	PMID_28069640_R__VI13__en-prompt.txt	PMID_28069640_R_(VI13)	OMIM:620519
3548	PMID_24736735_G001__en-prompt.txt	PMID_24736735_G001_	OMIM:146510
3549	PMID_19776401_Patient_5_1_en-prompt.txt	PMID_19776401_Patient_5-1	OMIM:243700
3550	PMID_22772371_TAA288_III_9_en-prompt.txt	PMID_22772371_TAA288_III_9	OMIM:614816
3551	PMID_16912710_Individual_F1234__II_2__en-prompt.txt	PMID_16912710_Individual_F1234_(II-2)	OMIM:614199
3552	PMID_22541558_individual_Q_1_en-prompt.txt	PMID_22541558_individual_Q_1	OMIM:154400
3553	STX_31054490_Patient_2_en-prompt.txt	STX_31054490_Patient_2	OMIM:612164
3554	STX_23533165_Patient_1_en-prompt.txt	STX_23533165_Patient_1	OMIM:612164
3555	PMID_33731876_fam348_en-prompt.txt	PMID_33731876_fam348	OMIM:613721
3556	PMID_8282779_I_1_en-prompt.txt	PMID_8282779_I/1	OMIM:612653
3557	PMID_31332438_C_III_2_en-prompt.txt	PMID_31332438_C:III:2	OMIM:620528
3558	PMID_33731876_fam114_en-prompt.txt	PMID_33731876_fam114	OMIM:613721
3559	PMID_31021519_SATB2_54_from_Zarate_et_al__2018a_en-prompt.txt	PMID_31021519_SATB2_54_from_Zarate_et_al__2018a	OMIM:612313
3560	PMID_36446582_Novara_2017_P2_en-prompt.txt	PMID_36446582_Novara_2017_P2	OMIM:148050
3561	PMID_36446582_Low_2016_P2_26_en-prompt.txt	PMID_36446582_Low_2016_P2_26	OMIM:148050
3562	PMID_29907796_Patient_2_en-prompt.txt	PMID_29907796_Patient_2	OMIM:614608
3563	PMID_20887961_Patient_1_en-prompt.txt	PMID_20887961_Patient_1	OMIM:600920
3564	PMID_36331550_Family_9_Patient_11_en-prompt.txt	PMID_36331550_Family_9_Patient_11	OMIM:620540
3565	PMID_36047608_Patient_5_F4_II_2_en-prompt.txt	PMID_36047608_Patient_5_F4_II_2	OMIM:620666
3566	PMID_36446582_Scarano_2013_P12_en-prompt.txt	PMID_36446582_Scarano_2013_P12	OMIM:148050
3567	PMID_35977029_family_9_en-prompt.txt	PMID_35977029_family_9	OMIM:620494
3568	PMID_12203992_D62_en-prompt.txt	PMID_12203992_D62	OMIM:154700
3569	PMID_33731876_fam29_en-prompt.txt	PMID_33731876_fam29	OMIM:613721
3570	PMID_18256394_7_en-prompt.txt	PMID_18256394_7	OMIM:176670
3571	PMID_18816383_index_case_en-prompt.txt	PMID_18816383_index_case	OMIM:248250
3572	PMID_31774634_XH601_en-prompt.txt	PMID_31774634_XH601	OMIM:616914
3573	PMID_23222957_Family_6_6_1_en-prompt.txt	PMID_23222957_Family_6_6.1	OMIM:242840
3574	PMID_25868664_Family_14_Case_13_en-prompt.txt	PMID_25868664_Family_14_Case_13	OMIM:615471
3575	STX_31387522_Patient_9_en-prompt.txt	STX_31387522_Patient_9	OMIM:612164
3576	PMID_18256394_15_en-prompt.txt	PMID_18256394_15	OMIM:176670
3577	PMID_24355708_ARCA_05_individual_1_en-prompt.txt	PMID_24355708_ARCA_05_individual_1	OMIM:215470
3578	PMID_10580070_B_IV_1_en-prompt.txt	PMID_10580070_B_IV-1	OMIM:115200
3579	PMID_33731876_fam94_en-prompt.txt	PMID_33731876_fam94	OMIM:613721
3580	PMID_35344616_A9_en-prompt.txt	PMID_35344616_A9	OMIM:268310
3581	PMID_32376980_22_en-prompt.txt	PMID_32376980_22	OMIM:618164
3582	PMID_20074988__20074988_P5_en-prompt.txt	PMID_20074988__20074988_P5	OMIM:256810
3583	PMID_36446582_Low_2016_P1_19_en-prompt.txt	PMID_36446582_Low_2016_P1_19	OMIM:148050
3584	PMID_36446582_KBG26_en-prompt.txt	PMID_36446582_KBG26	OMIM:148050
3585	PMID_34521999_14_en-prompt.txt	PMID_34521999_14	OMIM:617140
3586	PMID_33087723_E2_en-prompt.txt	PMID_33087723_E2	OMIM:619375
3587	PMID_36745799_V_9_en-prompt.txt	PMID_36745799_V:9	OMIM:620375
3588	PMID_17534187_HH24_en-prompt.txt	PMID_17534187_HH24	OMIM:142900
3589	PMID_33731876_fam73_en-prompt.txt	PMID_33731876_fam73	OMIM:613721
3590	PMID_37761890_9__en-prompt.txt	PMID_37761890_9 	OMIM:616362
3591	PMID_25411445_Abdel_Salam_et_al_II_4_en-prompt.txt	PMID_25411445_Abdel_Salam_et_al_II_4	OMIM:616211
3592	PMID_25835445_3_III_2__en-prompt.txt	PMID_25835445_3-III:2*	OMIM:615582
3593	PMID_20375004_2_IV_2_en-prompt.txt	PMID_20375004_2-IV:2	OMIM:184900
3594	PMID_18930476_individual_III2_en-prompt.txt	PMID_18930476_individual_III2	OMIM:614321
3595	PMID_31021519_individual_SATB2_135_en-prompt.txt	PMID_31021519_individual_SATB2_135	OMIM:612313
3596	PMID_24894789_24894789_P1_en-prompt.txt	PMID_24894789_24894789_P1	OMIM:256810
3597	PMID_10939567_EMD1_IV_14_en-prompt.txt	PMID_10939567_EMD1_IV-14	OMIM:181350
3598	PMID_37962958_22_en-prompt.txt	PMID_37962958_22	OMIM:620535
3599	PMID_34722527_individual_individual_1_Juliana_Maria_Ferraz_Sallum1_9_Clinicalandmo_en-prompt.txt	PMID_34722527_individual_individual_1_Juliana_Maria_Ferraz_Sallum1_9_Clinicalandmo	OMIM:613826
3600	PMID_16705067_Patient_1_sister_en-prompt.txt	PMID_16705067_Patient_1_sister	OMIM:248250
3601	PMID_33766796_19_en-prompt.txt	PMID_33766796_19	OMIM:620157
3602	PMID_36446582_Ockeloen2015_P2_en-prompt.txt	PMID_36446582_Ockeloen2015_P2	OMIM:148050
3603	PMID_33731876_fam312_en-prompt.txt	PMID_33731876_fam312	OMIM:613721
3604	PMID_33731876_fam242_en-prompt.txt	PMID_33731876_fam242	OMIM:613721
3605	PMID_25868664_Family_20_Case_19_en-prompt.txt	PMID_25868664_Family_20_Case_19	OMIM:615471
3606	PMID_19818506_Patient_3_en-prompt.txt	PMID_19818506_Patient_3	OMIM:608415
3607	PMID_15654695_Patient_3_en-prompt.txt	PMID_15654695_Patient_3	OMIM:615982
3608	PMID_36189931_Individual_7_en-prompt.txt	PMID_36189931_Individual_7	OMIM:130050
3609	PMID_37541189_Individual_5_en-prompt.txt	PMID_37541189_Individual_5	OMIM:620688
3610	STX_26865513_Patient_42_en-prompt.txt	STX_26865513_Patient_42	OMIM:612164
3611	PMID_24736735_G14331__en-prompt.txt	PMID_24736735_G14331_	OMIM:175700
3612	STX_G3_P33_en-prompt.txt	STX_G3_P33	OMIM:612164
3613	PMID_37196654_Individual_50__DEASD_0129_001__en-prompt.txt	PMID_37196654_Individual_50_(DEASD_0129_001)	OMIM:618505
3614	PMID_28074573_CR1_en-prompt.txt	PMID_28074573_CR1	OMIM:163950
3615	PMID_26667307_III_3_en-prompt.txt	PMID_26667307_III_3	OMIM:236200
3616	PMID_37196654_Individual_21_en-prompt.txt	PMID_37196654_Individual_21	OMIM:618505
3617	PMID_20082460_case_3_en-prompt.txt	PMID_20082460_case_3	OMIM:305400
3618	PMID_36446582_Gnazzo_2020_P20_en-prompt.txt	PMID_36446582_Gnazzo_2020_P20	OMIM:148050
3619	PMID_25168959_L37_en-prompt.txt	PMID_25168959_L37	OMIM:614608
3620	PMID_36446582_Kutkowska_Kazmierczak2021_P19_en-prompt.txt	PMID_36446582_Kutkowska_Kazmierczak2021_P19	OMIM:148050
3621	PMID_24736735_G080_F___en-prompt.txt	PMID_24736735_G080_F*_	OMIM:146510
3622	PMID_36074901_26_en-prompt.txt	PMID_36074901_26	OMIM:620465
3623	PMID_28007986_A_VI1__en-prompt.txt	PMID_28007986_A(VI1)	OMIM:617527
3624	PMID_36446582_Goldenberg2016_P13_en-prompt.txt	PMID_36446582_Goldenberg2016_P13	OMIM:148050
3625	PMID_11175294_B15_en-prompt.txt	PMID_11175294_B15	OMIM:154700
3626	PMID_36446582_Low_2016_P14_2_en-prompt.txt	PMID_36446582_Low_2016_P14_2	OMIM:148050
3627	PMID_33731876_fam159_en-prompt.txt	PMID_33731876_fam159	OMIM:613721
3628	PMID_32710489_Group_1_Patient_12_en-prompt.txt	PMID_32710489_Group_1_Patient_12	OMIM:620155
3629	PMID_34722527_individual_MEP50_11_Martin_McKibbin_Genotype_Phenot_en-prompt.txt	PMID_34722527_individual_MEP50_11_Martin_McKibbin_Genotype-Phenot	OMIM:613826
3630	PMID_30580808_Gofin_Subject_5_Fam_53_en-prompt.txt	PMID_30580808_Gofin_Subject_5-Fam-53	OMIM:618362
3631	PMID_37075751_Individual_16_en-prompt.txt	PMID_37075751_Individual_16	OMIM:616462
3632	PMID_16865293_Family_3_individual_12Y_en-prompt.txt	PMID_16865293_Family_3_individual_12Y	OMIM:216400
3633	PMID_36586412_18_en-prompt.txt	PMID_36586412_18	OMIM:301111
3634	STX_EG1684P_en-prompt.txt	STX_EG1684P	OMIM:612164
3635	PMID_33731876_fam255_en-prompt.txt	PMID_33731876_fam255	OMIM:613721
3636	PMID_30580808_Sun_case_Fam_50_en-prompt.txt	PMID_30580808_Sun_case-Fam-50	OMIM:618362
3637	PMID_12789647_K7_II_1_en-prompt.txt	PMID_12789647_K7:II-1	OMIM:142900
3638	PMID_22956686_558_IV_3_en-prompt.txt	PMID_22956686_558-IV-3	OMIM:614923
3639	PMID_33045405_Zhang_et_al___2019__patient_1_en-prompt.txt	PMID_33045405_Zhang_et_al._(2019)_patient_1	OMIM:605911
3640	PMID_29318572_29318572_P1_en-prompt.txt	PMID_29318572_29318572_P1	OMIM:256810
3641	PMID_17661820_3_en-prompt.txt	PMID_17661820_3	OMIM:163950
3642	PMID_15266616_77_en-prompt.txt	PMID_15266616_77	OMIM:147791
3643	PMID_35470444_P8_en-prompt.txt	PMID_35470444_P8	OMIM:620568
3644	PMID_37054711_Family_8_1_Subject_11_en-prompt.txt	PMID_37054711_Family_8-1_Subject_11	OMIM:620428
3645	PMID_36190515_Patient_3_en-prompt.txt	PMID_36190515_Patient_3	OMIM:620423
3646	PMID_29198722_p_Arg913Ter_Affected_Individual_7_en-prompt.txt	PMID_29198722_p.Arg913Ter_Affected_Individual_7	OMIM:617865
3647	PMID_36446582_Murray_2017_P11_8_1_en-prompt.txt	PMID_36446582_Murray_2017_P11_8_1	OMIM:148050
3648	PMID_34722527_individual_MOL0358_5_12_Beryozkin_Current_en-prompt.txt	PMID_34722527_individual_MOL0358_5_12_Beryozkin_Current	OMIM:608194
3649	PMID_21533187_family_D_en-prompt.txt	PMID_21533187_family_D	OMIM:156250
3650	PMID_31021519_individual_SATB2_122_en-prompt.txt	PMID_31021519_individual_SATB2_122	OMIM:612313
3651	PMID_34722527_individual_patient2_2_Shigeru_Sato_Novelmutation_en-prompt.txt	PMID_34722527_individual_patient2_2_Shigeru_Sato_Novelmutation	OMIM:613826
3652	PMID_28940506_Family_13_Individual_14_en-prompt.txt	PMID_28940506_Family_13_Individual_14	OMIM:615471
3653	PMID_21660509_PKDF1048b_en-prompt.txt	PMID_21660509_PKDF1048b	OMIM:601869
3654	STX_P_38_en-prompt.txt	STX_P_38	OMIM:612164
3655	PMID_37962958_35_en-prompt.txt	PMID_37962958_35	OMIM:620535
3656	STX_29023665_No_ID_1_en-prompt.txt	STX_29023665_No_ID_1	OMIM:612164
3657	PMID_11175294_D1_en-prompt.txt	PMID_11175294_D1	OMIM:154700
3658	PMID_29127725_Patient_2_en-prompt.txt	PMID_29127725_Patient_2	OMIM:174300
3659	PMID__33890291_Proband_2_en-prompt.txt	PMID__33890291_Proband_2	OMIM:620423
3660	PMID_35150594_H_III_1_en-prompt.txt	PMID_35150594_H:III:1	OMIM:620538
3661	PMID_15266616_138_en-prompt.txt	PMID_15266616_138	OMIM:147791
3662	PMID_36446582_Walz2015_PE_en-prompt.txt	PMID_36446582_Walz2015_PE	OMIM:148050
3663	PMID_23714749_23714749_P4_en-prompt.txt	PMID_23714749_23714749_P4	OMIM:256810
3664	PMID_27743463_S1_en-prompt.txt	PMID_27743463_S1	OMIM:615471
3665	PMID_36446582_Murray_2017_P4_2_1_en-prompt.txt	PMID_36446582_Murray_2017_P4_2_1	OMIM:148050
3666	PMID_24736735_G118__en-prompt.txt	PMID_24736735_G118_	OMIM:175700
3667	PMID_33731876_fam64_en-prompt.txt	PMID_33731876_fam64	OMIM:613721
3668	PMID_34722527_individual_individual_8_Hui_Wang_ComprehensiveM_en-prompt.txt	PMID_34722527_individual_individual_8_Hui_Wang_ComprehensiveM	OMIM:613826
3669	PMID_29382611_proband_II_5_en-prompt.txt	PMID_29382611_proband_II_5	OMIM:613849
3670	PMID_36446582_KBG45_en-prompt.txt	PMID_36446582_KBG45	OMIM:148050
3671	PMID_32376980_41_en-prompt.txt	PMID_32376980_41	OMIM:618164
3672	PMID_18513678_individual_5030_en-prompt.txt	PMID_18513678_individual_5030	OMIM:260300
3673	PMID_34722527_individual_P030_1_Hui_Huang_Targetednextg_en-prompt.txt	PMID_34722527_individual_P030_1_Hui_Huang_Targetednextg	OMIM:613826
3674	PMID_28148925_proband_en-prompt.txt	PMID_28148925_proband	OMIM:600373
3675	STX_P_16_en-prompt.txt	STX_P_16	OMIM:612164
3676	PMID_26805782_F3_II_1_en-prompt.txt	PMID_26805782_F3_II_1	OMIM:616878
3677	PMID_32869508_11_month_old_boy_en-prompt.txt	PMID_32869508_11_month_old_boy	OMIM:248250
3678	PMID_20683840_II_13_en-prompt.txt	PMID_20683840_II-13	OMIM:606693
3679	PMID_15266616_116_en-prompt.txt	PMID_15266616_116	OMIM:147791
3680	PMID_25477417_F3_4_en-prompt.txt	PMID_25477417_F3_4	OMIM:248250
3681	PMID_34722527_individual_individual_2_Li_Huang_Moleculargenet_en-prompt.txt	PMID_34722527_individual_individual_2_Li_Huang_Moleculargenet	OMIM:613826
3682	PMID_36303223_individual_12_PMID_12112661_en-prompt.txt	PMID_36303223_individual_12_PMID_12112661	OMIM:272300
3683	PMID_31021519_SATB2_57_from_Zarate_et_al__2018a_en-prompt.txt	PMID_31021519_SATB2_57_from_Zarate_et_al__2018a	OMIM:612313
3684	PMID_16501001_patient_en-prompt.txt	PMID_16501001_patient	OMIM:248250
3685	PMID_12165566_IV_11_en-prompt.txt	PMID_12165566_IV_11	OMIM:241850
3686	PMID_37156989_P1_en-prompt.txt	PMID_37156989_P1	OMIM:619375
3687	PMID_33731876_fam396_en-prompt.txt	PMID_33731876_fam396	OMIM:613721
3688	PMID_36446582_KBG9_en-prompt.txt	PMID_36446582_KBG9	OMIM:148050
3689	PMID_35344616_A17_en-prompt.txt	PMID_35344616_A17	OMIM:268310
3690	PMID_33731876_fam402_en-prompt.txt	PMID_33731876_fam402	OMIM:613721
3691	PMID_37196654_Individual_18_en-prompt.txt	PMID_37196654_Individual_18	OMIM:618505
3692	PMID_33731876_fam177_en-prompt.txt	PMID_33731876_fam177	OMIM:613721
3693	PMID_12789647_K4_I_2_en-prompt.txt	PMID_12789647_K4:I-2	OMIM:142900
3694	PMID_36446582_Gnazzo_2020_P19_en-prompt.txt	PMID_36446582_Gnazzo_2020_P19	OMIM:148050
3695	PMID_34722527_individual_individual_1_Juliana_Maria_Ferraz_Sallum1_11_Clinicalandmo_en-prompt.txt	PMID_34722527_individual_individual_1_Juliana_Maria_Ferraz_Sallum1_11_Clinicalandmo	OMIM:613826
3696	PMID_36528028_Individual_14_en-prompt.txt	PMID_36528028_Individual_14	OMIM:620455
3697	PMID_36446582_Low_2016_P6_7_en-prompt.txt	PMID_36446582_Low_2016_P6_7	OMIM:148050
3698	STX_29896790_P7_en-prompt.txt	STX_29896790_P7	OMIM:612164
3699	PMID_26805781_Family_8_Subject_9_II_2_en-prompt.txt	PMID_26805781_Family_8_Subject_9_II_2	OMIM:616878
3700	PMID_36965478_Individual_1_en-prompt.txt	PMID_36965478_Individual_1	OMIM:620515
3701	PMID_36189931_Individual_26_en-prompt.txt	PMID_36189931_Individual_26	OMIM:130050
3702	PMID_21367767_F39_III_4_en-prompt.txt	PMID_21367767_F39_III_4	OMIM:606658
3703	PMID_29297947_29297947_P2_en-prompt.txt	PMID_29297947_29297947_P2	OMIM:616370
3704	PMID_31021519_Case_1_from_Brewer_et_al_en-prompt.txt	PMID_31021519_Case_1_from_Brewer_et_al	OMIM:612313
3705	PMID_36586412_21_en-prompt.txt	PMID_36586412_21	OMIM:301111
3706	PMID_35112411_35112411_P2_en-prompt.txt	PMID_35112411_35112411_P2	OMIM:604377
3707	PMID_30103036_Patient_1_en-prompt.txt	PMID_30103036_Patient_1	OMIM:616900
3708	PMID_25835445_2_IV_2__en-prompt.txt	PMID_25835445_2-IV:2*	OMIM:615582
3709	PMID_34722527_individual_individual_9_Hui_Wang_ComprehensiveM_en-prompt.txt	PMID_34722527_individual_individual_9_Hui_Wang_ComprehensiveM	OMIM:613826
3710	PMID_36189931_Individual_31_en-prompt.txt	PMID_36189931_Individual_31	OMIM:130050
3711	PMID_36446582_Crippa2015_P1_en-prompt.txt	PMID_36446582_Crippa2015_P1	OMIM:148050
3712	PMID_36446582_Murray_2017_P12_9_1_en-prompt.txt	PMID_36446582_Murray_2017_P12_9_1	OMIM:148050
3713	PMID_37071997_Individual_2_en-prompt.txt	PMID_37071997_Individual_2	OMIM:616211
3714	PMID_33731876_fam381_en-prompt.txt	PMID_33731876_fam381	OMIM:613721
3715	PMID_12203992_D16_en-prompt.txt	PMID_12203992_D16	OMIM:154700
3716	PMID_36446582_Kutkowska_Kazmierczak2021_P20_en-prompt.txt	PMID_36446582_Kutkowska_Kazmierczak2021_P20	OMIM:148050
3717	STX_23934111_cu_en-prompt.txt	STX_23934111_cu	OMIM:612164
3718	PMID_33731876_fam415_en-prompt.txt	PMID_33731876_fam415	OMIM:613721
3719	PMID_10756346_B32_en-prompt.txt	PMID_10756346_B32	OMIM:154700
3720	PMID_35150594_I_I_1_en-prompt.txt	PMID_35150594_I:I:1	OMIM:620538
3721	PMID_34722527_individual_MEP1_4_Martin_McKibbin_Genotype_Phenot_en-prompt.txt	PMID_34722527_individual_MEP1_4_Martin_McKibbin_Genotype-Phenot	OMIM:613826
3722	PMID_28074573_GC1_en-prompt.txt	PMID_28074573_GC1	OMIM:163950
3723	PMID_33731876_fam160_en-prompt.txt	PMID_33731876_fam160	OMIM:613721
3724	STX_EG1379P_en-prompt.txt	STX_EG1379P	OMIM:612164
3725	PMID_24739679_patient_K2_en-prompt.txt	PMID_24739679_patient_K2	OMIM:147920
3726	PMID_21217753_Fam_1_III_6_en-prompt.txt	PMID_21217753_Fam_1_III-6	OMIM:613795
3727	PMID_34722527_individual_QT587_2_Lin_Li_DetectionofVa_en-prompt.txt	PMID_34722527_individual_QT587_2_Lin_Li_DetectionofVa	OMIM:613826
3728	PMID_15266616_101_en-prompt.txt	PMID_15266616_101	OMIM:147791
3729	PMID_34722527_individual_MOL0358_1_10_Beryozkin_Current_en-prompt.txt	PMID_34722527_individual_MOL0358_1_10_Beryozkin_Current	OMIM:608194
3730	PMID_36446582_KBG52_en-prompt.txt	PMID_36446582_KBG52	OMIM:148050
3731	PMID_16865293_Family_1_individual_3Y8M_en-prompt.txt	PMID_16865293_Family_1_individual_3Y8M	OMIM:216400
3732	PMID_18513678_individual_5027_en-prompt.txt	PMID_18513678_individual_5027	OMIM:260300
3733	PMID_31548836_Family_C_II1_en-prompt.txt	PMID_31548836_Family_C_II1	OMIM:119600
3734	PMID_16865293_Family_5_individual_10Y11M_en-prompt.txt	PMID_16865293_Family_5_individual_10Y11M	OMIM:216400
3735	PMID_20461149_index_en-prompt.txt	PMID_20461149_index	OMIM:113620
3736	STX_26384463_Patient_2_en-prompt.txt	STX_26384463_Patient_2	OMIM:612164
3737	PMID_36446582_Libianto2019_en-prompt.txt	PMID_36446582_Libianto2019	OMIM:148050
3738	STX_P_01_en-prompt.txt	STX_P_01	OMIM:612164
3739	PMID_36446582_Walz2015_PA_en-prompt.txt	PMID_36446582_Walz2015_PA	OMIM:148050
3740	STX_29718889_Case_en-prompt.txt	STX_29718889_Case	OMIM:612164
3741	PMID_33087723_D1_en-prompt.txt	PMID_33087723_D1	OMIM:619375
3742	PMID_27743463_S5_en-prompt.txt	PMID_27743463_S5	OMIM:615471
3743	PMID_34722527_individual_individual_2_Naeimeh_Tayebi_Targetednextg_en-prompt.txt	PMID_34722527_individual_individual_2_Naeimeh_Tayebi_Targetednextg	OMIM:613826
3744	PMID_28285769_Individual_1_II_4_en-prompt.txt	PMID_28285769_Individual_1_II_4	OMIM:250410
3745	PMID_33731876_fam60_en-prompt.txt	PMID_33731876_fam60	OMIM:613721
3746	PMID_31332438_A_III_2_en-prompt.txt	PMID_31332438_A:III:2	OMIM:620528
3747	PMID_25868664_Family_7_Case_1_en-prompt.txt	PMID_25868664_Family_7_Case_1	OMIM:615471
3748	PMID_29198722_p_Arg913Ter_Affected_Individual_3_en-prompt.txt	PMID_29198722_p.Arg913Ter_Affected_Individual_3	OMIM:617865
3749	PMID_23993195_Individual_1_en-prompt.txt	PMID_23993195_Individual_1	OMIM:615473
3750	PMID_37761890_12__en-prompt.txt	PMID_37761890_12 	OMIM:616362
3751	PMID_9817917_Family_1_individual_5519_en-prompt.txt	PMID_9817917_Family_1_individual_5519	OMIM:222300
3752	PMID_22541558_individual_K_1_en-prompt.txt	PMID_22541558_individual_K_1	OMIM:154400
3753	PMID_31021519_individual_SATB2_126_en-prompt.txt	PMID_31021519_individual_SATB2_126	OMIM:612313
3754	STX_EG0395P_en-prompt.txt	STX_EG0395P	OMIM:612164
3755	PMID_36745799_V_13_en-prompt.txt	PMID_36745799_V:13	OMIM:620375
3756	PMID_9312167_A_II_6_en-prompt.txt	PMID_9312167_A:II:6	OMIM:179800
3757	STX_31344879_Patient4_en-prompt.txt	STX_31344879_Patient4	OMIM:612164
3758	PMID_9312167_A_III_2_en-prompt.txt	PMID_9312167_A:III:2	OMIM:179800
3759	PMID_37962958_31_en-prompt.txt	PMID_37962958_31	OMIM:620535
3760	PMID_33731876_fam251_en-prompt.txt	PMID_33731876_fam251	OMIM:613721
3761	PMID_33731876_fam301_en-prompt.txt	PMID_33731876_fam301	OMIM:613721
3762	PMID_10939567_EMD4_III_8_en-prompt.txt	PMID_10939567_EMD4_III-8	OMIM:181350
3763	PMID_30580808_Machol_Ind_2_Fam_32_en-prompt.txt	PMID_30580808_Machol_Ind_2-Fam-32	OMIM:618362
3764	PMID_32404357_III_2_en-prompt.txt	PMID_32404357_III_2	OMIM:129600
3765	STX_EG0451P_en-prompt.txt	STX_EG0451P	OMIM:612164
3766	PMID_17661820_7_en-prompt.txt	PMID_17661820_7	OMIM:163950
3767	PMID_34722527_individual_SED_4_Gerber_S_Completeexon_i_en-prompt.txt	PMID_34722527_individual_SED_4_Gerber_S_Completeexon-i	OMIM:613826
3768	PMID_35150594_L_II_1_en-prompt.txt	PMID_35150594_L:II:1	OMIM:620538
3769	PMID_34722527_individual_individual_7_Juliana_Maria_Ferraz_Sallum1_3_Clinicalandmo_en-prompt.txt	PMID_34722527_individual_individual_7_Juliana_Maria_Ferraz_Sallum1_3_Clinicalandmo	OMIM:613826
3770	PMID_12203992_B52_en-prompt.txt	PMID_12203992_B52	OMIM:154700
3771	PMID_10874631_II_2_en-prompt.txt	PMID_10874631_II.2	OMIM:601718
3772	PMID_36074901_22_en-prompt.txt	PMID_36074901_22	OMIM:620465
3773	PMID_8664912_Patient_0544_twin_2_en-prompt.txt	PMID_8664912_Patient_0544_twin_2	OMIM:162200
3774	PMID_36446582_Goldenberg2016_P17_en-prompt.txt	PMID_36446582_Goldenberg2016_P17	OMIM:148050
3775	PMID_37711075_Family_2_MR176_0_en-prompt.txt	PMID_37711075_Family_2_MR176_0	OMIM:620546
3776	PMID_31021519_271044_from_Bengani_et_al_en-prompt.txt	PMID_31021519_271044_from_Bengani_et_al	OMIM:612313
3777	PMID_25835445_4_III_2_en-prompt.txt	PMID_25835445_4-III:2	OMIM:615582
3778	PMID_37196654_Individual_32_en-prompt.txt	PMID_37196654_Individual_32	OMIM:618505
3779	PMID_37075751_Individual_12_en-prompt.txt	PMID_37075751_Individual_12	OMIM:616462
3780	PMID_36303223_individual_7_PMID_12112661_en-prompt.txt	PMID_36303223_individual_7_PMID_12112661	OMIM:272300
3781	PMID_28434921_a_6_month_old_female_en-prompt.txt	PMID_28434921_a_6-month-old_female	OMIM:142900
3782	STX_26648591_Patient_2_en-prompt.txt	STX_26648591_Patient_2	OMIM:612164
3783	PMID_36331550_Family_15_Patient_20_en-prompt.txt	PMID_36331550_Family_15_Patient_20	OMIM:620540
3784	PMID_28851325_Case_1_en-prompt.txt	PMID_28851325_Case_1	OMIM:613454
3785	PMID_36446582_Gnazzo_2020_P24_en-prompt.txt	PMID_36446582_Gnazzo_2020_P24	OMIM:148050
3786	PMID_20082460_case_7_en-prompt.txt	PMID_20082460_case_7	OMIM:305400
3787	PMID_34722527_individual_individual_1_Li_Huang_Moleculargenet_en-prompt.txt	PMID_34722527_individual_individual_1_Li_Huang_Moleculargenet	OMIM:613826
3788	PMID_37196654_Individual_25_en-prompt.txt	PMID_37196654_Individual_25	OMIM:618505
3789	PMID_36103875_Individual_4_en-prompt.txt	PMID_36103875_Individual_4	OMIM:620502
3790	STX_G3_P37_en-prompt.txt	STX_G3_P37	OMIM:612164
3791	PMID_34722527_individual_MOL1124_4_8_Beryozkin_Current_en-prompt.txt	PMID_34722527_individual_MOL1124_4_8_Beryozkin_Current	OMIM:613826
3792	PMID_37196654_Individual_61__MSSNG_MT_48_3__en-prompt.txt	PMID_37196654_Individual_61_(MSSNG_MT_48.3)	OMIM:618505
3793	PMID_30356099_Patient_20_en-prompt.txt	PMID_30356099_Patient_20	OMIM:616211
3794	PMID_36446582_Ockeloen2015_P6_en-prompt.txt	PMID_36446582_Ockeloen2015_P6	OMIM:148050
3795	PMID_33731876_fam316_en-prompt.txt	PMID_33731876_fam316	OMIM:613721
3796	PMID_20375004_3_II_2_en-prompt.txt	PMID_20375004_3-II:2	OMIM:184900
3797	PMID_11118249_PATIENT_III_3_en-prompt.txt	PMID_11118249_PATIENT_III.3	OMIM:301310
3798	PMID_29217778_P4_US2_en-prompt.txt	PMID_29217778_P4_US2	OMIM:159550
3799	PMID_37850357_Case_1_en-prompt.txt	PMID_37850357_Case_1	OMIM:620654
3800	PMID_36189931_Individual_3_en-prompt.txt	PMID_36189931_Individual_3	OMIM:130050
3801	PMID_34722527_individual_CR_F028_3_Leen_Abu_Safieh_Autozygome_guid_en-prompt.txt	PMID_34722527_individual_CR-F028_3_Leen_Abu-Safieh_Autozygome-guid	OMIM:613826
3802	PMID_12203992_B45_en-prompt.txt	PMID_12203992_B45	OMIM:154700
3803	PMID_37541189_Individual_1_en-prompt.txt	PMID_37541189_Individual_1	OMIM:620688
3804	PMID_28132690_Family_C_II_1_en-prompt.txt	PMID_28132690_Family_C_II_1	OMIM:617425
3805	PMID_28782633_Family_1_8_year_old_daughter_P10_en-prompt.txt	PMID_28782633_Family_1_8_year_old_daughter_P10	OMIM:620670
3806	PMID_34722527_individual_individual_5_Arif_O_Khan_TheRPGRIP1_rel_en-prompt.txt	PMID_34722527_individual_individual_5_Arif_O_Khan_TheRPGRIP1-rel	OMIM:613826
3807	PMID_37167966_F4_II_1_en-prompt.txt	PMID_37167966_F4-II:1	OMIM:620375
3808	STX_25693842_Patient_1_en-prompt.txt	STX_25693842_Patient_1	OMIM:612164
3809	PMID_31021519_individual_from_Leoykland_e_tal_en-prompt.txt	PMID_31021519_individual_from_Leoykland_e_tal	OMIM:612313
3810	PMID_36331550_Family_17_Patient_22_en-prompt.txt	PMID_36331550_Family_17_Patient_22	OMIM:620540
3811	STX_25131622_Subject_71_en-prompt.txt	STX_25131622_Subject_71	OMIM:612164
3812	PMID_34722527_individual_Family7_1_Li_Huang_ExomeSequencin_en-prompt.txt	PMID_34722527_individual_Family7_1_Li_Huang_ExomeSequencin	OMIM:608194
3813	PMID_22428873_P3_en-prompt.txt	PMID_22428873_P3	OMIM:174200
3814	PMID_31021519_individual_SATB2_131_en-prompt.txt	PMID_31021519_individual_SATB2_131	OMIM:612313
3815	PMID_27656288_patient_en-prompt.txt	PMID_27656288_patient	OMIM:130010
3816	PMID_9312167_A_I_3_en-prompt.txt	PMID_9312167_A:I:3	OMIM:179800
3817	PMID_23273567_individual_DII_1_en-prompt.txt	PMID_23273567_individual_DII_1	OMIM:258480
3818	PMID_37962958_26_en-prompt.txt	PMID_37962958_26	OMIM:620535
3819	PMID_17056636_Patient_No_5_en-prompt.txt	PMID_17056636_Patient_No_5	OMIM:609942
3820	PMID_33633439_17413_II_1_en-prompt.txt	PMID_33633439_17413_II_1	OMIM:620731
3821	PMID_30580808_Machol_Ind_11_Fam_41_en-prompt.txt	PMID_30580808_Machol_Ind_11-Fam-41	OMIM:618362
3822	PMID_34521999_10_en-prompt.txt	PMID_34521999_10	OMIM:617140
3823	PMID_21217753_Fam_1_III_13_en-prompt.txt	PMID_21217753_Fam_1_III-13	OMIM:613795
3824	PMID_17534187_HH20_en-prompt.txt	PMID_17534187_HH20	OMIM:142900
3825	PMID_33731876_fam77_en-prompt.txt	PMID_33731876_fam77	OMIM:613721
3826	PMID_37071997_Individual_13_en-prompt.txt	PMID_37071997_Individual_13	OMIM:616211
3827	PMID_36446582_KBG56_en-prompt.txt	PMID_36446582_KBG56	OMIM:148050
3828	PMID_25477417_F9_1_en-prompt.txt	PMID_25477417_F9_1	OMIM:248250
3829	PMID_27376152_FPLD_122_3_en-prompt.txt	PMID_27376152_FPLD_122_3	OMIM:620679
3830	PMID_32666529_Family_2_II_1_en-prompt.txt	PMID_32666529_Family_2_II.1	OMIM:620519
3831	PMID_25835445_8_III_1__en-prompt.txt	PMID_25835445_8-III:1*	OMIM:615582
3832	STX_P_05_en-prompt.txt	STX_P_05	OMIM:612164
3833	PMID_27040691_Individual_9_1_en-prompt.txt	PMID_27040691_Individual_9-1	OMIM:616900
3834	PMID_15266616_105_en-prompt.txt	PMID_15266616_105	OMIM:147791
3835	PMID_21217753_Fam_1_III_2_en-prompt.txt	PMID_21217753_Fam_1_III-2	OMIM:613795
3836	PMID_24739679_patient_K6_en-prompt.txt	PMID_24739679_patient_K6	OMIM:147920
3837	STX_28944233_272650_en-prompt.txt	STX_28944233_272650	OMIM:612164
3838	PMID_31021519_SATB2_18_from_Zarate_et_al__2018a_en-prompt.txt	PMID_31021519_SATB2_18_from_Zarate_et_al__2018a	OMIM:612313
3839	PMID_33731876_fam59_en-prompt.txt	PMID_33731876_fam59	OMIM:613721
3840	PMID_31021519_individual_SATB2_98_en-prompt.txt	PMID_31021519_individual_SATB2_98	OMIM:612313
3841	PMID_33731876_fam385_en-prompt.txt	PMID_33731876_fam385	OMIM:613721
3842	PMID_25876182_Patient_VI_3_en-prompt.txt	PMID_25876182_Patient_VI_3	OMIM:273900
3843	PMID_36208065_7_year_old_female_en-prompt.txt	PMID_36208065_7-year-old_female	OMIM:620662
3844	PMID_19949040_Patient_3_en-prompt.txt	PMID_19949040_Patient_3	OMIM:616325
3845	PMID_24736735_G088__en-prompt.txt	PMID_24736735_G088_	OMIM:175700
3846	PMID_36303223_individual_26_PMID_31870341_en-prompt.txt	PMID_36303223_individual_26_PMID_31870341	OMIM:272300
3847	PMID_25480986_individual_E_1_en-prompt.txt	PMID_25480986_individual_E_1	OMIM:275400
3848	PMID_33731876_fam411_en-prompt.txt	PMID_33731876_fam411	OMIM:613721
3849	PMID_21217753_Fam_1_V_3_en-prompt.txt	PMID_21217753_Fam_1_V-3	OMIM:613795
3850	PMID_33731876_fam164_en-prompt.txt	PMID_33731876_fam164	OMIM:613721
3851	PMID_12789647_K14_III_4_en-prompt.txt	PMID_12789647_K14:III-4	OMIM:142900
3852	STX_G3_P19_en-prompt.txt	STX_G3_P19	OMIM:612164
3853	PMID_30701076_patient_en-prompt.txt	PMID_30701076_patient	OMIM:609192
3854	PMID_36586412_25_en-prompt.txt	PMID_36586412_25	OMIM:301111
3855	PMID_30099644_V_9_en-prompt.txt	PMID_30099644_V:9	OMIM:600138
3856	PMID_30580808_Ind_36_Fam_27_en-prompt.txt	PMID_30580808_Ind-36-Fam-27	OMIM:618362
3857	PMID_31021519_SATB2_71_from_Zarate_et_al__2018a_en-prompt.txt	PMID_31021519_SATB2_71_from_Zarate_et_al__2018a	OMIM:612313
3858	PMID_36446582_Willemsen2010_P4_en-prompt.txt	PMID_36446582_Willemsen2010_P4	OMIM:148050
3859	PMID_27495153_Patient_1_en-prompt.txt	PMID_27495153_Patient_1	OMIM:616211
3860	PMID_36189931_Individual_35_en-prompt.txt	PMID_36189931_Individual_35	OMIM:130050
3861	PMID_35484142_F3_P3_en-prompt.txt	PMID_35484142_F3/P3	OMIM:620460
3862	PMID_34722527_individual_27555_2_Tiwari_A_Identification_en-prompt.txt	PMID_34722527_individual_27555_2_Tiwari_A_Identification	OMIM:613826
3863	PMID_24962763_4_year_old_Burmese_girl_en-prompt.txt	PMID_24962763_4-year-old_Burmese_girl	OMIM:219100
3864	PMID_34722527_individual_individual_2_Juan_C__Zenteno_Extensivegenic_en-prompt.txt	PMID_34722527_individual_individual_2_Juan_C__Zenteno_Extensivegenic	OMIM:613826
3865	PMID_36528028_Individual_10_en-prompt.txt	PMID_36528028_Individual_10	OMIM:620455
3866	PMID_37582359_F3_III_1_en-prompt.txt	PMID_37582359_F3-III-1	OMIM:620558
3867	PMID_24736735_G006__en-prompt.txt	PMID_24736735_G006_	OMIM:175700
3868	PMID_18930476_proband_I1_en-prompt.txt	PMID_18930476_proband_I1	OMIM:614321
3869	STX_29896790_P3_en-prompt.txt	STX_29896790_P3	OMIM:612164
3870	PMID_36189931_Individual_22_en-prompt.txt	PMID_36189931_Individual_22	OMIM:130050
3871	PMID_24736735_P15112__en-prompt.txt	PMID_24736735_P15112_	OMIM:146510
3872	PMID_36965478_Individual_5_en-prompt.txt	PMID_36965478_Individual_5	OMIM:620515
3873	PMID_26911354_Family_2_Patient_3_en-prompt.txt	PMID_26911354_Family_2_Patient_3	OMIM:615066
3874	PMID_26426912_Patient_2_en-prompt.txt	PMID_26426912_Patient_2	OMIM:248250
3875	PMID_34722527_individual_MEP50_9_Martin_McKibbin_Genotype_Phenot_en-prompt.txt	PMID_34722527_individual_MEP50_9_Martin_McKibbin_Genotype-Phenot	OMIM:613826
3876	PMID_36446582_Goldenberg2016_P39_en-prompt.txt	PMID_36446582_Goldenberg2016_P39	OMIM:148050
3877	PMID_33731876_fam392_en-prompt.txt	PMID_33731876_fam392	OMIM:607745
3878	PMID_32710489_Group_2_Patient_1_en-prompt.txt	PMID_32710489_Group_2_Patient_1	OMIM:620157
3879	PMID_24190800_24190800_P1_en-prompt.txt	PMID_24190800_24190800_P1	OMIM:256810
3880	PMID_35344616_A13_en-prompt.txt	PMID_35344616_A13	OMIM:268310
3881	PMID_30473892_index_patient_IV_1_en-prompt.txt	PMID_30473892_index_patient_IV-1	OMIM:616354
3882	PMID_30356099_Patient_19_en-prompt.txt	PMID_30356099_Patient_19	OMIM:616211
3883	PMID_36446582_Spengler_2013_en-prompt.txt	PMID_36446582_Spengler_2013	OMIM:148050
3884	PMID_31527767_II_6_en-prompt.txt	PMID_31527767_II_6	OMIM:129600
3885	PMID_28074573_GB2_en-prompt.txt	PMID_28074573_GB2	OMIM:163950
3886	PMID_33731876_fam173_en-prompt.txt	PMID_33731876_fam173	OMIM:607745
3887	PMID_26242992_III_30_en-prompt.txt	PMID_26242992_III-30	OMIM:301310
3888	PMID_15781812_individual_138_en-prompt.txt	PMID_15781812_individual_138	OMIM:620681
3889	PMID_27023906_10DG0257_Individual_2_en-prompt.txt	PMID_27023906_10DG0257_Individual_2	OMIM:617402
3890	PMID_34521999_29_en-prompt.txt	PMID_34521999_29	OMIM:617140
3891	PMID_15266616_112_en-prompt.txt	PMID_15266616_112	OMIM:147791
3892	PMID_20683840_II_17_en-prompt.txt	PMID_20683840_II-17	OMIM:606693
3893	PMID_32404357_I_2_en-prompt.txt	PMID_32404357_I_2	OMIM:129600
3894	PMID_29742735_proband_en-prompt.txt	PMID_29742735_proband	OMIM:613990
3895	PMID_29378527_female_sibling_en-prompt.txt	PMID_29378527_female_sibling	OMIM:600920
3896	PMID_19875893_2_year_old_Polish_girl_en-prompt.txt	PMID_19875893_2_year_old_Polish_girl	OMIM:610168
3897	PMID_29379197_DECIPHER_281165_en-prompt.txt	PMID_29379197_DECIPHER_281165	OMIM:620568
3898	PMID_36446582_KBG41_en-prompt.txt	PMID_36446582_KBG41	OMIM:148050
3899	PMID_31021519_individual_SATB2_108_en-prompt.txt	PMID_31021519_individual_SATB2_108	OMIM:612313
3900	PMID_32816001_II_1_en-prompt.txt	PMID_32816001_II:1	OMIM:301116
3901	PMID_32376980_45_en-prompt.txt	PMID_32376980_45	OMIM:618164
3902	PMID_37761890_1__en-prompt.txt	PMID_37761890_1 	OMIM:616362
3903	PMID_12446365_BM_en-prompt.txt	PMID_12446365_BM	OMIM:129600
3904	PMID_33500254_Case_1_en-prompt.txt	PMID_33500254_Case_1	OMIM:620651
3905	PMID_34722527_individual_79_194_7_Farzad_Jamshidi_Contributionof_en-prompt.txt	PMID_34722527_individual_79–194_7_Farzad_Jamshidi_Contributionof	OMIM:613826
3906	PMID_36454683_II_1_en-prompt.txt	PMID_36454683_II-1	OMIM:620402
3907	STX_P_12_en-prompt.txt	STX_P_12	OMIM:612164
3908	PMID_18551513_5_en-prompt.txt	PMID_18551513_5	OMIM:613205
3909	PMID_29474920_Subject_11_en-prompt.txt	PMID_29474920_Subject_11	OMIM:620719
3910	PMID_36446582_Sirmaci2011_P3_F1__previously_published_Tekin_2004_en-prompt.txt	PMID_36446582_Sirmaci2011_P3_F1__previously_published_Tekin_2004	OMIM:148050
3911	PMID_29491316_12_year_old_boy_en-prompt.txt	PMID_29491316_12_year_old_boy	OMIM:137920
3912	PMID_17661815_Patient_B_III_3_en-prompt.txt	PMID_17661815_Patient_B_III_3	OMIM:214800
3913	STX_21204804_Patient_1_en-prompt.txt	STX_21204804_Patient_1	OMIM:612164
3914	PMID_37761890_18__en-prompt.txt	PMID_37761890_18 	OMIM:616362
3915	PMID_24736735_G085_Father_en-prompt.txt	PMID_24736735_G085-Father	OMIM:146510
3916	PMID_35638551_Patient_PM6_en-prompt.txt	PMID_35638551_Patient_PM6	OMIM:620715
3917	PMID_35484142_F6_P7_en-prompt.txt	PMID_35484142_F6/P7	OMIM:620460
3918	STX_P_21_en-prompt.txt	STX_P_21	OMIM:612164
3919	PMID_37541189_Individual_12__en-prompt.txt	PMID_37541189_Individual_12_	OMIM:620688
3920	STX_32521962_P4_en-prompt.txt	STX_32521962_P4	OMIM:612164
3921	PMID_37134193_2_year_old_female_en-prompt.txt	PMID_37134193_2-year-old_female	OMIM:620535
3922	PMID_34722527_individual_QT654_3_Lin_Li__DetectionofVa_en-prompt.txt	PMID_34722527_individual_QT654_3_Lin_Li__DetectionofVa	OMIM:613826
3923	PMID_30057029_Individual_4_en-prompt.txt	PMID_30057029_Individual_4	OMIM:618089
3924	PMID_36189931_Individual_9_en-prompt.txt	PMID_36189931_Individual_9	OMIM:130050
3925	PMID_33486010_33486010_P1_en-prompt.txt	PMID_33486010_33486010_P1	OMIM:256810
3926	PMID_28285769_Individual_6_II_1_en-prompt.txt	PMID_28285769_Individual_6_II_1	OMIM:250410
3927	PMID_36189931_Individual_11_en-prompt.txt	PMID_36189931_Individual_11	OMIM:130050
3928	PMID_17698770_19_year_old_Chinese_man_en-prompt.txt	PMID_17698770_19_year_old_Chinese_man	OMIM:620344
3929	PMID_28413018_A_IV_1_en-prompt.txt	PMID_28413018_A-IV-1	OMIM:617527
3930	PMID_30451291_IV_5_en-prompt.txt	PMID_30451291_IV:5	OMIM:300088
3931	PMID_33766796_17_en-prompt.txt	PMID_33766796_17	OMIM:620157
3932	PMID_36528028_Individual_5_en-prompt.txt	PMID_36528028_Individual_5	OMIM:620455
3933	PMID_29967133_Family_3_II_2_en-prompt.txt	PMID_29967133_Family_3_II-2	OMIM:619656
3934	PMID_14702087_Guatemalan_patient_en-prompt.txt	PMID_14702087_Guatemalan_patient	OMIM:620344
3935	PMID_37541189_Individual_6__en-prompt.txt	PMID_37541189_Individual_6_	OMIM:620688
3936	PMID_33731876_fam140_en-prompt.txt	PMID_33731876_fam140	OMIM:613721
3937	PMID_34722527_individual_MOL1124_2_7_Beryozkin_Current_en-prompt.txt	PMID_34722527_individual_MOL1124_2_7_Beryozkin_Current	OMIM:608194
3938	PMID_37154409_A_III_7_en-prompt.txt	PMID_37154409_A_III_7	OMIM:606658
3939	PMID_35344616_A20_en-prompt.txt	PMID_35344616_A20	OMIM:268310
3940	PMID_23714749_23714749_P12_en-prompt.txt	PMID_23714749_23714749_P12	OMIM:256810
3941	PMID_31021519_SATB2_22_from_Zarate_et_al__2018a_en-prompt.txt	PMID_31021519_SATB2_22_from_Zarate_et_al__2018a	OMIM:612313
3942	PMID_37196654_Individual_38_en-prompt.txt	PMID_37196654_Individual_38	OMIM:618505
3943	PMID_33731876_fam157_en-prompt.txt	PMID_33731876_fam157	OMIM:613721
3944	PMID_37075751_Individual_18_en-prompt.txt	PMID_37075751_Individual_18	OMIM:616462
3945	PMID_33731876_fam422_en-prompt.txt	PMID_33731876_fam422	OMIM:613721
3946	STX_26993267_Case_64_en-prompt.txt	STX_26993267_Case_64	OMIM:612164
3947	PMID_36446582_Kutkowska_Kazmierczak2021_P17_en-prompt.txt	PMID_36446582_Kutkowska_Kazmierczak2021_P17	OMIM:148050
3948	PMID_12203992_D21_en-prompt.txt	PMID_12203992_D21	OMIM:154700
3949	STX_SP_E_en-prompt.txt	STX_SP_E	OMIM:612164
3950	PMID_35470444_P6_en-prompt.txt	PMID_35470444_P6	OMIM:620568
3951	PMID_37196654_Individual_85_en-prompt.txt	PMID_37196654_Individual_85	OMIM:618505
3952	PMID_30580808_Lo_twin_1_Fam_52_en-prompt.txt	PMID_30580808_Lo_twin_1-Fam-52	OMIM:618362
3953	PMID_25105228_Individual_1_en-prompt.txt	PMID_25105228_Individual_1	OMIM:603671
3954	PMID_24736735_G068__en-prompt.txt	PMID_24736735_G068_	OMIM:175700
3955	PMID_35991565_Family_II_IV3_en-prompt.txt	PMID_35991565_Family_II_IV3	OMIM:620686
3956	PMID_31021519_SATB2_87_from_Bengani_This_study_en-prompt.txt	PMID_31021519_SATB2_87_from_Bengani_This_study	OMIM:612313
3957	STX_P_36_en-prompt.txt	STX_P_36	OMIM:612164
3958	PMID_34722527_individual_individual_11_Arif_O_Khan_Geneticanalysi_en-prompt.txt	PMID_34722527_individual_individual_11_Arif_O_Khan_Geneticanalysi	OMIM:613826
3959	PMID_38157076_patient_en-prompt.txt	PMID_38157076_patient	OMIM:619375
3960	PMID_20853184_NAPO_6_en-prompt.txt	PMID_20853184_NAPO-6	OMIM:606693
3961	PMID_36074124_1_VII_8_en-prompt.txt	PMID_36074124_1_VII_8	OMIM:620570
3962	PMID_34722527_individual_LCA_F032_6_Leen_Abu_Safieh_Autozygome_guid_en-prompt.txt	PMID_34722527_individual_LCA-F032_6_Leen_Abu-Safieh_Autozygome-guid	OMIM:613826
3963	PMID_31727177_patient_6_en-prompt.txt	PMID_31727177_patient_6	OMIM:147920
3964	PMID_36446582_KBG65_en-prompt.txt	PMID_36446582_KBG65	OMIM:148050
3965	PMID_27040691_Individual_7_1_en-prompt.txt	PMID_27040691_Individual_7-1	OMIM:616900
3966	PMID_34722527_individual_individual_2_Arif_O_Khan_TheRPGRIP1_rel_en-prompt.txt	PMID_34722527_individual_individual_2_Arif_O_Khan_TheRPGRIP1-rel	OMIM:613826
3967	STX_31623504_Case_16_en-prompt.txt	STX_31623504_Case_16	OMIM:612164
3968	PMID_8900230_Wang_et_al_1996_Patient_CS961588_en-prompt.txt	PMID_8900230_Wang_et_al_1996_Patient_CS961588	OMIM:121050
3969	PMID_15266616_136_en-prompt.txt	PMID_15266616_136	OMIM:147791
3970	PMID_23222957_Family_1_1_1_en-prompt.txt	PMID_23222957_Family_1_1.1	OMIM:242840
3971	PMID_34722527_individual_IRD002_1_Isabella_Bernardis_Unravellingthe_en-prompt.txt	PMID_34722527_individual_IRD002_1_Isabella_Bernardis_Unravellingthe	OMIM:613826
3972	PMID_30847200_patient_IV_8_en-prompt.txt	PMID_30847200_patient_IV_8	OMIM:614249
3973	PMID_25477417_F7_1_en-prompt.txt	PMID_25477417_F7_1	OMIM:248250
3974	PMID_37962958_15_en-prompt.txt	PMID_37962958_15	OMIM:620535
3975	STX_P_18_en-prompt.txt	STX_P_18	OMIM:612164
3976	PMID_35904126_Proband_1__en-prompt.txt	PMID_35904126_Proband_1_	OMIM:620450
3977	PMID_18256394_A_en-prompt.txt	PMID_18256394_A	OMIM:151660
3978	PMID_35617047_Proband_3_en-prompt.txt	PMID_35617047_Proband_3	OMIM:620647
3979	PMID_31021519_individual_SATB2_102_en-prompt.txt	PMID_31021519_individual_SATB2_102	OMIM:612313
3980	PMID_21131976_EsM6227_en-prompt.txt	PMID_21131976_EsM6227	OMIM:613717
3981	PMID_31548836_Family_E_II1_en-prompt.txt	PMID_31548836_Family_E_II1	OMIM:119600
3982	PMID_26805781_Family_7_Subject_7_III_2_en-prompt.txt	PMID_26805781_Family_7_Subject_7_III_2	OMIM:616878
3983	PMID_33731876_fam44_en-prompt.txt	PMID_33731876_fam44	OMIM:613721
3984	PMID_38141607_Individuals_1_P1_DDD_304967_en-prompt.txt	PMID_38141607_Individuals_1_P1_DDD_304967	OMIM:620712
3985	PMID_34722527_individual_EYE149_1_Katsuhiro_Hosono_MolecularDiagn_en-prompt.txt	PMID_34722527_individual_EYE149_1_Katsuhiro_Hosono_MolecularDiagn	OMIM:613826
3986	PMID_34521999_23_en-prompt.txt	PMID_34521999_23	OMIM:617140
3987	PMID_15266616_118_en-prompt.txt	PMID_15266616_118	OMIM:147791
3988	PMID_27153400_Family_C_IV_13_en-prompt.txt	PMID_27153400_Family_C_IV_13	OMIM:616907
3989	STX_30654231_Patient_3_en-prompt.txt	STX_30654231_Patient_3	OMIM:612164
3990	PMID_30356099_Patient_13_en-prompt.txt	PMID_30356099_Patient_13	OMIM:616211
3991	PMID_36446582_Gnazzo_2020_P17_en-prompt.txt	PMID_36446582_Gnazzo_2020_P17	OMIM:148050
3992	PMID_33731876_fam179_en-prompt.txt	PMID_33731876_fam179	OMIM:607745
3993	PMID_37196654_Individual_16_en-prompt.txt	PMID_37196654_Individual_16	OMIM:618505
3994	PMID_11175294_B35_en-prompt.txt	PMID_11175294_B35	OMIM:154700
3995	PMID_36446582_KBG7_en-prompt.txt	PMID_36446582_KBG7	OMIM:148050
3996	PMID_28007986_A_VI3__en-prompt.txt	PMID_28007986_A(VI3)	OMIM:617527
3997	PMID_36446582_Goldenberg2016_P33_en-prompt.txt	PMID_36446582_Goldenberg2016_P33	OMIM:148050
3998	PMID_33731876_fam398_en-prompt.txt	PMID_33731876_fam398	OMIM:613721
3999	PMID_37433783_P1_en-prompt.txt	PMID_37433783_P1	OMIM:601674
4000	PMID_28132690_Family_D_IV_1_en-prompt.txt	PMID_28132690_Family_D_IV_1	OMIM:617425
4001	PMID_7803799_proband_en-prompt.txt	PMID_7803799_proband	OMIM:612690
4002	PMID_34722527_individual_36_2_JENNIFER_A__GALVIN_EVALUATIONOFG_en-prompt.txt	PMID_34722527_individual_36_2_JENNIFER_A__GALVIN_EVALUATIONOFG	OMIM:613826
4003	PMID_35344616_A19_en-prompt.txt	PMID_35344616_A19	OMIM:268310
4004	STX_29896790_P9_en-prompt.txt	STX_29896790_P9	OMIM:612164
4005	PMID_36189931_Individual_28_en-prompt.txt	PMID_36189931_Individual_28	OMIM:130050
4006	PMID_24736735_G082__en-prompt.txt	PMID_24736735_G082_	OMIM:146510
4007	PMID_24736735_G097__en-prompt.txt	PMID_24736735_G097_	OMIM:146510
4008	PMID_34722527_individual_JB285_1_Laura_Bryant_Prescreeningwh_en-prompt.txt	PMID_34722527_individual_JB285_1_Laura_Bryant_Prescreeningwh	OMIM:613826
4009	PMID_33731876_fam325_en-prompt.txt	PMID_33731876_fam325	OMIM:613721
4010	PMID_33731876_fam275_en-prompt.txt	PMID_33731876_fam275	OMIM:613721
4011	PMID_32154675_Family_5_Patient_12_en-prompt.txt	PMID_32154675_Family_5_Patient_12	OMIM:613795
4012	PMID_25835445_6_II_1__en-prompt.txt	PMID_25835445_6-II:1*	OMIM:615582
4013	PMID_28051070_Brother_1_203_en-prompt.txt	PMID_28051070_Brother_1_203	OMIM:620675
4014	PMID_33731876_fam262_en-prompt.txt	PMID_33731876_fam262	OMIM:613721
4015	PMID_28940506_Family_11_Individual_12_en-prompt.txt	PMID_28940506_Family_11_Individual_12	OMIM:615471
4016	PMID_32710489_Group_1_Patient_5_en-prompt.txt	PMID_32710489_Group_1_Patient_5	OMIM:620155
4017	PMID_24736735_G104_F___en-prompt.txt	PMID_24736735_G104_F*_	OMIM:146510
4018	PMID_31021519_SATB2_86_from_Bengani_This_study_en-prompt.txt	PMID_31021519_SATB2_86_from_Bengani_This_study	OMIM:612313
4019	STX_G3_P13_en-prompt.txt	STX_G3_P13	OMIM:612164
4020	PMID_37541189_Individual_13_en-prompt.txt	PMID_37541189_Individual_13	OMIM:620688
4021	PMID_36067010_Family_1_Patient_1_en-prompt.txt	PMID_36067010_Family_1_Patient_1	OMIM:620504
4022	PMID_31021519_individual_SATB2_92_en-prompt.txt	PMID_31021519_individual_SATB2_92	OMIM:612313
4023	PMID_11175294_B22_en-prompt.txt	PMID_11175294_B22	OMIM:154700
4024	PMID_36446582_Goldenberg2016_P24_en-prompt.txt	PMID_36446582_Goldenberg2016_P24	OMIM:148050
4025	PMID_23364397_23364397_P2_en-prompt.txt	PMID_23364397_23364397_P2	OMIM:604377
4026	PMID_36074901_11_en-prompt.txt	PMID_36074901_11	OMIM:620465
4027	PMID_28292286_index_patient_en-prompt.txt	PMID_28292286_index_patient	OMIM:222470
4028	PMID_33731876_fam53_en-prompt.txt	PMID_33731876_fam53	OMIM:613721
4029	PMID_22541558_individual_E_1_en-prompt.txt	PMID_22541558_individual_E_1	OMIM:154400
4030	PMID_35150594_D_II_2_en-prompt.txt	PMID_35150594_D:II:2	OMIM:620538
4031	PMID_16900296_IV_5_en-prompt.txt	PMID_16900296_IV-5	OMIM:608393
4032	PMID_21217753_Fam_1_III_8_en-prompt.txt	PMID_21217753_Fam_1_III-8	OMIM:613795
4033	STX_EG0898P_en-prompt.txt	STX_EG0898P	OMIM:612164
4034	PMID_34521999_34_en-prompt.txt	PMID_34521999_34	OMIM:617140
4035	PMID_30315159_Patient_N__en-prompt.txt	PMID_30315159_Patient_N_	OMIM:620475
4036	PMID_27275012_Patient_2_en-prompt.txt	PMID_27275012_Patient_2	OMIM:616900
4037	PMID_25439728_IV_1_en-prompt.txt	PMID_25439728_IV.1	OMIM:616354
4038	PMID_19768645_Patient_2_en-prompt.txt	PMID_19768645_Patient_2	OMIM:151100
4039	PMID_31021519_SATB2_69_from_Zarate_et_al__2018a_Scott_et_al_en-prompt.txt	PMID_31021519_SATB2_69_from_Zarate_et_al__2018a_Scott_et_al	OMIM:612313
4040	PMID_18930476_individual_II1_en-prompt.txt	PMID_18930476_individual_II1	OMIM:614321
4041	PMID_31021519_SATB2_58_from_Zarate_et_al__2018a_en-prompt.txt	PMID_31021519_SATB2_58_from_Zarate_et_al__2018a	OMIM:612313
4042	PMID_36446582_Kutkowska_Kazmierczak2021_P5_en-prompt.txt	PMID_36446582_Kutkowska_Kazmierczak2021_P5	OMIM:148050
4043	PMID_15781812_individual_137_3_en-prompt.txt	PMID_15781812_individual_137_3	OMIM:620681
4044	PMID_31282990_Case_2_en-prompt.txt	PMID_31282990_Case_2	OMIM:147920
4045	PMID_31021519_individual_SATB2_115_en-prompt.txt	PMID_31021519_individual_SATB2_115	OMIM:612313
4046	PMID_37167966_F1_II_2_en-prompt.txt	PMID_37167966_F1-II:2	OMIM:620375
4047	PMID_15731757_Family_10_II_1_en-prompt.txt	PMID_15731757_Family_10_II_1	OMIM:609192
4048	PMID_11179005_1__F__en-prompt.txt	PMID_11179005_1_(F)	OMIM:311200
4049	PMID_18695062_18695062_P1_en-prompt.txt	PMID_18695062_18695062_P1	OMIM:256810
4050	PMID_11179005_10__S__en-prompt.txt	PMID_11179005_10_(S)	OMIM:311200
4051	STX_P_32_en-prompt.txt	STX_P_32	OMIM:612164
4052	PMID_9312167_A_II_8_en-prompt.txt	PMID_9312167_A:II:8	OMIM:179800
4053	PMID_24108658_Family_1_Patient_1_en-prompt.txt	PMID_24108658_Family_1_Patient_1	OMIM:154500
4054	PMID_37761890_3__en-prompt.txt	PMID_37761890_3 	OMIM:616362
4055	PMID_23273567_individual_BII_1_en-prompt.txt	PMID_23273567_individual_BII_1	OMIM:258480
4056	PMID_30580808_Machol_Ind_13_Fam_43_en-prompt.txt	PMID_30580808_Machol_Ind_13-Fam-43	OMIM:618362
4057	STX_EG1399P_en-prompt.txt	STX_EG1399P	OMIM:612164
4058	PMID_23993194_Family_5_case_IV5_en-prompt.txt	PMID_23993194_Family_5_case_IV5	OMIM:615471
4059	PMID_31727177_patient_2_en-prompt.txt	PMID_31727177_patient_2	OMIM:147920
4060	PMID_31021519_Subject_1_from_Rosenfeld_et_al_en-prompt.txt	PMID_31021519_Subject_1_from_Rosenfeld_et_al	OMIM:612313
4061	PMID_31021519_individual_SATB2_128_en-prompt.txt	PMID_31021519_individual_SATB2_128	OMIM:612313
4062	PMID_35470444_P2_en-prompt.txt	PMID_35470444_P2	OMIM:620568
4063	PMID_23273567_individual_FII_2_en-prompt.txt	PMID_23273567_individual_FII_2	OMIM:258480
4064	PMID_30945334_Individual_4_en-prompt.txt	PMID_30945334_Individual_4	OMIM:618443
4065	PMID_27081549_subject_en-prompt.txt	PMID_27081549_subject	OMIM:604841
4066	STX_28944233_273873_en-prompt.txt	STX_28944233_273873	OMIM:612164
4067	PMID_24736735_G004__en-prompt.txt	PMID_24736735_G004_	OMIM:175700
4068	PMID_19776401_Patient_4_1_en-prompt.txt	PMID_19776401_Patient_4-1	OMIM:243700
4069	PMID_24769197_patient_en-prompt.txt	PMID_24769197_patient	OMIM:256540
4070	PMID_10939567_EMD4_III_6_en-prompt.txt	PMID_10939567_EMD4_III-6	OMIM:181350
4071	PMID_36446582_Gnazzo_2020_P4_en-prompt.txt	PMID_36446582_Gnazzo_2020_P4	OMIM:148050
4072	PMID_22541558_individual_P_1_en-prompt.txt	PMID_22541558_individual_P_1	OMIM:154400
4073	PMID_18000979_OX2877_III_3_en-prompt.txt	PMID_18000979_OX2877-III:3	OMIM:174200
4074	PMID_36586412_12_en-prompt.txt	PMID_36586412_12	OMIM:301111
4075	PMID_28468610_8_year_old_boy_en-prompt.txt	PMID_28468610_8_year_old_boy	OMIM:603553
4076	PMID_16505000_III_2_affected_boy_en-prompt.txt	PMID_16505000_III_2_affected_boy	OMIM:620707
4077	PMID_33731876_fam153_en-prompt.txt	PMID_33731876_fam153	OMIM:613721
4078	PMID_25808063_Patient_4_en-prompt.txt	PMID_25808063_Patient_4	OMIM:600373
4079	PMID_17646629_brother_II_1_en-prompt.txt	PMID_17646629_brother_II_1	OMIM:607259
4080	PMID_31509304_F6_II_5_en-prompt.txt	PMID_31509304_F6_II_5	OMIM:617560
4081	PMID_34722527_individual_family8_1_Yabin_Chen__ComprehensiveM_en-prompt.txt	PMID_34722527_individual_family8_1_Yabin_Chen;_ComprehensiveM	OMIM:613826
4082	PMID_32666529_Family_4_II_1_en-prompt.txt	PMID_32666529_Family_4_II.1	OMIM:620519
4083	PMID_33045405_Puisac_et_al___2018__patient_3_en-prompt.txt	PMID_33045405_Puisac_et_al._(2018)_patient_3	OMIM:605911
4084	PMID_36446582_Kutkowska_Kazmierczak2021_P13_en-prompt.txt	PMID_36446582_Kutkowska_Kazmierczak2021_P13	OMIM:148050
4085	PMID_33633439_5485_II_1_en-prompt.txt	PMID_33633439_5485_II_1	OMIM:620731
4086	PMID_36446582_Sacharow_2012_P2_en-prompt.txt	PMID_36446582_Sacharow_2012_P2	OMIM:148050
4087	PMID_12446365_VW_en-prompt.txt	PMID_12446365_VW	OMIM:129600
4088	PMID_36446582_Goldenberg2016_P19_en-prompt.txt	PMID_36446582_Goldenberg2016_P19	OMIM:148050
4089	STX_G3_P39_en-prompt.txt	STX_G3_P39	OMIM:612164
4090	PMID_33731876_fam144_en-prompt.txt	PMID_33731876_fam144	OMIM:613721
4091	PMID_28132690_Family_D_III_2_en-prompt.txt	PMID_28132690_Family_D_III_2	OMIM:617425
4092	PMID_20082460_case_9_en-prompt.txt	PMID_20082460_case_9	OMIM:305400
4093	PMID_22258530_Patient_5_en-prompt.txt	PMID_22258530_Patient_5	OMIM:613477
4094	PMID_32725632_patient_25_en-prompt.txt	PMID_32725632_patient_25	OMIM:620537
4095	PMID_19864672_Patient_5F_en-prompt.txt	PMID_19864672_Patient_5F	OMIM:212050
4096	PMID_33633439_9574_I_1_en-prompt.txt	PMID_33633439_9574_I_1	OMIM:620731
4097	PMID_27536553_27536553_P2_en-prompt.txt	PMID_27536553_27536553_P2	OMIM:256810
4098	PMID_37054711_Family_5_Subject_7_en-prompt.txt	PMID_37054711_Family_5_Subject_7	OMIM:620428
4099	PMID_36331550_Family_2_Patient_4_en-prompt.txt	PMID_36331550_Family_2_Patient_4	OMIM:620538
4100	PMID_34722527_individual_048_044_4_Thaddeus_P__Dryja_Null_RPGRIP1_Al_en-prompt.txt	PMID_34722527_individual_048-044_4_Thaddeus_P__Dryja_Null RPGRIP1 Al	OMIM:613826
4101	PMID_12229880_Case_2_en-prompt.txt	PMID_12229880_Case_2	OMIM:603553
4102	PMID_11992252_Patient_3_en-prompt.txt	PMID_11992252_Patient_3	OMIM:620728
4103	PMID_34722527_individual_individual_5_Juliana_Maria_Ferraz_Sallum1_3_Clinicalandmo_en-prompt.txt	PMID_34722527_individual_individual_5_Juliana_Maria_Ferraz_Sallum1_3_Clinicalandmo	OMIM:613826
4104	PMID_36189931_Individual_15_en-prompt.txt	PMID_36189931_Individual_15	OMIM:130050
4105	PMID_36446582_Mattei2021_en-prompt.txt	PMID_36446582_Mattei2021	OMIM:148050
4106	PMID_33731876_fam248_en-prompt.txt	PMID_33731876_fam248	OMIM:613721
4107	PMID_33731876_fam318_en-prompt.txt	PMID_33731876_fam318	OMIM:613721
4108	PMID_36446582_Ockeloen2015_P8_en-prompt.txt	PMID_36446582_Ockeloen2015_P8	OMIM:148050
4109	PMID_18702659_proband_en-prompt.txt	PMID_18702659_proband	OMIM:305100
4110	PMID_36528028_Individual_1_en-prompt.txt	PMID_36528028_Individual_1	OMIM:620455
4111	PMID_35470444_P13_en-prompt.txt	PMID_35470444_P13	OMIM:620568
4112	STX_P_25_en-prompt.txt	STX_P_25	OMIM:612164
4113	PMID_29706644_proband_III_1_en-prompt.txt	PMID_29706644_proband_III_1	OMIM:609192
4114	PMID_34722527_individual_individual_1_S_Gerber_Completeexon_i_en-prompt.txt	PMID_34722527_individual_individual_1_S_Gerber_Completeexon-i	OMIM:613826
4115	PMID_37962958_28_en-prompt.txt	PMID_37962958_28	OMIM:620535
4116	PMID_18513678_individual_5003_en-prompt.txt	PMID_18513678_individual_5003	OMIM:260300
4117	PMID_24355708_IHG25357_individual_1_en-prompt.txt	PMID_24355708_IHG25357_individual_1	OMIM:215470
4118	PMID_26404457_subject_en-prompt.txt	PMID_26404457_subject	OMIM:615471
4119	PMID_33731876_fam79_en-prompt.txt	PMID_33731876_fam79	OMIM:607745
4120	PMID_37196654_Individual_63__MSSNG_2_1764_003__en-prompt.txt	PMID_37196654_Individual_63_(MSSNG_2-1764-003)	OMIM:618505
4121	PMID_22219643_III_14_en-prompt.txt	PMID_22219643_III_14	OMIM:129600
4122	PMID_18551513_1_en-prompt.txt	PMID_18551513_1	OMIM:613205
4123	PMID_36996813_Individual_11_en-prompt.txt	PMID_36996813_Individual_11	OMIM:620371
4124	PMID_36446582_Bucerzan2020_en-prompt.txt	PMID_36446582_Bucerzan2020	OMIM:148050
4125	STX_30109124_Subject_11_en-prompt.txt	STX_30109124_Subject_11	OMIM:612164
4126	STX_Str_Ca_SD_en-prompt.txt	STX_Str_Ca_SD	OMIM:612164
4127	PMID_19474805_affected_girl_en-prompt.txt	PMID_19474805_affected_girl	OMIM:620707
4128	PMID_34722527_individual_15_2_Nicole_Weisschuh_Molecularandc_en-prompt.txt	PMID_34722527_individual_15_2_Nicole_Weisschuh_Molecularandc	OMIM:613826
4129	PMID_34722527_individual_F05_1_Maleeha_Maria_HomozygosityMa_en-prompt.txt	PMID_34722527_individual_F05_1_Maleeha_Maria_HomozygosityMa	OMIM:613826
4130	PMID_15761194_II_2_en-prompt.txt	PMID_15761194_II_2	OMIM:609622
4131	PMID_28148688_P2_en-prompt.txt	PMID_28148688_P2	OMIM:617425
4132	PMID_36446582_Kutkowska_Kazmierczak2021_P1_en-prompt.txt	PMID_36446582_Kutkowska_Kazmierczak2021_P1	OMIM:148050
4133	PMID_18930476_individual_II5_en-prompt.txt	PMID_18930476_individual_II5	OMIM:614321
4134	PMID_36745868_Patient_1__en-prompt.txt	PMID_36745868_Patient_1_	OMIM:620603
4135	PMID_36446582_KBG58_en-prompt.txt	PMID_36446582_KBG58	OMIM:148050
4136	PMID_31021519_individual_SATB2_111_en-prompt.txt	PMID_31021519_individual_SATB2_111	OMIM:612313
4137	PMID_9621512_Patient_KM03_en-prompt.txt	PMID_9621512_Patient_KM03	OMIM:620699
4138	PMID_16021330_LDJP2_1_en-prompt.txt	PMID_16021330_LDJP2_1	OMIM:620681
4139	PMID_35150594_J_II_1_en-prompt.txt	PMID_35150594_J:II:1	OMIM:620538
4140	PMID_34490705_III_1_en-prompt.txt	PMID_34490705_III-1	OMIM:142900
4141	PMID_22219643_II_4_en-prompt.txt	PMID_22219643_II_4	OMIM:129600
4142	PMID_31239556_individual_4_en-prompt.txt	PMID_31239556_individual_4	OMIM:615502
4143	PMID_34521999_30_en-prompt.txt	PMID_34521999_30	OMIM:617140
4144	PMID_24739679_patient_K8_en-prompt.txt	PMID_24739679_patient_K8	OMIM:147920
4145	PMID_34722527_individual_individual_1_Juliana_Maria_Ferraz_Sallum1_2_Clinicalandmo_en-prompt.txt	PMID_34722527_individual_individual_1_Juliana_Maria_Ferraz_Sallum1_2_Clinicalandmo	OMIM:613826
4146	PMID_36823193_Patient_5_Family_4_en-prompt.txt	PMID_36823193_Patient_5_Family_4	OMIM:620451
4147	PMID_36303223_individual_34_PMID_33405344_en-prompt.txt	PMID_36303223_individual_34_PMID_33405344	OMIM:272300
4148	PMID_34722527_individual_fam22_1_Anna_Skorczyk_Werner_Novelgenevari_en-prompt.txt	PMID_34722527_individual_fam22_1_Anna_Skorczyk‑Werner_Novelgenevari	OMIM:613826
4149	PMID_28575651_Individual_4_en-prompt.txt	PMID_28575651_Individual_4	OMIM:617560
4150	PMID_34722527_individual_14_3_Nicole_Weisschuh_Molecularandc_en-prompt.txt	PMID_34722527_individual_14_3_Nicole_Weisschuh_Molecularandc	OMIM:613826
4151	PMID_27460976_proband_en-prompt.txt	PMID_27460976_proband	OMIM:606324
4152	STX_G3_P17_en-prompt.txt	STX_G3_P17	OMIM:612164
4153	PMID_36736301_P1_en-prompt.txt	PMID_36736301_P1	OMIM:620668
4154	PMID_36446582_Goldenberg2016_P20_en-prompt.txt	PMID_36446582_Goldenberg2016_P20	OMIM:148050
4155	PMID_37071997_Individual_8_en-prompt.txt	PMID_37071997_Individual_8	OMIM:616211
4156	PMID_33045405_Pitt_et_al___2015_B4_1_en-prompt.txt	PMID_33045405_Pitt_et_al.,_2015_B4-1	OMIM:605911
4157	PMID_31021519_individual_SATB2_96_en-prompt.txt	PMID_31021519_individual_SATB2_96	OMIM:612313
4158	PMID_36074901_15_en-prompt.txt	PMID_36074901_15	OMIM:620465
4159	PMID_25835445_7_II_1__en-prompt.txt	PMID_25835445_7-II:1*	OMIM:615582
4160	PMID_25142838_P4_en-prompt.txt	PMID_25142838_P4	OMIM:147920
4161	PMID_34722527_individual_individual_1_Naeimeh_Tayebi_Targetednextg_en-prompt.txt	PMID_34722527_individual_individual_1_Naeimeh_Tayebi_Targetednextg	OMIM:608194
4162	PMID_12203992_B65_en-prompt.txt	PMID_12203992_B65	OMIM:154700
4163	STX_26633542_No_ID_2_en-prompt.txt	STX_26633542_No_ID_2	OMIM:612164
4164	PMID_34722527_individual_NIL_1_Gerber_S_Completeexon_i_en-prompt.txt	PMID_34722527_individual_NIL_1_Gerber_S_Completeexon-i	OMIM:613826
4165	PMID_23546041_Patient_2_en-prompt.txt	PMID_23546041_Patient_2	OMIM:101200
4166	PMID_32710489_Group_1_Patient_1_en-prompt.txt	PMID_32710489_Group_1_Patient_1	OMIM:620155
4167	PMID_26467218_individual_1_De_Filippi_et_al__20_en-prompt.txt	PMID_26467218_individual_1_De_Filippi_et_al__20	OMIM:613224
4168	PMID_33731876_fam266_en-prompt.txt	PMID_33731876_fam266	OMIM:613721
4169	PMID_33731876_fam336_en-prompt.txt	PMID_33731876_fam336	OMIM:613721
4170	PMID_34101994_I_2_en-prompt.txt	PMID_34101994_I.2	OMIM:609322
4171	PMID_25168959_Y4_en-prompt.txt	PMID_25168959_Y4	OMIM:614608
4172	PMID_23063621_individual_V3_en-prompt.txt	PMID_23063621_individual_V3	OMIM:614931
4173	STX_30182498_Patient_091_en-prompt.txt	STX_30182498_Patient_091	OMIM:612164
4174	PMID_30580808_Ind_02_Fam_02_en-prompt.txt	PMID_30580808_Ind-02-Fam-02	OMIM:618362
4175	PMID_33731876_fam271_en-prompt.txt	PMID_33731876_fam271	OMIM:613721
4176	PMID_31021519_SATB2_38_from_Zarate_et_al__2018a_Scott_et_al_en-prompt.txt	PMID_31021519_SATB2_38_from_Zarate_et_al__2018a_Scott_et_al	OMIM:612313
4177	PMID_12789647_K2_II_2_en-prompt.txt	PMID_12789647_K2:II-2	OMIM:142900
4178	PMID_23993194_Family_5_case_V4_en-prompt.txt	PMID_23993194_Family_5_case_V4	OMIM:615471
4179	PMID_30451291_IV_11_en-prompt.txt	PMID_30451291_IV:11	OMIM:300088
4180	PMID_33731876_fam408_en-prompt.txt	PMID_33731876_fam408	OMIM:613721
4181	PMID_30356099_Patient_17_en-prompt.txt	PMID_30356099_Patient_17	OMIM:616211
4182	PMID_37167966_F2_II_1_en-prompt.txt	PMID_37167966_F2-II:1	OMIM:620375
4183	PMID_37196654_Individual_12_en-prompt.txt	PMID_37196654_Individual_12	OMIM:618505
4184	PMID_36446582_Gnazzo_2020_P13_en-prompt.txt	PMID_36446582_Gnazzo_2020_P13	OMIM:148050
4185	PMID_31021519_individual_SATB2_81_en-prompt.txt	PMID_31021519_individual_SATB2_81	OMIM:612313
4186	PMID_24736735_G114_Sister_en-prompt.txt	PMID_24736735_G114_Sister	OMIM:175700
4187	PMID_36446582_KBG3_en-prompt.txt	PMID_36446582_KBG3	OMIM:148050
4188	STX_28944233_261220_en-prompt.txt	STX_28944233_261220	OMIM:612164
4189	PMID_37433783_P5_en-prompt.txt	PMID_37433783_P5	OMIM:601674
4190	PMID_30580808_Ind_34_Fam_25_en-prompt.txt	PMID_30580808_Ind-34-Fam-25	OMIM:618362
4191	PMID_37196654_Individual_56__ASP009__en-prompt.txt	PMID_37196654_Individual_56_(ASP009)	OMIM:618505
4192	PMID_33731876_fam40_en-prompt.txt	PMID_33731876_fam40	OMIM:613721
4193	PMID_37196654_Individual_53__SSC_11329_p1__en-prompt.txt	PMID_37196654_Individual_53_(SSC_11329.p1)	OMIM:618505
4194	PMID_21747628_16_year_old_male_en-prompt.txt	PMID_21747628_16_year-old_male	OMIM:151100
4195	PMID_8188302_IV_2_en-prompt.txt	PMID_8188302_IV_2	OMIM:129600
4196	PMID_28285769_Individual_4_II_3_en-prompt.txt	PMID_28285769_Individual_4_II_3	OMIM:250410
4197	PMID_37196654_Individual_55__SSC_13446_p1__en-prompt.txt	PMID_37196654_Individual_55_(SSC_13446.p1)	OMIM:618505
4198	STX_21762454_Patient_1_en-prompt.txt	STX_21762454_Patient_1	OMIM:612164
4199	PMID_17534187_HH17_en-prompt.txt	PMID_17534187_HH17	OMIM:142900
4200	PMID_34521999_27_en-prompt.txt	PMID_34521999_27	OMIM:617140
4201	PMID_8282779_III_I_en-prompt.txt	PMID_8282779_III/I	OMIM:612653
4202	PMID_28132690_Family_E_II_1_en-prompt.txt	PMID_28132690_Family_E_II_1	OMIM:617425
4203	PMID_37962958_11_en-prompt.txt	PMID_37962958_11	OMIM:620535
4204	PMID_9854053_II_2_en-prompt.txt	PMID_9854053_II:2	OMIM:611590
4205	PMID_28069640_Patient_Y_M__VI4__en-prompt.txt	PMID_28069640_Patient_Y.M_(VI4)	OMIM:620519
4206	PMID_25477417_F13_1_en-prompt.txt	PMID_25477417_F13_1	OMIM:248250
4207	PMID_34722527_individual_individual_1_Shiyuan_Wang1_Clinicalandge_en-prompt.txt	PMID_34722527_individual_individual_1_Shiyuan_Wang1_Clinicalandge	OMIM:613826
4208	PMID_37710961_Patient_1_en-prompt.txt	PMID_37710961_Patient_1	OMIM:620748
4209	PMID_31021519_individual_SATB2_106_en-prompt.txt	PMID_31021519_individual_SATB2_106	OMIM:612313
4210	PMID_37761890_10__en-prompt.txt	PMID_37761890_10 	OMIM:616362
4211	PMID_34722527_individual_JB124_2_Laura_Bryant_Prescreeningwh_en-prompt.txt	PMID_34722527_individual_JB124_2_Laura_Bryant_Prescreeningwh	OMIM:613826
4212	STX_20876469_Patient_1_en-prompt.txt	STX_20876469_Patient_1	OMIM:612164
4213	STX_S014_en-prompt.txt	STX_S014	OMIM:612164
4214	PMID_28258187_Patient_4_en-prompt.txt	PMID_28258187_Patient_4	OMIM:618343
4215	PMID_15266616_146_en-prompt.txt	PMID_15266616_146	OMIM:147791
4216	PMID_29707406_B_III_2_en-prompt.txt	PMID_29707406_B_III_2	OMIM:606854
4217	PMID_37303127_3_en-prompt.txt	PMID_37303127_3	OMIM:151660
4218	PMID_22541558_individual_M_2_en-prompt.txt	PMID_22541558_individual_M_2	OMIM:154400
4219	PMID_36446582_KBG15_en-prompt.txt	PMID_36446582_KBG15	OMIM:148050
4220	PMID_26590883_Patient_NCI_253_1_en-prompt.txt	PMID_26590883_Patient_NCI‐253‐1	OMIM:609053
4221	PMID_29330883_Subject_3_en-prompt.txt	PMID_29330883_Subject_3	OMIM:616975
4222	PMID_36307226_Proband_17_en-prompt.txt	PMID_36307226_Proband_17	OMIM:620537
4223	PMID_36331550_Family_14_Patient_19_en-prompt.txt	PMID_36331550_Family_14_Patient_19	OMIM:620540
4224	PMID_32376980_11_en-prompt.txt	PMID_32376980_11	OMIM:618164
4225	PMID_12789647_K14_II_1_en-prompt.txt	PMID_12789647_K14:II-1	OMIM:142900
4226	PMID_37196654_Individual_9_en-prompt.txt	PMID_37196654_Individual_9	OMIM:618505
4227	PMID_36446582_Kim_2015_P2_en-prompt.txt	PMID_36446582_Kim_2015_P2	OMIM:148050
4228	PMID_23099195_Patient_4_en-prompt.txt	PMID_23099195_Patient_4	OMIM:215700
4229	PMID_35484142_F8_P9_en-prompt.txt	PMID_35484142_F8/P9	OMIM:620460
4230	PMID_36553465_P29_en-prompt.txt	PMID_36553465_P29	OMIM:606574
4231	PMID_25835445_1_II_10_en-prompt.txt	PMID_25835445_1-II:10	OMIM:615582
4232	PMID_21131976_EsM5850_en-prompt.txt	PMID_21131976_EsM5850	OMIM:613717
4233	PMID_31021519_SATB2_07_from_Zarate_et_al__2018a_en-prompt.txt	PMID_31021519_SATB2_07_from_Zarate_et_al__2018a	OMIM:612313
4234	STX_29314583_Case_235_en-prompt.txt	STX_29314583_Case_235	OMIM:612164
4235	PMID_35534203_Family_R0036_II_1_en-prompt.txt	PMID_35534203_Family_R0036_II_1	OMIM:620744
4236	PMID_15911822_Patient_7_en-prompt.txt	PMID_15911822_Patient_7	OMIM:234200
4237	PMID_9714438_Park_p253_en-prompt.txt	PMID_9714438_Park_p253	OMIM:121050
4238	PMID_31239556_individual_33_en-prompt.txt	PMID_31239556_individual_33	OMIM:615502
4239	PMID_30847374_V_1_en-prompt.txt	PMID_30847374_V-1	OMIM:620542
4240	PMID_25835445_1_II_4_en-prompt.txt	PMID_25835445_1-II:4	OMIM:615582
4241	PMID_33731876_fam127_en-prompt.txt	PMID_33731876_fam127	OMIM:613721
4242	PMID_36267862_5_month_old_boy_en-prompt.txt	PMID_36267862_5-month-old_boy	OMIM:150250
4243	PMID_33731876_fam281_en-prompt.txt	PMID_33731876_fam281	OMIM:613721
4244	PMID_36355422_IV_8_en-prompt.txt	PMID_36355422_IV_8	OMIM:620745
4245	PMID_29469822_Family_3_II_4_en-prompt.txt	PMID_29469822_Family_3_II-4	OMIM:605275
4246	PMID_31021519_individual_from_Kaiser_et_al_en-prompt.txt	PMID_31021519_individual_from_Kaiser_et_al	OMIM:612313
4247	PMID_31239556_individual_24_en-prompt.txt	PMID_31239556_individual_24	OMIM:615502
4248	PMID_36006710_Patient_1_en-prompt.txt	PMID_36006710_Patient_1	OMIM:620430
4249	PMID_33731876_fam2_en-prompt.txt	PMID_33731876_fam2	OMIM:607745
4250	PMID_33731876_fam130_en-prompt.txt	PMID_33731876_fam130	OMIM:613721
4251	PMID_36446582_Goldenberg2016_P9_en-prompt.txt	PMID_36446582_Goldenberg2016_P9	OMIM:148050
4252	PMID_35904126_Proband_8_en-prompt.txt	PMID_35904126_Proband_8	OMIM:620450
4253	PMID_22824774_22824774_P1_en-prompt.txt	PMID_22824774_22824774_P1	OMIM:256810
4254	PMID_36996813_Individual_8_en-prompt.txt	PMID_36996813_Individual_8	OMIM:620371
4255	STX_BCH_014_en-prompt.txt	STX_BCH_014	OMIM:612164
4256	PMID_36303223_individual_9_PMID_12112661_en-prompt.txt	PMID_36303223_individual_9_PMID_12112661	OMIM:272300
4257	PMID_35923690_50_1_en-prompt.txt	PMID_35923690_50–1	OMIM:105650
4258	PMID_35924320_proband_en-prompt.txt	PMID_35924320_proband	OMIM:620519
4259	PMID_10580070_A_III_11_en-prompt.txt	PMID_10580070_A_III-11	OMIM:115200
4260	STX_Syrbe_15_en-prompt.txt	STX_Syrbe_15	OMIM:612164
4261	PMID_36695497_Individual_4_en-prompt.txt	PMID_36695497_Individual_4	OMIM:620731
4262	PMID_26467218_individual_7_Cirstea_et_al__14_en-prompt.txt	PMID_26467218_individual_7_Cirstea_et_al__14	OMIM:613224
4263	PMID_22158539_individual_9_en-prompt.txt	PMID_22158539_individual_9	OMIM:139210
4264	PMID_36440963_IV_3_en-prompt.txt	PMID_36440963_IV-3	OMIM:620459
4265	PMID_25142838_P10_en-prompt.txt	PMID_25142838_P10	OMIM:147920
4266	PMID_24721225_Patient_III_2_en-prompt.txt	PMID_24721225_Patient_III-2	OMIM:301111
4267	PMID_32376980_7_en-prompt.txt	PMID_32376980_7	OMIM:618164
4268	PMID_10749987_10749987_P1_en-prompt.txt	PMID_10749987_10749987_P1	OMIM:604377
4269	PMID_29217778_P2_D154_en-prompt.txt	PMID_29217778_P2_D154	OMIM:159550
4270	PMID_23335590_Subject_3269_en-prompt.txt	PMID_23335590_Subject_3269	OMIM:304110
4271	STX_Syrbe_3_en-prompt.txt	STX_Syrbe_3	OMIM:612164
4272	PMID_15266616_151_en-prompt.txt	PMID_15266616_151	OMIM:147791
4273	STX_S003_en-prompt.txt	STX_S003	OMIM:612164
4274	PMID_33766796_9_en-prompt.txt	PMID_33766796_9	OMIM:620157
4275	PMID_34722527_individual_arRP_F056_8_Leen_Abu_Safieh_Autozygome_guid_en-prompt.txt	PMID_34722527_individual_arRP-F056_8_Leen_Abu-Safieh_Autozygome-guid	OMIM:613826
4276	PMID_37875108_Patient_7_en-prompt.txt	PMID_37875108_Patient_7	OMIM:301115
4277	PMID_12789647_K16_IV_2_en-prompt.txt	PMID_12789647_K16:IV-2	OMIM:142900
4278	PMID_36446582_Jin_Kim_2020_P2_en-prompt.txt	PMID_36446582_Jin_Kim_2020_P2	OMIM:148050
4279	PMID_33731876_fam1181_en-prompt.txt	PMID_33731876_fam1181	OMIM:613721
4280	PMID_29122497_29122497_P4_en-prompt.txt	PMID_29122497_29122497_P4	OMIM:616370
4281	PMID_36446582_Khalifa_2013_P1B_en-prompt.txt	PMID_36446582_Khalifa_2013_P1B	OMIM:148050
4282	PMID_35344616_A3_en-prompt.txt	PMID_35344616_A3	OMIM:268310
4283	STX_25818041_Patient_20_en-prompt.txt	STX_25818041_Patient_20	OMIM:612164
4284	PMID_32376980_28_en-prompt.txt	PMID_32376980_28	OMIM:618164
4285	PMID_16965330_patient_1_en-prompt.txt	PMID_16965330_patient_1	OMIM:240300
4286	PMID_19800048_IV_4_en-prompt.txt	PMID_19800048_IV-4	OMIM:300804
4287	PMID_25142838_P5_1_en-prompt.txt	PMID_25142838_P5_1	OMIM:147920
4288	PMID_30612693_5_en-prompt.txt	PMID_30612693_5	OMIM:618443
4289	STX_32521962_P14_en-prompt.txt	STX_32521962_P14	OMIM:612164
4290	PMID_29388673_Fam_5_III_1_en-prompt.txt	PMID_29388673_Fam_5_III_1	OMIM:617560
4291	PMID_34521999_44_en-prompt.txt	PMID_34521999_44	OMIM:617140
4292	PMID_37433783_P11_en-prompt.txt	PMID_37433783_P11	OMIM:601674
4293	PMID_12058348_Patient_6_en-prompt.txt	PMID_12058348_Patient_6	OMIM:151100
4294	STX_30283815_Patient_16_en-prompt.txt	STX_30283815_Patient_16	OMIM:612164
4295	PMID_33731876_fam23_en-prompt.txt	PMID_33731876_fam23	OMIM:613721
4296	PMID_15731757_Family_3_II_1_en-prompt.txt	PMID_15731757_Family_3_II_1	OMIM:610168
4297	PMID_19208399_Patient_II_3_en-prompt.txt	PMID_19208399_Patient_II_3	OMIM:167320
4298	PMID_21236492_Individual_P7_en-prompt.txt	PMID_21236492_Individual_P7	OMIM:614199
4299	PMID_37075751_Individual_1_en-prompt.txt	PMID_37075751_Individual_1	OMIM:616462
4300	STX_26865513_Patient_12_en-prompt.txt	STX_26865513_Patient_12	OMIM:612164
4301	PMID_21683322_6_en-prompt.txt	PMID_21683322_6	OMIM:614185
4302	PMID_33633439_5485_I_1_en-prompt.txt	PMID_33633439_5485_I_1	OMIM:620731
4303	PMID_29469822_Family_2_II_5_en-prompt.txt	PMID_29469822_Family_2_II-5	OMIM:605275
4304	PMID_35977029_family_3_en-prompt.txt	PMID_35977029_family_3	OMIM:620494
4305	PMID_37196654_Individual_71_en-prompt.txt	PMID_37196654_Individual_71	OMIM:618505
4306	PMID_21217753_Fam_1_IV_7_en-prompt.txt	PMID_21217753_Fam_1_IV-7	OMIM:613795
4307	PMID_24736735_G15198__en-prompt.txt	PMID_24736735_G15198_	OMIM:175700
4308	PMID_30580808_Machol_Ind_8_Fam_38_en-prompt.txt	PMID_30580808_Machol_Ind_8-Fam-38	OMIM:618362
4309	PMID_36446582_Novara_2017_P8_en-prompt.txt	PMID_36446582_Novara_2017_P8	OMIM:148050
4310	PMID_36307226_Proband_5_en-prompt.txt	PMID_36307226_Proband_5	OMIM:620537
4311	PMID_36553465_P10_en-prompt.txt	PMID_36553465_P10	OMIM:606574
4312	PMID_28331220_Patient_2_en-prompt.txt	PMID_28331220_Patient_2	OMIM:617425
4313	PMID_33731876_fam212_en-prompt.txt	PMID_33731876_fam212	OMIM:613721
4314	PMID_29050398_P15_en-prompt.txt	PMID_29050398_P15	OMIM:620540
4315	PMID_33731876_fam342_en-prompt.txt	PMID_33731876_fam342	OMIM:613721
4316	PMID_30057029_Individual_10_en-prompt.txt	PMID_30057029_Individual_10	OMIM:618089
4317	PMID_28413018_B_III_1_en-prompt.txt	PMID_28413018_B-III-1	OMIM:617527
4318	PMID_10580070_D_III_3_en-prompt.txt	PMID_10580070_D_III-3	OMIM:115200
4319	STX_EG0907P_en-prompt.txt	STX_EG0907P	OMIM:612164
4320	PMID_21696388_IV_6_en-prompt.txt	PMID_21696388_IV-6	OMIM:606693
4321	PMID_31021519_SATB2_14_from_Zarate_et_al__2018a_en-prompt.txt	PMID_31021519_SATB2_14_from_Zarate_et_al__2018a	OMIM:612313
4322	PMID_31527767_III_12_en-prompt.txt	PMID_31527767_III_12	OMIM:129600
4323	PMID_26805781_Family_2_Subject2_II_1_en-prompt.txt	PMID_26805781_Family_2_Subject2_II_1	OMIM:616878
4324	PMID_24736735_G085__en-prompt.txt	PMID_24736735_G085_	OMIM:146510
4325	PMID_10756346_D22_en-prompt.txt	PMID_10756346_D22	OMIM:154700
4326	PMID_33731876_fam205_en-prompt.txt	PMID_33731876_fam205	OMIM:613721
4327	PMID_33731876_fam355_en-prompt.txt	PMID_33731876_fam355	OMIM:613721
4328	PMID_34421895_P2_en-prompt.txt	PMID_34421895_P2	OMIM:619375
4329	PMID_36446582_Ockeloen2015_P11_en-prompt.txt	PMID_36446582_Ockeloen2015_P11	OMIM:148050
4330	STX_G3_P5_en-prompt.txt	STX_G3_P5	OMIM:612164
4331	PMID_28513613_family_1_en-prompt.txt	PMID_28513613_family_1	OMIM:617297
4332	PMID_21217753_Fam_3_II_4_en-prompt.txt	PMID_21217753_Fam_3_II-4	OMIM:613795
4333	PMID_36446582_Parenti2021_P22_en-prompt.txt	PMID_36446582_Parenti2021_P22	OMIM:148050
4334	STX_24781210_Patient_9_en-prompt.txt	STX_24781210_Patient_9	OMIM:612164
4335	PMID_22772371_TAA288_III_3_en-prompt.txt	PMID_22772371_TAA288_III_3	OMIM:614816
4336	PMID_37962958_6_en-prompt.txt	PMID_37962958_6	OMIM:620535
4337	PMID_28007986_A_VI4__en-prompt.txt	PMID_28007986_A(VI4)	OMIM:617527
4338	PMID_29483676_proband_en-prompt.txt	PMID_29483676_proband	OMIM:616224
4339	PMID_34722527_individual_individual_5_Elena_Vallespin_Mutationscreen_en-prompt.txt	PMID_34722527_individual_individual_5_Elena_Vallespin_Mutationscreen	OMIM:608194
4340	PMID_32730804_Individual_5_en-prompt.txt	PMID_32730804_Individual_5	OMIM:620511
4341	PMID_33731876_fam109_en-prompt.txt	PMID_33731876_fam109	OMIM:613721
4342	PMID_29351582_29351582_P1_en-prompt.txt	PMID_29351582_29351582_P1	OMIM:604377
4343	PMID_36718090_Patient_2_en-prompt.txt	PMID_36718090_Patient_2	OMIM:620416
4344	PMID_31949313_F6_II_1_en-prompt.txt	PMID_31949313_F6_II_1	OMIM:147920
4345	PMID_21683322_14_en-prompt.txt	PMID_21683322_14	OMIM:614185
4346	PMID_33731876_fam34_en-prompt.txt	PMID_33731876_fam34	OMIM:613721
4347	PMID_36446582_VanDongen2019_P9_en-prompt.txt	PMID_36446582_VanDongen2019_P9	OMIM:148050
4348	PMID_18669544_FO_08_en-prompt.txt	PMID_18669544_FO-08	OMIM:209900
4349	PMID_22940089_PT2_en-prompt.txt	PMID_22940089_PT2	OMIM:209900
4350	PMID_27672653_Individual_2_en-prompt.txt	PMID_27672653_Individual_2	OMIM:231670
4351	PMID_18551513_14_en-prompt.txt	PMID_18551513_14	OMIM:613205
4352	PMID_37880421_Family_5_II_1_en-prompt.txt	PMID_37880421_Family_5_II_1	OMIM:620653
4353	STX_23409955_Patient_F_en-prompt.txt	STX_23409955_Patient_F	OMIM:612164
4354	PMID_31021519_SATB2_79_from_Zarate_et_al__2018a_Scott_et_al_en-prompt.txt	PMID_31021519_SATB2_79_from_Zarate_et_al__2018a_Scott_et_al	OMIM:612313
4355	PMID_24369382_Family_1_II_2_en-prompt.txt	PMID_24369382_Family_1_II.2	OMIM:614322
4356	PMID_36553465_P2_en-prompt.txt	PMID_36553465_P2	OMIM:606574
4357	PMID_22772371_TAA288_III_11_en-prompt.txt	PMID_22772371_TAA288_III_11	OMIM:614816
4358	PMID_15945070_7_month_old_girl_en-prompt.txt	PMID_15945070_7-month-old_girl	OMIM:608776
4359	PMID_24355708_IHG25190_individual_2_en-prompt.txt	PMID_24355708_IHG25190_individual_2	OMIM:215470
4360	PMID_14994243_14994243_P1_en-prompt.txt	PMID_14994243_14994243_P1	OMIM:604377
4361	PMID_33731876_fam89_en-prompt.txt	PMID_33731876_fam89	OMIM:607745
4362	PMID_29469822_Family_1_II_2_en-prompt.txt	PMID_29469822_Family_1_II-2	OMIM:605275
4363	PMID_36446582_Scarano_2013_P1_en-prompt.txt	PMID_36446582_Scarano_2013_P1	OMIM:148050
4364	STX_30842224_Patient_2_en-prompt.txt	STX_30842224_Patient_2	OMIM:612164
4365	PMID_25216260_Family_2_Patient_3_en-prompt.txt	PMID_25216260_Family_2_Patient_3	OMIM:142900
4366	PMID_27040691_Individual_8_1_en-prompt.txt	PMID_27040691_Individual_8-1	OMIM:616900
4367	PMID_36446582_Sirmaci2011_P2_F1__previously_published_Tekin_2004_en-prompt.txt	PMID_36446582_Sirmaci2011_P2_F1__previously_published_Tekin_2004	OMIM:148050
4368	STX_S007_en-prompt.txt	STX_S007	OMIM:612164
4369	PMID_21683322_29_en-prompt.txt	PMID_21683322_29	OMIM:102370
4370	PMID_28074573_ADL1_en-prompt.txt	PMID_28074573_ADL1	OMIM:163950
4371	PMID_37875108_Patient_3_en-prompt.txt	PMID_37875108_Patient_3	OMIM:301115
4372	PMID_36303223_individual_3_PMID_10519592_en-prompt.txt	PMID_36303223_individual_3_PMID_10519592	OMIM:272300
4373	STX_26514728_Patient_23_en-prompt.txt	STX_26514728_Patient_23	OMIM:612164
4374	PMID_34722527_individual_individual_6_Juliana_Maria_Ferraz_Sallum1_3_Clinicalandmo_en-prompt.txt	PMID_34722527_individual_individual_6_Juliana_Maria_Ferraz_Sallum1_3_Clinicalandmo	OMIM:613826
4375	PMID_30580808_Ind_13_Fam_13_en-prompt.txt	PMID_30580808_Ind-13-Fam-13	OMIM:618362
4376	PMID_22956686_18_IV_1_en-prompt.txt	PMID_22956686_18-IV-1	OMIM:614923
4377	PMID_25477417_F8_1_en-prompt.txt	PMID_25477417_F8_1	OMIM:248250
4378	PMID_35923690_50_5_en-prompt.txt	PMID_35923690_50–5	OMIM:105650
4379	PMID_28132693_individual_3_GC17880_en-prompt.txt	PMID_28132693_individual_3_GC17880	OMIM:617433
4380	PMID_10580070_A_III_15_en-prompt.txt	PMID_10580070_A_III-15	OMIM:115200
4381	PMID_28318500_1_II_1_en-prompt.txt	PMID_28318500_1-II-1	OMIM:617478
4382	PMID_24736735_G115__en-prompt.txt	PMID_24736735_G115_	OMIM:175700
4383	PMID_33731876_fam1138_en-prompt.txt	PMID_33731876_fam1138	OMIM:607745
4384	PMID_32376980_3_en-prompt.txt	PMID_32376980_3	OMIM:618164
4385	PMID_31527767_III_7_en-prompt.txt	PMID_31527767_III_7	OMIM:129600
4386	PMID_36544606_male_infant_en-prompt.txt	PMID_36544606_male_infant	OMIM:163950
4387	PMID_36446582_KBG10B_en-prompt.txt	PMID_36446582_KBG10B	OMIM:148050
4388	PMID_29379197_CDL038_en-prompt.txt	PMID_29379197_CDL038	OMIM:620568
4389	PMID_33731876_fam368_en-prompt.txt	PMID_33731876_fam368	OMIM:613721
4390	PMID_34722527_individual_individual_1_Shiyuan_Wang4_Clinicalandge_en-prompt.txt	PMID_34722527_individual_individual_1_Shiyuan_Wang4_Clinicalandge	OMIM:613826
4391	PMID_33731876_fam238_en-prompt.txt	PMID_33731876_fam238	OMIM:613721
4392	PMID_23643385_23643385_P1_en-prompt.txt	PMID_23643385_23643385_P1	OMIM:608910
4393	STX_BCH_010_en-prompt.txt	STX_BCH_010	OMIM:612164
4394	PMID_4045952_IV_5_en-prompt.txt	PMID_4045952_IV.5	OMIM:301310
4395	PMID_33731876_fam189_en-prompt.txt	PMID_33731876_fam189	OMIM:613721
4396	PMID_31021519_SATB2_48_from_Zarate_et_al__2018a_en-prompt.txt	PMID_31021519_SATB2_48_from_Zarate_et_al__2018a	OMIM:612313
4397	PMID_26453364_Patient_1_en-prompt.txt	PMID_26453364_Patient_1	OMIM:608776
4398	PMID_24498630_ISR2_en-prompt.txt	PMID_24498630_ISR2	OMIM:246200
4399	STX_26865513_Patient_38_en-prompt.txt	STX_26865513_Patient_38	OMIM:612164
4400	PMID_25480986_individual_D_1_en-prompt.txt	PMID_25480986_individual_D_1	OMIM:275400
4401	PMID_24665001_Patient_2_en-prompt.txt	PMID_24665001_Patient_2	OMIM:616914
4402	PMID_33731876_fam134_en-prompt.txt	PMID_33731876_fam134	OMIM:613721
4403	PMID_33731876_fam6_en-prompt.txt	PMID_33731876_fam6	OMIM:607745
4404	PMID_12161596_Patient_3_en-prompt.txt	PMID_12161596_Patient_3	OMIM:151100
4405	PMID_33731876_fam292_en-prompt.txt	PMID_33731876_fam292	OMIM:607745
4406	PMID_12203992_D55_en-prompt.txt	PMID_12203992_D55	OMIM:154700
4407	PMID_34722527_individual_individual_1_Juliana_Maria_Ferraz_Sallum1_7_Clinicalandmo_en-prompt.txt	PMID_34722527_individual_individual_1_Juliana_Maria_Ferraz_Sallum1_7_Clinicalandmo	OMIM:613826
4408	PMID_29217778_P3_US1_en-prompt.txt	PMID_29217778_P3_US1	OMIM:159550
4409	STX_31487502_Patient_56_en-prompt.txt	STX_31487502_Patient_56	OMIM:612164
4410	PMID_31239556_individual_37_en-prompt.txt	PMID_31239556_individual_37	OMIM:615502
4411	PMID_15911822_Patient_3_en-prompt.txt	PMID_15911822_Patient_3	OMIM:234200
4412	PMID_33731876_fam123_en-prompt.txt	PMID_33731876_fam123	OMIM:613721
4413	PMID_36074124_2_IV_1_en-prompt.txt	PMID_36074124_2_IV_1	OMIM:620570
4414	PMID_23388215_Proband_2_en-prompt.txt	PMID_23388215_Proband_2	OMIM:616249
4415	PMID_9817917_Family_8_individual_13073_en-prompt.txt	PMID_9817917_Family_8_individual_13073	OMIM:222300
4416	PMID_28940506_Family_12_Individual_13_en-prompt.txt	PMID_28940506_Family_12_Individual_13	OMIM:615471
4417	PMID_12789647_K15_IV_1_en-prompt.txt	PMID_12789647_K15:IV-1	OMIM:142900
4418	PMID_24736735_G003__en-prompt.txt	PMID_24736735_G003_	OMIM:175700
4419	PMID_24736735_G016__en-prompt.txt	PMID_24736735_G016_	OMIM:175700
4420	PMID_11179005_4__F__en-prompt.txt	PMID_11179005_4_(F)	OMIM:311200
4421	STX_BCH_007_en-prompt.txt	STX_BCH_007	OMIM:612164
4422	PMID_36307226_Proband_13_en-prompt.txt	PMID_36307226_Proband_13	OMIM:620537
4423	PMID_29330883_Subject_7_en-prompt.txt	PMID_29330883_Subject_7	OMIM:616975
4424	PMID_8188302_III_5_en-prompt.txt	PMID_8188302_III_5	OMIM:129600
4425	PMID_36446582_KBG11_en-prompt.txt	PMID_36446582_KBG11	OMIM:148050
4426	PMID_16429406_first_patient_en-prompt.txt	PMID_16429406_first_patient	OMIM:227645
4427	PMID_7607663_Patient_0542_en-prompt.txt	PMID_7607663_Patient_0542	OMIM:162200
4428	PMID_27087320_Subject_4_en-prompt.txt	PMID_27087320_Subject_4	OMIM:616975
4429	PMID_32376980_15_en-prompt.txt	PMID_32376980_15	OMIM:618164
4430	PMID_37761890_4__en-prompt.txt	PMID_37761890_4 	OMIM:616362
4431	PMID_33633439_1267_II_1_en-prompt.txt	PMID_33633439_1267_II_1	OMIM:620731
4432	PMID_33045405_Pitt_et_al___2015_A1_2_en-prompt.txt	PMID_33045405_Pitt_et_al.,_2015_A1-2	OMIM:605911
4433	PMID_10939567_Spo29_en-prompt.txt	PMID_10939567_Spo29	OMIM:181350
4434	PMID_25835445_5_II_1__en-prompt.txt	PMID_25835445_5-II:1*	OMIM:615582
4435	PMID_15266616_142_en-prompt.txt	PMID_15266616_142	OMIM:147791
4436	STX_s010_en-prompt.txt	STX_s010	OMIM:612164
4437	PMID_34722527_individual_048_079_2_Thaddeus_P__Dryja_Null_RPGRIP1_Al_en-prompt.txt	PMID_34722527_individual_048-079_2_Thaddeus_P__Dryja_Null RPGRIP1 Al	OMIM:613826
4438	PMID_29196670_Patient_8_en-prompt.txt	PMID_29196670_Patient_8	OMIM:613254
4439	PMID_34722527_individual_EYE55_2_Katsuhiro_Hosono_MolecularDiagn_en-prompt.txt	PMID_34722527_individual_EYE55_2_Katsuhiro_Hosono_MolecularDiagn	OMIM:613826
4440	PMID_21217753_Fam_1_IV_17_en-prompt.txt	PMID_21217753_Fam_1_IV-17	OMIM:613795
4441	PMID_33578420_1_year_old_female_en-prompt.txt	PMID_33578420_1-year-old_female	OMIM:620528
4442	PMID_36440963_III_2_en-prompt.txt	PMID_36440963_III-2	OMIM:620459
4443	PMID_29707406_B_III_6_en-prompt.txt	PMID_29707406_B_III_6	OMIM:606854
4444	PMID_21131976_EsM10408_en-prompt.txt	PMID_21131976_EsM10408	OMIM:613717
4445	PMID_37761890_17__en-prompt.txt	PMID_37761890_17 	OMIM:616362
4446	PMID_26467218_individual_9_M_Cirstea_et_al__14_en-prompt.txt	PMID_26467218_individual_9_M_Cirstea_et_al__14	OMIM:613224
4447	PMID_18551513_10_en-prompt.txt	PMID_18551513_10	OMIM:613205
4448	PMID_22772368_2_II_1_en-prompt.txt	PMID_22772368_2_II_1	OMIM:614816
4449	STX_HSJD_Patient_7_en-prompt.txt	STX_HSJD_Patient_7	OMIM:612164
4450	PMID_37352860_Individual_1A_en-prompt.txt	PMID_37352860_Individual_1A	OMIM:620663
4451	PMID_36553465_P6_en-prompt.txt	PMID_36553465_P6	OMIM:606574
4452	PMID_10939567_EMD3_IV_7_en-prompt.txt	PMID_10939567_EMD3_IV-7	OMIM:181350
4453	PMID_22541558_individual_J_1_en-prompt.txt	PMID_22541558_individual_J_1	OMIM:154400
4454	PMID_36446582_Parenti2021_P8_en-prompt.txt	PMID_36446582_Parenti2021_P8	OMIM:148050
4455	STX_23409955_Patient_B_en-prompt.txt	STX_23409955_Patient_B	OMIM:612164
4456	PMID_29388673_Fam_3_III_2_en-prompt.txt	PMID_29388673_Fam_3_III_2	OMIM:617560
4457	PMID_15214011_5_year_old_girl_en-prompt.txt	PMID_15214011_5_year_old_girl	OMIM:154500
4458	PMID_32853638_Patient_2_en-prompt.txt	PMID_32853638_Patient_2	OMIM:619375
4459	PMID_36446582_Scarano_2013_P5_en-prompt.txt	PMID_36446582_Scarano_2013_P5	OMIM:148050
4460	PMID_23972372_family_2_V_1_en-prompt.txt	PMID_23972372_family_2_V_1	OMIM:174300
4461	PMID_31859446_second_case_en-prompt.txt	PMID_31859446_second_case	OMIM:620719
4462	PMID_36073542_individual_4_en-prompt.txt	PMID_36073542_individual_4	OMIM:620774
4463	STX_30185235_Case_151_en-prompt.txt	STX_30185235_Case_151	OMIM:612164
4464	PMID_34521999_4_en-prompt.txt	PMID_34521999_4	OMIM:617140
4465	PMID_10942416_Patient_en-prompt.txt	PMID_10942416_Patient	OMIM:611590
4466	PMID_21683322_10_en-prompt.txt	PMID_21683322_10	OMIM:614185
4467	PMID_15781812_individual_146_en-prompt.txt	PMID_15781812_individual_146	OMIM:620681
4468	PMID_10580070_D_II_4_en-prompt.txt	PMID_10580070_D_II-4	OMIM:115200
4469	PMID_36517554_patient_1_en-prompt.txt	PMID_36517554_patient_1	OMIM:620603
4470	PMID_33087723_A1_en-prompt.txt	PMID_33087723_A1	OMIM:619375
4471	PMID_17661815_Patient_B_II_2_en-prompt.txt	PMID_17661815_Patient_B_II_2	OMIM:214800
4472	PMID_33731876_fam30_en-prompt.txt	PMID_33731876_fam30	OMIM:613721
4473	PMID_10805329_10805329_P3_en-prompt.txt	PMID_10805329_10805329_P3	OMIM:604377
4474	PMID_27672653_Individual_6_en-prompt.txt	PMID_27672653_Individual_6	OMIM:231670
4475	PMID_26437932_26437932_P1_en-prompt.txt	PMID_26437932_26437932_P1	OMIM:256810
4476	PMID_20358596_Patient_C_en-prompt.txt	PMID_20358596_Patient_C	OMIM:123000
4477	PMID_32730804_Individual_1_en-prompt.txt	PMID_32730804_Individual_1	OMIM:620511
4478	PMID_37962958_2_en-prompt.txt	PMID_37962958_2	OMIM:620535
4479	PMID_17534187_HH8_en-prompt.txt	PMID_17534187_HH8	OMIM:142900
4480	PMID_31239556_individual_19_en-prompt.txt	PMID_31239556_individual_19	OMIM:615502
4481	PMID_9714438_Park_p279_en-prompt.txt	PMID_9714438_Park_p279	OMIM:121050
4482	PMID_34722527_individual_MEP50_12_Martin_McKibbin_Genotype_Phenot_en-prompt.txt	PMID_34722527_individual_MEP50_12_Martin_McKibbin_Genotype-Phenot	OMIM:613826
4483	PMID_33731876_fam351_en-prompt.txt	PMID_33731876_fam351	OMIM:613721
4484	PMID_37660254_Patient_3_en-prompt.txt	PMID_37660254_Patient_3	OMIM:620669
4485	PMID_33731876_fam201_en-prompt.txt	PMID_33731876_fam201	OMIM:613721
4486	PMID_25411445_Patient_2_en-prompt.txt	PMID_25411445_Patient_2	OMIM:616211
4487	PMID_10939567_EMD2_II_3_en-prompt.txt	PMID_10939567_EMD2_II-3	OMIM:181350
4488	PMID_36446582_Ockeloen2015_P15_en-prompt.txt	PMID_36446582_Ockeloen2015_P15	OMIM:148050
4489	PMID_17661815_Patient_A_III_3_en-prompt.txt	PMID_17661815_Patient_A_III_3	OMIM:214800
4490	PMID_10580070_C_III_4_en-prompt.txt	PMID_10580070_C_III-4	OMIM:115200
4491	PMID_36303223_individual_28_PMID_33335014_en-prompt.txt	PMID_36303223_individual_28_PMID_33335014	OMIM:272300
4492	PMID_30057029_Individual_14_en-prompt.txt	PMID_30057029_Individual_14	OMIM:618089
4493	PMID_4045952_IV_12_en-prompt.txt	PMID_4045952_IV.12	OMIM:301310
4494	PMID_33731876_fam346_en-prompt.txt	PMID_33731876_fam346	OMIM:613721
4495	PMID_33731876_fam216_en-prompt.txt	PMID_33731876_fam216	OMIM:613721
4496	PMID_36553465_P14_en-prompt.txt	PMID_36553465_P14	OMIM:606574
4497	PMID_36331550_Family_21_Patient_26_en-prompt.txt	PMID_36331550_Family_21_Patient_26	OMIM:620540
4498	PMID_15266616_34_en-prompt.txt	PMID_15266616_34	OMIM:147791
4499	PMID_36927955_proband_en-prompt.txt	PMID_36927955_proband	OMIM:301114
4500	PMID_35962790_Family_A_Individual_1__II_1__en-prompt.txt	PMID_35962790_Family_A_Individual_1_(II-1)	OMIM:620545
4501	PMID_10580070_D_III_7_en-prompt.txt	PMID_10580070_D_III-7	OMIM:115200
4502	PMID_16917909_667_3_en-prompt.txt	PMID_16917909_667-3	OMIM:142900
4503	PMID_36747105_proband_en-prompt.txt	PMID_36747105_proband	OMIM:620535
4504	PMID_28940506_Family_5_Individual_6_en-prompt.txt	PMID_28940506_Family_5_Individual_6	OMIM:615471
4505	PMID_21683322_2_en-prompt.txt	PMID_21683322_2	OMIM:614185
4506	STX_26865513_Patient_16_en-prompt.txt	STX_26865513_Patient_16	OMIM:612164
4507	PMID_28969374_Family_1_1507278_Pt1_en-prompt.txt	PMID_28969374_Family_1_1507278_Pt1	OMIM:617560
4508	PMID_33633439_18739_I_1_en-prompt.txt	PMID_33633439_18739_I_1	OMIM:620731
4509	PMID_24369382_Family_2_II_1_en-prompt.txt	PMID_24369382_Family_2_II.1	OMIM:614322
4510	PMID_36303223_individual_32_PMID_34025712_en-prompt.txt	PMID_36303223_individual_32_PMID_34025712	OMIM:272300
4511	PMID_34722527_individual_MEP3_14_Martin_McKibbin_Genotype_Phenot_en-prompt.txt	PMID_34722527_individual_MEP3_14_Martin_McKibbin_Genotype-Phenot	OMIM:613826
4512	PMID_36446582_Sayed_2020_P2_en-prompt.txt	PMID_36446582_Sayed_2020_P2	OMIM:148050
4513	PMID_21217753_Fam_1_IV_3_en-prompt.txt	PMID_21217753_Fam_1_IV-3	OMIM:613795
4514	PMID_21683322_27_a_en-prompt.txt	PMID_21683322_27-a	OMIM:102370
4515	PMID_19864201_Case_3_en-prompt.txt	PMID_19864201_Case_3	OMIM:151100
4516	PMID_37196654_Individual_75_en-prompt.txt	PMID_37196654_Individual_75	OMIM:618505
4517	PMID_36307226_Proband_1_en-prompt.txt	PMID_36307226_Proband_1	OMIM:620537
4518	PMID_25868664_Family_15_Case_16_en-prompt.txt	PMID_25868664_Family_15_Case_16	OMIM:615471
4519	PMID_28413018_C_III_1_en-prompt.txt	PMID_28413018_C-III-1	OMIM:617527
4520	PMID_37433783_P15_en-prompt.txt	PMID_37433783_P15	OMIM:601674
4521	PMID_34521999_40_en-prompt.txt	PMID_34521999_40	OMIM:617140
4522	PMID_32083401_Patient_3_en-prompt.txt	PMID_32083401_Patient_3	OMIM:147920
4523	PMID_10939567_Spo10_en-prompt.txt	PMID_10939567_Spo10	OMIM:181350
4524	PMID_12058348_Patient_2_en-prompt.txt	PMID_12058348_Patient_2	OMIM:151100
4525	PMID_18256394_9_en-prompt.txt	PMID_18256394_9	OMIM:176670
4526	PMID_33731876_fam27_en-prompt.txt	PMID_33731876_fam27	OMIM:613721
4527	PMID_36446582_Isrie_2012_P1_en-prompt.txt	PMID_36446582_Isrie_2012_P1	OMIM:148050
4528	PMID_37075751_Individual_5_en-prompt.txt	PMID_37075751_Individual_5	OMIM:616462
4529	PMID_21236492_Individual_P3_en-prompt.txt	PMID_21236492_Individual_P3	OMIM:614199
4530	PMID_34722527_individual_individual_6_Arif_O_Khan_TheRPGRIP1_rel_en-prompt.txt	PMID_34722527_individual_individual_6_Arif_O_Khan_TheRPGRIP1-rel	OMIM:613826
4531	PMID_35344616_A7_en-prompt.txt	PMID_35344616_A7	OMIM:268310
4532	PMID_28886341_Individual_F2_II_5_en-prompt.txt	PMID_28886341_Individual_F2_II_5	OMIM:617694
4533	PMID_36446582_KBG28_en-prompt.txt	PMID_36446582_KBG28	OMIM:148050
4534	PMID_16965330_patient_5_en-prompt.txt	PMID_16965330_patient_5	OMIM:240300
4535	STX_EG0542P_en-prompt.txt	STX_EG0542P	OMIM:612164
4536	PMID_31021519_DGAP211_from_Talkowski_et_al_en-prompt.txt	PMID_31021519_DGAP211_from_Talkowski_et_al	OMIM:612313
4537	PMID_30612693_1_en-prompt.txt	PMID_30612693_1	OMIM:618443
4538	PMID_12818525_A_III_3_en-prompt.txt	PMID_12818525_A_III/3	OMIM:142900
4539	PMID_31332438_B_II_2_en-prompt.txt	PMID_31332438_B:II:2	OMIM:620528
4540	PMID_29388673_Fam_4_III_1_en-prompt.txt	PMID_29388673_Fam_4_III_1	OMIM:617560
4541	STX_32521962_P10_en-prompt.txt	STX_32521962_P10	OMIM:612164
4542	PMID_31239556_individual_22_father_en-prompt.txt	PMID_31239556_individual_22_father	OMIM:615502
4543	PMID_15266616_152_en-prompt.txt	PMID_15266616_152	OMIM:147791
4544	PMID_25216260_Family_2_Patient_4_en-prompt.txt	PMID_25216260_Family_2_Patient_4	OMIM:142900
4545	STX_30842224_Patient_5_en-prompt.txt	STX_30842224_Patient_5	OMIM:612164
4546	PMID_32404357_II_3_en-prompt.txt	PMID_32404357_II_3	OMIM:129600
4547	PMID_34722527_individual_3EYE65_4_Daisuke_Miyamichi_Retinalstructu_en-prompt.txt	PMID_34722527_individual_3EYE65_4_Daisuke_Miyamichi_Retinalstructu	OMIM:613826
4548	PMID_29122497_29122497_P7_en-prompt.txt	PMID_29122497_29122497_P7	OMIM:616370
4549	STX_26514728_Patient_24_en-prompt.txt	STX_26514728_Patient_24	OMIM:612164
4550	PMID_12789647_K16_IV_1_en-prompt.txt	PMID_12789647_K16:IV-1	OMIM:142900
4551	PMID_37875108_Patient_4_en-prompt.txt	PMID_37875108_Patient_4	OMIM:301115
4552	PMID_36446582_Jin_Kim_2020_P1_en-prompt.txt	PMID_36446582_Jin_Kim_2020_P1	OMIM:148050
4553	STX_Syrbe_16_en-prompt.txt	STX_Syrbe_16	OMIM:612164
4554	PMID_36932076_Patient_3_en-prompt.txt	PMID_36932076_Patient_3	OMIM:620376
4555	PMID_16962354_first_mutation_en-prompt.txt	PMID_16962354_first_mutation	OMIM:142946
4556	PMID_28540407_index_case_en-prompt.txt	PMID_28540407_index_case	OMIM:240300
4557	STX_29929108_Patient_1_en-prompt.txt	STX_29929108_Patient_1	OMIM:612164
4558	PMID_35923690_50_2_en-prompt.txt	PMID_35923690_50–2	OMIM:105650
4559	PMID_32376980_4_en-prompt.txt	PMID_32376980_4	OMIM:618164
4560	PMID_24721225_Patient_III_1_en-prompt.txt	PMID_24721225_Patient_III-1	OMIM:301111
4561	PMID_10749987_10749987_P2_en-prompt.txt	PMID_10749987_10749987_P2	OMIM:604377
4562	PMID_36695497_Individual_7_en-prompt.txt	PMID_36695497_Individual_7	OMIM:620731
4563	PMID_37761890_5__en-prompt.txt	PMID_37761890_5 	OMIM:616362
4564	PMID_16917909_649_1_en-prompt.txt	PMID_16917909_649-1	OMIM:142900
4565	PMID_25896430_Patient_8_en-prompt.txt	PMID_25896430_Patient_8	OMIM:147920
4566	PMID_34722527_individual_individual_1_Juliana_Maria_Ferraz_Sallum1_8_Clinicalandmo_en-prompt.txt	PMID_34722527_individual_individual_1_Juliana_Maria_Ferraz_Sallum1_8_Clinicalandmo	OMIM:613826
4567	PMID_36446582_Parenti2021_P18_en-prompt.txt	PMID_36446582_Parenti2021_P18	OMIM:148050
4568	PMID_36333996_Patient_of_family_C_en-prompt.txt	PMID_36333996_Patient_of_family_C	OMIM:620427
4569	PMID_34101994_II_1_en-prompt.txt	PMID_34101994_II.1	OMIM:609322
4570	PMID_24736735_G002__en-prompt.txt	PMID_24736735_G002_	OMIM:175700
4571	PMID_16912710_Individual_F1234__II_1__en-prompt.txt	PMID_16912710_Individual_F1234_(II-1)	OMIM:614199
4572	PMID_34722527_individual_Fi15_12_1_Marina_Riera_Wholeexomeseq_en-prompt.txt	PMID_34722527_individual_Fi15/12_1_Marina_Riera_Wholeexomeseq	OMIM:613826
4573	PMID_16917909_706_1_en-prompt.txt	PMID_16917909_706-1	OMIM:142900
4574	PMID_25835445_9_II_2__en-prompt.txt	PMID_25835445_9-II:2*	OMIM:615582
4575	PMID_31548836_Family_D_II1_____en-prompt.txt	PMID_31548836_Family_D_II1_()_	OMIM:119600
4576	PMID_27843126_C_II_3_en-prompt.txt	PMID_27843126_C-II.3	OMIM:617146
4577	PMID_22772371_MS239_IV_22_en-prompt.txt	PMID_22772371_MS239_IV_22	OMIM:614816
4578	PMID_33731876_fam282_en-prompt.txt	PMID_33731876_fam282	OMIM:613721
4579	PMID_22939636_Family_2_Individual_1_en-prompt.txt	PMID_22939636_Family_2_Individual_1	OMIM:614833
4580	PMID_33731876_fam133_en-prompt.txt	PMID_33731876_fam133	OMIM:607745
4581	PMID_33731876_fam1_en-prompt.txt	PMID_33731876_fam1	OMIM:607745
4582	PMID_12789647_K17_II_5_en-prompt.txt	PMID_12789647_K17:II-5	OMIM:142900
4583	PMID_36006710_Patient_2_en-prompt.txt	PMID_36006710_Patient_2	OMIM:620430
4584	PMID_30580808_Ind_42_Fam_26_en-prompt.txt	PMID_30580808_Ind-42-Fam-26	OMIM:618362
4585	STX_Seoul_Lee_Patient_1_en-prompt.txt	STX_Seoul_Lee_Patient_1	OMIM:612164
4586	PMID_31239556_individual_27_en-prompt.txt	PMID_31239556_individual_27	OMIM:615502
4587	STX_26865513_Patient_28_en-prompt.txt	STX_26865513_Patient_28	OMIM:612164
4588	PMID_24736735_G099__en-prompt.txt	PMID_24736735_G099_	OMIM:175700
4589	PMID_33731876_fam124_en-prompt.txt	PMID_33731876_fam124	OMIM:613721
4590	PMID_25835445_1_II_7_en-prompt.txt	PMID_25835445_1-II:7	OMIM:615582
4591	STX_28856709_RTT69_1_en-prompt.txt	STX_28856709_RTT69_1	OMIM:612164
4592	PMID_31239556_individual_30_en-prompt.txt	PMID_31239556_individual_30	OMIM:615502
4593	PMID_15911822_Patient_4_en-prompt.txt	PMID_15911822_Patient_4	OMIM:234200
4594	PMID_34722527_individual_individual_2_Arif_O_Khan_Geneticanalysi_en-prompt.txt	PMID_34722527_individual_individual_2_Arif_O_Khan_Geneticanalysi	OMIM:613826
4595	PMID_9312167_B_I_4_en-prompt.txt	PMID_9312167_B:I:4	OMIM:179800
4596	PMID_33731876_fam228_en-prompt.txt	PMID_33731876_fam228	OMIM:613721
4597	PMID_33731876_fam378_en-prompt.txt	PMID_33731876_fam378	OMIM:613721
4598	PMID_26567009_male_child_en-prompt.txt	PMID_26567009_male_child	OMIM:245200
4599	PMID_29379197_3049_en-prompt.txt	PMID_29379197_3049	OMIM:620568
4600	PMID_33731876_fam199_en-prompt.txt	PMID_33731876_fam199	OMIM:613721
4601	PMID_21131976_Lei1_en-prompt.txt	PMID_21131976_Lei1	OMIM:613717
4602	PMID_29230214_proband_en-prompt.txt	PMID_29230214_proband	OMIM:620449
4603	PMID_24219130_boy_en-prompt.txt	PMID_24219130_boy	OMIM:241850
4604	PMID_30850397_II_1_en-prompt.txt	PMID_30850397_II_1	OMIM:615983
4605	PMID_32376980_12_en-prompt.txt	PMID_32376980_12	OMIM:618164
4606	PMID_27087320_Subject_3_en-prompt.txt	PMID_27087320_Subject_3	OMIM:616975
4607	PMID_38014483_Family_e_individual_e_1_en-prompt.txt	PMID_38014483_Family_e_individual_e_1	OMIM:620666
4608	PMID_8188302_III_2_en-prompt.txt	PMID_8188302_III_2	OMIM:129600
4609	PMID_36307226_Proband_14_en-prompt.txt	PMID_36307226_Proband_14	OMIM:620537
4610	PMID_36446582_KBG16_en-prompt.txt	PMID_36446582_KBG16	OMIM:148050
4611	PMID_36446582_Kim_2015_P1_en-prompt.txt	PMID_36446582_Kim_2015_P1	OMIM:148050
4612	STX_P_45_en-prompt.txt	STX_P_45	OMIM:612164
4613	PMID_34722527_individual_90_2_Tobias_Eisenberger_Increasingthe_en-prompt.txt	PMID_34722527_individual_90_2_Tobias_Eisenberger_Increasingthe	OMIM:613826
4614	STX_31394400_P1_en-prompt.txt	STX_31394400_P1	OMIM:612164
4615	PMID_24736735_G114__en-prompt.txt	PMID_24736735_G114_	OMIM:175700
4616	STX_23020937_P4276_en-prompt.txt	STX_23020937_P4276	OMIM:612164
4617	PMID_24736735_G070_Mother_en-prompt.txt	PMID_24736735_G070_Mother	OMIM:175700
4618	PMID_30580808_Ind_29_Fam_21_en-prompt.txt	PMID_30580808_Ind-29-Fam-21	OMIM:618362
4619	PMID_10580070_E_II_2_en-prompt.txt	PMID_10580070_E_II-2	OMIM:115200
4620	PMID_27753196_index_patient_en-prompt.txt	PMID_27753196_index_patient	OMIM:616638
4621	PMID_21669885_F3_1_en-prompt.txt	PMID_21669885_F3_1	OMIM:248250
4622	PMID_16965330_Sibling_of_patient_7_en-prompt.txt	PMID_16965330_Sibling_of_patient_7	OMIM:240300
4623	STX_30945278_Patient_DD18003965_en-prompt.txt	STX_30945278_Patient_DD18003965	OMIM:612164
4624	PMID_22541558_individual_M_1_en-prompt.txt	PMID_22541558_individual_M_1	OMIM:154400
4625	PMID_33731876_fam19_en-prompt.txt	PMID_33731876_fam19	OMIM:613721
4626	PMID_28619360_probadn_en-prompt.txt	PMID_28619360_probadn	OMIM:611182
4627	PMID_21217753_Fam_1_IV_10_en-prompt.txt	PMID_21217753_Fam_1_IV-10	OMIM:613795
4628	PMID_31213928_patient_en-prompt.txt	PMID_31213928_patient	OMIM:159950
4629	PMID_36553465_P1_en-prompt.txt	PMID_36553465_P1	OMIM:606574
4630	PMID_24369382_Family_1_II_1_en-prompt.txt	PMID_24369382_Family_1_II.1	OMIM:614322
4631	PMID_36446582_KBG38_en-prompt.txt	PMID_36446582_KBG38	OMIM:148050
4632	PMID_10939567_EMD1_III_2_en-prompt.txt	PMID_10939567_EMD1_III-2	OMIM:181350
4633	PMID_34722527_individual_2EYE64_3_Daisuke_Miyamichi_Retinalstructu_en-prompt.txt	PMID_34722527_individual_2EYE64_3_Daisuke_Miyamichi_Retinalstructu	OMIM:613826
4634	PMID_35420632_patient_1_V_1_en-prompt.txt	PMID_35420632_patient_1_V-1	OMIM:620367
4635	PMID_29469822_Family_1_II_1_en-prompt.txt	PMID_29469822_Family_1_II-1	OMIM:605275
4636	PMID_36446582_Scarano_2013_P2_en-prompt.txt	PMID_36446582_Scarano_2013_P2	OMIM:148050
4637	PMID_34722527_individual_individual_2_Saber_Imani_Identification_en-prompt.txt	PMID_34722527_individual_individual_2_Saber_Imani_Identification	OMIM:613826
4638	PMID_36073542_individual_3_en-prompt.txt	PMID_36073542_individual_3	OMIM:620774
4639	PMID_22772371_TAA288_III_12_en-prompt.txt	PMID_22772371_TAA288_III_12	OMIM:614816
4640	PMID_24355708_IHG25190_individual_1_en-prompt.txt	PMID_24355708_IHG25190_individual_1	OMIM:215470
4641	PMID_26247899_P1_1_en-prompt.txt	PMID_26247899_P1-1	OMIM:619656
4642	PMID_34722527_individual_MOL0597_2_5_Beryozkin_Current_en-prompt.txt	PMID_34722527_individual_MOL0597_2_5_Beryozkin_Current	OMIM:608194
4643	PMID_34521999_3_en-prompt.txt	PMID_34521999_3	OMIM:617140
4644	PMID_21683322_17_en-prompt.txt	PMID_21683322_17	OMIM:614185
4645	PMID_34521999_50_en-prompt.txt	PMID_34521999_50	OMIM:617140
4646	PMID_36446582_Low_2016_P20_14_en-prompt.txt	PMID_36446582_Low_2016_P20_14	OMIM:148050
4647	PMID_34722527_individual_individual_1_Juliana_Maria_Ferraz_Sallum1_10_Clinicalandmo_en-prompt.txt	PMID_34722527_individual_individual_1_Juliana_Maria_Ferraz_Sallum1_10_Clinicalandmo	OMIM:613826
4648	PMID_28984260_child_en-prompt.txt	PMID_28984260_child	OMIM:232700
4649	PMID_25835445_1_III_8_en-prompt.txt	PMID_25835445_1-III:8	OMIM:615582
4650	PMID_32737437_ADN120143_en-prompt.txt	PMID_32737437_ADN120143	OMIM:620731
4651	PMID_27672653_Individual_1_en-prompt.txt	PMID_27672653_Individual_1	OMIM:231670
4652	PMID_33875846_patient_23_en-prompt.txt	PMID_33875846_patient_23	OMIM:620655
4653	PMID_25168959_K2588_en-prompt.txt	PMID_25168959_K2588	OMIM:614608
4654	PMID_22940089_PT1_en-prompt.txt	PMID_22940089_PT1	OMIM:209900
4655	PMID_33731876_fam37_en-prompt.txt	PMID_33731876_fam37	OMIM:613721
4656	PMID_37962958_5_en-prompt.txt	PMID_37962958_5	OMIM:620535
4657	PMID_36303223_individual_13_PMID_12112661_en-prompt.txt	PMID_36303223_individual_13_PMID_12112661	OMIM:272300
4658	PMID_31332438_A_II_2_en-prompt.txt	PMID_31332438_A:II:2	OMIM:620528
4659	PMID_32730804_Individual_6_en-prompt.txt	PMID_32730804_Individual_6	OMIM:620511
4660	PMID_36718090_Patient_1_en-prompt.txt	PMID_36718090_Patient_1	OMIM:620416
4661	PMID_29351582_29351582_P2_en-prompt.txt	PMID_29351582_29351582_P2	OMIM:604377
4662	PMID_37196654_Individual_65_en-prompt.txt	PMID_37196654_Individual_65	OMIM:618505
4663	PMID_21660509_PKDF335d_en-prompt.txt	PMID_21660509_PKDF335d	OMIM:601869
4664	PMID_37196654_Individual_51__ASC_80001103038__en-prompt.txt	PMID_37196654_Individual_51_(ASC_80001103038)	OMIM:618505
4665	PMID_36446582_Parenti2021_P21_en-prompt.txt	PMID_36446582_Parenti2021_P21	OMIM:148050
4666	PMID_15266616_24_en-prompt.txt	PMID_15266616_24	OMIM:147791
4667	PMID_36446582_Ockeloen2015_P12_en-prompt.txt	PMID_36446582_Ockeloen2015_P12	OMIM:148050
4668	PMID_28513613_family_2_en-prompt.txt	PMID_28513613_family_2	OMIM:617297
4669	PMID_10939567_EMD2_II_4_en-prompt.txt	PMID_10939567_EMD2_II-4	OMIM:181350
4670	STX_G3_P6_en-prompt.txt	STX_G3_P6	OMIM:612164
4671	PMID_33731876_fam206_en-prompt.txt	PMID_33731876_fam206	OMIM:613721
4672	PMID_34421895_P1_en-prompt.txt	PMID_34421895_P1	OMIM:619375
4673	PMID_33731876_fam356_en-prompt.txt	PMID_33731876_fam356	OMIM:613721
4674	PMID_37660254_Patient_4_en-prompt.txt	PMID_37660254_Patient_4	OMIM:620669
4675	PMID_37077559_Sibling_3_en-prompt.txt	PMID_37077559_Sibling_3	OMIM:620402
4676	PMID_25411445_Patient_5_en-prompt.txt	PMID_25411445_Patient_5	OMIM:616211
4677	PMID_30050362_individual_II_3_en-prompt.txt	PMID_30050362_individual_II_3	OMIM:228600
4678	PMID_22190901_proband_en-prompt.txt	PMID_22190901_proband	OMIM:142900
4679	PMID_34722527_individual_individual_1_Jana_Zernant_GenotypingMicr_en-prompt.txt	PMID_34722527_individual_individual_1_Jana_Zernant_GenotypingMicr	OMIM:613826
4680	PMID_31021519_SATB2_01_from_Zarate_et_al__2018a_en-prompt.txt	PMID_31021519_SATB2_01_from_Zarate_et_al__2018a	OMIM:612313
4681	PMID_38013626_Patient_1_II_1_in_Family_1_en-prompt.txt	PMID_38013626_Patient_1_II_1_in_Family_1	OMIM:620666
4682	PMID_30057029_Individual_13_en-prompt.txt	PMID_30057029_Individual_13	OMIM:618089
4683	PMID_37919452_Family_3__patient_5_en-prompt.txt	PMID_37919452_Family_3:_patient_5	OMIM:620683
4684	PMID_36553465_P13_en-prompt.txt	PMID_36553465_P13	OMIM:606574
4685	PMID_25480986_individual_C_1_en-prompt.txt	PMID_25480986_individual_C_1	OMIM:275400
4686	PMID_28331220_Patient_1_en-prompt.txt	PMID_28331220_Patient_1	OMIM:617425
4687	PMID_33731876_fam341_en-prompt.txt	PMID_33731876_fam341	OMIM:613721
4688	PMID_31527767_III_11_en-prompt.txt	PMID_31527767_III_11	OMIM:129600
4689	PMID_17661815_Patient_A_II_2_en-prompt.txt	PMID_17661815_Patient_A_II_2	OMIM:214800
4690	PMID_28940506_Family_20_Individual_26_en-prompt.txt	PMID_28940506_Family_20_Individual_26	OMIM:615471
4691	PMID_10580070_E_III_4_en-prompt.txt	PMID_10580070_E_III-4	OMIM:115200
4692	PMID_28782633_Family_1_20_year_old_son_P6_en-prompt.txt	PMID_28782633_Family_1_20_year_old_son_P6	OMIM:620670
4693	PMID_36136249_II_3_of_family_A_en-prompt.txt	PMID_36136249_II.3_of_family_A	OMIM:620636
4694	PMID_36331550_Family_16_Patient_21_en-prompt.txt	PMID_36331550_Family_16_Patient_21	OMIM:620540
4695	PMID_21683322_5_en-prompt.txt	PMID_21683322_5	OMIM:614185
4696	STX_26865513_Patient_11_en-prompt.txt	STX_26865513_Patient_11	OMIM:612164
4697	PMID_22772368_1_II_1_en-prompt.txt	PMID_22772368_1_II_1	OMIM:614816
4698	PMID_29217778_P1_D084_en-prompt.txt	PMID_29217778_P1_D084	OMIM:159550
4699	PMID_36307226_Proband_6_en-prompt.txt	PMID_36307226_Proband_6	OMIM:620537
4700	PMID_34722527_individual_individual_6_Saloni_Walia_VisualAcuityi_en-prompt.txt	PMID_34722527_individual_individual_6_Saloni_Walia_VisualAcuityi	OMIM:613826
4701	PMID_37196654_Individual_72_en-prompt.txt	PMID_37196654_Individual_72	OMIM:618505
4702	PMID_19864201_Case_4_en-prompt.txt	PMID_19864201_Case_4	OMIM:151100
4703	PMID_21217753_Fam_1_IV_4_en-prompt.txt	PMID_21217753_Fam_1_IV-4	OMIM:613795
4704	PMID_32083401_Patient_4_en-prompt.txt	PMID_32083401_Patient_4	OMIM:147920
4705	PMID_12058348_Patient_5_en-prompt.txt	PMID_12058348_Patient_5	OMIM:151100
4706	STX_18469812_Subject_7_en-prompt.txt	STX_18469812_Subject_7	OMIM:612164
4707	PMID_27974811_individual_en-prompt.txt	PMID_27974811_individual	OMIM:617146
4708	PMID_34521999_47_en-prompt.txt	PMID_34521999_47	OMIM:617140
4709	PMID_37433783_P12_en-prompt.txt	PMID_37433783_P12	OMIM:601674
4710	PMID_25835445_1_IV_1__en-prompt.txt	PMID_25835445_1-IV:1*	OMIM:615582
4711	PMID_29388673_Fam_5_III_2_en-prompt.txt	PMID_29388673_Fam_5_III_2	OMIM:617560
4712	PMID_21236492_Individual_P4_en-prompt.txt	PMID_21236492_Individual_P4	OMIM:614199
4713	PMID_37075751_Individual_2_en-prompt.txt	PMID_37075751_Individual_2	OMIM:616462
4714	PMID_33731876_fam20_en-prompt.txt	PMID_33731876_fam20	OMIM:613721
4715	PMID_21542062_his_siser_en-prompt.txt	PMID_21542062_his_siser	OMIM:606693
4716	PMID_36074901_6_en-prompt.txt	PMID_36074901_6	OMIM:620465
4717	PMID_25142838_P5_2_en-prompt.txt	PMID_25142838_P5_2	OMIM:147920
4718	PMID_16965330_patient_2_en-prompt.txt	PMID_16965330_patient_2	OMIM:240300
4719	PMID_36446582_Khalifa_2013_P1A_en-prompt.txt	PMID_36446582_Khalifa_2013_P1A	OMIM:148050
4720	PMID_31548836_Family_G_III1_en-prompt.txt	PMID_31548836_Family_G_III1	OMIM:119600
4721	PMID_8282779_III_2_en-prompt.txt	PMID_8282779_III/2	OMIM:612653
4722	PMID_37761890_16__en-prompt.txt	PMID_37761890_16 	OMIM:616362
4723	PMID_17220172_patient_en-prompt.txt	PMID_17220172_patient	OMIM:611182
4724	PMID_33875846_individual_row_22_en-prompt.txt	PMID_33875846_individual_row_22	OMIM:620450
4725	PMID_30612693_6_en-prompt.txt	PMID_30612693_6	OMIM:618443
4726	PMID_10580070_B_IV_8_en-prompt.txt	PMID_10580070_B_IV-8	OMIM:115200
4727	STX_S013_en-prompt.txt	STX_S013	OMIM:612164
4728	PMID_24736735_G109_Sister_en-prompt.txt	PMID_24736735_G109_Sister	OMIM:175700
4729	PMID_37196654_Individual_17__published_as_Individual_1_in_Bramswig_et_al___2017__en-prompt.txt	PMID_37196654_Individual_17_(published_as_Individual_1_in_Bramswig_et_al.,_2017)	OMIM:618505
4730	PMID_15266616_141_en-prompt.txt	PMID_15266616_141	OMIM:147791
4731	PMID_28258187_Patient_3_en-prompt.txt	PMID_28258187_Patient_3	OMIM:618343
4732	PMID_36303223_individual_6_PMID_12112661_en-prompt.txt	PMID_36303223_individual_6_PMID_12112661	OMIM:272300
4733	STX_EG1368P_en-prompt.txt	STX_EG1368P	OMIM:612164
4734	PMID_10580070_E_II_6_en-prompt.txt	PMID_10580070_E_II-6	OMIM:115200
4735	PMID_23211637_e_index_case_en-prompt.txt	PMID_23211637_e_index_case	OMIM:305400
4736	PMID_23273567_individual_CII_1_en-prompt.txt	PMID_23273567_individual_CII_1	OMIM:258480
4737	PMID_30356099_Patient_9_en-prompt.txt	PMID_30356099_Patient_9	OMIM:616211
4738	PMID_12789647_K4_III_3_en-prompt.txt	PMID_12789647_K4:III-3	OMIM:142900
4739	PMID_37303127_4_en-prompt.txt	PMID_37303127_4	OMIM:151660
4740	PMID_36446582_Alves_2019_en-prompt.txt	PMID_36446582_Alves_2019	OMIM:148050
4741	PMID_7607663_Patient_0541_en-prompt.txt	PMID_7607663_Patient_0541	OMIM:162200
4742	PMID_32376980_16_en-prompt.txt	PMID_32376980_16	OMIM:618164
4743	PMID_27087320_Subject_7_en-prompt.txt	PMID_27087320_Subject_7	OMIM:616975
4744	PMID_34722527_individual_16_4_Nicole_Weisschuh_Molecularandc_en-prompt.txt	PMID_34722527_individual_16_4_Nicole_Weisschuh_Molecularandc	OMIM:613826
4745	PMID_36446582_KBG12_en-prompt.txt	PMID_36446582_KBG12	OMIM:148050
4746	PMID_32816001_III_1_en-prompt.txt	PMID_32816001_III:1	OMIM:301116
4747	STX_26514728_Patient_8_en-prompt.txt	STX_26514728_Patient_8	OMIM:612164
4748	PMID_36307226_Proband_10_en-prompt.txt	PMID_36307226_Proband_10	OMIM:620537
4749	PMID_29330883_Subject_4_en-prompt.txt	PMID_29330883_Subject_4	OMIM:616975
4750	PMID_33045405_Pitt_et_al___2015_A1_1_en-prompt.txt	PMID_33045405_Pitt_et_al.,_2015_A1-1	OMIM:605911
4751	PMID_35962790_Family_C_Individual_4__II_1__en-prompt.txt	PMID_35962790_Family_C_Individual_4_(II-1)	OMIM:620545
4752	PMID_12789647_K15_IV_2_en-prompt.txt	PMID_12789647_K15:IV-2	OMIM:142900
4753	PMID_11410597_proband_en-prompt.txt	PMID_11410597_proband	OMIM:601144
4754	PMID_19800048_III_9_en-prompt.txt	PMID_19800048_III-9	OMIM:300804
4755	PMID_21358634_Family_9_en-prompt.txt	PMID_21358634_Family_9	OMIM:132800
4756	PMID_23099195_Patient_3_en-prompt.txt	PMID_23099195_Patient_3	OMIM:215700
4757	PMID_34722527_individual_individual_1_Frauke_Coppieters_Identity_by_des_en-prompt.txt	PMID_34722527_individual_individual_1_Frauke_Coppieters_Identity-by-des	OMIM:613826
4758	PMID_23726037_patient_en-prompt.txt	PMID_23726037_patient	OMIM:604804
4759	PMID_23388215_Proband_1_en-prompt.txt	PMID_23388215_Proband_1	OMIM:616247
4760	STX_BCH_004_en-prompt.txt	STX_BCH_004	OMIM:612164
4761	STX_STXBP1adult_Pt8_en-prompt.txt	STX_STXBP1adult_Pt8	OMIM:612164
4762	PMID_34722527_individual_115_10_Hui_Wang_ComprehensiveM_en-prompt.txt	PMID_34722527_individual_115_10_Hui_Wang_ComprehensiveM	OMIM:613826
4763	PMID_33731876_fam291_en-prompt.txt	PMID_33731876_fam291	OMIM:607745
4764	PMID_31279336_31279336_P1_en-prompt.txt	PMID_31279336_31279336_P1	OMIM:616370
4765	PMID_23273567_individual_GII_2_en-prompt.txt	PMID_23273567_individual_GII_2	OMIM:258480
4766	PMID_33731876_fam120_en-prompt.txt	PMID_33731876_fam120	OMIM:613721
4767	PMID_24736735_G056_Father_en-prompt.txt	PMID_24736735_G056_Father	OMIM:175700
4768	PMID_31239556_individual_34_en-prompt.txt	PMID_31239556_individual_34	OMIM:615502
4769	STX_31487502_Patient_55_en-prompt.txt	STX_31487502_Patient_55	OMIM:612164
4770	PMID_29469822_Family_12_V_4_en-prompt.txt	PMID_29469822_Family_12_V-4	OMIM:605275
4771	PMID_27040691_Individual_1_1a_en-prompt.txt	PMID_27040691_Individual_1-1a	OMIM:616900
4772	PMID_24498630_ISR1_en-prompt.txt	PMID_24498630_ISR1	OMIM:246200
4773	PMID_26453364_Patient_2_en-prompt.txt	PMID_26453364_Patient_2	OMIM:608776
4774	PMID_33731876_fam286_en-prompt.txt	PMID_33731876_fam286	OMIM:613721
4775	PMID_20082460_case_10_en-prompt.txt	PMID_20082460_case_10	OMIM:305400
4776	PMID_33731876_fam5_en-prompt.txt	PMID_33731876_fam5	OMIM:607745
4777	PMID_33731876_fam137_en-prompt.txt	PMID_33731876_fam137	OMIM:613721
4778	PMID_31239556_individual_23_en-prompt.txt	PMID_31239556_individual_23	OMIM:615502
4779	PMID_30580808_Ind_04_Fam_04_en-prompt.txt	PMID_30580808_Ind-04-Fam-04	OMIM:618362
4780	PMID_24665001_Patient_1_en-prompt.txt	PMID_24665001_Patient_1	OMIM:616914
4781	PMID_34722527_individual_HER_2_Gerber_S_Completeexon_i_en-prompt.txt	PMID_34722527_individual_HER_2_Gerber_S_Completeexon-i	OMIM:613826
4782	PMID_15266616_19_en-prompt.txt	PMID_15266616_19	OMIM:147791
4783	PMID_29388673_Fam_6_II_3_en-prompt.txt	PMID_29388673_Fam_6_II_3	OMIM:617560
4784	PMID_36446582_KBG10A_en-prompt.txt	PMID_36446582_KBG10A	OMIM:148050
4785	PMID_30580808_Ind_32_Fam_23_en-prompt.txt	PMID_30580808_Ind-32-Fam-23	OMIM:618362
4786	PMID_25168959_L5_en-prompt.txt	PMID_25168959_L5	OMIM:614608
4787	PMID_23643385_23643385_P2_en-prompt.txt	PMID_23643385_23643385_P2	OMIM:608911
4788	PMID_33633439_12467_II_1_en-prompt.txt	PMID_33633439_12467_II_1	OMIM:620731
4789	PMID_25835445_9_III_1__en-prompt.txt	PMID_25835445_9-III:1*	OMIM:615582
4790	PMID_36446582_Kleyner_2016_en-prompt.txt	PMID_36446582_Kleyner_2016	OMIM:148050
4791	STX_Syrbe_12_en-prompt.txt	STX_Syrbe_12	OMIM:612164
4792	PMID_25835445_2_II_4_en-prompt.txt	PMID_25835445_2-II:4	OMIM:615582
4793	PMID_35923690_50_6_en-prompt.txt	PMID_35923690_50–6	OMIM:105650
4794	PMID_22956686_18_IV_2_en-prompt.txt	PMID_22956686_18-IV-2	OMIM:614923
4795	STX_EG0317P_en-prompt.txt	STX_EG0317P	OMIM:612164
4796	PMID_23222957_Family_7_7_1_en-prompt.txt	PMID_23222957_Family_7_7.1	OMIM:242840
4797	STX_29544889_Patient_en-prompt.txt	STX_29544889_Patient	OMIM:612164
4798	PMID_37913506_II_3_en-prompt.txt	PMID_37913506_II-3	OMIM:620734
4799	PMID_36695497_Individual_3_en-prompt.txt	PMID_36695497_Individual_3	OMIM:620731
4800	PMID_37196654_Individual_41__DDD_274859__en-prompt.txt	PMID_37196654_Individual_41_(DDD_274859)	OMIM:618505
4801	PMID_28318500_1_II_2_en-prompt.txt	PMID_28318500_1-II-2	OMIM:617478
4802	PMID_36440963_IV_4_en-prompt.txt	PMID_36440963_IV-4	OMIM:620459
4803	STX_S004_en-prompt.txt	STX_S004	OMIM:612164
4804	PMID_22772371_MS1758_II_8_en-prompt.txt	PMID_22772371_MS1758_II_8	OMIM:614816
4805	STX_Syrbe_4_en-prompt.txt	STX_Syrbe_4	OMIM:612164
4806	PMID_9697705_proband_en-prompt.txt	PMID_9697705_proband	OMIM:241850
4807	PMID_28069640_Patient_M_A__VI10__en-prompt.txt	PMID_28069640_Patient_M.A_(VI10)	OMIM:620519
4808	PMID_23211637_index_case_en-prompt.txt	PMID_23211637_index_case	OMIM:305400
4809	PMID_29122497_29122497_P3_en-prompt.txt	PMID_29122497_29122497_P3	OMIM:616370
4810	PMID_21217753_Fam_1_II_5_en-prompt.txt	PMID_21217753_Fam_1_II-5	OMIM:613795
4811	PMID_25835445_9_I_1_en-prompt.txt	PMID_25835445_9-I:1	OMIM:615582
4812	PMID_32154675_Family_2_Patient_5_en-prompt.txt	PMID_32154675_Family_2_Patient_5	OMIM:613795
4813	PMID_16965330_patient_6_en-prompt.txt	PMID_16965330_patient_6	OMIM:240300
4814	PMID_28327087_Patient_II_3_en-prompt.txt	PMID_28327087_Patient_II_3	OMIM:613162
4815	PMID_19800048_IV_3_en-prompt.txt	PMID_19800048_IV-3	OMIM:300804
4816	PMID_10939567_EMD6_III_5_en-prompt.txt	PMID_10939567_EMD6_III-5	OMIM:181350
4817	PMID_35344616_A4_en-prompt.txt	PMID_35344616_A4	OMIM:268310
4818	PMID_29388673_Fam_4_III_2_en-prompt.txt	PMID_29388673_Fam_4_III_2	OMIM:617560
4819	PMID_33731876_fam99_en-prompt.txt	PMID_33731876_fam99	OMIM:613721
4820	STX_32521962_P13_en-prompt.txt	STX_32521962_P13	OMIM:612164
4821	PMID_35904126_Proband_7__en-prompt.txt	PMID_35904126_Proband_7_	OMIM:620450
4822	STX_EG0810P_en-prompt.txt	STX_EG0810P	OMIM:612164
4823	PMID_30612693_2_en-prompt.txt	PMID_30612693_2	OMIM:618443
4824	PMID_37919452_Family_1__patient_3_en-prompt.txt	PMID_37919452_Family_1:_patient_3	OMIM:620683
4825	STX_18469812_Subject_3_en-prompt.txt	STX_18469812_Subject_3	OMIM:612164
4826	PMID_12058348_Patient_1_en-prompt.txt	PMID_12058348_Patient_1	OMIM:151100
4827	PMID_37433783_P16_en-prompt.txt	PMID_37433783_P16	OMIM:601674
4828	PMID_34521999_43_en-prompt.txt	PMID_34521999_43	OMIM:617140
4829	PMID_37075751_Individual_6_en-prompt.txt	PMID_37075751_Individual_6	OMIM:616462
4830	PMID_30580808_Machol_Ind_15_Fam_45_en-prompt.txt	PMID_30580808_Machol_Ind_15-Fam-45	OMIM:618362
4831	PMID_12789647_K13_I_1_en-prompt.txt	PMID_12789647_K13:I-1	OMIM:142900
4832	PMID_36303223_individual_27_PMID_31870341_en-prompt.txt	PMID_36303223_individual_27_PMID_31870341	OMIM:272300
4833	PMID_36446582_Isrie_2012_P2_en-prompt.txt	PMID_36446582_Isrie_2012_P2	OMIM:148050
4834	PMID_24736735_G109__en-prompt.txt	PMID_24736735_G109_	OMIM:175700
4835	PMID_34354969_P18_en-prompt.txt	PMID_34354969_P18	OMIM:301310
4836	PMID_33731876_fam24_en-prompt.txt	PMID_33731876_fam24	OMIM:613721
4837	PMID_23315542_case_8_en-prompt.txt	PMID_23315542_case_8	OMIM:620458
4838	STX_27864847_2138P_en-prompt.txt	STX_27864847_2138P	OMIM:612164
4839	PMID_35977029_family_4_en-prompt.txt	PMID_35977029_family_4	OMIM:620494
4840	PMID_21594992_20_year_old_man_en-prompt.txt	PMID_21594992_20_year_old_man	OMIM:616914
4841	PMID_23222957_Family_10_10_1_en-prompt.txt	PMID_23222957_Family_10_10.1	OMIM:242840
4842	PMID_28007986_A_VI5__en-prompt.txt	PMID_28007986_A(VI5)	OMIM:617527
4843	STX_26865513_Patient_15_en-prompt.txt	STX_26865513_Patient_15	OMIM:612164
4844	PMID_21683322_1_en-prompt.txt	PMID_21683322_1	OMIM:614185
4845	PMID_36307226_Proband_2_en-prompt.txt	PMID_36307226_Proband_2	OMIM:620537
4846	PMID_36446582_Sayed_2020_P1_en-prompt.txt	PMID_36446582_Sayed_2020_P1	OMIM:148050
4847	PMID_21683322_27_b_en-prompt.txt	PMID_21683322_27-b	OMIM:102370
4848	PMID_37196654_Individual_76_en-prompt.txt	PMID_37196654_Individual_76	OMIM:618505
4849	PMID_33731876_fam119_en-prompt.txt	PMID_33731876_fam119	OMIM:613721
4850	PMID_24369382_Family_2_II_2_en-prompt.txt	PMID_24369382_Family_2_II.2	OMIM:614322
4851	PMID_18412284_Patient_II_6_en-prompt.txt	PMID_18412284_Patient_II_6	OMIM:601414
4852	PMID_25085748_ANK_06_en-prompt.txt	PMID_25085748_ANK_06	OMIM:260300
4853	PMID_25835445_2_IV_1_en-prompt.txt	PMID_25835445_2-IV:1	OMIM:615582
4854	PMID_26833330_F1_II3_en-prompt.txt	PMID_26833330_F1_II3	OMIM:616829
4855	PMID_31021519_265038_from_Bengani_et_al_en-prompt.txt	PMID_31021519_265038_from_Bengani_et_al	OMIM:612313
4856	PMID_34722527_individual_MOL0358_3_11_Beryozkin_Current_en-prompt.txt	PMID_34722527_individual_MOL0358_3_11_Beryozkin_Current	OMIM:608194
4857	PMID_33731876_fam345_en-prompt.txt	PMID_33731876_fam345	OMIM:613721
4858	PMID_33731876_fam215_en-prompt.txt	PMID_33731876_fam215	OMIM:613721
4859	PMID_36553465_P17_en-prompt.txt	PMID_36553465_P17	OMIM:606574
4860	PMID_30057029_Individual_17_en-prompt.txt	PMID_30057029_Individual_17	OMIM:618089
4861	PMID_31949313_F5_II_1_en-prompt.txt	PMID_31949313_F5_II_1	OMIM:147920
4862	PMID_21696388_IV_1_en-prompt.txt	PMID_21696388_IV-1	OMIM:606693
4863	STX_G3_P2_en-prompt.txt	STX_G3_P2	OMIM:612164
4864	PMID_30580808_Ind_44_Fam_57_en-prompt.txt	PMID_30580808_Ind-44-Fam-57	OMIM:618362
4865	PMID_36446582_Ockeloen2015_P16_en-prompt.txt	PMID_36446582_Ockeloen2015_P16	OMIM:148050
4866	PMID_25411445_Patient_1_en-prompt.txt	PMID_25411445_Patient_1	OMIM:616211
4867	PMID_33731876_fam352_en-prompt.txt	PMID_33731876_fam352	OMIM:613721
4868	PMID_36446582_Low_2016_P16_9_en-prompt.txt	PMID_36446582_Low_2016_P16_9	OMIM:148050
4869	PMID_33731876_fam202_en-prompt.txt	PMID_33731876_fam202	OMIM:613721
4870	PMID_22772371_TAA288_III_4_en-prompt.txt	PMID_22772371_TAA288_III_4	OMIM:614816
4871	PMID_30580808_Machol_Ind_6_Fam_36_en-prompt.txt	PMID_30580808_Machol_Ind_6-Fam-36	OMIM:618362
4872	STX_EG0906P_en-prompt.txt	STX_EG0906P	OMIM:612164
4873	PMID_34722527_individual_individual_3_Juliana_Maria_Ferraz_Sallum1_3_Clinicalandmo_en-prompt.txt	PMID_34722527_individual_individual_3_Juliana_Maria_Ferraz_Sallum1_3_Clinicalandmo	OMIM:613826
4874	PMID_32730804_Individual_2_en-prompt.txt	PMID_32730804_Individual_2	OMIM:620511
4875	STX_102_en-prompt.txt	STX_102	OMIM:612164
4876	PMID_37962958_1_en-prompt.txt	PMID_37962958_1	OMIM:620535
4877	PMID_10580070_B_III_3_en-prompt.txt	PMID_10580070_B_III-3	OMIM:115200
4878	PMID_28886341_Individual_F1_II_1_en-prompt.txt	PMID_28886341_Individual_F1_II_1	OMIM:617694
4879	PMID_34722527_individual_family9_2_Yabin_Chen__ComprehensiveM_en-prompt.txt	PMID_34722527_individual_family9_2_Yabin_Chen;_ComprehensiveM	OMIM:613826
4880	PMID_33087723_A2_en-prompt.txt	PMID_33087723_A2	OMIM:619375
4881	PMID_26805781_Family_9_Subject_12_II_3_en-prompt.txt	PMID_26805781_Family_9_Subject_12_II_3	OMIM:616878
4882	PMID_36517554_patient_2_en-prompt.txt	PMID_36517554_patient_2	OMIM:620603
4883	PMID_19800048_III_10_en-prompt.txt	PMID_19800048_III-10	OMIM:300804
4884	PMID_21683322_13_en-prompt.txt	PMID_21683322_13	OMIM:614185
4885	PMID_34521999_7_en-prompt.txt	PMID_34521999_7	OMIM:617140
4886	STX_20887364_Subject_1989_en-prompt.txt	STX_20887364_Subject_1989	OMIM:612164
4887	PMID_27672653_Individual_5_en-prompt.txt	PMID_27672653_Individual_5	OMIM:231670
4888	PMID_26437932_26437932_P2_en-prompt.txt	PMID_26437932_26437932_P2	OMIM:256810
4889	PMID_29217778_P7_SC054_en-prompt.txt	PMID_29217778_P7_SC054	OMIM:159550
4890	PMID_33731876_fam33_en-prompt.txt	PMID_33731876_fam33	OMIM:613721
4891	STX_26514728_Patient_19_en-prompt.txt	STX_26514728_Patient_19	OMIM:612164
4892	PMID_22541558_individual_J_2_en-prompt.txt	PMID_22541558_individual_J_2	OMIM:154400
4893	STX_23409955_Patient_A_en-prompt.txt	STX_23409955_Patient_A	OMIM:612164
4894	PMID_36553465_P5_en-prompt.txt	PMID_36553465_P5	OMIM:606574
4895	PMID_37352860_Individual_1B_en-prompt.txt	PMID_37352860_Individual_1B	OMIM:620663
4896	PMID_28074573_58760_en-prompt.txt	PMID_28074573_58760	OMIM:163950
4897	PMID_18513678_individual_5049_en-prompt.txt	PMID_18513678_individual_5049	OMIM:260300
4898	PMID_32376980_38_en-prompt.txt	PMID_32376980_38	OMIM:618164
4899	PMID_18551513_13_en-prompt.txt	PMID_18551513_13	OMIM:613205
4900	PMID_36446582_Scarano_2013_P6_en-prompt.txt	PMID_36446582_Scarano_2013_P6	OMIM:148050
4901	PMID_31949313_F6_I_2_en-prompt.txt	PMID_31949313_F6_I_2	OMIM:147920
4902	PMID_23972372_family_2_V_2_en-prompt.txt	PMID_23972372_family_2_V_2	OMIM:174300
4903	PMID_32853638_Patient_1_en-prompt.txt	PMID_32853638_Patient_1	OMIM:619375
4904	PMID_25516138_IV_3_en-prompt.txt	PMID_25516138_IV_3	OMIM:273900
4905	PMID_29388673_Fam_3_III_1_en-prompt.txt	PMID_29388673_Fam_3_III_1	OMIM:617560
4906	PMID_37196654_Individual_46__DDD_118000039__en-prompt.txt	PMID_37196654_Individual_46_(DDD_118000039)	OMIM:618505
4907	PMID_37761890_60__en-prompt.txt	PMID_37761890_60 	OMIM:616362
4908	STX_28944233_270001_en-prompt.txt	STX_28944233_270001	OMIM:612164
4909	PMID_25477417_F14_1_en-prompt.txt	PMID_25477417_F14_1	OMIM:248250
4910	PMID_36446582_Sirmaci2011_P1_F1__previously_published_Tekin_2004_en-prompt.txt	PMID_36446582_Sirmaci2011_P1_F1__previously_published_Tekin_2004	OMIM:148050
4911	PMID_30580808_Li_Ind_1_Fam_46_en-prompt.txt	PMID_30580808_Li_Ind_1-Fam-46	OMIM:618362
4912	PMID_25477417_F7_2_en-prompt.txt	PMID_25477417_F7_2	OMIM:248250
4913	PMID_23714749_23714749_P9_en-prompt.txt	PMID_23714749_23714749_P9	OMIM:256810
4914	PMID_26242992_III_17_en-prompt.txt	PMID_26242992_III-17	OMIM:301310
4915	PMID_31021519_Case_2_from_Rainger_et_al_en-prompt.txt	PMID_31021519_Case_2_from_Rainger_et_al	OMIM:612313
4916	PMID_23222957_Family_1_1_2_en-prompt.txt	PMID_23222957_Family_1_1.2	OMIM:242840
4917	PMID_31239556_individual_20_twin_1_en-prompt.txt	PMID_31239556_individual_20_twin_1	OMIM:615502
4918	PMID_37962958_38_en-prompt.txt	PMID_37962958_38	OMIM:620535
4919	STX_P_35_en-prompt.txt	STX_P_35	OMIM:612164
4920	PMID_30580808_Ind_23_Fam_18_en-prompt.txt	PMID_30580808_Ind-23-Fam-18	OMIM:618362
4921	PMID_37133451_Individual_P3_en-prompt.txt	PMID_37133451_Individual_P3	OMIM:620646
4922	PMID_21533187_family_I_en-prompt.txt	PMID_21533187_family_I	OMIM:156250
4923	STX_32139178_Patient_Neonatal23_en-prompt.txt	STX_32139178_Patient_Neonatal23	OMIM:612164
4924	PMID_36446582_KBG66_en-prompt.txt	PMID_36446582_KBG66	OMIM:148050
4925	PMID_31727177_patient_5_en-prompt.txt	PMID_31727177_patient_5	OMIM:147920
4926	PMID_35420632_patient21_IV_2_en-prompt.txt	PMID_35420632_patient21_IV-2	OMIM:620367
4927	PMID_30945334_Individual_3_en-prompt.txt	PMID_30945334_Individual_3	OMIM:618443
4928	PMID_31239556_individual_2_Chen_et_al_en-prompt.txt	PMID_31239556_individual_2_Chen_et_al	OMIM:615502
4929	PMID_35470444_P5_en-prompt.txt	PMID_35470444_P5	OMIM:620568
4930	PMID_25105228_Individual_2_en-prompt.txt	PMID_25105228_Individual_2	OMIM:603671
4931	PMID_36586412_15_en-prompt.txt	PMID_36586412_15	OMIM:301111
4932	PMID_33731876_fam258_en-prompt.txt	PMID_33731876_fam258	OMIM:613721
4933	PMID_36446582_Gnazzo_2020_P3_en-prompt.txt	PMID_36446582_Gnazzo_2020_P3	OMIM:148050
4934	PMID_31021519_Patient_2_from_Kikuiri_et_al_en-prompt.txt	PMID_31021519_Patient_2_from_Kikuiri_et_al	OMIM:612313
4935	PMID_37054711_Family_3_Subject_5_en-prompt.txt	PMID_37054711_Family_3_Subject_5	OMIM:620428
4936	PMID_15523648_A_four_year_old_female_en-prompt.txt	PMID_15523648_A_four-year-old_female	OMIM:252650
4937	PMID_10939567_EMD5_III_5_en-prompt.txt	PMID_10939567_EMD5_III-5	OMIM:181350
4938	PMID_33731876_fam421_en-prompt.txt	PMID_33731876_fam421	OMIM:613721
4939	PMID_36331550_Family_4_Patient_6_en-prompt.txt	PMID_36331550_Family_4_Patient_6	OMIM:620538
4940	PMID_25808063_Patient_3_en-prompt.txt	PMID_25808063_Patient_3	OMIM:600373
4941	PMID_23714749_23714749_P11_en-prompt.txt	PMID_23714749_23714749_P11	OMIM:256810
4942	PMID_33731876_fam154_en-prompt.txt	PMID_33731876_fam154	OMIM:613721
4943	STX_G3_P29_en-prompt.txt	STX_G3_P29	OMIM:612164
4944	PMID_36446582_Kutkowska_Kazmierczak2021_P14_en-prompt.txt	PMID_36446582_Kutkowska_Kazmierczak2021_P14	OMIM:148050
4945	PMID_22258530_Patient_2_en-prompt.txt	PMID_22258530_Patient-2	OMIM:613477
4946	PMID_10939567_EMD2_III_6_en-prompt.txt	PMID_10939567_EMD2_III-6	OMIM:181350
4947	PMID_33731876_fam143_en-prompt.txt	PMID_33731876_fam143	OMIM:613721
4948	PMID_11992252_Patient_4_en-prompt.txt	PMID_11992252_Patient_4	OMIM:620728
4949	PMID_22219643_IV_6_en-prompt.txt	PMID_22219643_IV_6	OMIM:129600
4950	PMID_37656279_Pedigree_C_II_4_en-prompt.txt	PMID_37656279_Pedigree_C_II:4	OMIM:620510
4951	PMID_37196654_Individual_45__DDD_111002863__en-prompt.txt	PMID_37196654_Individual_45_(DDD_111002863)	OMIM:618505
4952	PMID_36331550_Family_2_Patient_3_en-prompt.txt	PMID_36331550_Family_2_Patient_3	OMIM:620538
4953	STX_24189369_Patient_7_en-prompt.txt	STX_24189369_Patient_7	OMIM:612164
4954	PMID_37541189_Individual_8_en-prompt.txt	PMID_37541189_Individual_8	OMIM:620688
4955	PMID_33045405_Pitt_et_al___2015_B3_1_en-prompt.txt	PMID_33045405_Pitt_et_al.,_2015_B3-1	OMIM:605911
4956	PMID_36189931_Individual_12_en-prompt.txt	PMID_36189931_Individual_12	OMIM:130050
4957	PMID_12189163_Sib_3_en-prompt.txt	PMID_12189163_Sib_3	OMIM:219100
4958	PMID_38572164_nan_en-prompt.txt	PMID_38572164_nan	OMIM:130000
4959	PMID_36528028_Individual_6_en-prompt.txt	PMID_36528028_Individual_6	OMIM:620455
4960	PMID_33766796_14_en-prompt.txt	PMID_33766796_14	OMIM:620157
4961	PMID_36299998_affected_individual_en-prompt.txt	PMID_36299998_affected_individual	OMIM:620601
4962	PMID_23993194_Family_3_Case_5_en-prompt.txt	PMID_23993194_Family_3_Case_5	OMIM:615471
4963	PMID_28940506_Family_25_Individual_31_en-prompt.txt	PMID_28940506_Family_25_Individual_31	OMIM:615471
4964	STX_32521962_P7_en-prompt.txt	STX_32521962_P7	OMIM:612164
4965	PMID_37761890_2__en-prompt.txt	PMID_37761890_2 	OMIM:616362
4966	STX_P_22_en-prompt.txt	STX_P_22	OMIM:612164
4967	PMID_35470444_P14_en-prompt.txt	PMID_35470444_P14	OMIM:620568
4968	PMID_36074901_27h_en-prompt.txt	PMID_36074901_27h	OMIM:620465
4969	PMID_27900365_patient_en-prompt.txt	PMID_27900365_patient	OMIM:257220
4970	PMID_30057029_Individual_7_en-prompt.txt	PMID_30057029_Individual_7	OMIM:618089
4971	PMID_31021519_individual_SATB2_138_en-prompt.txt	PMID_31021519_individual_SATB2_138	OMIM:612313
4972	PMID_32431071_Family_1_IV_10_en-prompt.txt	PMID_32431071_Family_1_IV-10	OMIM:620655
4973	STX_20887364_Subject_1979_en-prompt.txt	STX_20887364_Subject_1979	OMIM:612164
4974	PMID_18513678_individual_5004_en-prompt.txt	PMID_18513678_individual_5004	OMIM:260300
4975	PMID_38252374_46_year_old_Chinese_woman_en-prompt.txt	PMID_38252374_46-year-old_Chinese_woman	OMIM:617225
4976	PMID_18551513_6_en-prompt.txt	PMID_18551513_6	OMIM:613205
4977	PMID_28065471_PIV_1_en-prompt.txt	PMID_28065471_PIV:1	OMIM:617403
4978	PMID_32006683_patients_IV_1_en-prompt.txt	PMID_32006683_patients_IV_1	OMIM:620780
4979	STX_23708187_T1266_en-prompt.txt	STX_23708187_T1266	OMIM:612164
4980	PMID_11754102_patient_GD911_en-prompt.txt	PMID_11754102_patient_GD911	OMIM:121050
4981	PMID_34521999_19_en-prompt.txt	PMID_34521999_19	OMIM:617140
4982	STX_21204804_Patient_2_en-prompt.txt	STX_21204804_Patient_2	OMIM:612164
4983	PMID_26242992_IV_26_en-prompt.txt	PMID_26242992_IV-26	OMIM:301310
4984	PMID_15266616_122_en-prompt.txt	PMID_15266616_122	OMIM:147791
4985	PMID_36446582_Kutkowska_Kazmierczak2021_P6_en-prompt.txt	PMID_36446582_Kutkowska_Kazmierczak2021_P6	OMIM:148050
4986	PMID_18930476_individual_II2_en-prompt.txt	PMID_18930476_individual_II2	OMIM:614321
4987	PMID_19768645_Patient_1_en-prompt.txt	PMID_19768645_Patient_1	OMIM:151100
4988	PMID_36446582_VanDongen2019_P12_en-prompt.txt	PMID_36446582_VanDongen2019_P12	OMIM:148050
4989	PMID_27275012_Patient_1_en-prompt.txt	PMID_27275012_Patient_1	OMIM:616900
4990	PMID_25439728_IV_2_en-prompt.txt	PMID_25439728_IV.2	OMIM:616354
4991	PMID_36446582_Sirmaci2011_P3_en-prompt.txt	PMID_36446582_Sirmaci2011_P3	OMIM:148050
4992	PMID_15731757_Family_10_II_2_en-prompt.txt	PMID_15731757_Family_10_II_2	OMIM:609192
4993	PMID_37761890_11__en-prompt.txt	PMID_37761890_11 	OMIM:616362
4994	PMID_37167966_F1_II_1_en-prompt.txt	PMID_37167966_F1-II:1	OMIM:620375
4995	PMID_9817917_Family_7_individual_13076_en-prompt.txt	PMID_9817917_Family_7_individual_13076	OMIM:222300
4996	PMID_31282990_Case_1_en-prompt.txt	PMID_31282990_Case_1	OMIM:147920
4997	PMID_31021519_individual_SATB2_116_en-prompt.txt	PMID_31021519_individual_SATB2_116	OMIM:612313
4998	PMID_36303223_individual_35_PMID_36303223_en-prompt.txt	PMID_36303223_individual_35_PMID_36303223	OMIM:272300
4999	STX_25418441_case_report_en-prompt.txt	STX_25418441_case_report	OMIM:612164
5000	PMID_33731876_fam50_en-prompt.txt	PMID_33731876_fam50	OMIM:613721
5001	PMID_12789647_K1_II_2_en-prompt.txt	PMID_12789647_K1:II-2	OMIM:142900
5002	PMID_37154409_C_II_2_en-prompt.txt	PMID_37154409_C_II_2	OMIM:606658
5003	PMID_34521999_37_en-prompt.txt	PMID_34521999_37	OMIM:617140
5004	PMID_24736735_G003_Mother_en-prompt.txt	PMID_24736735_G003_Mother	OMIM:175700
5005	PMID_31239556_individual_3_en-prompt.txt	PMID_31239556_individual_3	OMIM:615502
5006	STX_G3_P10_en-prompt.txt	STX_G3_P10	OMIM:612164
5007	PMID_37541189_Individual_10_en-prompt.txt	PMID_37541189_Individual_10	OMIM:620688
5008	PMID_36067010_Family_1_Patient_2_en-prompt.txt	PMID_36067010_Family_1_Patient_2	OMIM:620504
5009	PMID_12789647_K2_I_1_en-prompt.txt	PMID_12789647_K2:I-1	OMIM:142900
5010	PMID_28575651_Individual_3_en-prompt.txt	PMID_28575651_Individual_3	OMIM:617560
5011	PMID_21683322_22_c_en-prompt.txt	PMID_21683322_22-c	OMIM:102370
5012	PMID_33731876_fam418_en-prompt.txt	PMID_33731876_fam418	OMIM:613721
5013	PMID_34722527_individual_501_336_4_Farzad_Jamshidi_Contributionof_en-prompt.txt	PMID_34722527_individual_501–336_4_Farzad_Jamshidi_Contributionof	OMIM:613826
5014	PMID_8704215_proband_18y_en-prompt.txt	PMID_8704215_proband_18y	OMIM:612653
5015	PMID_24949580_X4015_en-prompt.txt	PMID_24949580_X4015	OMIM:606693
5016	PMID_34722527_individual_individual_2_Moon_Woo_Seong_Diagnosticappl_en-prompt.txt	PMID_34722527_individual_individual_2_Moon-Woo_Seong_Diagnosticappl	OMIM:613826
5017	PMID_23364397_23364397_P1_en-prompt.txt	PMID_23364397_23364397_P1	OMIM:604377
5018	PMID_25142838_P3_en-prompt.txt	PMID_25142838_P3	OMIM:147920
5019	PMID_18000979_OX2877_I_1_en-prompt.txt	PMID_18000979_OX2877-I:1	OMIM:174200
5020	PMID_36446582_Goldenberg2016_P27_en-prompt.txt	PMID_36446582_Goldenberg2016_P27	OMIM:148050
5021	PMID_31021519_individual_SATB2_91_en-prompt.txt	PMID_31021519_individual_SATB2_91	OMIM:612313
5022	PMID_12203992_B62_en-prompt.txt	PMID_12203992_B62	OMIM:154700
5023	PMID_15452312_III_5_en-prompt.txt	PMID_15452312_III_5	OMIM:604187
5024	PMID_36303223_individual_18_PMID_23414711_en-prompt.txt	PMID_36303223_individual_18_PMID_23414711	OMIM:272300
5025	PMID_32710489_Group_1_Patient_6_en-prompt.txt	PMID_32710489_Group_1_Patient_6	OMIM:620155
5026	PMID_33731876_fam261_en-prompt.txt	PMID_33731876_fam261	OMIM:613721
5027	PMID_10756346_D46_en-prompt.txt	PMID_10756346_D46	OMIM:154700
5028	PMID_26706854_Subject_3_en-prompt.txt	PMID_26706854_Subject_3	OMIM:603671
5029	PMID_15266616_43_en-prompt.txt	PMID_15266616_43	OMIM:147791
5030	PMID_33731876_fam326_en-prompt.txt	PMID_33731876_fam326	OMIM:613721
5031	PMID_33731876_fam276_en-prompt.txt	PMID_33731876_fam276	OMIM:613721
5032	PMID_31021519_individual_from_Lv_et_al_en-prompt.txt	PMID_31021519_individual_from_Lv_et_al	OMIM:612313
5033	PMID_31548836_Family_A_II1_en-prompt.txt	PMID_31548836_Family_A_II1	OMIM:119600
5034	PMID_35150594_I_II_1_en-prompt.txt	PMID_35150594_I:II:1	OMIM:620538
5035	PMID_31239556_individual_2_Gregor_et_al_en-prompt.txt	PMID_31239556_individual_2_Gregor_et_al	OMIM:615502
5036	PMID_36446582_Gnazzo_2020_P14_en-prompt.txt	PMID_36446582_Gnazzo_2020_P14	OMIM:148050
5037	PMID_28239884_Family_2_proband_en-prompt.txt	PMID_28239884_Family_2_proband	OMIM:148600
5038	PMID_37196654_Individual_15_en-prompt.txt	PMID_37196654_Individual_15	OMIM:618505
5039	PMID_36446582_Low_2016_P5_6_en-prompt.txt	PMID_36446582_Low_2016_P5_6	OMIM:148050
5040	PMID_31021519_SATB2_24_from_Zarate_et_al__2018a_en-prompt.txt	PMID_31021519_SATB2_24_from_Zarate_et_al__2018a	OMIM:612313
5041	PMID_31509304_F7_II_3_en-prompt.txt	PMID_31509304_F7_II_3	OMIM:617560
5042	PMID_23993194_Family_5_case_V3_en-prompt.txt	PMID_23993194_Family_5_case_V3	OMIM:615471
5043	PMID_20149460_girl_en-prompt.txt	PMID_20149460_girl	OMIM:147060
5044	PMID_36446582_Miyatake_2013_en-prompt.txt	PMID_36446582_Miyatake_2013	OMIM:148050
5045	PMID_30356099_Patient_10_en-prompt.txt	PMID_30356099_Patient_10	OMIM:616211
5046	PMID_22388936_II_9_en-prompt.txt	PMID_22388936_II-9	OMIM:606693
5047	PMID_19776401_Patient_3_1_en-prompt.txt	PMID_19776401_Patient_3-1	OMIM:243700
5048	PMID_26219450_4_month_old_female_infant_en-prompt.txt	PMID_26219450_4-month-old_female_infant	OMIM:142900
5049	PMID_37433783_P2_en-prompt.txt	PMID_37433783_P2	OMIM:601674
5050	PMID_30157302_Patient_4_en-prompt.txt	PMID_30157302_Patient_4	OMIM:619656
5051	PMID_36446582_KBG4_en-prompt.txt	PMID_36446582_KBG4	OMIM:148050
5052	PMID_36446582_Goldenberg2016_P30_en-prompt.txt	PMID_36446582_Goldenberg2016_P30	OMIM:148050
5053	PMID_33731876_fam47_en-prompt.txt	PMID_33731876_fam47	OMIM:613721
5054	PMID_24073597_III_1_en-prompt.txt	PMID_24073597_III_1	OMIM:309300
5055	PMID_23222957_Family_12_12_1_en-prompt.txt	PMID_23222957_Family_12_12.1	OMIM:242840
5056	PMID_34722527_individual_111_3_Tobias_Eisenberger_Increasingthe_en-prompt.txt	PMID_34722527_individual_111_3_Tobias_Eisenberger_Increasingthe	OMIM:613826
5057	PMID_10580070_B_III_13_en-prompt.txt	PMID_10580070_B_III-13	OMIM:115200
5058	PMID_34521999_20_en-prompt.txt	PMID_34521999_20	OMIM:617140
5059	PMID_28285769_Individual_4_II_4_en-prompt.txt	PMID_28285769_Individual_4_II_4	OMIM:250410
5060	PMID_10939567_Spo70_en-prompt.txt	PMID_10939567_Spo70	OMIM:181350
5061	PMID_18256394_B_en-prompt.txt	PMID_18256394_B	OMIM:151660
5062	PMID_26467218_individual_4_Denayer_et_al__22_en-prompt.txt	PMID_26467218_individual_4_Denayer_et_al__22	OMIM:613224
5063	PMID_21131976_EsM6195_en-prompt.txt	PMID_21131976_EsM6195	OMIM:613717
5064	PMID_37962958_16_en-prompt.txt	PMID_37962958_16	OMIM:620535
5065	PMID_37196654_Individual_52__SSC_12683_p1__en-prompt.txt	PMID_37196654_Individual_52_(SSC_12683.p1)	OMIM:618505
5066	STX_20876469_Patient_6_en-prompt.txt	STX_20876469_Patient_6	OMIM:612164
5067	PMID_36446582_Murray_2017_P5_3_1_en-prompt.txt	PMID_36446582_Murray_2017_P5_3_1	OMIM:148050
5068	PMID_25168959_Y29_en-prompt.txt	PMID_25168959_Y29	OMIM:614608
5069	PMID_31021519_individual_SATB2_101_en-prompt.txt	PMID_31021519_individual_SATB2_101	OMIM:612313
5070	PMID_36446582_KBG48_en-prompt.txt	PMID_36446582_KBG48	OMIM:148050
5071	PMID_36996813_Individual_12_en-prompt.txt	PMID_36996813_Individual_12	OMIM:620371
5072	PMID_32737437_SG170145_en-prompt.txt	PMID_32737437_SG170145	OMIM:620731
5073	PMID_18551513_2_en-prompt.txt	PMID_18551513_2	OMIM:613205
5074	PMID_15266616_126_en-prompt.txt	PMID_15266616_126	OMIM:147791
5075	PMID_28742248_Patient_2_en-prompt.txt	PMID_28742248_Patient_2	OMIM:618343
5076	STX_32521962_P3_en-prompt.txt	STX_32521962_P3	OMIM:612164
5077	PMID_35470444_P10_en-prompt.txt	PMID_35470444_P10	OMIM:620568
5078	STX_P_26_en-prompt.txt	STX_P_26	OMIM:612164
5079	PMID_22541558_individual_B_1_en-prompt.txt	PMID_22541558_individual_B_1	OMIM:154400
5080	PMID_34722527_individual_Fam7_1_2_Anna_Skorczyk_Werner_Novelgenevari_en-prompt.txt	PMID_34722527_individual_Fam7-1_2_Anna_Skorczyk‑Werner_Novelgenevari	OMIM:613826
5081	PMID_30057029_Individual_3_en-prompt.txt	PMID_30057029_Individual_3	OMIM:618089
5082	PMID_27220909_proband_en-prompt.txt	PMID_27220909_proband	OMIM:104530
5083	PMID_31509304_F5_II_1_en-prompt.txt	PMID_31509304_F5_II_1	OMIM:617560
5084	PMID_36446582_Reuter2020_en-prompt.txt	PMID_36446582_Reuter2020	OMIM:148050
5085	PMID_27330822_proband_II_1_en-prompt.txt	PMID_27330822_proband_II_1	OMIM:177170
5086	PMID_36189931_Individual_16_en-prompt.txt	PMID_36189931_Individual_16	OMIM:130050
5087	PMID_28782633_Family_1_11_year_old_son_P9_en-prompt.txt	PMID_28782633_Family_1_11_year_old_son_P9	OMIM:620670
5088	PMID_36528028_Individual_2_en-prompt.txt	PMID_36528028_Individual_2	OMIM:620455
5089	PMID_12203992_B9_en-prompt.txt	PMID_12203992_B9	OMIM:154700
5090	STX_25497044_Patient_4_en-prompt.txt	STX_25497044_Patient_4	OMIM:612164
5091	PMID_33766796_10_en-prompt.txt	PMID_33766796_10	OMIM:616831
5092	PMID_28413018_A_IV_6_en-prompt.txt	PMID_28413018_A-IV-6	OMIM:617527
5093	PMID_22258530_Patient_6_en-prompt.txt	PMID_22258530_Patient_6	OMIM:613477
5094	PMID_37196654_Individual_28_en-prompt.txt	PMID_37196654_Individual_28	OMIM:618505
5095	PMID_33731876_fam147_en-prompt.txt	PMID_33731876_fam147	OMIM:607745
5096	PMID_36446582_Gnazzo_2020_P29_en-prompt.txt	PMID_36446582_Gnazzo_2020_P29	OMIM:148050
5097	PMID_28132690_Family_D_III_1_en-prompt.txt	PMID_28132690_Family_D_III_1	OMIM:617425
5098	PMID_12203992_D31_en-prompt.txt	PMID_12203992_D31	OMIM:154700
5099	PMID_12229880_Case_1_en-prompt.txt	PMID_12229880_Case_1	OMIM:603553
5100	PMID_27536553_27536553_P1_en-prompt.txt	PMID_27536553_27536553_P1	OMIM:256810
5101	PMID_31090908_II_3_en-prompt.txt	PMID_31090908_II.3	OMIM:620542
5102	PMID_31509304_F6_II_6_en-prompt.txt	PMID_31509304_F6_II_6	OMIM:617560
5103	PMID_31021519_SATB2_78_from_Zarate_et_al__2018a_en-prompt.txt	PMID_31021519_SATB2_78_from_Zarate_et_al__2018a	OMIM:612313
5104	PMID_33731876_fam150_en-prompt.txt	PMID_33731876_fam150	OMIM:613721
5105	PMID_25808063_Patient_7_en-prompt.txt	PMID_25808063_Patient_7	OMIM:600373
5106	PMID_12203992_D26_en-prompt.txt	PMID_12203992_D26	OMIM:154700
5107	PMID_33633439_5485_II_2_en-prompt.txt	PMID_33633439_5485_II_2	OMIM:620731
5108	PMID_36446582_Kutkowska_Kazmierczak2021_P10_en-prompt.txt	PMID_36446582_Kutkowska_Kazmierczak2021_P10	OMIM:148050
5109	PMID_36446582_Sacharow_2012_P1_en-prompt.txt	PMID_36446582_Sacharow_2012_P1	OMIM:148050
5110	PMID_14585638_F3_3_en-prompt.txt	PMID_14585638_F3-3	OMIM:188400
5111	STX_26993267_Case_63_en-prompt.txt	STX_26993267_Case_63	OMIM:612164
5112	PMID_31509304_F8_II_1_en-prompt.txt	PMID_31509304_F8_II_1	OMIM:617560
5113	PMID_19776401_Patient_4_2_en-prompt.txt	PMID_19776401_Patient_4-2	OMIM:243700
5114	PMID_37196654_Individual_82_en-prompt.txt	PMID_37196654_Individual_82	OMIM:618505
5115	PMID_23273567_individual_FII_1_en-prompt.txt	PMID_23273567_individual_FII_1	OMIM:258480
5116	PMID_22986007_Family_C_father_II_2_en-prompt.txt	PMID_22986007_Family_C_father_II_2	OMIM:117360
5117	PMID_30713959_A_man_aged_32_years_en-prompt.txt	PMID_30713959_A_man_aged_32_years	OMIM:606693
5118	PMID_35470444_P1_en-prompt.txt	PMID_35470444_P1	OMIM:620568
5119	STX_SP_B_en-prompt.txt	STX_SP_B	OMIM:612164
5120	PMID_24321194_II_3_en-prompt.txt	PMID_24321194_II_3	OMIM:248250
5121	STX_CHCO_09_en-prompt.txt	STX_CHCO_09	OMIM:612164
5122	PMID_36446582_Gnazzo_2020_P7_en-prompt.txt	PMID_36446582_Gnazzo_2020_P7	OMIM:148050
5123	PMID_34722527_individual_individual_2_Saloni_Walia_VisualAcuityi_en-prompt.txt	PMID_34722527_individual_individual_2_Saloni_Walia_VisualAcuityi	OMIM:613826
5124	PMID_36586412_11_en-prompt.txt	PMID_36586412_11	OMIM:301111
5125	PMID_37054711_Family_10_Subject_13_en-prompt.txt	PMID_37054711_Family_10_Subject_13	OMIM:620428
5126	PMID_24108658_Family_1_Patient_2_en-prompt.txt	PMID_24108658_Family_1_Patient_2	OMIM:154500
5127	PMID_28782633_Family_1_24_year_old_son_P4_en-prompt.txt	PMID_28782633_Family_1_24_year_old_son_P4	OMIM:620670
5128	STX_P_31_en-prompt.txt	STX_P_31	OMIM:612164
5129	PMID_31727177_patient_1_en-prompt.txt	PMID_31727177_patient_1	OMIM:147920
5130	PMID_36446582_KBG62_en-prompt.txt	PMID_36446582_KBG62	OMIM:148050
5131	PMID_26467218_individual_12_Present_study_en-prompt.txt	PMID_26467218_individual_12_Present_study	OMIM:613224
5132	PMID_27743463_S8_en-prompt.txt	PMID_27743463_S8	OMIM:615471
5133	PMID_34722527_individual_MEP3_15_Martin_McKibbin_Genotype_Phenot_en-prompt.txt	PMID_34722527_individual_MEP3_15_Martin_McKibbin_Genotype-Phenot	OMIM:613826
5134	PMID_37761890_19__en-prompt.txt	PMID_37761890_19 	OMIM:616362
5135	PMID_28285769_Individual_5_II_1_en-prompt.txt	PMID_28285769_Individual_5_II_1	OMIM:250410
5136	PMID_34722527_individual_individual_3_Naeimeh_Tayebi_Targetednextg_en-prompt.txt	PMID_34722527_individual_individual_3_Naeimeh_Tayebi_Targetednextg	OMIM:613826
5137	PMID_18695062_18695062_P2_en-prompt.txt	PMID_18695062_18695062_P2	OMIM:256810
5138	PMID_15266616_131_en-prompt.txt	PMID_15266616_131	OMIM:147791
5139	PMID_9312167_D_II_2_en-prompt.txt	PMID_9312167_D:II:2	OMIM:179800
5140	PMID_35617047_Proband_4_en-prompt.txt	PMID_35617047_Proband_4	OMIM:620647
5141	PMID_10939567_EMD1_IV_24_en-prompt.txt	PMID_10939567_EMD1_IV-24	OMIM:181350
5142	STX_23934111_ej_en-prompt.txt	STX_23934111_ej	OMIM:612164
5143	PMID_37962958_12_en-prompt.txt	PMID_37962958_12	OMIM:620535
5144	PMID_18513678_individual_5039_en-prompt.txt	PMID_18513678_individual_5039	OMIM:260300
5145	STX_20876469_Patient_2_en-prompt.txt	STX_20876469_Patient_2	OMIM:612164
5146	PMID_31021519_individual_SATB2_105_en-prompt.txt	PMID_31021519_individual_SATB2_105	OMIM:612313
5147	PMID_37710961_Patient_2_en-prompt.txt	PMID_37710961_Patient_2	OMIM:620748
5148	PMID_33731876_fam43_en-prompt.txt	PMID_33731876_fam43	OMIM:613721
5149	PMID_8188302_IV_1_en-prompt.txt	PMID_8188302_IV_1	OMIM:129600
5150	PMID_30580808_Ind_15_Fam_15_en-prompt.txt	PMID_30580808_Ind-15-Fam-15	OMIM:618362
5151	PMID_25835445_3_III_1__en-prompt.txt	PMID_25835445_3-III:1*	OMIM:615582
5152	PMID_34521999_24_en-prompt.txt	PMID_34521999_24	OMIM:617140
5153	PMID_28132690_Family_E_II_2_en-prompt.txt	PMID_28132690_Family_E_II_2	OMIM:617425
5154	PMID_21236492_Individual_P10_en-prompt.txt	PMID_21236492_Individual_P10	OMIM:614199
5155	PMID_12165566_IV_5_en-prompt.txt	PMID_12165566_IV_5	OMIM:241850
5156	PMID_30580808_Ind_31_Fam_22_en-prompt.txt	PMID_30580808_Ind-31-Fam-22	OMIM:618362
5157	PMID_37196654_Individual_11_en-prompt.txt	PMID_37196654_Individual_11	OMIM:618505
5158	PMID_36446582_Gnazzo_2020_P10_en-prompt.txt	PMID_36446582_Gnazzo_2020_P10	OMIM:148050
5159	PMID_36446582_Low_2016_31_29_en-prompt.txt	PMID_36446582_Low_2016_31_29	OMIM:148050
5160	PMID_37167966_F2_II_2_en-prompt.txt	PMID_37167966_F2-II:2	OMIM:620375
5161	PMID_30356099_Patient_14_en-prompt.txt	PMID_30356099_Patient_14	OMIM:616211
5162	PMID_37433783_P6_en-prompt.txt	PMID_37433783_P6	OMIM:601674
5163	PMID_36446582_Goldenberg2016_P34_en-prompt.txt	PMID_36446582_Goldenberg2016_P34	OMIM:148050
5164	PMID_31021519_individual_SATB2_82_en-prompt.txt	PMID_31021519_individual_SATB2_82	OMIM:612313
5165	PMID_34722527_individual_individual_1_Samuel_G_Jacobson_Lebercongenita_en-prompt.txt	PMID_34722527_individual_individual_1_Samuel_G_Jacobson_Lebercongenita	OMIM:613826
5166	PMID_36331550_Family_18_Patient_23_en-prompt.txt	PMID_36331550_Family_18_Patient_23	OMIM:620540
5167	PMID_36965478_Individual_8_en-prompt.txt	PMID_36965478_Individual_8	OMIM:620515
5168	PMID_35484142_F5_P6_en-prompt.txt	PMID_35484142_F5/P6	OMIM:620460
5169	PMID_12789647_K2_II_1_en-prompt.txt	PMID_12789647_K2:II-1	OMIM:142900
5170	PMID_36446582_Low_2016_33_31_en-prompt.txt	PMID_36446582_Low_2016_33_31	OMIM:148050
5171	PMID_33731876_fam272_en-prompt.txt	PMID_33731876_fam272	OMIM:613721
5172	PMID_30451291_V_1_en-prompt.txt	PMID_30451291_V:1	OMIM:300088
5173	PMID_21367767_F48_III_1_en-prompt.txt	PMID_21367767_F48_III_1	OMIM:606658
5174	PMID_26915616_case_report_en-prompt.txt	PMID_26915616_case_report	OMIM:105120
5175	PMID_33731876_fam265_en-prompt.txt	PMID_33731876_fam265	OMIM:613721
5176	PMID_24736735_G083__en-prompt.txt	PMID_24736735_G083_	OMIM:146510
5177	PMID_32710489_Group_1_Patient_2_en-prompt.txt	PMID_32710489_Group_1_Patient_2	OMIM:620155
5178	PMID_23546041_Patient_1_en-prompt.txt	PMID_23546041_Patient_1	OMIM:101200
5179	PMID_36736301_P2_en-prompt.txt	PMID_36736301_P2	OMIM:620668
5180	PMID_33731876_fam169_en-prompt.txt	PMID_33731876_fam169	OMIM:607745
5181	PMID_34722527_individual_individual_1_Sylvain_Hanein_Lebercongenita_en-prompt.txt	PMID_34722527_individual_individual_1_Sylvain_Hanein_Lebercongenita	OMIM:613826
5182	STX_G3_P14_en-prompt.txt	STX_G3_P14	OMIM:612164
5183	PMID_18816383_sister_en-prompt.txt	PMID_18816383_sister	OMIM:248250
5184	PMID_28575651_Individual_7_en-prompt.txt	PMID_28575651_Individual_7	OMIM:617560
5185	PMID_35484142_F1_P1_en-prompt.txt	PMID_35484142_F1/P1	OMIM:620460
5186	PMID_25142838_P7_en-prompt.txt	PMID_25142838_P7	OMIM:147920
5187	PMID_36074901_16_en-prompt.txt	PMID_36074901_16	OMIM:620465
5188	PMID_37656279_Pedigree_B_II_1_en-prompt.txt	PMID_37656279_Pedigree_B_II:1	OMIM:620510
5189	PMID_31021519_individual_SATB2_95_en-prompt.txt	PMID_31021519_individual_SATB2_95	OMIM:612313
5190	PMID_33731876_fam873_en-prompt.txt	PMID_33731876_fam873	OMIM:613721
5191	PMID_33731876_fam388_en-prompt.txt	PMID_33731876_fam388	OMIM:613721
5192	PMID_36303223_individual_22_PMID_27289259_en-prompt.txt	PMID_36303223_individual_22_PMID_27289259	OMIM:272300
5193	PMID_36446582_Goldenberg2016_P23_en-prompt.txt	PMID_36446582_Goldenberg2016_P23	OMIM:148050
5194	PMID_32154675_Family_8_Patient_22_en-prompt.txt	PMID_32154675_Family_8_Patient_22	OMIM:613795
5195	PMID_34490705_III_2_en-prompt.txt	PMID_34490705_III-2	OMIM:142900
5196	PMID_33731876_fam54_en-prompt.txt	PMID_33731876_fam54	OMIM:613721
5197	PMID_32154675_Family_7_Patient_17_en-prompt.txt	PMID_32154675_Family_7_Patient_17	OMIM:613795
5198	PMID_15266616_108_en-prompt.txt	PMID_15266616_108	OMIM:147791
5199	PMID_34521999_33_en-prompt.txt	PMID_34521999_33	OMIM:617140
5200	PMID_35977029_82847_en-prompt.txt	PMID_35977029_82847	OMIM:620494
5201	PMID_31239556_individual_7_en-prompt.txt	PMID_31239556_individual_7	OMIM:615502
5202	STX_P_08_en-prompt.txt	STX_P_08	OMIM:612164
5203	PMID_15781812_individual_137_4_en-prompt.txt	PMID_15781812_individual_137_4	OMIM:620681
5204	PMID_36446582_Kutkowska_Kazmierczak2021_P2_en-prompt.txt	PMID_36446582_Kutkowska_Kazmierczak2021_P2	OMIM:148050
5205	PMID_28148688_P1_en-prompt.txt	PMID_28148688_P1	OMIM:617425
5206	PMID_25439728_IV_6_en-prompt.txt	PMID_25439728_IV.6	OMIM:616354
5207	PMID_12789647_K12_I_2_en-prompt.txt	PMID_12789647_K12:I-2	OMIM:142900
5208	PMID_9817917_Family_4_individual_13070_en-prompt.txt	PMID_9817917_Family_4_individual_13070	OMIM:222300
5209	PMID_1907800_TS_en-prompt.txt	PMID_1907800_TS	OMIM:230650
5210	PMID_28673863_28673863_P1_en-prompt.txt	PMID_28673863_28673863_P1	OMIM:256810
5211	PMID_31021519_individual_SATB2_112_en-prompt.txt	PMID_31021519_individual_SATB2_112	OMIM:612313
5212	PMID_33045405_Liu_et_al___2019__patient_1_en-prompt.txt	PMID_33045405_Liu_et_al._(2019)_patient_1	OMIM:605911
