row	id	gold_id	exomiser_first_correct_rank	exomiser_rank_opt	exomiser_rank_pess	exomiser_top_item	exomiser_n_items	o1_subst_first_correct_rank
0001	PMID_34722527_individual_103_7_Hui_Wang_ComprehensiveM_en-prompt.txt	OMIM:613826	>10	1	>10	OMIM:618567	2973	
0002	PMID_32730804_Individual_3_en-prompt.txt	OMIM:620511	1	1	1	OMIM:620511	7695	
0003	PMID_19776401_Patient_6_1_en-prompt.txt	OMIM:243700	1	1	1	OMIM:243700	7195	2
0004	PMID_20358596_Patient_A_en-prompt.txt	OMIM:123000	2	2	2	OMIM:122860	7547	3
0005	PMID_36586412_8_en-prompt.txt	OMIM:301111	3	3	3	OMIM:614969	5844	
0006	PMID_36067010_Family_3_Patient_5_en-prompt.txt	OMIM:620504	1	1	1	OMIM:620504	8071	
0007	PMID_19864672_Patient_1M_en-prompt.txt	OMIM:212050	1	1	1	OMIM:212050	5985	2
0008	PMID_26239674_proband_III_3_en-prompt.txt	OMIM:131100	1	1	1	ORPHA:652	7659	1
0009	PMID_11093277_K8345_III_3_IT_en-prompt.txt	OMIM:305400	2	2	2	OMIM:145420	7516	2
0010	PMID_34722527_individual_13_2_Moon_Woo_Seong_Molecularchara_en-prompt.txt	OMIM:613826	>10	1	>10	OMIM:618567	2973	
0011	PMID_22541558_individual_R_1_en-prompt.txt	OMIM:154400	9	9	9	OMIM:613951	6647	1
0012	PMID_15266616_21_en-prompt.txt	OMIM:147791	7	7	7	OMIM:304110	7526	
0013	PMID_30580808_Machol_Ind_3_Fam_33_en-prompt.txt	OMIM:618362	>10	>10	>10	OMIM:614609	7968	
0014	STX_G3_P3_en-prompt.txt	OMIM:612164	>10	>10	>10	OMIM:618890	3728	3
0015	PMID_36446582_Ockeloen2015_P17_en-prompt.txt	OMIM:148050	2	2	2	ORPHA:228402	5394	1
0016	PMID_37660254_Patient_1_en-prompt.txt	OMIM:620669	>10	>10	>10	ORPHA:157846	7643	
0017	PMID_33731876_fam203_en-prompt.txt	OMIM:613721	>10	>10	>10	OMIM:259050	2524	
0018	PMID_31021519_SATB2_25_from_Zarate_et_al__2018a_en-prompt.txt	OMIM:612313	>10	>10	>10	OMIM:618603	5732	
0019	PMID_28969374_Family_3_LD_1061_0B_Pt5_en-prompt.txt	OMIM:617560	>10	>10	>10	OMIM:617951	7420	
0020	PMID_22772371_TAA288_III_5_en-prompt.txt	OMIM:614816	7	7	7	OMIM:130050	4687	
0021	STX_28387369_C0108_en-prompt.txt	OMIM:612164	>10	>10	>10	OMIM:619913	4645	5
0022	PMID_24369382_Family_1_II_4_en-prompt.txt	OMIM:614322	1	1	1	OMIM:614322	6112	
0023	PMID_36553465_P4_en-prompt.txt	OMIM:606574	8	8	8	OMIM:619172	6818	1
0024	PMID_10939567_EMD3_IV_5_en-prompt.txt	OMIM:181350	>10	>10	>10	ORPHA:267	5697	1
0025	PMID_33576469_Patient_8_en-prompt.txt	OMIM:129600	1	1	1	OMIM:129600	6873	1
0026	PMID_27259050_III_8_en-prompt.txt	OMIM:159550	1	1	1	OMIM:159550	7654	1
0027	PMID_22258530_Patient_19_en-prompt.txt	OMIM:613477	3	3	3	OMIM:617493	7413	
0028	PMID_18551513_12_en-prompt.txt	OMIM:613205	1	1	1	OMIM:613205	6721	
0029	PMID_18351627_Patient_II_2_en-prompt.txt	OMIM:142900	1	1	1	OMIM:142900	5826	
0030	STX_HSJD_Patient_5_en-prompt.txt	OMIM:612164	3	3	3	ORPHA:457351	6522	
0031	PMID_32376980_39_en-prompt.txt	OMIM:618164	>10	>10	>10	OMIM:618974	7654	
0032	PMID_36446582_Scarano_2013_P7_en-prompt.txt	OMIM:148050	1	1	1	ORPHA:2332	7857	1
0033	PMID_29469822_Family_1_II_4_en-prompt.txt	OMIM:605275	1	1	1	OMIM:605275	8183	1
0034	PMID_29605370_Ahv_14_en-prompt.txt	OMIM:601869	2	1	2	OMIM:614614	5276	
0035	PMID_22956686_1435_IV_6_en-prompt.txt	OMIM:614923	2	2	2	OMIM:620085	6295	
0036	PMID_24355708_IHG25190_individual_4_en-prompt.txt	OMIM:215470	7	7	7	OMIM:613728	7986	1
0037	PMID_34521999_6_en-prompt.txt	OMIM:617140	>10	>10	>10	OMIM:619229	8212	
0038	PMID_19864201_Case_1__Twin_A__en-prompt.txt	OMIM:151100	2	2	2	OMIM:601154	7649	
0039	PMID_34722527_individual_MEP43_7_Martin_McKibbin_Genotype_Phenot_en-prompt.txt	OMIM:613826	>10	>10	>10	ORPHA:98973	4809	
0040	PMID_21683322_12_en-prompt.txt	OMIM:614185	1	1	1	OMIM:614185	6375	
0041	PMID_27672653_Individual_4_en-prompt.txt	OMIM:231670	1	1	1	OMIM:231670	7585	1
0042	PMID_10805329_10805329_P1_en-prompt.txt	OMIM:604377	3	3	3	OMIM:619424	7457	
0043	PMID_28321562_sister_en-prompt.txt	OMIM:616907	7	7	7	OMIM:620106	6350	2
0044	STX_26514728_Patient_18_en-prompt.txt	OMIM:612164	4	4	4	ORPHA:496641	5567	
0045	PMID_31021519_SATB2_31_from_Zarate_et_al__2018a__Bengani_et_al_en-prompt.txt	OMIM:612313	>10	>10	>10	OMIM:615802	5999	
0046	PMID_33731876_fam32_en-prompt.txt	OMIM:613721	>10	>10	>10	ORPHA:725	4659	
0047	PMID_32627184_Case_1_en-prompt.txt	OMIM:620654	1	1	1	OMIM:620654	8369	
0048	PMID_32083401_Patient_1_en-prompt.txt	OMIM:147920	5	5	5	ORPHA:648	8153	5
0049	PMID_37919452_Family_1__patient_2_en-prompt.txt	OMIM:620683	>10	>10	>10	OMIM:613327	8077	
0050	PMID_34722527_individual_1CRD_5_A_Hameed__EvidenceofRPG_en-prompt.txt	OMIM:608194	>10	>10	>10	OMIM:618567	2973	
0051	PMID_37433783_P17_en-prompt.txt	OMIM:601674	>10	>10	>10	OMIM:616354	7317	
0052	PMID_34521999_42_en-prompt.txt	OMIM:617140	>10	>10	>10	OMIM:619229	8057	
0053	PMID_30580808_Machol_Ind_10_Fam_40_en-prompt.txt	OMIM:618362	>10	>10	>10	OMIM:135900	7980	5
0054	PMID_37075751_Individual_7_en-prompt.txt	OMIM:616462	1	1	1	OMIM:616462	7639	
0055	PMID_21236492_Individual_P1_en-prompt.txt	OMIM:614199	>10	>10	>10	OMIM:609049	7267	
0056	PMID_30099644_IV_12_en-prompt.txt	OMIM:600138	>10	>10	>10	OMIM:303100	5761	7
0057	PMID_33731876_fam25_en-prompt.txt	OMIM:613721	>10	>10	>10	OMIM:616973	4659	
0058	PMID_37761890_41__en-prompt.txt	OMIM:616362	>10	>10	>10	OMIM:620688	6147	
0059	PMID_37761890_54__en-prompt.txt	OMIM:616362	>10	>10	>10	OMIM:620114	5467	
0060	PMID_19800048_IV_2_en-prompt.txt	OMIM:300804	1	1	1	OMIM:300804	7197	3
0061	PMID_36074901_3_en-prompt.txt	OMIM:620465	>10	>10	>10	OMIM:618567	2973	
0062	PMID_16965330_patient_7_en-prompt.txt	OMIM:240300	1	1	1	OMIM:240300	7503	
0063	STX_EG1322P_en-prompt.txt	OMIM:612164	>10	>10	>10	OMIM:610042	4919	
0064	PMID_35344616_A5_en-prompt.txt	OMIM:268310	1	1	1	OMIM:268310	7843	1
0065	PMID_29482518_Patient_2_en-prompt.txt	OMIM:147920	3	3	3	OMIM:300867	7651	1
0066	STX_32521962_P12_en-prompt.txt	OMIM:612164	2	2	2	OMIM:308350	3728	
0067	PMID_30612693_3_en-prompt.txt	OMIM:618443	>10	>10	>10	ORPHA:79279	6153	
0068	PMID_26833330_F1_II2_en-prompt.txt	OMIM:616829	1	1	1	OMIM:616829	5890	3
0069	PMID_25085748_ANK_07_en-prompt.txt	OMIM:260300	1	1	1	OMIM:260300	5465	
0070	PMID_31792352_proband_en-prompt.txt	OMIM:620780	>10	>10	>10	OMIM:130050	8034	
0071	PMID_30057029_Individual_16_en-prompt.txt	OMIM:618089	>10	>10	>10	ORPHA:280633	8306	
0072	PMID_33731876_fam344_en-prompt.txt	OMIM:613721	>10	>10	>10	OMIM:301066	5353	
0073	PMID_33731876_fam214_en-prompt.txt	OMIM:613721	>10	>10	>10	OMIM:249270	4615	
0074	PMID_36553465_P16_en-prompt.txt	OMIM:606574	9	9	9	ORPHA:79432	6941	
0075	PMID_16917909_667_1_en-prompt.txt	OMIM:142900	1	1	1	OMIM:142900	5865	1
0076	PMID_16429406_second_patient_en-prompt.txt	OMIM:227645	3	3	3	OMIM:600901	6852	1
0077	PMID_27843126_B_II_7_en-prompt.txt	OMIM:617146	1	1	1	OMIM:617146	7100	
0078	PMID_10580070_E_III_1_en-prompt.txt	OMIM:115200	1	1	1	OMIM:115200	5748	
0079	STX_19557857_Patient_1_en-prompt.txt	OMIM:612164	8	8	8	OMIM:616973	6693	
0080	PMID_25868664_Family_15_Case_14_en-prompt.txt	OMIM:615471	>10	>10	>10	ORPHA:508488	8094	3
0081	PMID_12789647_K16_II_1_en-prompt.txt	OMIM:142900	1	1	1	OMIM:142900	5984	1
0082	PMID_36307226_Proband_3_en-prompt.txt	OMIM:620537	1	1	1	OMIM:620537	6302	
0083	PMID_15123648_index_patient_en-prompt.txt	OMIM:163800	>10	>10	>10	OMIM:611938	1642	6
0084	PMID_21217753_Fam_1_IV_1_en-prompt.txt	OMIM:613795	2	2	2	OMIM:619656	6982	1
0085	PMID_37196654_Individual_77_en-prompt.txt	OMIM:618505	>10	>10	>10	OMIM:619475	8004	
0086	PMID_33731876_fam118_en-prompt.txt	OMIM:613721	>10	>10	>10	OMIM:300672	6368	
0087	STX_32139178_Patient_Infantile22_en-prompt.txt	OMIM:612164	>10	>10	>10	OMIM:620194	3630	
0088	PMID_15266616_18_en-prompt.txt	OMIM:147791	7	7	7	OMIM:304110	7526	
0089	PMID_31021519_SATB2_36_from_Zarate_et_al__2018a_en-prompt.txt	OMIM:612313	1	1	1	ORPHA:576283	6035	
0090	PMID_29388673_Fam_6_II_2_en-prompt.txt	OMIM:617560	8	8	8	OMIM:619286	7804	
0091	PMID_24736735_G040__en-prompt.txt	OMIM:146510	2	2	2	OMIM:174200	6343	
0092	PMID_36446582_Low_2016_P23_17_en-prompt.txt	OMIM:148050	2	2	2	OMIM:620305	7374	1
0093	PMID_23643385_23643385_P3_en-prompt.txt	OMIM:608912	>10	>10	>10	OMIM:608908	3078	
0094	STX_BCH_012_en-prompt.txt	OMIM:612164	1	1	1	OMIM:612164	6077	
0095	PMID_33045405_Pitt_et_al___2015_B6_1_en-prompt.txt	OMIM:605911	9	9	9	OMIM:229700	4356	
0096	PMID_34722527_individual_MOL1150_1_9_Beryozkin_Current_en-prompt.txt	OMIM:608194	>10	>10	>10	ORPHA:319332	4809	
0097	PMID_20082460_case_11_en-prompt.txt	OMIM:305400	1	1	1	OMIM:305400	7877	1
0098	PMID_26453364_Patient_3_en-prompt.txt	OMIM:608776	3	3	3	OMIM:608540	6721	
0099	PMID_12203992_D40_en-prompt.txt	OMIM:154700	>10	>10	>10	OMIM:604308	6721	1
0100	PMID_30580808_Ind_01_Fam_01_en-prompt.txt	OMIM:618362	>10	>10	>10	OMIM:601358	7958	
0101	PMID_33731876_fam287_en-prompt.txt	OMIM:613721	>10	>10	>10	OMIM:615473	4769	
0102	PMID_30236613_patient_en-prompt.txt	OMIM:105400	2	2	2	OMIM:211530	6711	1
0103	PMID_33731876_fam4_en-prompt.txt	OMIM:607745	>10	>10	>10	ORPHA:98818	4217	2
0104	PMID_33731876_fam136_en-prompt.txt	OMIM:613721	>10	>10	>10	OMIM:615473	2533	
0105	PMID_27743463_S10_en-prompt.txt	OMIM:615471	8	8	8	ORPHA:137675	7733	3
0106	PMID_34722527_individual_individual_4_Lin_Li__DetectionofVa_en-prompt.txt	OMIM:613826	>10	1	>10	OMIM:618567	2973	
0107	STX_S005_en-prompt.txt	OMIM:612164	>10	>10	>10	OMIM:616973	7529	
0108	STX_Syrbe_5_en-prompt.txt	OMIM:612164	>10	>10	>10	ORPHA:522077	5944	
0109	PMID_28065471_PIII_1_en-prompt.txt	OMIM:617403	1	1	1	OMIM:617403	8156	
0110	PMID_36074124_1_06817_en-prompt.txt	OMIM:620570	1	1	1	OMIM:620570	5424	
0111	PMID_33045405_Wolf_et_al___2003_Proband_en-prompt.txt	OMIM:605911	1	1	1	OMIM:605911	5405	
0112	PMID_34722527_individual_GRA_3_Gerber_S_Completeexon_i_en-prompt.txt	OMIM:613826	>10	1	>10	OMIM:618567	2973	
0113	PMID_29122497_29122497_P2_en-prompt.txt	OMIM:616370	>10	>10	>10	ORPHA:280219	6774	
0114	PMID_30868101_KRS_103_IV_9_en-prompt.txt	OMIM:606693	4	4	4	ORPHA:240094	7122	
0115	PMID_32154675_Family_2_Patient_4_en-prompt.txt	OMIM:613795	1	1	1	OMIM:613795	7244	
0116	PMID_37875108_Patient_1_en-prompt.txt	OMIM:301115	>10	>10	>10	OMIM:618963	6839	
0117	PMID_10842287_HOS_B2_en-prompt.txt	OMIM:142900	1	1	1	OMIM:142900	5563	
0118	PMID_34722527_individual_individual_1_Malika_Fakhratova_Identification_en-prompt.txt	OMIM:613826	>10	>10	>10	OMIM:613835	4939	1
0119	STX_Syrbe_13_en-prompt.txt	OMIM:612164	1	1	1	ORPHA:599373	5083	
0120	PMID_22258530_Patient_20_en-prompt.txt	OMIM:613477	>10	>10	>10	OMIM:615859	5249	
0121	PMID_11754102_patient_GD889_en-prompt.txt	OMIM:121050	1	1	1	OMIM:121050	7113	1
0122	PMID_33045405_Aledo_et_al___2006__Proband_en-prompt.txt	OMIM:605911	1	1	1	OMIM:605911	5057	
0123	PMID_35923690_50_7_en-prompt.txt	OMIM:105650	2	2	2	OMIM:610629	7017	1
0124	PMID_34722527_individual_97_11_Hui_Wang_ComprehensiveM_en-prompt.txt	OMIM:613826	>10	1	>10	OMIM:618567	2973	
0125	PMID_19800048_UW87_en-prompt.txt	OMIM:300804	1	1	1	OMIM:300804	7085	
0126	PMID_32376980_1_en-prompt.txt	OMIM:618164	>10	>10	>10	OMIM:618505	5407	
0127	PMID_28318500_1_II_3_en-prompt.txt	OMIM:617478	1	1	1	OMIM:617478	7944	
0128	PMID_36695497_Individual_2_en-prompt.txt	OMIM:620731	>10	>10	>10	ORPHA:35737	6667	
0129	PMID_37154409_BII_2_en-prompt.txt	OMIM:606658	>10	>10	>10	ORPHA:363710	6498	
0130	PMID_27087320_Subject_6_en-prompt.txt	OMIM:616975	1	1	1	OMIM:616975	8268	
0131	PMID_32376980_17_en-prompt.txt	OMIM:618164	>10	>10	>10	OMIM:220210	7950	
0132	STX_26514728_Patient_9_en-prompt.txt	OMIM:612164	6	6	6	ORPHA:439218	4901	
0133	PMID_36307226_Proband_11_en-prompt.txt	OMIM:620537	1	1	1	OMIM:620537	6170	
0134	PMID_29330883_Subject_5_en-prompt.txt	OMIM:616975	2	2	2	OMIM:619325	8041	
0135	PMID_29469822_Family_10_II_3_en-prompt.txt	OMIM:605275	1	1	1	OMIM:605275	7984	1
0136	STX_25951140_Case_32_en-prompt.txt	OMIM:612164	>10	>10	>10	OMIM:618470	4875	3
0137	PMID_36446582_KBG13_en-prompt.txt	OMIM:148050	3	3	3	OMIM:605130	8168	1
0138	PMID_23335590_Subject_1330_en-prompt.txt	OMIM:304110	1	1	1	OMIM:304110	7787	
0139	PMID_15266616_140_en-prompt.txt	OMIM:147791	7	7	7	OMIM:304110	7526	
0140	PMID_28258187_Patient_2_en-prompt.txt	OMIM:618343	1	1	1	OMIM:618343	7758	
0141	STX_S012_en-prompt.txt	OMIM:612164	>10	>10	>10	ORPHA:168491	6801	
0142	PMID_34722527_individual_arRP_F083_1_Leen_Abu_Safieh_Autozygome_guid_en-prompt.txt	OMIM:608194	>10	>10	>10	OMIM:618567	2973	
0143	PMID_30356099_Patient_8_en-prompt.txt	OMIM:616211	1	1	1	OMIM:616211	7643	
0144	PMID_12789647_K4_III_2_en-prompt.txt	OMIM:142900	1	1	1	OMIM:142900	5810	1
0145	PMID_37761890_25__en-prompt.txt	OMIM:616362	>10	>10	>10	OMIM:618158	6236	
0146	PMID_37303127_5_en-prompt.txt	OMIM:151660	>10	>10	>10	ORPHA:71212	5890	
0147	PMID_37761890_30__en-prompt.txt	OMIM:616362	>10	>10	>10	OMIM:620292	6128	
0148	PMID_28940506_Family_2_Individual_3_en-prompt.txt	OMIM:615471	>10	>10	>10	OMIM:620371	8338	8
0149	PMID_25477417_F11_1_en-prompt.txt	OMIM:248250	1	1	1	OMIM:248250	7238	
0150	PMID_27247962_USB1_patient_en-prompt.txt	OMIM:604173	2	2	2	OMIM:615704	6729	
0151	PMID_28318500_2_II_4_en-prompt.txt	OMIM:617478	1	1	1	OMIM:617478	7967	
0152	STX_Fila_6_EG_CB_en-prompt.txt	OMIM:612164	8	8	8	OMIM:619428	5180	
0153	PMID_33731876_fam290_en-prompt.txt	OMIM:607745	>10	1	>10	ORPHA:500545	2499	2
0154	PMID_12161596_Patient_1_en-prompt.txt	OMIM:151100	3	3	3	OMIM:193520	7764	1
0155	PMID_12925374_Proband_III_3_en-prompt.txt	OMIM:606889	5	5	5	ORPHA:280229	5157	
0156	PMID_33731876_fam121_en-prompt.txt	OMIM:613721	>10	>10	>10	OMIM:618437	2356	
0157	PMID_31239556_individual_35_en-prompt.txt	OMIM:615502	>10	>10	>10	OMIM:309580	7966	
0158	PMID_37054711_Family_10_1_Subject_14_en-prompt.txt	OMIM:620428	1	1	1	OMIM:620428	6133	
0159	PMID_10756346_B73_en-prompt.txt	OMIM:154700	>10	>10	>10	OMIM:130080	2874	1
0160	PMID_22772371_MS239_III_16_en-prompt.txt	OMIM:614816	1	1	1	OMIM:614816	7410	4
0161	PMID_15911822_Patient_1_en-prompt.txt	OMIM:234200	1	1	1	OMIM:234200	7459	
0162	PMID_16917909_620_1_en-prompt.txt	OMIM:142900	1	1	1	OMIM:142900	5943	1
0163	PMID_15731757_Family_1_II_1_en-prompt.txt	OMIM:610168	1	1	1	OMIM:610168	7630	
0164	PMID_34722527_individual_MEP1_1_Martin_McKibbin_Genotype_Phenot_en-prompt.txt	OMIM:613826	>10	>10	>10	OMIM:616152	4809	
0165	PMID_21358634_Family_8_en-prompt.txt	OMIM:132800	1	1	1	OMIM:132800	6443	
0166	PMID_23099195_Patient_2_en-prompt.txt	OMIM:215700	4	4	4	OMIM:207800	5626	4
0167	PMID_34722527_individual_1CRD_4_A_Hameed__EvidenceofRPG_en-prompt.txt	OMIM:608194	>10	>10	>10	OMIM:618567	2973	
0168	PMID_28782633_Family_1_21_year_old_daughter_P5_en-prompt.txt	OMIM:620670	>10	>10	>10	OMIM:615577	7148	1
0169	PMID_36446582_Bianchi_2018_en-prompt.txt	OMIM:148050	1	1	1	ORPHA:2332	7877	1
0170	PMID_18445049_patient_en-prompt.txt	OMIM:602400	1	1	1	OMIM:602400	7171	
0171	STX_BCH_005_en-prompt.txt	OMIM:612164	>10	>10	>10	OMIM:615369	3785	
0172	STX_26865513_Patient_10_en-prompt.txt	OMIM:612164	>10	>10	>10	ORPHA:289266	7981	
0173	PMID_21683322_4_en-prompt.txt	OMIM:614185	1	1	1	OMIM:614185	6837	1
0174	PMID_12058348_Patient_11_en-prompt.txt	OMIM:151100	1	1	1	ORPHA:500	7398	1
0175	PMID_28289718_Higgins_Patient_1_en-prompt.txt	OMIM:618499	>10	>10	>10	ORPHA:308552	7104	1
0176	PMID_38014483_Family_c_individual_c_3_en-prompt.txt	OMIM:620666	>10	>10	>10	OMIM:613728	6867	
0177	PMID_36307226_Proband_7_en-prompt.txt	OMIM:620537	1	1	1	OMIM:620537	6283	
0178	PMID_37196654_Individual_73_en-prompt.txt	OMIM:618505	>10	>10	>10	OMIM:618106	7571	
0179	PMID_16021330_LDJP12_1_en-prompt.txt	OMIM:620681	>10	>10	>10	OMIM:618396	3556	2
0180	PMID_15266616_32_en-prompt.txt	OMIM:147791	7	7	7	OMIM:304110	7526	
0181	PMID_37880421_Family_3_II1_en-prompt.txt	OMIM:620653	>10	>10	>10	OMIM:216100	2790	
0182	PMID_36553465_P12_en-prompt.txt	OMIM:606574	8	8	8	ORPHA:79432	6818	1
0183	STX_STXBP1adult_Pt32_en-prompt.txt	OMIM:612164	7	7	7	OMIM:619229	5492	
0184	PMID_28679693_a_male_patient_en-prompt.txt	OMIM:610168	1	1	1	OMIM:610168	6941	2
0185	PMID_33731876_fam210_en-prompt.txt	OMIM:613721	>10	>10	>10	OMIM:309000	4420	
0186	PMID_33731876_fam340_en-prompt.txt	OMIM:607745	>10	>10	>10	OMIM:616973	3759	3
0187	PMID_30057029_Individual_12_en-prompt.txt	OMIM:618089	>10	>10	>10	ORPHA:280633	8313	
0188	PMID_32431071_Family_1_IV_9_en-prompt.txt	OMIM:620655	1	1	1	OMIM:620655	7248	
0189	PMID_31527767_III_10_en-prompt.txt	OMIM:129600	1	1	1	OMIM:129600	5653	1
0190	PMID_35150594_K_III_9_en-prompt.txt	OMIM:620538	1	1	1	OMIM:620538	6844	
0191	PMID_16965330_patient_3_en-prompt.txt	OMIM:240300	1	1	1	ORPHA:3453	6281	
0192	PMID_25142838_P5_3_en-prompt.txt	OMIM:147920	>10	>10	>10	OMIM:608978	7948	
0193	PMID_36074901_7_en-prompt.txt	OMIM:620465	>10	>10	>10	OMIM:278780	3609	
0194	PMID_19800048_IV_6_en-prompt.txt	OMIM:300804	1	1	1	OMIM:300804	7197	
0195	PMID_35344616_A1_en-prompt.txt	OMIM:268310	1	1	1	OMIM:268310	7861	1
0196	PMID_17853487_Patient_1_en-prompt.txt	OMIM:607330	1	1	1	OMIM:607330	7342	
0197	PMID_37761890_38__en-prompt.txt	OMIM:616362	>10	>10	>10	ORPHA:477673	5589	
0198	PMID_34722527_individual_1CRD_7_A_Hameed__EvidenceofRPG_en-prompt.txt	OMIM:608194	>10	>10	>10	OMIM:618567	2973	
0199	PMID_16596670_Patient_4_en-prompt.txt	OMIM:609192	1	1	1	OMIM:609192	7540	1
0200	PMID_35880319_Family_1_en-prompt.txt	OMIM:620732	>10	>10	>10	OMIM:618325	7868	
0201	PMID_34722527_individual_individual_4_Arif_O_Khan_TheRPGRIP1_rel_en-prompt.txt	OMIM:613826	>10	>10	>10	ORPHA:98973	4939	1
0202	PMID_30612693_7_en-prompt.txt	OMIM:618443	>10	>10	>10	OMIM:613406	4880	
0203	PMID_31021519_SATB2_03_from_Zarate_et_al__2018a_en-prompt.txt	OMIM:612313	5	5	5	ORPHA:513456	5999	
0204	STX_18469812_Subject_6_en-prompt.txt	OMIM:612164	4	4	4	ORPHA:439218	5955	
0205	PMID_12058348_Patient_4_en-prompt.txt	OMIM:151100	1	1	1	ORPHA:500	7398	
0206	PMID_34521999_46_en-prompt.txt	OMIM:617140	>10	>10	>10	OMIM:619229	8075	
0207	PMID_37433783_P13_en-prompt.txt	OMIM:601674	>10	>10	>10	OMIM:618090	6658	
0208	PMID_21236492_Individual_P5_en-prompt.txt	OMIM:614199	>10	>10	>10	OMIM:609049	7764	
0209	PMID_29149870_brother_en-prompt.txt	OMIM:216550	1	1	1	OMIM:216550	7595	1
0210	PMID_37075751_Individual_3_en-prompt.txt	OMIM:616462	1	1	1	OMIM:616462	7572	
0211	PMID_30580808_Ind_20_Fam_18_en-prompt.txt	OMIM:618362	>10	>10	>10	OMIM:135900	7937	
0212	PMID_33731876_fam21_en-prompt.txt	OMIM:613721	>10	>10	>10	OMIM:615473	4612	
0213	PMID_34722527_individual_77_4_Hui_Wang_ComprehensiveM_en-prompt.txt	OMIM:613826	>10	1	>10	OMIM:618567	2973	
0214	PMID_21683322_16_en-prompt.txt	OMIM:614185	1	1	1	OMIM:614185	6835	1
0215	PMID_34521999_51_en-prompt.txt	OMIM:617140	>10	>10	>10	OMIM:619229	8206	
0216	PMID_34521999_2_en-prompt.txt	OMIM:617140	>10	>10	>10	OMIM:619575	8206	
0217	PMID_27040691_Individual_5_1_en-prompt.txt	OMIM:616900	1	1	1	ORPHA:488632	7693	
0218	STX_EG1188P_en-prompt.txt	OMIM:612164	>10	>10	>10	ORPHA:1935	4537	
0219	PMID_33731876_fam36_en-prompt.txt	OMIM:613721	>10	>10	>10	ORPHA:86309	4769	
0220	PMID_33875846_patient_22_en-prompt.txt	OMIM:620655	1	1	1	OMIM:620655	6463	
0221	PMID_36446582_KBG39_en-prompt.txt	OMIM:148050	>10	>10	>10	OMIM:618316	8112	1
0222	STX_23409955_Patient_D_en-prompt.txt	OMIM:612164	4	4	4	ORPHA:261537	5602	
0223	PMID_29469822_Family_11_II_6_en-prompt.txt	OMIM:605275	1	1	1	OMIM:605275	7874	1
0224	STX_HSJD_Patient_1_en-prompt.txt	OMIM:612164	>10	>10	>10	ORPHA:3095	6216	
0225	PMID_12789647_K15_II_2_en-prompt.txt	OMIM:142900	>10	>10	>10	OMIM:620203	4383	
0226	PMID_36073542_individual_2_en-prompt.txt	OMIM:620774	>10	>10	>10	ORPHA:2131	7707	
0227	PMID_23972372_family_2_V_7_en-prompt.txt	OMIM:174300	1	1	1	ORPHA:2919	7811	
0228	PMID_25477417_F5_1_en-prompt.txt	OMIM:248250	1	1	1	OMIM:248250	7238	
0229	PMID_36446582_Scarano_2013_P3_en-prompt.txt	OMIM:148050	1	1	1	ORPHA:2332	7857	1
0230	PMID_28074573_HC5_1_en-prompt.txt	OMIM:163950	>10	>10	>10	OMIM:193520	4385	1
0231	PMID_25516138_IV_6_en-prompt.txt	OMIM:273900	1	1	1	OMIM:273900	5540	
0232	PMID_36446582_Ockeloen2015_P13_en-prompt.txt	OMIM:148050	4	4	4	OMIM:617883	5269	1
0233	STX_EG1010P_en-prompt.txt	OMIM:612164	>10	>10	>10	ORPHA:33069	6223	
0234	PMID_36446582_Parenti2021_P20_en-prompt.txt	OMIM:148050	1	1	1	ORPHA:2332	8047	
0235	PMID_15266616_25_en-prompt.txt	OMIM:147791	7	7	7	OMIM:304110	7526	
0236	PMID_23335590_Subject_4021_en-prompt.txt	OMIM:304110	1	1	1	OMIM:304110	7787	
0237	PMID_37077559_Sibling_2_en-prompt.txt	OMIM:620402	1	1	1	OMIM:620402	5883	2
0238	PMID_25411445_Patient_4_en-prompt.txt	OMIM:616211	1	1	1	OMIM:616211	7673	
0239	PMID_36446582_Low_2016_P25_22_en-prompt.txt	OMIM:148050	4	4	4	OMIM:620305	7051	
0240	PMID_33731876_fam207_en-prompt.txt	OMIM:613721	>10	>10	>10	OMIM:259050	2524	
0241	PMID_37660254_Patient_5_en-prompt.txt	OMIM:620669	>10	>10	>10	ORPHA:157846	7643	
0242	PMID_10580070_C_III_2_en-prompt.txt	OMIM:115200	1	1	1	ORPHA:300751	5874	
0243	PMID_31021519_SATB2_47_from_Zarate_et_al__2018a__Bengani_et_al_en-prompt.txt	OMIM:612313	1	1	1	ORPHA:576283	5999	
0244	PMID_37962958_4_en-prompt.txt	OMIM:620535	>10	>10	>10	OMIM:301044	7653	
0245	PMID_32730804_Individual_7_en-prompt.txt	OMIM:620511	1	1	1	OMIM:620511	6273	
0246	PMID_31332438_A_II_3_en-prompt.txt	OMIM:620528	1	1	1	OMIM:620528	6558	
0247	PMID_30473892_IV_2_sister_en-prompt.txt	OMIM:616354	5	5	5	OMIM:608779	7538	
0248	PMID_11175294_B47_en-prompt.txt	OMIM:154700	>10	>10	>10	OMIM:617168	6047	1
0249	PMID_16865293_Family_4_individual_8Y1M_en-prompt.txt	OMIM:216400	1	1	1	OMIM:216400	6951	1
0250	PMID_29379197_DECIPHER_264293_en-prompt.txt	OMIM:620568	1	1	1	OMIM:620568	7431	
0251	PMID_15266616_98_en-prompt.txt	OMIM:147791	7	7	7	OMIM:304110	7526	
0252	PMID_24736735_G048__en-prompt.txt	OMIM:175700	2	2	2	OMIM:174200	6115	7
0253	PMID_24736735_G085_Aunt_en-prompt.txt	OMIM:146510	3	3	3	OMIM:174200	6065	
0254	PMID_31021519_62_from_Vissers_et_al_en-prompt.txt	OMIM:612313	>10	>10	>10	OMIM:618567	2973	
0255	PMID_33731876_fam229_en-prompt.txt	OMIM:607745	>10	>10	>10	ORPHA:247691	5737	
0256	PMID_33731876_fam379_en-prompt.txt	OMIM:613721	>10	>10	>10	OMIM:617333	2319	
0257	PMID_21217753_Fam_2_II_7_en-prompt.txt	OMIM:613795	4	4	4	ORPHA:90348	5488	
0258	PMID_23388215_Proband_4_en-prompt.txt	OMIM:616247	1	1	1	OMIM:616247	1642	1
0259	PMID_24889630_Proband_2_en-prompt.txt	OMIM:620680	>10	>10	>10	OMIM:604367	6081	
0260	PMID_10580070_B_V_2_en-prompt.txt	OMIM:115200	2	2	2	OMIM:616117	5287	
0261	STX_BCH_001_en-prompt.txt	OMIM:612164	>10	>10	>10	OMIM:616211	5555	2
0262	PMID_28940506_Family_16_Individual_21_en-prompt.txt	OMIM:615471	>10	>10	>10	OMIM:620371	8340	5
0263	PMID_33731876_fam198_en-prompt.txt	OMIM:613721	>10	>10	>10	OMIM:259050	2524	
0264	STX_Fila_7_EG_CB_en-prompt.txt	OMIM:612164	9	9	9	OMIM:619229	5866	1
0265	STX_26865513_Patient_29_en-prompt.txt	OMIM:612164	1	1	1	ORPHA:599373	6106	
0266	STX_129_en-prompt.txt	OMIM:612164	>10	>10	>10	OMIM:617393	4683	
0267	PMID_36303223_individual_21_PMID_27289259_en-prompt.txt	OMIM:272300	1	1	1	OMIM:272300	7119	2
0268	PMID_33731876_fam294_en-prompt.txt	OMIM:607745	>10	1	>10	ORPHA:500545	2499	
0269	PMID_16965330_Sibling_of_patient_11_en-prompt.txt	OMIM:240300	1	1	1	OMIM:240300	6428	
0270	PMID_36446582_Murray_2017_P1_1_1_en-prompt.txt	OMIM:148050	1	1	1	OMIM:148050	7353	1
0271	PMID_33731876_fam125_en-prompt.txt	OMIM:613721	>10	>10	>10	OMIM:259050	2524	
0272	STX_27779742_60_en-prompt.txt	OMIM:612164	>10	>10	>10	ORPHA:192	3609	
0273	PMID_15911822_Patient_5_en-prompt.txt	OMIM:234200	1	1	1	OMIM:234200	7459	
0274	PMID_34722527_individual_1CRD_6_A_Hameed__EvidenceofRPG_en-prompt.txt	OMIM:608194	>10	>10	>10	OMIM:618567	2973	
0275	PMID_29469822_Family_12_V_1_en-prompt.txt	OMIM:605275	1	1	1	OMIM:605275	7982	2
0276	PMID_31239556_individual_31_en-prompt.txt	OMIM:615502	>10	>10	>10	OMIM:309580	7985	
0277	STX_S016_en-prompt.txt	OMIM:612164	>10	>10	>10	ORPHA:438216	5361	
0278	PMID_37761890_49__en-prompt.txt	OMIM:616362	>10	>10	>10	OMIM:616682	5265	
0279	PMID_31021519_SATB2_10_from_Zarate_et_al__2018a_en-prompt.txt	OMIM:612313	1	1	1	ORPHA:576283	6035	
0280	PMID_26242992_IV_40_en-prompt.txt	OMIM:301310	3	3	3	ORPHA:94122	6587	6
0281	PMID_36440963_III_4_en-prompt.txt	OMIM:620459	1	1	1	OMIM:620459	4903	2
0282	PMID_33731876_fam18_en-prompt.txt	OMIM:613721	>10	>10	>10	OMIM:615369	6537	
0283	PMID_37734847_Patient_2_en-prompt.txt	OMIM:620629	1	1	1	OMIM:620629	6068	
0284	PMID_37303127_1_en-prompt.txt	OMIM:151660	9	9	9	OMIM:619127	7235	
0285	PMID_21217753_Fam_1_IV_11_en-prompt.txt	OMIM:613795	2	2	2	OMIM:619656	6982	6
0286	PMID_26467218_individual_6_Cirstea_et_al__14_en-prompt.txt	OMIM:613224	1	1	1	OMIM:613224	8065	3
0287	PMID_27087320_Subject_2_en-prompt.txt	OMIM:616975	1	1	1	OMIM:616975	8279	
0288	PMID_32376980_13_en-prompt.txt	OMIM:618164	>10	>10	>10	ORPHA:3455	7656	
0289	PMID_37880421_Family_4_II_2_en-prompt.txt	OMIM:620653	>10	>10	>10	OMIM:216100	2790	
0290	PMID_36446582_KBG17_en-prompt.txt	OMIM:148050	2	2	2	OMIM:605130	8250	
0291	PMID_12789647_K5_III_2_en-prompt.txt	OMIM:142900	1	1	1	OMIM:142900	5810	1
0292	PMID_29330883_Subject_1_en-prompt.txt	OMIM:616975	2	2	2	OMIM:619325	7913	
0293	PMID_36307226_Proband_15_en-prompt.txt	OMIM:620537	1	1	1	OMIM:620537	6170	
0294	PMID_29149870_proposita_en-prompt.txt	OMIM:216550	1	1	1	OMIM:216550	7751	1
0295	PMID_33045405_Pitt_et_al___2015_A1_4_en-prompt.txt	OMIM:605911	1	1	1	OMIM:605911	5369	
0296	STX_32411386_Case_8_en-prompt.txt	OMIM:612164	>10	>10	>10	OMIM:614514	5502	
0297	STX_P_44_en-prompt.txt	OMIM:612164	7	7	7	OMIM:617904	6218	3
0298	PMID_36932076_Patient_2_en-prompt.txt	OMIM:620376	1	1	1	OMIM:620376	7987	
0299	PMID_28886341_Individual_F3_II_2_en-prompt.txt	OMIM:617694	1	1	1	OMIM:617694	7974	
0300	PMID_10580070_A_III_13_en-prompt.txt	OMIM:115200	1	1	1	OMIM:115200	5874	
0301	STX_Syrbe_17_en-prompt.txt	OMIM:612164	>10	>10	>10	ORPHA:459070	5129	
0302	PMID_31548836_Family_F_III1_en-prompt.txt	OMIM:119600	1	1	1	OMIM:119600	7168	1
0303	PMID_35923690_50_3_en-prompt.txt	OMIM:105650	2	2	2	OMIM:610629	7017	1
0304	PMID_25835445_2_II_1_en-prompt.txt	OMIM:615582	7	7	7	OMIM:613795	7431	1
0305	STX_23708187_T23151_en-prompt.txt	OMIM:612164	>10	>10	>10	OMIM:618437	2356	
0306	PMID_31021519_70886_from_Asadollahi_et_al_en-prompt.txt	OMIM:612313	>10	>10	>10	OMIM:619075	5403	
0307	PMID_37913506_II_6_en-prompt.txt	OMIM:620734	1	1	1	OMIM:620734	4626	
0308	PMID_15266616_9_en-prompt.txt	OMIM:147791	7	7	7	OMIM:304110	7526	
0309	PMID_32376980_5_en-prompt.txt	OMIM:618164	>10	>10	>10	OMIM:129400	7771	
0310	PMID_10749987_10749987_P3_en-prompt.txt	OMIM:604377	>10	>10	>10	OMIM:619386	5862	
0311	PMID_22541558_individual_G_1_en-prompt.txt	OMIM:154400	1	1	1	ORPHA:245	6841	1
0312	PMID_36695497_Individual_6_en-prompt.txt	OMIM:620731	>10	>10	>10	ORPHA:35737	6667	
0313	PMID_29037160_Case_1_family_I_en-prompt.txt	OMIM:220400	6	6	6	OMIM:614021	6149	1
0314	PMID_31021519_28_from_Cherot_et_al_en-prompt.txt	OMIM:612313	>10	>10	>10	OMIM:615181	3937	
0315	PMID_36440963_IV_1_en-prompt.txt	OMIM:620459	1	1	1	OMIM:620459	4903	1
0316	PMID_25142838_P12_en-prompt.txt	OMIM:147920	>10	>10	>10	OMIM:608978	7940	1
0317	PMID_15266616_153_en-prompt.txt	OMIM:147791	>10	>10	>10	OMIM:304110	7371	
0318	PMID_26908613_SRF1105_en-prompt.txt	OMIM:617123	5	5	5	OMIM:615860	5761	2
0319	PMID_32404357_II_2_en-prompt.txt	OMIM:129600	1	1	1	OMIM:129600	7095	4
0320	STX_Syrbe_1_en-prompt.txt	OMIM:612164	6	6	6	ORPHA:522077	5939	
0321	PMID_29122497_29122497_P6_en-prompt.txt	OMIM:616370	>10	>10	>10	ORPHA:280219	6774	
0322	STX_23934111_jk_en-prompt.txt	OMIM:612164	1	1	1	ORPHA:599373	5974	
0323	PMID_37875108_Patient_5_en-prompt.txt	OMIM:301115	>10	>10	>10	OMIM:618963	6935	
0324	PMID_31021519_Subject_2_from_Rosenfeld_et_al_en-prompt.txt	OMIM:612313	>10	>10	>10	OMIM:615802	5937	
0325	PMID_18412284_Patient_III_8_en-prompt.txt	OMIM:601414	1	1	1	OMIM:601414	5445	2
0326	PMID_33731876_fam283_en-prompt.txt	OMIM:613721	>10	>10	>10	OMIM:617333	2319	
0327	PMID_27843126_C_II_2_en-prompt.txt	OMIM:617146	1	1	1	OMIM:617146	7159	
0328	PMID_33731876_fam132_en-prompt.txt	OMIM:607745	>10	>10	>10	ORPHA:163727	5803	
0329	STX_EG1074P_en-prompt.txt	OMIM:612164	>10	>10	>10	ORPHA:168491	4566	
0330	PMID_36446582_Murray_2017_P8_4_1_en-prompt.txt	OMIM:148050	>10	>10	>10	OMIM:620186	7268	
0331	PMID_23222957_Family_2_2_1_en-prompt.txt	OMIM:242840	>10	>10	>10	OMIM:618223	7965	
0332	PMID_28132693_individual_1_GC18203_en-prompt.txt	OMIM:617433	1	1	1	OMIM:617433	5948	2
0333	PMID_36823193_Patient_1_Family_1_en-prompt.txt	OMIM:620451	1	1	1	OMIM:620451	7861	
0334	PMID_31239556_individual_26_en-prompt.txt	OMIM:615502	>10	>10	>10	OMIM:309580	8046	
0335	PMID_36006710_Patient_3_en-prompt.txt	OMIM:620430	1	1	1	OMIM:620430	7422	
0336	PMID_27290639_Case_3_en-prompt.txt	OMIM:615471	>10	>10	>10	OMIM:610498	6329	
0337	PMID_31774634_Horn_and_Robinson_et_al___2011__en-prompt.txt	OMIM:616914	5	5	5	OMIM:129600	6146	
0338	PMID_28074573_KK1_en-prompt.txt	OMIM:163950	2	2	2	OMIM:613707	5507	2
0339	PMID_36446582_Parenti2021_P19_en-prompt.txt	OMIM:148050	1	1	1	ORPHA:2332	8023	1
0340	PMID_21131976_EsM3422_en-prompt.txt	OMIM:613717	1	1	1	OMIM:613717	6512	
0341	PMID_31332438_B_IV_1_en-prompt.txt	OMIM:620528	3	3	3	OMIM:606595	6712	
0342	PMID_36333996_Patient_of_family_B_en-prompt.txt	OMIM:620427	1	1	1	OMIM:620427	6858	
0343	PMID_31949313_F4_II_5_en-prompt.txt	OMIM:147920	9	9	9	OMIM:620186	7628	1
0344	PMID_27374306_Case_2_en-prompt.txt	OMIM:616247	8	8	8	OMIM:614021	2809	1
0345	PMID_35150594_K_IV_7_en-prompt.txt	OMIM:620538	1	1	1	OMIM:620538	6844	
0346	STX_G3_P15_en-prompt.txt	OMIM:612164	>10	>10	>10	OMIM:613855	3728	
0347	PMID_33731876_fam168_en-prompt.txt	OMIM:613721	>10	>10	>10	ORPHA:1942	5039	
0348	PMID_26911354_Family_1_Patient_1_en-prompt.txt	OMIM:615066	>10	>10	>10	OMIM:619795	7325	
0349	PMID_28575651_Individual_6_en-prompt.txt	OMIM:617560	1	1	1	ORPHA:527497	6987	
0350	PMID_36586412_4b_en-prompt.txt	OMIM:301111	>10	>10	>10	OMIM:618846	4160	
0351	PMID_36074901_17_en-prompt.txt	OMIM:620465	>10	>10	>10	OMIM:614322	3609	
0352	PMID_25142838_P6_en-prompt.txt	OMIM:147920	>10	>10	>10	OMIM:608978	7948	1
0353	PMID_28065471_PII_1_en-prompt.txt	OMIM:617402	2	2	2	OMIM:617403	7656	
0354	PMID_36446582_Goldenberg2016_P22_en-prompt.txt	OMIM:148050	2	2	2	OMIM:617883	6646	1
0355	PMID_35484142_F7_P8_en-prompt.txt	OMIM:620460	1	1	1	OMIM:620460	6565	
0356	PMID_31021519_individual_SATB2_94_en-prompt.txt	OMIM:612313	5	5	5	ORPHA:513456	5999	
0357	PMID_33731876_fam389_en-prompt.txt	OMIM:613721	>10	>10	>10	ORPHA:369837	3518	
0358	PMID_26590883_Patient_NCI_82_1_en-prompt.txt	OMIM:609053	1	1	1	OMIM:609053	8187	1
0359	PMID_36917474_Patient_2_en-prompt.txt	OMIM:620675	>10	>10	>10	OMIM:312080	7707	
0360	PMID_28940506_Family_15_Individual_20_en-prompt.txt	OMIM:615471	10	10	10	OMIM:620371	8340	
0361	STX_30185235_Case_90_en-prompt.txt	OMIM:612164	8	8	8	OMIM:619124	3728	1
0362	PMID_32710489_Group_1_Patient_3_en-prompt.txt	OMIM:620155	>10	>10	>10	OMIM:280000	7896	
0363	PMID_36996813_Individual_KCHYD24_1_en-prompt.txt	OMIM:620371	>10	>10	>10	OMIM:615181	3447	
0364	PMID_33731876_fam264_en-prompt.txt	OMIM:613721	>10	>10	>10	OMIM:259050	2524	
0365	PMID_33731876_fam334_en-prompt.txt	OMIM:613721	>10	>10	>10	ORPHA:3451	2499	
0366	PMID_36446582_Kutkowska_Kazmierczak2021_P3_en-prompt.txt	OMIM:148050	>10	>10	>10	ORPHA:85329	5676	
0367	STX_P_09_en-prompt.txt	OMIM:612164	>10	>10	>10	OMIM:620540	5699	4
0368	STX_23934111_dl_en-prompt.txt	OMIM:612164	4	4	4	ORPHA:289266	5375	
0369	PMID_24736735_G076_Mother_en-prompt.txt	OMIM:175700	2	2	2	OMIM:174200	6362	
0370	PMID_30580808_Ind_26_Fam_20_en-prompt.txt	OMIM:618362	>10	>10	>10	OMIM:135900	7981	4
0371	PMID_34490705_II_2_en-prompt.txt	OMIM:142900	1	1	1	OMIM:142900	6833	
0372	PMID_35534203_Family_W0031_II_1_P3_en-prompt.txt	OMIM:620744	>10	>10	>10	OMIM:108420	4866	
0373	PMID_32325141_index_patient_en-prompt.txt	OMIM:620674	>10	>10	>10	OMIM:619281	7729	
0374	PMID_31021519_individual_SATB2_113_en-prompt.txt	OMIM:612313	>10	>10	>10	OMIM:618603	5732	
0375	PMID_37761890_53__en-prompt.txt	OMIM:616362	>10	>10	>10	OMIM:619548	5439	
0376	PMID_37761890_46__en-prompt.txt	OMIM:616362	>10	>10	>10	OMIM:300887	5540	
0377	PMID_32154675_Family_7_Patient_16_en-prompt.txt	OMIM:613795	1	1	1	OMIM:613795	7244	2
0378	PMID_29749493_proband_en-prompt.txt	OMIM:215470	4	4	4	OMIM:619761	7361	2
0379	STX_Fila_4_EG_CB_en-prompt.txt	OMIM:612164	>10	>10	>10	OMIM:616973	6360	
0380	PMID_34521999_32_en-prompt.txt	OMIM:617140	>10	>10	>10	OMIM:619229	8202	
0381	STX_32429945_Patient_23_en-prompt.txt	OMIM:612164	>10	>10	>10	OMIM:617829	3583	5
0382	PMID_28969374_Family_2_G653001_Pt2_en-prompt.txt	OMIM:617560	>10	>10	>10	OMIM:617951	7420	
0383	PMID_35484142_F10_P11_en-prompt.txt	OMIM:620460	1	1	1	OMIM:620460	6417	5
0384	PMID_16900296_IV_3_en-prompt.txt	OMIM:608393	>10	>10	>10	OMIM:617983	5348	1
0385	PMID_31239556_individual_6_en-prompt.txt	OMIM:615502	>10	>10	>10	OMIM:309580	8052	
0386	PMID_15781812_individual_123_en-prompt.txt	OMIM:620681	>10	>10	>10	ORPHA:168491	4606	
0387	PMID_35977029_14401_p1_en-prompt.txt	OMIM:620494	1	1	1	OMIM:620494	6683	
0388	PMID_33731876_fam42_en-prompt.txt	OMIM:613721	>10	>10	>10	ORPHA:163681	4667	
0389	PMID_30838237_18_year_old_adolescent_male_en-prompt.txt	OMIM:606693	10	10	10	OMIM:168600	5793	4
0390	PMID_36446582_Murray_2017_P13_11_1_en-prompt.txt	OMIM:148050	>10	>10	>10	OMIM:615834	7593	
0391	STX_30654231_Patient_5_en-prompt.txt	OMIM:612164	>10	>10	>10	ORPHA:3077	5870	
0392	PMID_34521999_25_en-prompt.txt	OMIM:617140	>10	>10	>10	OMIM:619229	8135	
0393	PMID_30580808_Ind_10_Fam_10_en-prompt.txt	OMIM:618362	>10	>10	>10	OMIM:618371	7957	
0394	PMID_36446582_Low_2016_P29_27_en-prompt.txt	OMIM:148050	1	1	1	ORPHA:2332	7013	1
0395	PMID_37962958_13_en-prompt.txt	OMIM:620535	>10	>10	>10	ORPHA:536532	7949	
0396	STX_20876469_Patient_3_en-prompt.txt	OMIM:612164	7	7	7	OMIM:300672	4606	2
0397	PMID_31021519_individual_SATB2_104_en-prompt.txt	OMIM:612313	5	5	5	ORPHA:513456	5999	
0398	PMID_36965478_Individual_9_en-prompt.txt	OMIM:620515	1	1	1	OMIM:620515	7020	
0399	PMID_25845469_Patient_1_en-prompt.txt	OMIM:614249	2	2	2	ORPHA:391428	6770	
0400	PMID_33731876_fam273_en-prompt.txt	OMIM:613721	2	2	2	OMIM:612621	4987	
0401	PMID_33731876_fam323_en-prompt.txt	OMIM:613721	>10	>10	>10	OMIM:618437	2356	
0402	PMID_28503313_patient_en-prompt.txt	OMIM:270400	1	1	1	OMIM:270400	7675	1
0403	PMID_37196654_Individual_10_en-prompt.txt	OMIM:618505	>10	>10	>10	OMIM:619950	7906	
0404	PMID_36446582_Gnazzo_2020_P11_en-prompt.txt	OMIM:148050	1	1	1	ORPHA:2332	6895	1
0405	PMID_32666529_Family_5_II_2_en-prompt.txt	OMIM:620519	1	1	1	OMIM:620519	7224	
0406	PMID_34722527_individual_individual_1_Lin_Li_DetectionofVa_en-prompt.txt	OMIM:613826	>10	1	>10	OMIM:618567	2973	
0407	PMID_30356099_Patient_15_en-prompt.txt	OMIM:616211	1	1	1	OMIM:616211	7643	
0408	PMID_34722527_individual_TB34R_R74_2_Tami_Current_en-prompt.txt	OMIM:608194	>10	>10	>10	OMIM:616152	4809	6
0409	PMID_37433783_P7_en-prompt.txt	OMIM:601674	>10	>10	>10	OMIM:616354	7294	
0410	PMID_31021519_individual_SATB2_83_en-prompt.txt	OMIM:612313	1	1	1	ORPHA:576283	6096	
0411	PMID_34722527_individual_79_3_Hui_Wang_ComprehensiveM_en-prompt.txt	OMIM:613826	>10	1	>10	OMIM:618567	2973	
0412	PMID_36446582_Goldenberg2016_P35_en-prompt.txt	OMIM:148050	>10	>10	>10	OMIM:619595	7135	
0413	PMID_36446582_KBG1_en-prompt.txt	OMIM:148050	>10	>10	>10	OMIM:618316	8114	1
0414	PMID_37196654_Individual_83_en-prompt.txt	OMIM:618505	>10	>10	>10	OMIM:619475	8103	
0415	PMID_28940506_Family_15_Individual_19_en-prompt.txt	OMIM:615471	1	1	1	OMIM:615471	8349	
0416	STX_SP_C_en-prompt.txt	OMIM:612164	>10	>10	>10	OMIM:617904	4437	
0417	PMID_24321194_II_2_en-prompt.txt	OMIM:248250	2	2	2	OMIM:248190	5858	
0418	PMID_10939567_EMD4_III_4_en-prompt.txt	OMIM:181350	2	2	2	ORPHA:98855	7089	1
0419	PMID_36446582_Gnazzo_2020_P6_en-prompt.txt	OMIM:148050	2	2	2	OMIM:617694	7343	
0420	PMID_36586412_10_en-prompt.txt	OMIM:301111	>10	1	>10	OMIM:618494	4473	
0421	PMID_31021519_individual_2_from_Farwell_et_al_en-prompt.txt	OMIM:612313	>10	>10	>10	ORPHA:3157	4557	
0422	STX_CHCO_08_en-prompt.txt	OMIM:612164	6	6	6	ORPHA:544503	3748	
0423	PMID_12789647_K3_II_1_en-prompt.txt	OMIM:142900	1	1	1	OMIM:142900	5419	1
0424	PMID_31090908_II_2_en-prompt.txt	OMIM:620542	1	1	1	OMIM:620542	7052	3
0425	PMID_33731876_fam151_en-prompt.txt	OMIM:613721	>10	>10	>10	OMIM:615473	6319	
0426	PMID_34722527_individual_1CRD_1_A_Hameed__EvidenceofRPG_en-prompt.txt	OMIM:608194	>10	>10	>10	OMIM:618567	2973	
0427	PMID_25808063_Patient_6_en-prompt.txt	OMIM:600373	1	1	1	OMIM:600373	8057	
0428	PMID_11479728_patient_13_en-prompt.txt	OMIM:609637	1	1	1	OMIM:609637	6533	
0429	PMID_35991565_Family_I__3_en-prompt.txt	OMIM:620686	>10	>10	>10	OMIM:620548	6569	
0430	PMID_34722527_individual_arRP_F093_9_Leen_Abu_Safieh_Autozygome_guid_en-prompt.txt	OMIM:613826	>10	1	>10	OMIM:618567	2973	
0431	PMID_12818525_B_III_5_en-prompt.txt	OMIM:142900	1	1	1	OMIM:142900	6120	1
0432	PMID_36823193_Patient_6_Family_5_en-prompt.txt	OMIM:620451	1	1	1	OMIM:620451	7840	
0433	PMID_36446582_Kutkowska_Kazmierczak2021_P11_en-prompt.txt	OMIM:148050	>10	>10	>10	OMIM:620439	5810	
0434	STX_29314583_Case_243_en-prompt.txt	OMIM:612164	>10	>10	>10	OMIM:618890	3728	3
0435	PMID_14585638_F3_2_en-prompt.txt	OMIM:188400	>10	>10	>10	OMIM:265380	7782	2
0436	STX_26993267_Case_62_en-prompt.txt	OMIM:612164	>10	>10	>10	OMIM:620316	2499	
0437	PMID_20375004_4_II_1_en-prompt.txt	OMIM:184900	1	1	1	OMIM:184900	5560	5
0438	PMID_22541558_individual_H_1_en-prompt.txt	OMIM:154400	1	1	1	ORPHA:245	6803	1
0439	PMID_37761890_37__en-prompt.txt	OMIM:616362	>10	>10	>10	ORPHA:163681	6869	
0440	PMID_37761890_22__en-prompt.txt	OMIM:616362	>10	>10	>10	OMIM:618325	6830	
0441	PMID_36303223_individual_30_PMID_31806255_en-prompt.txt	OMIM:272300	1	1	1	OMIM:272300	7280	1
0442	PMID_30099644_III_9_en-prompt.txt	OMIM:600138	>10	>10	>10	OMIM:303100	5761	3
0443	PMID_27743463_S9_en-prompt.txt	OMIM:615471	>10	>10	>10	ORPHA:137675	7620	6
0444	PMID_15266616_130_en-prompt.txt	OMIM:147791	7	7	7	OMIM:304110	7526	
0445	PMID_36463227_case_en-prompt.txt	OMIM:612653	2	2	2	OMIM:182900	6529	1
0446	PMID_18695062_18695062_P3_en-prompt.txt	OMIM:256810	>10	>10	>10	OMIM:276700	7629	
0447	PMID_28202457_F2_1_2_en-prompt.txt	OMIM:159550	1	1	1	OMIM:159550	7290	
0448	PMID_31021519_SATB2_65_from_Zarate_et_al__2018a_Scott_et_al_en-prompt.txt	OMIM:612313	>10	>10	>10	OMIM:615802	6096	
0449	PMID_34722527_individual_individual_13_Arif_O_Khan_Geneticanalysi_en-prompt.txt	OMIM:613826	>10	>10	>10	ORPHA:98973	4939	1
0450	PMID_36446582_KBG63_en-prompt.txt	OMIM:148050	2	2	2	OMIM:605130	8146	1
0451	STX_32139178_Patient_Neonatal26_en-prompt.txt	OMIM:612164	>10	>10	>10	OMIM:620194	3630	
0452	PMID_31021519_Case_8_AN_from_Bengani_et_al_en-prompt.txt	OMIM:612313	7	7	7	ORPHA:261652	5521	
0453	PMID_36727596_OP_2301_II1_en-prompt.txt	OMIM:620642	1	1	1	OMIM:620642	7265	1
0454	STX_32521962_P2_en-prompt.txt	OMIM:612164	>10	>10	>10	ORPHA:98889	3728	
0455	PMID_35470444_P11_en-prompt.txt	OMIM:620568	1	1	1	OMIM:620568	7522	
0456	STX_EG1192P_en-prompt.txt	OMIM:612164	>10	>10	>10	OMIM:616973	7215	
0457	PMID_28069640_Patient_A_J__VII1__en-prompt.txt	OMIM:620519	1	1	1	OMIM:620519	7536	
0458	STX_P_27_en-prompt.txt	OMIM:612164	>10	>10	>10	ORPHA:163681	5126	
0459	PMID_29678961_proband_en-prompt.txt	OMIM:616907	7	7	7	OMIM:604432	6879	1
0460	PMID_30057029_Individual_2_en-prompt.txt	OMIM:618089	>10	>10	>10	ORPHA:280633	8322	
0461	PMID_10939567_Spo104_en-prompt.txt	OMIM:181350	5	5	5	OMIM:613205	6867	1
0462	PMID_18513678_individual_5001_en-prompt.txt	OMIM:260300	1	1	1	OMIM:260300	6575	
0463	PMID_32154675_Family_3_Patient_8_en-prompt.txt	OMIM:613795	1	1	1	OMIM:613795	7401	
0464	PMID_32811249_Sibling_2_en-prompt.txt	OMIM:615983	10	10	10	OMIM:600151	6629	2
0465	PMID_36996813_Individual_13_en-prompt.txt	OMIM:620371	1	1	1	OMIM:620371	6366	
0466	PMID_26942284_V_2_from_Family_A_en-prompt.txt	OMIM:616840	>10	>10	>10	ORPHA:240094	7141	
0467	PMID_18551513_3_en-prompt.txt	OMIM:613205	1	1	1	OMIM:613205	6861	
0468	PMID_31664948_31664948_P1_en-prompt.txt	OMIM:256810	>10	>10	>10	OMIM:605814	6544	
0469	PMID_28742248_Patient_3_en-prompt.txt	OMIM:618343	1	1	1	OMIM:618343	6996	
0470	PMID_17056636_Patient_No_9_en-prompt.txt	OMIM:609942	10	10	10	OMIM:613706	8180	1
0471	PMID_15266616_127_en-prompt.txt	OMIM:147791	7	7	7	OMIM:304110	7526	
0472	PMID_22258530_Patient_7_en-prompt.txt	OMIM:613477	6	6	6	OMIM:619606	6305	
0473	PMID_34722527_individual_GUY_6_Gerber_S_Completeexon_i_en-prompt.txt	OMIM:613826	>10	1	>10	OMIM:618567	2973	
0474	PMID_30868101_KRS_103_IV_13_en-prompt.txt	OMIM:606693	2	2	2	ORPHA:171695	7349	3
0475	PMID_37196654_Individual_29_en-prompt.txt	OMIM:618505	>10	>10	>10	OMIM:619475	7832	
0476	PMID_33731876_fam146_en-prompt.txt	OMIM:607745	>10	1	>10	OMIM:615362	2319	
0477	PMID_30855487_infant_girl_en-prompt.txt	OMIM:609637	1	1	1	OMIM:609637	6432	
0478	PMID_36446582_Gnazzo_2020_P28_en-prompt.txt	OMIM:148050	2	2	2	OMIM:617694	7410	
0479	PMID_11992252_Patient_1_en-prompt.txt	OMIM:620728	>10	>10	>10	OMIM:616471	6789	1
0480	PMID_36303223_individual_10_PMID_12112661_en-prompt.txt	OMIM:272300	>10	>10	>10	OMIM:617333	2319	
0481	PMID_30249733_Case_presentation_en-prompt.txt	OMIM:601776	1	1	1	ORPHA:2953	7682	7
0482	PMID_12203992_D30_en-prompt.txt	OMIM:154700	>10	>10	>10	OMIM:604308	6516	1
0483	PMID_15731757_Family_1_I_2_en-prompt.txt	OMIM:610168	8	8	8	OMIM:617168	5679	5
0484	PMID_25868664_Family_16_Case_21_en-prompt.txt	OMIM:615471	5	5	5	OMIM:613559	8033	4
0485	PMID_36189931_Individual_17_en-prompt.txt	OMIM:130050	1	1	1	OMIM:130050	6424	1
0486	STX_EG1643P_en-prompt.txt	OMIM:612164	7	7	7	ORPHA:1942	4948	
0487	PMID_31837156_Patient_2_en-prompt.txt	OMIM:620542	1	1	1	OMIM:620542	7358	2
0488	PMID_36528028_Individual_3_en-prompt.txt	OMIM:620455	1	1	1	OMIM:620455	6592	
0489	PMID_15781812_individual_147_4_en-prompt.txt	OMIM:620681	>10	>10	>10	ORPHA:168491	4606	1
0490	PMID_33766796_11_en-prompt.txt	OMIM:620157	>10	>10	>10	OMIM:301076	5978	
0491	PMID_28413018_A_IV_7_en-prompt.txt	OMIM:617527	1	1	1	OMIM:617527	7933	
0492	PMID_30451291_IV_3_en-prompt.txt	OMIM:300088	4	4	4	ORPHA:177901	4393	
0493	STX_25497044_Patient_5_en-prompt.txt	OMIM:612164	>10	>10	>10	ORPHA:505652	5861	
0494	PMID_27180139_case_1_en-prompt.txt	OMIM:604213	>10	>10	>10	OMIM:614756	7435	
0495	PMID_36446582_Gnazzo_2020_P15_en-prompt.txt	OMIM:148050	1	1	1	ORPHA:2332	6987	
0496	PMID_20159436_20159436_P1_en-prompt.txt	OMIM:604377	>10	>10	>10	ORPHA:444013	7362	
0497	PMID_36446582_KBG31A_en-prompt.txt	OMIM:148050	2	2	2	OMIM:605130	8210	1
0498	PMID_30356099_Patient_11_en-prompt.txt	OMIM:616211	1	1	1	OMIM:616211	7530	
0499	PMID_22388936_II_8_en-prompt.txt	OMIM:606693	>10	>10	>10	OMIM:607060	4884	
0500	PMID_35977029_family_12_en-prompt.txt	OMIM:620494	1	1	1	OMIM:620494	7614	
0501	PMID_37433783_P3_en-prompt.txt	OMIM:601674	>10	>10	>10	OMIM:619519	7559	
0502	PMID_36446582_KBG5_en-prompt.txt	OMIM:148050	2	2	2	OMIM:618316	7902	1
0503	PMID_34722527_individual_RP208_5_Lin_Li_DetectionofVa_en-prompt.txt	OMIM:613826	>10	1	>10	OMIM:618567	2973	
0504	PMID_36446582_Goldenberg2016_P31_en-prompt.txt	OMIM:148050	>10	>10	>10	OMIM:617982	6511	3
0505	PMID_25835445_1_III_13__en-prompt.txt	OMIM:615582	>10	>10	>10	OMIM:610168	6692	2
0506	PMID_33731876_fam327_en-prompt.txt	OMIM:613721	>10	>10	>10	OMIM:618437	2356	
0507	PMID_33731876_fam277_en-prompt.txt	OMIM:607745	>10	>10	>10	ORPHA:725	3691	
0508	PMID_37943620_M_25_en-prompt.txt	OMIM:620714	>10	>10	>10	OMIM:614926	4890	
0509	PMID_35962790_Family_B_Individual_3__II_6__en-prompt.txt	OMIM:620545	1	1	1	OMIM:620545	7679	
0510	PMID_37179472_Family_3_II_7_en-prompt.txt	OMIM:620641	>10	>10	>10	OMIM:617157	7942	
0511	PMID_15673476_proband_en-prompt.txt	OMIM:162000	6	6	6	OMIM:174000	5951	
0512	PMID_37656279_Pedigree_A_II_3_en-prompt.txt	OMIM:620510	1	1	1	OMIM:620510	7985	
0513	PMID_18256394_C_en-prompt.txt	OMIM:151660	1	1	1	OMIM:151660	7729	
0514	PMID_37962958_17_en-prompt.txt	OMIM:620535	>10	>10	>10	OMIM:616268	7887	
0515	PMID_28150585_patient_P62_en-prompt.txt	OMIM:611431	1	1	1	ORPHA:137605	6034	1
0516	PMID_26956144_patient_en-prompt.txt	OMIM:609260	9	9	9	OMIM:619112	7058	1
0517	PMID_22541558_individual_O_2_en-prompt.txt	OMIM:154400	>10	>10	>10	OMIM:613951	6759	1
0518	PMID_31021519_279803_from_Bengani_et_al_en-prompt.txt	OMIM:612313	7	7	7	ORPHA:261652	5682	
0519	PMID_31021519_individual_SATB2_100_en-prompt.txt	OMIM:612313	1	1	1	ORPHA:576283	6035	
0520	PMID_36446582_KBG49_en-prompt.txt	OMIM:148050	>10	>10	>10	OMIM:619575	6042	
0521	PMID_21739261_Patient_1_en-prompt.txt	OMIM:203290	10	10	10	OMIM:614072	6204	3
0522	PMID_33731876_fam46_en-prompt.txt	OMIM:613721	>10	>10	>10	ORPHA:98818	5991	
0523	PMID_34722527_individual_18_9_Arif_O_Khan_Geneticanalysi_en-prompt.txt	OMIM:613826	>10	>10	>10	ORPHA:98973	4939	1
0524	PMID_34722527_individual_1EYE20_2_Daisuke_Miyamichi_Retinalstructu_en-prompt.txt	OMIM:613826	7	7	7	OMIM:613835	4939	8
0525	PMID_34521999_21_en-prompt.txt	OMIM:617140	>10	>10	>10	OMIM:619229	8192	
0526	PMID_25868664_Family_17_Case_17_en-prompt.txt	OMIM:615471	4	4	4	OMIM:615824	8009	
0527	STX_30654231_Patient_1_en-prompt.txt	OMIM:612164	3	3	3	ORPHA:293181	6294	
0528	PMID_37056170_Proband_4_en-prompt.txt	OMIM:151100	1	1	1	ORPHA:500	7621	2
0529	PMID_17886299_patient_BM20_en-prompt.txt	OMIM:158810	>10	>10	>10	OMIM:619040	6338	2
0530	PMID_31774634_Garg_and_Xing_et_al___2014__patient_2_en-prompt.txt	OMIM:616914	2	2	2	OMIM:129600	7051	
0531	PMID_33731876_fam51_en-prompt.txt	OMIM:613721	>10	>10	>10	OMIM:616973	4659	
0532	PMID_36331550_Family_11_Patient_15_en-prompt.txt	OMIM:620540	1	1	1	OMIM:620540	7375	
0533	PMID_34722527_individual_1CRD_2_A_Hameed__EvidenceofRPG_en-prompt.txt	OMIM:608194	>10	>10	>10	OMIM:618567	2973	
0534	PMID_34521999_36_en-prompt.txt	OMIM:617140	>10	>10	>10	OMIM:619229	8166	
0535	PMID_20358619_Patient_1_en-prompt.txt	OMIM:610168	1	1	1	OMIM:610168	6821	2
0536	PMID_23562786_patient_en-prompt.txt	OMIM:177170	1	1	1	ORPHA:750	7331	1
0537	PMID_15781812_individual_127_en-prompt.txt	OMIM:620681	>10	>10	>10	ORPHA:168491	4606	1
0538	PMID_38014483_Family_a_individual_a_3_en-prompt.txt	OMIM:620666	>10	>10	>10	ORPHA:488594	6320	
0539	PMID_31239556_individual_2_en-prompt.txt	OMIM:615502	>10	>10	>10	OMIM:309580	8052	
0540	PMID_36303223_individual_5_PMID_12112661_en-prompt.txt	OMIM:272300	>10	>10	>10	OMIM:617333	2319	
0541	PMID_18930476_individual_II3_en-prompt.txt	OMIM:614321	1	1	1	ORPHA:488650	6511	
0542	PMID_36446582_Kutkowska_Kazmierczak2021_P7_en-prompt.txt	OMIM:148050	2	2	2	OMIM:617883	5943	1
0543	PMID_25439728_IV_3_en-prompt.txt	OMIM:616354	3	3	3	OMIM:618109	7420	
0544	STX_Fila_5_EG_CB_en-prompt.txt	OMIM:612164	>10	>10	>10	ORPHA:306	7290	
0545	PMID_36446582_Sirmaci2011_P2_en-prompt.txt	OMIM:148050	1	1	1	OMIM:148050	7347	1
0546	PMID_36446582_VanDongen2019_P13_en-prompt.txt	OMIM:148050	>10	>10	>10	ORPHA:88639	6456	
0547	PMID_34722527_individual_MA10_1_Christopher_M__Watson_MutationScreen_en-prompt.txt	OMIM:608194	>10	>10	>10	OMIM:618567	2973	
0548	PMID_9621512_Patient_KM05_en-prompt.txt	OMIM:620699	>10	>10	>10	ORPHA:314795	4843	
0549	PMID_34722527_individual_individual_1_Elena_Vallespin_Mutationscreen_en-prompt.txt	OMIM:613826	>10	1	>10	OMIM:618567	2973	
0550	PMID_31021519_SATB2_26_from_Zarate_et_al__2018a_en-prompt.txt	OMIM:612313	5	5	5	OMIM:618480	5863	
0551	PMID_31021519_individual_SATB2_117_en-prompt.txt	OMIM:612313	1	1	1	ORPHA:576283	6096	
0552	PMID_36331550_Family_13_Patient_17_en-prompt.txt	OMIM:620540	1	1	1	OMIM:620540	7216	
0553	STX_EG0469P_en-prompt.txt	OMIM:612164	>10	>10	>10	OMIM:613795	6848	
0554	PMID_33731876_fam330_en-prompt.txt	OMIM:613721	10	10	10	OMIM:617020	2356	
0555	PMID_33731876_fam260_en-prompt.txt	OMIM:613721	>10	>10	>10	ORPHA:369837	3759	
0556	PMID_32710489_Group_1_Patient_7_en-prompt.txt	OMIM:620155	>10	>10	>10	OMIM:620510	8258	
0557	PMID_26706854_Subject_2_en-prompt.txt	OMIM:603671	1	1	1	OMIM:603671	7583	1
0558	STX_G3_P11_en-prompt.txt	OMIM:612164	>10	>10	>10	OMIM:618890	3728	6
0559	PMID_37541189_Individual_11_en-prompt.txt	OMIM:620688	1	1	1	OMIM:620688	7711	
0560	PMID_35150594_K_IV_3_en-prompt.txt	OMIM:620538	1	1	1	OMIM:620538	6844	1
0561	PMID_36067010_Family_1_Patient_3_en-prompt.txt	OMIM:620504	1	1	1	OMIM:620504	7845	
0562	PMID_30580808_Ind_09_Fam_09_en-prompt.txt	OMIM:618362	>10	>10	>10	OMIM:135900	7981	
0563	PMID_25835445_1_II_16__en-prompt.txt	OMIM:615582	>10	>10	>10	OMIM:610168	6503	
0564	PMID_34321325_Patient_S12_en-prompt.txt	OMIM:618443	1	1	1	OMIM:618443	7593	
0565	PMID_21660509_PKDF793d_en-prompt.txt	OMIM:601869	2	1	2	OMIM:614614	5276	
0566	PMID_28575651_Individual_2_en-prompt.txt	OMIM:617560	1	1	1	OMIM:617560	7051	
0567	PMID_21683322_22_b_en-prompt.txt	OMIM:102370	>10	>10	>10	OMIM:614185	6226	1
0568	PMID_33731876_fam419_en-prompt.txt	OMIM:613721	>10	>10	>10	ORPHA:1675	4049	
0569	PMID_24949580_X4014_en-prompt.txt	OMIM:606693	2	2	2	ORPHA:171695	6723	
0570	PMID_25142838_P2_en-prompt.txt	OMIM:147920	8	8	8	OMIM:618280	7763	1
0571	STX_20887364_Subject_2123_en-prompt.txt	OMIM:612164	10	10	10	OMIM:301066	5966	4
0572	PMID_33807164_proband_en-prompt.txt	OMIM:620780	>10	>10	>10	OMIM:225410	7916	
0573	PMID_31021519_individual_SATB2_90_en-prompt.txt	OMIM:612313	5	5	5	ORPHA:513456	5999	
0574	PMID_25439728_III_2_en-prompt.txt	OMIM:616354	3	3	3	OMIM:618109	7420	
0575	PMID_36446582_Goldenberg2016_P26_en-prompt.txt	OMIM:148050	>10	>10	>10	OMIM:615493	5475	
0576	PMID_37541189_Individual_9_en-prompt.txt	OMIM:620688	1	1	1	OMIM:620688	6794	
0577	STX_25631041_case_report_en-prompt.txt	OMIM:612164	>10	>10	>10	OMIM:617904	4901	3
0578	PMID_12189163_Sib_2_en-prompt.txt	OMIM:219100	2	2	2	ORPHA:90348	7103	
0579	PMID_31021519_SATB2_34_from_Zarate_et_al__2018a_Scott_et_al_en-prompt.txt	OMIM:612313	5	5	5	ORPHA:513456	5999	
0580	PMID_31442532_P2_en-prompt.txt	OMIM:615471	>10	>10	>10	OMIM:614052	7219	
0581	PMID_36189931_Individual_13_en-prompt.txt	OMIM:130050	1	1	1	OMIM:130050	6932	1
0582	PMID_36528028_Individual_7_en-prompt.txt	OMIM:620455	1	1	1	OMIM:620455	6668	
0583	PMID_18924171_18924171_P1_en-prompt.txt	OMIM:604377	3	3	3	OMIM:600721	6522	
0584	PMID_10939567_EMD3_III_3_en-prompt.txt	OMIM:181350	4	4	4	ORPHA:267	6465	1
0585	PMID_12812989_atypical_SLOS_patient_en-prompt.txt	OMIM:607330	1	1	1	OMIM:607330	7261	
0586	PMID_36074901_5f_en-prompt.txt	OMIM:620465	>10	>10	>10	ORPHA:447896	3609	
0587	PMID_25480986_individual_A_2_en-prompt.txt	OMIM:275400	9	9	9	OMIM:245800	8139	1
0588	PMID_10939567_EMD2_III_7_en-prompt.txt	OMIM:181350	2	2	2	OMIM:619566	6465	3
0589	PMID_33731876_fam142_en-prompt.txt	OMIM:613721	>10	>10	>10	OMIM:259050	2334	
0590	PMID_30046498_proband_en-prompt.txt	OMIM:118450	1	1	1	OMIM:118450	7648	1
0591	PMID_34722527_individual_LCA_F009_2_Leen_Abu_Safieh_Autozygome_guid_en-prompt.txt	OMIM:613826	>10	1	>10	OMIM:618567	2973	
0592	PMID_18329934_18329934_P1_en-prompt.txt	OMIM:256810	>10	>10	>10	ORPHA:159	7745	
0593	PMID_11992252_Patient_5_en-prompt.txt	OMIM:620728	>10	>10	>10	OMIM:616471	6789	1
0594	PMID_36331550_Family_2_Patient_2_en-prompt.txt	OMIM:620538	1	1	1	OMIM:620538	6842	1
0595	PMID_27536553_27536553_P4_en-prompt.txt	OMIM:256810	1	1	1	OMIM:256810	6256	
0596	PMID_35344616_A22_en-prompt.txt	OMIM:268310	1	1	1	OMIM:268310	7843	1
0597	PMID_18551513_7_en-prompt.txt	OMIM:613205	1	1	1	OMIM:613205	6861	
0598	PMID_27290639_case_55_en-prompt.txt	OMIM:615471	>10	>10	>10	ORPHA:79096	6205	
0599	PMID_36446582_Parenti2016_P1_en-prompt.txt	OMIM:148050	1	1	1	ORPHA:2332	7629	
0600	PMID_37179472_Family_1_II_1_en-prompt.txt	OMIM:620641	>10	>10	>10	OMIM:617157	7853	
0601	PMID_35638551_Patient_PM4_en-prompt.txt	OMIM:620715	>10	>10	>10	ORPHA:465	6231	
0602	PMID_35150594_E_II_1_en-prompt.txt	OMIM:620538	1	1	1	OMIM:620538	6844	
0603	PMID_36745799_V_5_en-prompt.txt	OMIM:620375	1	1	1	OMIM:620375	7201	2
0604	PMID_28132693_individual_2_GC3626_en-prompt.txt	OMIM:617433	1	1	1	OMIM:617433	5948	
0605	PMID_34521999_18_en-prompt.txt	OMIM:617140	>10	>10	>10	OMIM:619229	8210	
0606	PMID_17661815_Patient_B_III_1_en-prompt.txt	OMIM:214800	1	1	1	ORPHA:138	8116	1
0607	STX_32521962_P6_en-prompt.txt	OMIM:612164	5	5	5	ORPHA:505652	3728	2
0608	PMID_9817917_Family_2_individual_13776_en-prompt.txt	OMIM:222300	1	1	1	OMIM:222300	7481	1
0609	PMID_25168959_Y11_en-prompt.txt	OMIM:614608	8	8	8	ORPHA:268261	7936	2
0610	PMID_30057029_Individual_6_en-prompt.txt	OMIM:618089	>10	>10	>10	ORPHA:280633	8322	
0611	PMID_31021519_individual_SATB2_139_en-prompt.txt	OMIM:612313	>10	>10	>10	OMIM:618603	5732	
0612	PMID_32559514_1_year_old_girl_en-prompt.txt	OMIM:615471	>10	>10	>10	OMIM:615751	7377	6
0613	PMID_33045405_Pitt_et_al___2015_A4_1_en-prompt.txt	OMIM:605911	>10	>10	>10	OMIM:615182	4546	
0614	PMID_15200511_individual_I_1_en-prompt.txt	OMIM:277300	5	5	5	OMIM:602271	4476	
0615	PMID_37962958_39_en-prompt.txt	OMIM:620535	>10	>10	>10	OMIM:117550	7779	
0616	STX_P_34_en-prompt.txt	OMIM:612164	>10	>10	>10	ORPHA:163681	5717	3
0617	PMID_26247899_P3_2_en-prompt.txt	OMIM:619656	1	1	1	OMIM:619656	7472	5
0618	PMID_37133451_Individual_P2_en-prompt.txt	OMIM:620646	1	1	1	OMIM:620646	7819	
0619	PMID_31727177_patient_4_en-prompt.txt	OMIM:147920	2	2	2	OMIM:300867	8100	
0620	PMID_35484142_F2_P2_en-prompt.txt	OMIM:620460	1	1	1	OMIM:620460	6212	3
0621	PMID_24966961_proband_en-prompt.txt	OMIM:119600	3	3	3	OMIM:620099	6411	1
0622	PMID_21533187_family_H_en-prompt.txt	OMIM:156250	1	1	1	OMIM:156250	6797	1
0623	PMID_33045405_Lee_et_al___2019__patient_1_en-prompt.txt	OMIM:605911	1	1	1	OMIM:605911	5936	
0624	PMID_31021519_SATB2_35_from_Zarate_et_al__2018a_en-prompt.txt	OMIM:612313	1	1	1	ORPHA:576283	6096	
0625	PMID_24736735_G024_F___en-prompt.txt	OMIM:146510	1	1	1	OMIM:146510	6656	1
0626	PMID_14585638_F1_en-prompt.txt	OMIM:188400	8	8	8	OMIM:265380	7786	1
0627	PMID_36303223_individual_16_PMID_12368985_en-prompt.txt	OMIM:272300	1	1	1	OMIM:272300	7119	2
0628	PMID_29379883_Family_2_patient_1_en-prompt.txt	OMIM:616907	>10	>10	>10	OMIM:620447	5111	5
0629	PMID_33731876_fam68_en-prompt.txt	OMIM:613721	>10	>10	>10	ORPHA:163681	5937	
0630	PMID_21367767_F34_III_2_en-prompt.txt	OMIM:606658	>10	>10	>10	OMIM:609270	6967	
0631	PMID_23714749_23714749_P8_en-prompt.txt	OMIM:256810	>10	>10	>10	ORPHA:31150	6783	
0632	PMID_10939567_EMD5_III_4_en-prompt.txt	OMIM:181350	4	4	4	ORPHA:267	6666	1
0633	PMID_33731876_fam420_en-prompt.txt	OMIM:613721	>10	>10	>10	ORPHA:3006	4659	
0634	PMID_28830446_Patient_2_en-prompt.txt	OMIM:615688	2	2	2	OMIM:182410	7609	
0635	STX_G3_P28_en-prompt.txt	OMIM:612164	>10	>10	>10	ORPHA:254881	2499	
0636	PMID_25808063_Patient_2_en-prompt.txt	OMIM:600373	1	1	1	OMIM:600373	8094	
0637	PMID_23714749_23714749_P10_en-prompt.txt	OMIM:256810	>10	>10	>10	ORPHA:912	6129	
0638	PMID_33731876_fam155_en-prompt.txt	OMIM:613721	>10	>10	>10	ORPHA:1935	4932	
0639	PMID_12818525_B_III_1_en-prompt.txt	OMIM:142900	1	1	1	OMIM:142900	6120	1
0640	STX_26993267_Case_66_en-prompt.txt	OMIM:612164	>10	>10	>10	OMIM:617669	3728	6
0641	PMID_36446582_Kutkowska_Kazmierczak2021_P15_en-prompt.txt	OMIM:148050	3	3	3	OMIM:617883	5943	
0642	PMID_28074573_MA2_en-prompt.txt	OMIM:163950	>10	>10	>10	OMIM:615286	4414	3
0643	PMID_30945334_Individual_2_en-prompt.txt	OMIM:618443	>10	>10	>10	OMIM:300260	7564	
0644	STX_25533962_261234_en-prompt.txt	OMIM:612164	>10	>10	>10	ORPHA:468678	6671	
0645	PMID_35977029_A43_en-prompt.txt	OMIM:620494	>10	>10	>10	OMIM:300672	6079	
0646	PMID_24321194_II_6_en-prompt.txt	OMIM:248250	2	2	2	OMIM:620374	4603	
0647	PMID_11175294_D60_en-prompt.txt	OMIM:154700	>10	>10	>10	OMIM:617168	7059	1
0648	PMID_35470444_P4_en-prompt.txt	OMIM:620568	1	1	1	OMIM:620568	7003	3
0649	PMID_37196654_Individual_40__DDD_304502__en-prompt.txt	OMIM:618505	>10	>10	>10	OMIM:619475	8073	
0650	PMID_34722527_individual_50_1_Tobias_Eisenberger_Increasingthe_en-prompt.txt	OMIM:613826	>10	1	>10	OMIM:618567	2973	
0651	PMID_28488351_male_patient_en-prompt.txt	OMIM:620662	1	1	1	OMIM:620662	7888	
0652	PMID_25105228_Individual_3_en-prompt.txt	OMIM:603671	1	1	1	OMIM:603671	8120	1
0653	PMID_33731876_fam309_en-prompt.txt	OMIM:613721	>10	>10	>10	OMIM:614558	6723	
0654	PMID_36586412_14_en-prompt.txt	OMIM:301111	2	2	2	ORPHA:589821	6416	
0655	PMID_33731876_fam259_en-prompt.txt	OMIM:607745	>10	>10	>10	OMIM:618174	3759	1
0656	PMID_36446582_Gnazzo_2020_P2_en-prompt.txt	OMIM:148050	2	2	2	OMIM:617694	7249	1
0657	PMID_34722527_individual_1CRD_3_A_Hameed__EvidenceofRPG_en-prompt.txt	OMIM:608194	>10	>10	>10	OMIM:618567	2973	
0658	PMID_33731876_fam409_en-prompt.txt	OMIM:613721	>10	>10	>10	OMIM:616973	7723	
0659	PMID_30356099_Patient_16_en-prompt.txt	OMIM:616211	1	1	1	OMIM:616211	7661	
0660	PMID_36446582_Low_2016_P12_13_en-prompt.txt	OMIM:148050	4	4	4	OMIM:620305	7051	
0661	PMID_32666529_Family_5_II_1_en-prompt.txt	OMIM:620519	1	1	1	OMIM:620519	7224	
0662	PMID_36047608_Patient_6_F4_II_1_en-prompt.txt	OMIM:620666	>10	>10	>10	OMIM:613728	6609	
0663	PMID_37196654_Individual_13_en-prompt.txt	OMIM:618505	>10	>10	>10	OMIM:618027	8149	
0664	PMID_36446582_Gnazzo_2020_P12_en-prompt.txt	OMIM:148050	1	1	1	ORPHA:2332	6987	1
0665	PMID_36446582_Goldenberg2016_P36_en-prompt.txt	OMIM:148050	>10	>10	>10	OMIM:301111	5261	
0666	PMID_36446582_KBG2_en-prompt.txt	OMIM:148050	>10	>10	>10	ORPHA:500159	8127	
0667	PMID_31021519_individual_SATB2_80_en-prompt.txt	OMIM:612313	>10	>10	>10	ORPHA:1493	5732	
0668	PMID_2022752_proband_EK_en-prompt.txt	OMIM:620698	>10	>10	>10	OMIM:618850	5954	1
0669	PMID_37433783_P4_en-prompt.txt	OMIM:601674	>10	>10	>10	OMIM:618087	7538	
0670	PMID_30012084_older_sister_en-prompt.txt	OMIM:615220	3	3	3	OMIM:166220	6804	
0671	PMID_36779064_patient_en-prompt.txt	OMIM:620726	>10	>10	>10	OMIM:608358	7259	5
0672	PMID_31021519_259030_from_Bengani_et_al_en-prompt.txt	OMIM:612313	>10	>10	>10	OMIM:614749	5571	
0673	PMID_30580808_Ind_07_Fam_07_en-prompt.txt	OMIM:618362	>10	>10	>10	OMIM:135900	7977	4
0674	PMID_25845469_Patient_2_en-prompt.txt	OMIM:614249	2	2	2	ORPHA:391428	6770	
0675	PMID_34722527_individual_237_523_6_Farzad_Jamshidi_Contributionof_en-prompt.txt	OMIM:613826	>10	>10	>10	ORPHA:98973	4809	1
0676	PMID_23063621_individual_V2_en-prompt.txt	OMIM:614931	3	3	3	OMIM:619016	6530	
0677	PMID_23326516_12_year_old_boy_en-prompt.txt	OMIM:616325	>10	>10	>10	OMIM:254300	7404	2
0678	PMID_33731876_fam270_en-prompt.txt	OMIM:613721	>10	>10	>10	OMIM:300672	6601	
0679	PMID_33731876_fam320_en-prompt.txt	OMIM:613721	>10	>10	>10	ORPHA:447896	2319	
0680	PMID_37962958_10_en-prompt.txt	OMIM:620535	>10	>10	>10	OMIM:619475	7595	
0681	PMID_25835445_10_II_1__en-prompt.txt	OMIM:615582	>10	>10	>10	ORPHA:91387	7046	2
0682	PMID_9854053_II_3_en-prompt.txt	OMIM:611590	1	1	1	OMIM:611590	6859	
0683	PMID_31021519_individual_SATB2_107_en-prompt.txt	OMIM:612313	>10	>10	>10	OMIM:615802	6096	
0684	PMID_29967133_Family_1_II_1_en-prompt.txt	OMIM:619656	1	1	1	OMIM:619656	7267	
0685	PMID_16765077_16765077_P1_en-prompt.txt	OMIM:604377	>10	>10	>10	OMIM:618776	7414	
0686	PMID_33731876_fam41_en-prompt.txt	OMIM:613721	>10	>10	>10	OMIM:245570	4729	
0687	PMID_8188302_IV_3_en-prompt.txt	OMIM:129600	1	1	1	OMIM:129600	7083	
0688	PMID_16962354_second_mutation_en-prompt.txt	OMIM:142946	3	3	3	OMIM:615465	6672	
0689	PMID_37056170_Proband_3_en-prompt.txt	OMIM:151100	1	1	1	ORPHA:500	7621	2
0690	PMID_34521999_26_en-prompt.txt	OMIM:617140	>10	>10	>10	OMIM:619229	8205	
0691	PMID_33045405_Pitt_et_al___2015_A3_1_en-prompt.txt	OMIM:605911	1	1	1	OMIM:605911	5369	
0692	PMID_33633439_13706_I_1_en-prompt.txt	OMIM:620731	>10	>10	>10	OMIM:613703	6249	
0693	PMID_24736735_G072_F___en-prompt.txt	OMIM:146510	1	1	1	OMIM:146510	6656	1
0694	PMID_29967133_Family_3_IV_2_en-prompt.txt	OMIM:619656	1	1	1	OMIM:619656	7571	
0695	PMID_33731876_fam56_en-prompt.txt	OMIM:613721	>10	>10	>10	OMIM:617105	6735	
0696	PMID_32154675_Family_7_Patient_15_en-prompt.txt	OMIM:613795	1	1	1	OMIM:613795	7412	4
0697	PMID_15781812_individual_120_en-prompt.txt	OMIM:620681	>10	>10	>10	ORPHA:168491	4606	2
0698	PMID_22219643_II_5_en-prompt.txt	OMIM:129600	1	1	1	OMIM:129600	7092	1
0699	PMID_31239556_individual_5_en-prompt.txt	OMIM:615502	>10	>10	>10	OMIM:309580	7978	
0700	PMID_30808312_patient_en-prompt.txt	OMIM:158810	>10	>10	>10	OMIM:607459	7973	2
0701	STX_EG0337P_en-prompt.txt	OMIM:612164	>10	>10	>10	ORPHA:284417	6884	
0702	PMID_34521999_31_en-prompt.txt	OMIM:617140	>10	>10	>10	OMIM:619229	8160	
0703	PMID_24739679_patient_K9_en-prompt.txt	OMIM:147920	1	1	1	OMIM:147920	8170	1
0704	PMID_36446582_Sirmaci2011_P5_en-prompt.txt	OMIM:148050	1	1	1	OMIM:148050	7619	
0705	PMID_28148688_P3_en-prompt.txt	OMIM:617425	10	10	10	ORPHA:508533	8156	
0706	PMID_27843126_C_I_7_en-prompt.txt	OMIM:617146	7	7	7	OMIM:255320	5403	
0707	PMID_36446582_KBG59_en-prompt.txt	OMIM:148050	2	2	2	OMIM:605130	8060	1
0708	PMID_31021519_individual_SATB2_110_en-prompt.txt	OMIM:612313	2	2	2	ORPHA:513456	5937	
0709	PMID_31021519_Patient_1_from_Zarate_et_al__2015_en-prompt.txt	OMIM:612313	1	1	1	ORPHA:576283	6035	
0710	PMID_9817917_Family_1_individual_13883_en-prompt.txt	OMIM:222300	1	1	1	OMIM:222300	7433	
0711	PMID_29883675_second_family_patient_3_en-prompt.txt	OMIM:614833	>10	>10	>10	OMIM:618010	6481	
0712	STX_28074849_S163_en-prompt.txt	OMIM:612164	4	4	4	OMIM:607906	3691	3
0713	PMID_19800048_IV_10_en-prompt.txt	OMIM:300804	1	1	1	OMIM:300804	7814	1
0714	PMID_36917474_Patient_1_en-prompt.txt	OMIM:620675	>10	>10	>10	OMIM:312080	7616	
0715	PMID_31021519_SATB2_27_from_Zarate_et_al__2018a__Bengani_et_al_en-prompt.txt	OMIM:612313	5	5	5	ORPHA:513456	5999	
0716	PMID_15266616_45_en-prompt.txt	OMIM:147791	7	7	7	OMIM:304110	7526	
0717	PMID_34746378_34746378_P1_en-prompt.txt	OMIM:604377	>10	>10	>10	ORPHA:94147	7176	
0718	PMID_33731876_fam267_en-prompt.txt	OMIM:613721	>10	>10	>10	OMIM:312750	6554	
0719	PMID_33731876_fam337_en-prompt.txt	OMIM:613721	>10	>10	>10	ORPHA:649	4438	
0720	PMID_28575651_Individual_5_en-prompt.txt	OMIM:617560	1	1	1	ORPHA:527497	7014	
0721	PMID_34722527_individual_individual_1_Elise_Boulanger_Scemama_Next_generation_en-prompt.txt	OMIM:608194	>10	>10	>10	OMIM:618567	2973	
0722	PMID_35150594_K_IV_4_en-prompt.txt	OMIM:620538	1	1	1	OMIM:620538	6844	1
0723	STX_G3_P16_en-prompt.txt	OMIM:612164	>10	>10	>10	OMIM:620352	3728	
0724	PMID_31021519_individual_SATB2_97_en-prompt.txt	OMIM:612313	5	5	5	ORPHA:513456	5999	
0725	PMID_28065471_PII_2_en-prompt.txt	OMIM:617402	2	2	2	OMIM:617403	7656	
0726	PMID_36446582_Goldenberg2016_P21_en-prompt.txt	OMIM:148050	3	3	3	OMIM:617883	5968	1
0727	PMID_37071997_Individual_9_en-prompt.txt	OMIM:616211	>10	>10	>10	ORPHA:110	8067	
0728	PMID_11175294_B27_en-prompt.txt	OMIM:154700	10	10	10	OMIM:617168	6529	1
0729	PMID_36586412_4a_en-prompt.txt	OMIM:301111	>10	>10	>10	OMIM:618872	5408	
0730	PMID_36074901_14_en-prompt.txt	OMIM:620465	9	9	9	ORPHA:293181	4222	
0731	PMID_29388673_Fam_1_III_3_en-prompt.txt	OMIM:617560	>10	>10	>10	OMIM:619286	7725	
0732	PMID_36189931_Individual_14_en-prompt.txt	OMIM:130050	1	1	1	OMIM:130050	6424	1
0733	PMID_27180139_case_2_en-prompt.txt	OMIM:604213	>10	>10	>10	OMIM:614756	7307	
0734	PMID_33731876_fam249_en-prompt.txt	OMIM:613721	>10	>10	>10	ORPHA:3006	4843	
0735	PMID_33731876_fam319_en-prompt.txt	OMIM:613721	>10	>10	>10	OMIM:615473	2533	
0736	PMID_36446582_Ockeloen2015_P9_en-prompt.txt	OMIM:148050	1	1	1	ORPHA:2332	7022	
0737	PMID_33766796_12_en-prompt.txt	OMIM:616831	>10	>10	>10	ORPHA:1517	6117	
0738	PMID_16865293_Family_4_individual_7Y1M_en-prompt.txt	OMIM:216400	1	1	1	OMIM:216400	7323	1
0739	PMID_31837156_Patient_1_en-prompt.txt	OMIM:620542	1	1	1	OMIM:620542	7358	2
0740	PMID_33731876_fam145_en-prompt.txt	OMIM:607745	>10	1	>10	OMIM:615362	2319	2
0741	PMID_20082460_case_8_en-prompt.txt	OMIM:305400	1	1	1	OMIM:305400	7877	1
0742	PMID_30868101_KRS_103_IV_10_en-prompt.txt	OMIM:606693	2	2	2	ORPHA:171695	7122	3
0743	STX_G3_P38_en-prompt.txt	OMIM:612164	>10	>10	>10	OMIM:618890	3728	4
0744	PMID_30580808_Machol_Ind_5_Fam_35_en-prompt.txt	OMIM:618362	7	7	7	OMIM:614609	7907	
0745	PMID_34722527_individual_MEP43_6_Martin_McKibbin_Genotype_Phenot_en-prompt.txt	OMIM:613826	>10	>10	>10	ORPHA:98973	4809	1
0746	PMID_27536553_27536553_P3_en-prompt.txt	OMIM:256810	2	2	2	OMIM:615160	6256	
0747	PMID_11992252_Patient_2_en-prompt.txt	OMIM:620728	>10	>10	>10	OMIM:616471	6789	1
0748	PMID_14702087_Patient_2_of_PMID_1790747_en-prompt.txt	OMIM:608415	1	1	1	OMIM:608415	5207	1
0749	PMID_27290639_case_52_en-prompt.txt	OMIM:615471	>10	>10	>10	OMIM:616801	7847	2
0750	PMID_33731876_fam78_en-prompt.txt	OMIM:613721	>10	>10	>10	OMIM:619616	6378	
0751	PMID_36996813_Individual_10_en-prompt.txt	OMIM:620371	1	1	1	OMIM:620371	7633	
0752	PMID_32811249_Sibling_1_en-prompt.txt	OMIM:615983	10	10	10	OMIM:600151	6629	2
0753	PMID_18000979_OX2877_II_2_en-prompt.txt	OMIM:174200	1	1	1	OMIM:174200	6975	
0754	PMID_31664948_31664948_P2_en-prompt.txt	OMIM:256810	>10	>10	>10	OMIM:617156	6609	
0755	PMID_36745799_V_2_en-prompt.txt	OMIM:620375	1	1	1	OMIM:620375	7162	3
0756	PMID_37054711_Family_8_Subject_10_en-prompt.txt	OMIM:620428	1	1	1	OMIM:620428	7118	
0757	PMID_31774634_Takenouchi_et_al___2013__en-prompt.txt	OMIM:616914	1	1	1	OMIM:616914	7505	
0758	PMID_35470444_P12_en-prompt.txt	OMIM:620568	2	2	2	OMIM:619522	5836	2
0759	STX_EG1570P_en-prompt.txt	OMIM:612164	>10	>10	>10	OMIM:616393	5121	
0760	STX_P_24_en-prompt.txt	OMIM:612164	>10	>10	>10	OMIM:617105	6066	3
0761	PMID_34722527_individual_MEP3_13_Martin_McKibbin_Genotype_Phenot_en-prompt.txt	OMIM:613826	>10	>10	>10	ORPHA:98973	4809	1
0762	PMID_37962958_29_en-prompt.txt	OMIM:620535	>10	>10	>10	OMIM:619467	7760	
0763	PMID_10580070_A_III_5_en-prompt.txt	OMIM:115200	1	1	1	ORPHA:300751	5874	
0764	STX_32521962_P1_en-prompt.txt	OMIM:612164	>10	>10	>10	ORPHA:505652	3728	
0765	PMID_36122175_Patient_in_the_present_study_en-prompt.txt	OMIM:620376	1	1	1	OMIM:620376	7778	
0766	PMID_34722527_individual_17_1_Nicole_Weisschuh_Molecularandc_en-prompt.txt	OMIM:613826	>10	>10	>10	OMIM:616152	4809	
0767	PMID_18513678_individual_5002_en-prompt.txt	OMIM:260300	1	1	1	OMIM:260300	6575	
0768	PMID_30057029_Individual_1_en-prompt.txt	OMIM:618089	>10	>10	>10	ORPHA:280633	8322	
0769	PMID_9312167_A_II_9_en-prompt.txt	OMIM:179800	1	1	1	OMIM:179800	5335	1
0770	PMID_36446582_Low_2016_34_32_en-prompt.txt	OMIM:148050	1	1	1	ORPHA:2332	7342	1
0771	STX_P_33_en-prompt.txt	OMIM:612164	>10	>10	>10	OMIM:618663	4537	
0772	PMID_34722527_individual_109_6_Tobias_Eisenberger_Increasingthe_en-prompt.txt	OMIM:613826	>10	1	>10	OMIM:618567	2973	
0773	PMID_31021519_SATB2_16_from_Zarate_et_al__2018a__Bengani_et_al_en-prompt.txt	OMIM:612313	>10	>10	>10	ORPHA:352665	6035	
0774	PMID_11805270_patient_en-prompt.txt	OMIM:614321	1	1	1	OMIM:614321	6715	
0775	PMID_31021519_individual_SATB2_129_en-prompt.txt	OMIM:612313	2	2	2	ORPHA:513456	5937	2
0776	PMID_30451291_I_6_en-prompt.txt	OMIM:300088	6	6	6	ORPHA:177901	4393	
0777	PMID_21533187_family_O_en-prompt.txt	OMIM:156250	1	1	1	OMIM:156250	6797	1
0778	STX_EG0752P_en-prompt.txt	OMIM:612164	>10	>10	>10	ORPHA:261537	5083	
0779	PMID_33731876_fam152_en-prompt.txt	OMIM:607745	>10	1	>10	OMIM:615362	4017	2
0780	PMID_25808063_Patient_5_en-prompt.txt	OMIM:600373	1	1	1	OMIM:600373	8094	
0781	PMID_11179005_28__S__en-prompt.txt	OMIM:311200	1	1	1	OMIM:311200	7089	
0782	PMID_10939567_EMD5_III_3_en-prompt.txt	OMIM:181350	7	7	7	ORPHA:267	7020	1
0783	PMID_37167966_F3_II_1_en-prompt.txt	OMIM:620375	1	1	1	OMIM:620375	5281	5
0784	PMID_36331550_Family_24_Patient_29_en-prompt.txt	OMIM:613477	>10	>10	>10	OMIM:619913	6944	
0785	PMID_36446582_Kutkowska_Kazmierczak2021_P12_en-prompt.txt	OMIM:148050	3	3	3	ORPHA:228402	5763	1
0786	PMID_14585638_F3_1_en-prompt.txt	OMIM:188400	>10	>10	>10	OMIM:265380	7876	1
0787	PMID_33045405_Puisac_et_al___2018__patient_2_en-prompt.txt	OMIM:605911	1	1	1	OMIM:605911	5057	
0788	PMID_36446582_Goldenberg2016_P18_en-prompt.txt	OMIM:148050	>10	>10	>10	OMIM:301111	5724	
0789	PMID_34722527_individual_RP_2009_1_Iker_Sanchez_Navarro_Combiningtarge_en-prompt.txt	OMIM:608194	>10	>10	>10	OMIM:618567	2973	
0790	PMID_38141607_Individuals_2_P2_DDD_303133_en-prompt.txt	OMIM:620712	>10	>10	>10	OMIM:259770	7891	
0791	PMID_9312167_C_I_1_en-prompt.txt	OMIM:179800	1	1	1	OMIM:179800	5335	1
0792	PMID_35470444_P3_en-prompt.txt	OMIM:620568	1	1	1	OMIM:620568	5883	4
0793	PMID_24321194_II_1_en-prompt.txt	OMIM:248250	1	1	1	OMIM:248250	6550	
0794	PMID_35150594_F_II_1_en-prompt.txt	OMIM:620538	1	1	1	OMIM:620538	7243	
0795	PMID_28940506_Family_8_Individual_9_en-prompt.txt	OMIM:615471	1	1	1	OMIM:615471	8349	
0796	PMID_30945334_Individual_5_en-prompt.txt	OMIM:618443	>10	>10	>10	OMIM:300260	7564	
0797	PMID_10939567_EMD4_III_7_en-prompt.txt	OMIM:181350	2	2	2	ORPHA:98855	6972	1
0798	PMID_36446582_Gnazzo_2020_P5_en-prompt.txt	OMIM:148050	2	2	2	OMIM:617694	7343	1
0799	PMID_18000979_OX2877_III_2_en-prompt.txt	OMIM:174200	1	1	1	OMIM:174200	6975	
0800	PMID_36586412_13_en-prompt.txt	OMIM:301111	1	1	1	OMIM:301111	6976	
0801	PMID_37054711_Family_6_Subject_8_en-prompt.txt	OMIM:620428	1	1	1	OMIM:620428	6021	
0802	PMID_30580808_ind_45_Fam_58_en-prompt.txt	OMIM:618362	>10	>10	>10	OMIM:619325	7967	
0803	PMID_25105228_Individual_4_en-prompt.txt	OMIM:603671	1	1	1	OMIM:603671	7834	5
0804	PMID_23222957_Family_4_4_1_en-prompt.txt	OMIM:242840	>10	>10	>10	OMIM:618223	7963	
0805	PMID_28575651_Individual_1_en-prompt.txt	OMIM:617560	1	1	1	OMIM:617560	7058	
0806	PMID_21683322_22_a_en-prompt.txt	OMIM:102370	>10	>10	>10	OMIM:614185	6226	
0807	PMID_31021519_262240_from_Bengani_et_al_en-prompt.txt	OMIM:612313	10	10	10	OMIM:616954	5574	
0808	STX_23020937_ES07E0046_en-prompt.txt	OMIM:612164	>10	>10	>10	OMIM:300243	6724	
0809	STX_G3_P12_en-prompt.txt	OMIM:612164	>10	>10	>10	ORPHA:163721	3728	2
0810	PMID_29967133_Family_2_II_2_en-prompt.txt	OMIM:619656	1	1	1	OMIM:619656	7464	3
0811	PMID_34722527_individual_individual_1_Juliana_Maria_Ferraz_Sallum1_4_Clinicalandmo_en-prompt.txt	OMIM:613826	>10	>10	>10	ORPHA:98973	4809	1
0812	PMID_36446582_Goldenberg2016_P25_en-prompt.txt	OMIM:148050	4	4	4	OMIM:617883	6098	
0813	PMID_12203992_D19_en-prompt.txt	OMIM:154700	>10	>10	>10	OMIM:604308	6652	1
0814	PMID_36074901_10_en-prompt.txt	OMIM:620465	>10	>10	>10	OMIM:300923	3910	
0815	PMID_21367767_F49_III_3_en-prompt.txt	OMIM:606658	>10	>10	>10	OMIM:609270	6967	
0816	PMID_25142838_P1_en-prompt.txt	OMIM:147920	>10	>10	>10	OMIM:608978	7948	1
0817	PMID_23364397_23364397_P3_en-prompt.txt	OMIM:604377	>10	>10	>10	ORPHA:1810	2117	
0818	PMID_21367767_F48_III_7_en-prompt.txt	OMIM:606658	>10	>10	>10	OMIM:609270	6967	7
0819	PMID_32154675_Family_5_Patient_13_en-prompt.txt	OMIM:613795	1	1	1	OMIM:613795	7232	
0820	PMID_34722527_individual_individual_3_Sylvain_Hanein_Lebercongenita_en-prompt.txt	OMIM:613826	>10	1	>10	OMIM:618567	2973	
0821	PMID_28285769_Individual_7_II_1_en-prompt.txt	OMIM:250410	1	1	1	ORPHA:166035	8081	
0822	PMID_12203992_B60_en-prompt.txt	OMIM:154700	>10	>10	>10	OMIM:613780	5907	1
0823	PMID_36446582_Low_2016_P10_18_en-prompt.txt	OMIM:148050	1	1	1	ORPHA:2332	7150	1
0824	PMID_32710489_Group_1_Patient_4_en-prompt.txt	OMIM:620155	6	6	6	OMIM:616268	8236	
0825	PMID_33731876_fam333_en-prompt.txt	OMIM:613721	>10	>10	>10	OMIM:615473	2533	
0826	PMID_33731876_fam263_en-prompt.txt	OMIM:613721	>10	>10	>10	OMIM:259050	2524	
0827	PMID_11093277_MK_CMS0843_en-prompt.txt	OMIM:305400	3	3	3	OMIM:145420	7649	1
0828	PMID_27275012_Patient_3_en-prompt.txt	OMIM:616900	>10	>10	>10	OMIM:617976	7227	
0829	PMID_36446582_Kutkowska_Kazmierczak2021_P4_en-prompt.txt	OMIM:148050	1	1	1	ORPHA:2332	5790	1
0830	PMID_34722527_individual_827_1591_1_Farzad_Jamshidi_Contributionof_en-prompt.txt	OMIM:613826	>10	1	>10	OMIM:618567	2973	
0831	PMID_26467218_individual_5_Denayer_et_al__22_en-prompt.txt	OMIM:613224	1	1	1	OMIM:613224	7875	1
0832	PMID_31021519_individual_SATB2_114_en-prompt.txt	OMIM:612313	1	1	1	ORPHA:576283	5999	
0833	PMID_27376152_FPLD_122_8_en-prompt.txt	OMIM:620679	>10	>10	>10	OMIM:604367	6950	
0834	PMID_24126608_BAB3280_en-prompt.txt	OMIM:620542	1	1	1	OMIM:620542	7558	
0835	PMID_37167966_F1_II_3_en-prompt.txt	OMIM:620375	>10	>10	>10	OMIM:612999	4533	2
0836	PMID_34722527_individual_QT491_3_Lin_Li_DetectionofVa_en-prompt.txt	OMIM:613826	>10	1	>10	OMIM:618567	2973	
0837	PMID_30746398_younger_brother_en-prompt.txt	OMIM:606693	1	1	1	ORPHA:306674	6159	
0838	PMID_35933355_two_year_old_ACM_proband_en-prompt.txt	OMIM:620519	1	1	1	OMIM:620519	7563	
0839	PMID_36446582_Low_2016_P13_27_en-prompt.txt	OMIM:148050	1	1	1	ORPHA:2332	7132	1
0840	PMID_33731876_fam52_en-prompt.txt	OMIM:613721	>10	>10	>10	OMIM:616973	6321	
0841	PMID_31021519_Patient_3_from_Zarate_et_al__2015_en-prompt.txt	OMIM:612313	1	1	1	ORPHA:576283	6035	
0842	PMID_31774634_Garg_and_Xing_et_al___2014__patient_1_en-prompt.txt	OMIM:616914	3	3	3	OMIM:129600	6968	
0843	PMID_31239556_individual_1_en-prompt.txt	OMIM:615502	>10	>10	>10	OMIM:309580	8052	
0844	PMID_16900296_IV_4_en-prompt.txt	OMIM:608393	>10	>10	>10	OMIM:617983	5348	
0845	PMID_34521999_35_en-prompt.txt	OMIM:617140	>10	>10	>10	OMIM:619229	8205	
0846	PMID_20358619_Patient_2_en-prompt.txt	OMIM:610168	1	1	1	OMIM:610168	6830	1
0847	PMID_21217753_Fam_1_III_9_en-prompt.txt	OMIM:613795	2	2	2	OMIM:619656	4747	
0848	PMID_36446582_Low_2016_P8_33_en-prompt.txt	OMIM:148050	1	1	1	ORPHA:2332	7561	
0849	PMID_31021519_264840_from_Bengani_et_al_en-prompt.txt	OMIM:612313	>10	>10	>10	OMIM:615465	5287	
0850	PMID_24736735_G121__en-prompt.txt	OMIM:146510	3	3	3	OMIM:174200	6205	
0851	PMID_15266616_119_en-prompt.txt	OMIM:147791	7	7	7	OMIM:304110	7526	2
0852	PMID_28482824_proband_en-prompt.txt	OMIM:601088	>10	>10	>10	OMIM:300143	7052	
0853	STX_30654231_Patient_2_en-prompt.txt	OMIM:612164	>10	>10	>10	OMIM:619616	7075	
0854	PMID_25835445_11_II_1__en-prompt.txt	OMIM:615582	9	9	9	OMIM:619656	7216	1
0855	PMID_10580070_B_III_11_en-prompt.txt	OMIM:115200	1	1	1	ORPHA:300751	6642	
0856	PMID_34521999_22_en-prompt.txt	OMIM:617140	>10	>10	>10	OMIM:619229	8205	
0857	PMID_37962958_14_en-prompt.txt	OMIM:620535	>10	>10	>10	ORPHA:466950	7626	
0858	PMID_27087320_Subject_10_en-prompt.txt	OMIM:616975	1	1	1	OMIM:616975	8268	
0859	PMID_35617047_Proband_2_en-prompt.txt	OMIM:620647	>10	>10	>10	OMIM:603041	7445	
0860	STX_Fila_2_EG_CB_en-prompt.txt	OMIM:612164	1	1	1	ORPHA:599373	7527	
0861	PMID_25163805_proposita_en-prompt.txt	OMIM:614816	6	6	6	OMIM:619329	7547	1
0862	PMID_21739261_Patient_2_en-prompt.txt	OMIM:203290	1	1	1	OMIM:203290	6298	
0863	STX_EG1324P_en-prompt.txt	OMIM:612164	4	4	4	ORPHA:1942	5151	2
0864	PMID_25852890_patient_en-prompt.txt	OMIM:248250	1	1	1	OMIM:248250	7749	
0865	PMID_34722527_individual_arRP_F094_7_Leen_Abu_Safieh_Autozygome_guid_en-prompt.txt	OMIM:613826	>10	1	>10	OMIM:618567	2973	
0866	PMID_37761890_47__en-prompt.txt	OMIM:616362	>10	>10	>10	OMIM:300887	5540	
0867	PMID_37761890_52__en-prompt.txt	OMIM:616362	>10	>10	>10	ORPHA:488618	5626	
0868	PMID_31021519_individual_SATB2_103_en-prompt.txt	OMIM:612313	5	5	5	ORPHA:513456	5999	
0869	PMID_29196670_Patient_19_en-prompt.txt	OMIM:613254	1	1	1	OMIM:613254	7716	1
0870	PMID_22541558_individual_O_1_en-prompt.txt	OMIM:154400	>10	>10	>10	OMIM:613951	6759	
0871	PMID_34722527_individual_individual_1_Hui_Wang_ComprehensiveM_en-prompt.txt	OMIM:613826	>10	1	>10	OMIM:618567	2973	
0872	PMID_31021519_SATB2_33_from_Zarate_et_al__2018a_en-prompt.txt	OMIM:612313	1	1	1	ORPHA:576283	6035	
0873	STX_26350204_UK10K_FINDWGA5411254_en-prompt.txt	OMIM:612164	>10	1	>10	OMIM:216100	2790	
0874	STX_29896790_P8_en-prompt.txt	OMIM:612164	>10	>10	>10	OMIM:308350	4565	2
0875	PMID_21542062__22_year_old_Asian_mal_en-prompt.txt	OMIM:606693	6	6	6	OMIM:615528	6531	1
0876	PMID_21131976_EsM42160_en-prompt.txt	OMIM:613717	1	1	1	OMIM:613717	6512	1
0877	PMID_36189931_Individual_29_en-prompt.txt	OMIM:130050	1	1	1	OMIM:130050	6424	1
0878	PMID_31021519_individual_from_Trakadis_et_al_en-prompt.txt	OMIM:612313	>10	>10	>10	ORPHA:3157	4557	
0879	PMID_35150594_I_II_3_en-prompt.txt	OMIM:620538	1	1	1	OMIM:620538	6844	
0880	PMID_33731876_fam324_en-prompt.txt	OMIM:613721	>10	>10	>10	OMIM:615473	2533	
0881	PMID_33731876_fam274_en-prompt.txt	OMIM:613721	>10	>10	>10	OMIM:619076	6486	
0882	PMID_36446582_KBG31B_en-prompt.txt	OMIM:148050	>10	>10	>10	OMIM:618316	8183	
0883	PMID_24039054_propositus_en-prompt.txt	OMIM:616914	1	1	1	OMIM:616914	7755	
0884	PMID_16917909_668_2_en-prompt.txt	OMIM:142900	1	1	1	OMIM:142900	5941	2
0885	PMID_30356099_Patient_12_en-prompt.txt	OMIM:616211	1	1	1	OMIM:616211	7132	
0886	PMID_36446582_Gnazzo_2020_P16_en-prompt.txt	OMIM:148050	2	2	2	OMIM:617694	7410	1
0887	PMID_33731876_fam178_en-prompt.txt	OMIM:613721	>10	>10	>10	OMIM:614558	6003	
0888	PMID_33731876_fam399_en-prompt.txt	OMIM:613721	>10	>10	>10	OMIM:616393	4922	
0889	PMID_31021519_individual_SATB2_84_en-prompt.txt	OMIM:612313	2	2	2	ORPHA:513456	5937	
0890	PMID_31021519_Case_14_from_Bengani_et_al_en-prompt.txt	OMIM:612313	6	6	6	ORPHA:1855	5293	
0891	PMID_36446582_KBG6_en-prompt.txt	OMIM:148050	2	2	2	OMIM:605130	8220	1
0892	PMID_36446582_Goldenberg2016_P32_en-prompt.txt	OMIM:148050	3	3	3	OMIM:617883	5968	1
0893	PMID_35344616_A18_en-prompt.txt	OMIM:268310	1	1	1	OMIM:268310	7843	1
0894	PMID_37260585_5_year_old_girl_en-prompt.txt	OMIM:151100	1	1	1	ORPHA:500	7656	
0895	PMID_35470444_P7_en-prompt.txt	OMIM:620568	1	1	1	OMIM:620568	7505	6
0896	PMID_30945334_Individual_1_en-prompt.txt	OMIM:618443	>10	>10	>10	OMIM:619475	7564	
0897	PMID_37196654_Individual_84_en-prompt.txt	OMIM:618505	>10	>10	>10	OMIM:619475	8042	
0898	PMID_28074573_MA1_en-prompt.txt	OMIM:163950	>10	>10	>10	OMIM:619488	7002	1
0899	PMID_36586412_17_en-prompt.txt	OMIM:301111	1	1	1	OMIM:301111	6434	
0900	PMID_36446582_Gnazzo_2020_P1_en-prompt.txt	OMIM:148050	3	3	3	OMIM:617694	6763	1
0901	PMID_34722527_individual_individual_1_Moon_Woo_Seong_Molecularchara_en-prompt.txt	OMIM:613826	>10	1	>10	OMIM:618567	2973	
0902	PMID_23714749_23714749_P13_en-prompt.txt	OMIM:256810	>10	>10	>10	ORPHA:95720	6038	
0903	PMID_25808063_Patient_1_en-prompt.txt	OMIM:600373	1	1	1	OMIM:600373	8094	
0904	PMID_37196654_Individual_39_en-prompt.txt	OMIM:618505	>10	>10	>10	OMIM:619475	8033	
0905	PMID_33731876_fam156_en-prompt.txt	OMIM:613721	>10	>10	>10	ORPHA:599373	7069	
0906	PMID_17646629_brother_II_4_en-prompt.txt	OMIM:607259	>10	>10	>10	OMIM:616907	7740	
0907	PMID_36136249_II_2_of_family_B_en-prompt.txt	OMIM:620636	>10	>10	>10	OMIM:617633	6203	
0908	PMID_28830446_Patient_1_en-prompt.txt	OMIM:615688	2	2	2	OMIM:615934	7897	
0909	STX_26993267_Case_65_en-prompt.txt	OMIM:612164	>10	>10	>10	ORPHA:505652	3728	
0910	STX_29997391_P6_en-prompt.txt	OMIM:612164	>10	>10	>10	OMIM:606232	5809	
0911	PMID_36446582_Kutkowska_Kazmierczak2021_P16_en-prompt.txt	OMIM:148050	1	1	1	ORPHA:2332	5535	
0912	PMID_17273967_III_8_en-prompt.txt	OMIM:602400	1	1	1	OMIM:602400	7185	
0913	PMID_12818525_B_III_2_en-prompt.txt	OMIM:142900	1	1	1	OMIM:142900	6120	1
0914	PMID_14585638_F2_en-prompt.txt	OMIM:188400	10	10	10	OMIM:265380	7934	
0915	PMID_29379883_Family_2_patient_2_en-prompt.txt	OMIM:616907	>10	>10	>10	OMIM:620447	5111	
0916	PMID_34722527_individual_individual_8_Arif_O_Khan_TheRPGRIP1_rel_en-prompt.txt	OMIM:613826	>10	>10	>10	ORPHA:98973	4939	
0917	PMID_15266616_137_en-prompt.txt	OMIM:147791	7	7	7	OMIM:304110	7524	
0918	PMID_27573763_patient_en-prompt.txt	OMIM:147920	4	4	4	OMIM:618280	7799	1
0919	PMID_21094623_II_3_en-prompt.txt	OMIM:606693	4	4	4	OMIM:168605	6437	
0920	PMID_36247900__IV_2_en-prompt.txt	OMIM:617225	>10	>10	>10	OMIM:603516	7328	
0921	PMID_34722527_individual_3677_2_Xia_Wang_Comprehensivem_en-prompt.txt	OMIM:613826	>10	1	>10	OMIM:618567	2973	
0922	STX_P_37_en-prompt.txt	OMIM:612164	>10	>10	>10	ORPHA:1935	2499	
0923	PMID_37196654_Individual_42__DDD_292095__en-prompt.txt	OMIM:618505	>10	>10	>10	OMIM:619475	8063	
0924	PMID_26247899_P3_1_en-prompt.txt	OMIM:619656	1	1	1	OMIM:619656	7472	4
0925	PMID_37133451_Individual_P1_en-prompt.txt	OMIM:620646	1	1	1	OMIM:620646	7828	
0926	PMID_20853184_NAPO_7_en-prompt.txt	OMIM:606693	5	5	5	OMIM:168605	6423	
0927	PMID_12818525_A_IV_4__en-prompt.txt	OMIM:142900	1	1	1	OMIM:142900	6120	1
0928	PMID_31727177_patient_7_en-prompt.txt	OMIM:147920	2	2	2	OMIM:300867	8124	1
0929	PMID_36446582_KBG64_en-prompt.txt	OMIM:148050	1	1	1	ORPHA:2332	7967	1
0930	PMID_15452312_III_10_en-prompt.txt	OMIM:604187	2	2	2	ORPHA:99013	7746	1
0931	PMID_34722527_individual_MOL0600_1_1_Beryozkin_Current_en-prompt.txt	OMIM:613826	>10	>10	>10	ORPHA:98973	4809	1
0932	STX_P_20_en-prompt.txt	OMIM:612164	8	8	8	OMIM:617105	6600	
0933	PMID_9817917_Family_2_individual_13775_en-prompt.txt	OMIM:222300	1	1	1	OMIM:222300	7481	1
0934	STX_32521962_P5_en-prompt.txt	OMIM:612164	>10	>10	>10	ORPHA:505652	5303	
0935	PMID_10580070_A_III_1_en-prompt.txt	OMIM:115200	1	1	1	OMIM:115200	5874	
0936	PMID_37196654_Individual_60__MSSNG_AU4427301__en-prompt.txt	OMIM:618505	>10	>10	>10	OMIM:620242	4118	
0937	PMID_30057029_Individual_5_en-prompt.txt	OMIM:618089	>10	>10	>10	ORPHA:280633	8311	
0938	STX_23708187_T23122_en-prompt.txt	OMIM:612164	>10	>10	>10	OMIM:618437	2356	
0939	PMID_36446582_Parenti2016_P2_en-prompt.txt	OMIM:148050	1	1	1	ORPHA:2332	7186	1
0940	PMID_37179472_Family_1_II_2_en-prompt.txt	OMIM:620641	>10	>10	>10	OMIM:617157	7853	
0941	PMID_18551513_4_en-prompt.txt	OMIM:613205	1	1	1	OMIM:613205	6861	3
0942	PMID_37761890_23__en-prompt.txt	OMIM:616362	1	1	1	OMIM:616362	5866	
0943	PMID_37761890_36__en-prompt.txt	OMIM:616362	>10	>10	>10	OMIM:620688	6383	
0944	PMID_15148656_female_patient_en-prompt.txt	OMIM:608776	2	2	2	OMIM:608540	6548	
0945	PMID_32006683_patients_IV_3_en-prompt.txt	OMIM:620780	>10	>10	>10	ORPHA:536532	8109	
0946	PMID_30099644_IV_3_en-prompt.txt	OMIM:600138	>10	>10	>10	OMIM:303100	5761	2
0947	PMID_15266616_120_en-prompt.txt	OMIM:147791	7	7	7	OMIM:304110	7526	
0948	PMID_14764528_Pedigree_of_FET_en-prompt.txt	OMIM:601977	1	1	1	OMIM:601977	4376	
0949	PMID_10580070_A_III_8__en-prompt.txt	OMIM:115200	1	1	1	OMIM:115200	5877	
0950	PMID_30868101_KRS_103_IV_14_en-prompt.txt	OMIM:606693	2	2	2	ORPHA:171695	7349	3
0951	PMID_30097146_patient_en-prompt.txt	OMIM:275400	>10	>10	>10	ORPHA:2495	8178	2
0952	PMID_25480986_individual_A_1_en-prompt.txt	OMIM:275400	>10	>10	>10	OMIM:245800	8040	
0953	PMID_29967133_Family_3_II_3_en-prompt.txt	OMIM:619656	1	1	1	OMIM:619656	7573	
0954	PMID_10756346_B13_en-prompt.txt	OMIM:154700	>10	>10	>10	OMIM:604308	5884	1
0955	PMID_31021519_SATB2_49_from_Zarate_et_al__2018a_en-prompt.txt	OMIM:612313	2	2	2	ORPHA:513456	5937	
0956	PMID_37154409_A_III_6_en-prompt.txt	OMIM:606658	>10	>10	>10	OMIM:117360	6392	
0957	PMID_35344616_A21_en-prompt.txt	OMIM:268310	1	1	1	OMIM:268310	7861	1
0958	PMID_12203992_D37_en-prompt.txt	OMIM:154700	>10	>10	>10	OMIM:236200	6205	1
0959	PMID_31442532_P1_en-prompt.txt	OMIM:615471	>10	>10	>10	OMIM:616198	5862	2
0960	PMID_36189931_Individual_10_en-prompt.txt	OMIM:130050	2	2	2	OMIM:613780	4244	
0961	PMID_36189931_Individual_8_en-prompt.txt	OMIM:130050	1	1	1	OMIM:130050	6932	1
0962	PMID_12189163_Sib_1_en-prompt.txt	OMIM:219100	3	3	3	OMIM:613177	6745	
0963	PMID_34602956_34602956_en-prompt.txt	OMIM:615471	10	10	10	OMIM:620451	8096	3
0964	PMID_23691375_4_year_old_girl_en-prompt.txt	OMIM:190350	1	1	1	OMIM:190350	6814	1
0965	PMID_30451291_IV_4_en-prompt.txt	OMIM:300088	4	4	4	ORPHA:177901	4393	
0966	PMID_33766796_16_en-prompt.txt	OMIM:620157	>10	>10	>10	OMIM:618430	6172	
0967	PMID_15781812_individual_147_3_en-prompt.txt	OMIM:620681	>10	>10	>10	ORPHA:168491	4606	1
0968	PMID_36528028_Individual_4_en-prompt.txt	OMIM:620455	1	1	1	OMIM:620455	7189	
0969	PMID_34722527_individual_individual_4_Saloni_Walia_VisualAcuityi_en-prompt.txt	OMIM:613826	>10	>10	>10	ORPHA:98973	4809	1
0970	STX_19557857_Patient_2_en-prompt.txt	OMIM:612164	8	8	8	ORPHA:98818	6376	
0971	PMID_21683322_3_en-prompt.txt	OMIM:614185	1	1	1	OMIM:614185	6844	
0972	PMID_35977029_family_6_en-prompt.txt	OMIM:620494	1	1	1	OMIM:620494	7139	
0973	PMID_28940506_Family_30_Individual_36_en-prompt.txt	OMIM:615471	8	8	8	OMIM:620371	8273	
0974	PMID_37196654_Individual_74_en-prompt.txt	OMIM:618505	>10	>10	>10	ORPHA:98889	3426	
0975	PMID_35060672_female_infant_VI1_en-prompt.txt	OMIM:147920	>10	>10	>10	ORPHA:93945	7106	
0976	PMID_38014483_Family_c_individual_c_4_en-prompt.txt	OMIM:620666	>10	>10	>10	OMIM:613728	6867	
0977	PMID_33731876_fam347_en-prompt.txt	OMIM:613721	6	6	6	OMIM:617389	5823	
0978	PMID_33731876_fam217_en-prompt.txt	OMIM:613721	>10	>10	>10	ORPHA:86309	5779	
0979	PMID_36553465_P15_en-prompt.txt	OMIM:606574	8	8	8	ORPHA:79432	6818	1
0980	PMID_30057029_Individual_15_en-prompt.txt	OMIM:618089	>10	>10	>10	ORPHA:280633	8313	
0981	PMID_4045952_IV_13_en-prompt.txt	OMIM:301310	2	2	2	ORPHA:314647	6082	
0982	PMID_15266616_35_en-prompt.txt	OMIM:147791	7	7	7	OMIM:304110	7526	
0983	PMID_25835445_2_IV_3_en-prompt.txt	OMIM:615582	8	8	8	OMIM:609192	7431	1
0984	PMID_29051910_patient_en-prompt.txt	OMIM:609528	>10	>10	>10	ORPHA:2072	8110	1
0985	PMID_22772371_MS239_V_5_en-prompt.txt	OMIM:614816	1	1	1	OMIM:614816	7314	
0986	PMID_10580070_D_III_6_en-prompt.txt	OMIM:115200	1	1	1	OMIM:115200	5748	
0987	PMID_16917909_667_2_en-prompt.txt	OMIM:142900	>10	>10	>10	OMIM:620203	5651	
0988	PMID_24239060_index_patient_II_2_en-prompt.txt	OMIM:609284	>10	>10	>10	ORPHA:353	7843	1
0989	PMID_28886341_Individual_F2_II_4_en-prompt.txt	OMIM:617694	1	1	1	OMIM:617694	7974	
0990	PMID_35344616_A6_en-prompt.txt	OMIM:268310	1	1	1	OMIM:268310	7861	1
0991	STX_EG0731P_en-prompt.txt	OMIM:612164	>10	>10	>10	OMIM:614409	5116	
0992	PMID_16965330_patient_4_en-prompt.txt	OMIM:240300	1	1	1	ORPHA:3453	6281	
0993	PMID_28327087_Patient_II_1_en-prompt.txt	OMIM:613162	>10	>10	>10	OMIM:618768	6883	
0994	PMID_14702087_the_fourth_Dutch_index_patient_en-prompt.txt	OMIM:608415	1	1	1	OMIM:608415	5207	1
0995	PMID_36446582_KBG29_en-prompt.txt	OMIM:148050	1	1	1	ORPHA:2332	7883	1
0996	PMID_12818525_A_III_2_en-prompt.txt	OMIM:142900	1	1	1	OMIM:142900	6120	1
0997	PMID_16596670_Patient_3_en-prompt.txt	OMIM:609192	1	1	1	OMIM:609192	7691	2
0998	PMID_33862550_patient_en-prompt.txt	OMIM:617225	1	1	1	OMIM:617225	7287	
0999	PMID_29482518_Patient_1_en-prompt.txt	OMIM:147920	2	2	2	OMIM:300867	7702	1
1000	PMID_33875846_individual_row_24_en-prompt.txt	OMIM:620450	>10	>10	>10	OMIM:617635	6676	
1001	STX_32521962_P11_en-prompt.txt	OMIM:612164	7	7	7	ORPHA:329178	3728	
1002	STX_29997391_09NG001_en-prompt.txt	OMIM:612164	8	8	8	OMIM:616269	5649	
1003	PMID_31021519_SATB2_59_from_Zarate_et_al__2018a_en-prompt.txt	OMIM:612313	5	5	5	ORPHA:513456	5999	
1004	PMID_37433783_P14_en-prompt.txt	OMIM:601674	>10	>10	>10	OMIM:617862	6813	
1005	PMID_34521999_41_en-prompt.txt	OMIM:617140	>10	>10	>10	OMIM:619229	8202	
1006	PMID_37919452_Family_1__patient_1_en-prompt.txt	OMIM:620683	>10	>10	>10	OMIM:613327	8284	
1007	PMID_32083401_Patient_2_en-prompt.txt	OMIM:147920	>10	>10	>10	OMIM:620186	7874	
1008	PMID_32627184_Case_2_en-prompt.txt	OMIM:620654	1	1	1	OMIM:620654	8331	
1009	PMID_12058348_Patient_3_en-prompt.txt	OMIM:151100	1	1	1	ORPHA:500	7398	
1010	PMID_10939567_Spo11_en-prompt.txt	OMIM:181350	7	7	7	OMIM:613205	6833	
1011	PMID_18256394_8_en-prompt.txt	OMIM:176670	3	3	3	OMIM:608612	7670	3
1012	PMID_30099644_IV_11_en-prompt.txt	OMIM:600138	>10	>10	>10	OMIM:303100	5761	
1013	PMID_33731876_fam26_en-prompt.txt	OMIM:613721	>10	>10	>10	OMIM:616973	5514	
1014	PMID_28940506_Family_29_Individual_35_en-prompt.txt	OMIM:615471	10	10	10	OMIM:620371	8340	
1015	PMID_17056636_nan_en-prompt.txt	OMIM:615278	5	5	5	OMIM:613706	8123	3
1016	PMID_24126608_BAB5311_en-prompt.txt	OMIM:620542	1	1	1	OMIM:620542	7151	
1017	PMID_37075751_Individual_4_en-prompt.txt	OMIM:616462	1	1	1	OMIM:616462	7932	
1018	PMID_21236492_Individual_P2_en-prompt.txt	OMIM:614199	>10	>10	>10	OMIM:609049	7267	
1019	PMID_21683322_11_en-prompt.txt	OMIM:614185	1	1	1	OMIM:614185	6629	
1020	PMID_34521999_5_en-prompt.txt	OMIM:617140	>10	>10	>10	OMIM:619229	8213	
1021	PMID_22701786_proband_en-prompt.txt	OMIM:227645	1	1	1	OMIM:227645	7224	1
1022	PMID_25835445_10_III_1__en-prompt.txt	OMIM:615582	>10	>10	>10	OMIM:613780	6445	
1023	STX_20887364_Subject_1655_en-prompt.txt	OMIM:612164	3	3	3	OMIM:301066	6442	
1024	PMID_10580070_D_II_5_en-prompt.txt	OMIM:115200	1	1	1	ORPHA:300751	5056	
1025	PMID_33731876_fam31_en-prompt.txt	OMIM:613721	>10	>10	>10	ORPHA:86309	5741	
1026	PMID_10805329_10805329_P2_en-prompt.txt	OMIM:604377	3	3	3	OMIM:619424	7457	
1027	PMID_27672653_Individual_7_en-prompt.txt	OMIM:231670	1	1	1	ORPHA:25	7603	1
1028	STX_HSJD_Patient_6_en-prompt.txt	OMIM:612164	>10	>10	>10	ORPHA:86309	5271	3
1029	STX_25533962_258242_en-prompt.txt	OMIM:612164	>10	>10	>10	OMIM:615032	5717	
1030	PMID_30759870_LOVD_ID_AN_006205_en-prompt.txt	OMIM:618000	1	1	1	ORPHA:536532	7744	
1031	PMID_18551513_11_en-prompt.txt	OMIM:613205	1	1	1	OMIM:613205	6721	4
1032	PMID_18351627_Patient_II_1_en-prompt.txt	OMIM:142900	1	1	1	OMIM:142900	5617	1
1033	PMID_36446582_Parenti2021_P9_en-prompt.txt	OMIM:148050	1	1	1	ORPHA:2332	8024	1
1034	PMID_36553465_P7_en-prompt.txt	OMIM:606574	8	8	8	OMIM:619172	6818	
1035	PMID_23222957_Family_9_9_1_en-prompt.txt	OMIM:242840	>10	>10	>10	OMIM:618223	7963	
1036	PMID_28940506_Family_26_Individual_32_en-prompt.txt	OMIM:615471	2	2	2	OMIM:614052	8349	
1037	PMID_36446582_Scarano_2013_P4_en-prompt.txt	OMIM:148050	3	3	3	OMIM:617694	7667	1
1038	PMID_37761890_39__en-prompt.txt	OMIM:616362	>10	>10	>10	OMIM:620242	5965	
1039	PMID_25411445_Patient_3_en-prompt.txt	OMIM:616211	1	1	1	OMIM:616211	7673	
1040	PMID_33731876_fam350_en-prompt.txt	OMIM:613721	>10	>10	>10	ORPHA:1935	3748	
1041	PMID_37660254_Patient_2_en-prompt.txt	OMIM:620669	>10	>10	>10	ORPHA:157846	7643	
1042	PMID_33731876_fam200_en-prompt.txt	OMIM:613721	>10	>10	>10	OMIM:259050	2524	
1043	PMID_36446582_Ockeloen2015_P14_en-prompt.txt	OMIM:148050	2	2	2	ORPHA:228402	5394	1
1044	PMID_36727596_OP_1110_II1_en-prompt.txt	OMIM:620642	1	1	1	OMIM:620642	7265	2
1045	PMID_17661815_Patient_A_III_2_en-prompt.txt	OMIM:214800	1	1	1	ORPHA:138	8003	1
1046	STX_EG0226P_en-prompt.txt	OMIM:612164	>10	>10	>10	OMIM:213600	5623	
1047	PMID_34722527_individual_1797_3128_5_Farzad_Jamshidi_Contributionof_en-prompt.txt	OMIM:613826	>10	1	>10	OMIM:618567	2973	
1048	PMID_10580070_B_III_1_en-prompt.txt	OMIM:115200	1	1	1	ORPHA:300751	5287	2
1049	PMID_20358596_Patient_B_en-prompt.txt	OMIM:123000	1	1	1	OMIM:123000	7009	1
1050	PMID_31332438_A_II_4_en-prompt.txt	OMIM:620528	5	5	5	OMIM:618960	6516	2
1051	PMID_37962958_3_en-prompt.txt	OMIM:620535	>10	>10	>10	OMIM:617802	7525	
1052	PMID_20015879_Patient_en-prompt.txt	OMIM:185020	9	9	9	OMIM:617970	6898	1
1053	PMID_34722527_individual_individual_1_Juan_C__Zenteno_Extensivegenic_en-prompt.txt	OMIM:608194	>10	>10	>10	OMIM:618567	2973	
1054	PMID_33633439_18739_II_1_en-prompt.txt	OMIM:620731	>10	>10	>10	OMIM:613703	6249	
1055	PMID_22541558_individual_R_2_en-prompt.txt	OMIM:154400	>10	>10	>10	OMIM:617247	5240	3
1056	PMID_28886341_Individual_F1_II_3_en-prompt.txt	OMIM:617694	1	1	1	OMIM:617694	7974	
1057	PMID_31239556_individual_18_en-prompt.txt	OMIM:615502	>10	>10	>10	OMIM:309580	8042	
1058	PMID_37196654_Individual_57__PCGC_1_03321__en-prompt.txt	OMIM:618505	>10	>10	>10	OMIM:613406	7822	
1059	PMID_23388215_Proband_3_en-prompt.txt	OMIM:616247	1	1	1	OMIM:616247	1642	
1060	PMID_23099195_Patient_1_en-prompt.txt	OMIM:215700	1	1	1	OMIM:215700	5947	
1061	PMID_31021519_SATB2_23_from_Zarate_et_al__2018a_en-prompt.txt	OMIM:612313	3	3	3	OMIM:618480	5735	
1062	PMID_24736735_G038__en-prompt.txt	OMIM:175700	2	2	2	OMIM:174200	5683	5
1063	PMID_16917909_620_2_en-prompt.txt	OMIM:142900	1	1	1	OMIM:142900	5722	1
1064	STX_BCH_006_en-prompt.txt	OMIM:612164	>10	>10	>10	OMIM:300998	4902	
1065	PMID_33731876_fam293_en-prompt.txt	OMIM:607745	>10	1	>10	ORPHA:500545	2499	
1066	PMID_12161596_Patient_2_en-prompt.txt	OMIM:151100	4	4	4	OMIM:193520	7769	3
1067	PMID_15911822_Patient_2_en-prompt.txt	OMIM:234200	1	1	1	OMIM:234200	7459	
1068	PMID_31239556_individual_36_en-prompt.txt	OMIM:615502	>10	>10	>10	OMIM:309580	8052	
1069	STX_26865513_Patient_9_en-prompt.txt	OMIM:612164	8	8	8	OMIM:300672	7129	3
1070	PMID_33731876_fam122_en-prompt.txt	OMIM:613721	>10	>10	>10	ORPHA:2896	6119	
1071	PMID_10939567_Spo28_en-prompt.txt	OMIM:181350	4	4	4	ORPHA:399096	7084	1
1072	PMID_26401820_Patient_II_2__proband__en-prompt.txt	OMIM:142900	1	1	1	OMIM:142900	6109	1
1073	PMID_10580070_E_II_4_en-prompt.txt	OMIM:115200	1	1	1	ORPHA:300751	5056	
1074	PMID_27153400_Family_B_IV_9_en-prompt.txt	OMIM:616907	1	1	1	ORPHA:488594	7004	2
1075	STX_S011_en-prompt.txt	OMIM:612164	>10	>10	>10	OMIM:619229	7801	
1076	PMID_25477417_F2_1_en-prompt.txt	OMIM:248250	1	1	1	OMIM:248250	7238	
1077	PMID_28258187_Patient_1_en-prompt.txt	OMIM:618343	1	1	1	OMIM:618343	7758	
1078	PMID_25477417_F11_2_en-prompt.txt	OMIM:248250	1	1	1	OMIM:248250	7238	
1079	PMID_36446582_DeBernardi2018_en-prompt.txt	OMIM:148050	1	1	1	ORPHA:2332	7739	1
1080	PMID_29196670_Patient_9_en-prompt.txt	OMIM:613254	1	1	1	OMIM:613254	7721	
1081	PMID_36440963_III_3_en-prompt.txt	OMIM:620459	1	1	1	OMIM:620459	4108	3
1082	PMID_37303127_6_en-prompt.txt	OMIM:151660	>10	>10	>10	ORPHA:71212	7630	
1083	PMID_28940506_Family_14_Individual_17_en-prompt.txt	OMIM:615471	1	1	1	OMIM:615471	8283	
1084	PMID_24019847_patient_en-prompt.txt	OMIM:147920	4	4	4	OMIM:618280	7669	1
1085	PMID_36307226_Proband_12_en-prompt.txt	OMIM:620537	1	1	1	OMIM:620537	6280	
1086	PMID_29330883_Subject_6_en-prompt.txt	OMIM:616975	1	1	1	OMIM:616975	7967	
1087	PMID_8188302_III_4_en-prompt.txt	OMIM:129600	1	1	1	OMIM:129600	7083	
1088	PMID_12925374_III_1_en-prompt.txt	OMIM:606889	5	5	5	ORPHA:240112	5207	
1089	PMID_32376980_14_en-prompt.txt	OMIM:618164	>10	>10	>10	OMIM:616975	8030	
1090	PMID_27087320_Subject_5_en-prompt.txt	OMIM:616975	1	1	1	OMIM:616975	8281	
1091	PMID_28940506_Family_22_Individual_28_en-prompt.txt	OMIM:615471	>10	>10	>10	OMIM:620371	8273	2
1092	PMID_27040691_Individual_2_1_en-prompt.txt	OMIM:616900	1	1	1	ORPHA:488632	7693	
1093	PMID_34722527_individual_individual_2_Takahide_Suzuki_Anovelexon17_en-prompt.txt	OMIM:613826	10	10	10	OMIM:613835	4939	
1094	STX_P_43_en-prompt.txt	OMIM:612164	>10	>10	>10	ORPHA:1942	4921	
1095	PMID_33045405_Pitt_et_al___2015_A1_3_en-prompt.txt	OMIM:605911	1	1	1	OMIM:605911	5369	
1096	PMID_29801479_proband_en-prompt.txt	OMIM:610968	1	1	1	OMIM:610968	7827	
1097	PMID_35923690_50_4_en-prompt.txt	OMIM:105650	2	2	2	OMIM:610629	7017	1
1098	STX_Syrbe_10_en-prompt.txt	OMIM:612164	4	4	4	ORPHA:457351	5508	3
1099	PMID_10580070_A_III_14_en-prompt.txt	OMIM:115200	1	1	1	OMIM:115200	5748	
1100	PMID_36695497_Individual_1_en-prompt.txt	OMIM:620731	>10	>10	>10	ORPHA:35737	6667	
1101	PMID_30580808_Ind_16_Fam_16_en-prompt.txt	OMIM:618362	>10	>10	>10	OMIM:601358	7977	
1102	PMID_32376980_2_en-prompt.txt	OMIM:618164	>10	>10	>10	OMIM:619475	6011	
1103	PMID_30580808_Chen_Pat_126_Fam_49_en-prompt.txt	OMIM:618362	>10	>10	>10	OMIM:614205	4826	
1104	STX_Syrbe_6_en-prompt.txt	OMIM:612164	>10	>10	>10	ORPHA:79234	5074	
1105	STX_30842224_Patient_3_en-prompt.txt	OMIM:612164	>10	>10	>10	OMIM:236690	4218	
1106	PMID_15266616_154_en-prompt.txt	OMIM:147791	7	7	7	OMIM:304110	7526	
1107	PMID_28007986_B_IV2__en-prompt.txt	OMIM:617527	1	1	1	OMIM:617527	7404	
1108	PMID_37761890_48__en-prompt.txt	OMIM:616362	>10	>10	>10	OMIM:618760	5837	
1109	PMID_21683322_28_en-prompt.txt	OMIM:102370	>10	>10	>10	OMIM:614185	6380	1
1110	PMID_10842287_HOS_B1_en-prompt.txt	OMIM:142900	1	1	1	OMIM:142900	5565	1
1111	PMID_37875108_Patient_2_en-prompt.txt	OMIM:301115	>10	>10	>10	OMIM:618963	6935	
1112	PMID_36446582_Low_2016_P26_23_en-prompt.txt	OMIM:148050	1	1	1	ORPHA:2332	7719	1
1113	PMID_18351627_Patient_I_2_en-prompt.txt	OMIM:142900	1	1	1	OMIM:142900	5605	1
1114	STX_26514728_Patient_22_en-prompt.txt	OMIM:612164	>10	>10	>10	OMIM:617904	5069	6
1115	PMID_29122497_29122497_P1_en-prompt.txt	OMIM:616370	>10	>10	>10	ORPHA:280210	6758	
1116	PMID_21217753_Fam_1_II_7_en-prompt.txt	OMIM:613795	2	2	2	OMIM:619656	6034	
1117	PMID_21696388_V_9_en-prompt.txt	OMIM:606693	>10	>10	>10	OMIM:127750	5265	
1118	PMID_25868664_Family_11_Case_7_Gai_2013_case_8_en-prompt.txt	OMIM:615471	2	2	2	OMIM:614052	8276	
1119	PMID_33731876_fam284_en-prompt.txt	OMIM:613721	>10	>10	>10	OMIM:617333	2319	
1120	STX_Fila_1_EG_CB_en-prompt.txt	OMIM:612164	1	1	1	ORPHA:599373	4460	
1121	PMID_37054711_Family_1_Subject_1_en-prompt.txt	OMIM:620428	1	1	1	OMIM:620428	6832	
1122	PMID_24498630_ISR3_en-prompt.txt	OMIM:246200	1	1	1	ORPHA:508	8055	2
1123	PMID_29469822_Family_3_II_1_en-prompt.txt	OMIM:605275	1	1	1	OMIM:605275	7881	
1124	PMID_17331980_patient_en-prompt.txt	OMIM:611182	1	1	1	OMIM:611182	8085	
1125	PMID_33731876_fam135_en-prompt.txt	OMIM:613721	>10	>10	>10	OMIM:259050	2524	
1126	PMID_33731876_fam7_en-prompt.txt	OMIM:607745	>10	>10	>10	OMIM:300699	4125	
1127	PMID_29078790_proband_en-prompt.txt	OMIM:162500	>10	>10	>10	OMIM:616687	6449	
1128	PMID_33731876_fam369_en-prompt.txt	OMIM:613721	>10	>10	>10	OMIM:618437	2356	
1129	PMID_33731876_fam239_en-prompt.txt	OMIM:613721	>10	>10	>10	ORPHA:412069	3709	
1130	PMID_16917909_603_1_en-prompt.txt	OMIM:142900	>10	>10	>10	OMIM:620066	5651	3
1131	PMID_33731876_fam188_en-prompt.txt	OMIM:613721	>10	>10	>10	ORPHA:163681	7428	
1132	PMID_34722527_individual_individual_3_Thaddeus_P__Dryja_Null_RPGRIP1_Al_en-prompt.txt	OMIM:613826	6	6	6	ORPHA:98973	4809	3
1133	STX_BCH_011_en-prompt.txt	OMIM:612164	>10	>10	>10	ORPHA:98818	4921	
1134	PMID_37962958_7_en-prompt.txt	OMIM:620535	>10	>10	>10	OMIM:613406	7964	
1135	PMID_31021519_individual_from_Farwell_et_al_en-prompt.txt	OMIM:612313	>10	>10	>10	ORPHA:3157	5100	
1136	PMID_32730804_Individual_4_en-prompt.txt	OMIM:620511	1	1	1	OMIM:620511	7707	
1137	PMID_37196654_Individual_67_en-prompt.txt	OMIM:618505	>10	>10	>10	OMIM:619475	8133	
1138	PMID_33731876_fam108_en-prompt.txt	OMIM:613721	>10	>10	>10	ORPHA:79264	5557	
1139	PMID_36446582_Low_2016_P15_3_en-prompt.txt	OMIM:148050	5	5	5	OMIM:614429	6961	
1140	PMID_8825048_index_case_en-prompt.txt	OMIM:613254	1	1	2	OMIM:613254	4721	
1141	PMID_36718090_Patient_3_en-prompt.txt	OMIM:620417	1	1	1	OMIM:620417	7659	
1142	PMID_33731876_fam204_en-prompt.txt	OMIM:613721	>10	>10	>10	OMIM:259050	2524	
1143	PMID_34421895_P3_en-prompt.txt	OMIM:619375	8	8	8	ORPHA:183675	7718	
1144	PMID_37077559_Sibling_1_en-prompt.txt	OMIM:620402	1	1	1	OMIM:620402	5271	
1145	PMID_24736735_G085_Grand_mother_en-prompt.txt	OMIM:146510	3	3	3	OMIM:174200	5802	
1146	PMID_36446582_Parenti2021_P23_en-prompt.txt	OMIM:148050	1	1	1	ORPHA:2332	7734	1
1147	PMID_10797416_Belleh_Patient_CF1347_en-prompt.txt	OMIM:121050	1	1	1	OMIM:121050	7113	
1148	PMID_20979188_patient_en-prompt.txt	OMIM:616914	1	1	1	OMIM:616914	7712	
1149	PMID_36446582_Ockeloen2015_P10_en-prompt.txt	OMIM:148050	4	4	4	OMIM:617883	5269	1
1150	STX_G3_P4_en-prompt.txt	OMIM:612164	>10	>10	>10	OMIM:618890	3728	5
1151	PMID_21358634_Family_18_en-prompt.txt	OMIM:132800	1	1	1	OMIM:132800	6443	
1152	STX_23708187_T22856_en-prompt.txt	OMIM:612164	>10	>10	>10	OMIM:618437	2356	8
1153	PMID_22772371_TAA288_III_2_en-prompt.txt	OMIM:614816	1	1	1	OMIM:614816	7396	4
1154	PMID_30580808_Ind_41_Fam_55_en-prompt.txt	OMIM:618362	>10	>10	>10	OMIM:618371	7968	
1155	PMID_25477417_F16_1_en-prompt.txt	OMIM:248250	1	1	1	OMIM:248250	7238	
1156	PMID_18551513_15_en-prompt.txt	OMIM:613205	1	1	1	OMIM:613205	6721	1
1157	STX_HSJD_Patient_2_en-prompt.txt	OMIM:612164	>10	>10	>10	OMIM:300912	5649	
1158	PMID_24369382_Family_1_II_3_en-prompt.txt	OMIM:614322	1	1	1	OMIM:614322	6756	
1159	PMID_36553465_P3_en-prompt.txt	OMIM:606574	>10	>10	>10	ORPHA:79432	6941	
1160	PMID_37761890_55__en-prompt.txt	OMIM:616362	>10	>10	>10	OMIM:250620	5288	
1161	PMID_37761890_40__en-prompt.txt	OMIM:616362	>10	>10	>10	OMIM:614104	5569	
1162	PMID_25516138_IV_5_en-prompt.txt	OMIM:273900	1	1	1	OMIM:273900	5540	
1163	PMID_38141607_Individuals_3_P3_en-prompt.txt	OMIM:620712	>10	>10	>10	ORPHA:457395	7576	
1164	PMID_24355708_IHG25190_individual_3_en-prompt.txt	OMIM:215470	7	7	7	OMIM:613728	7986	1
1165	PMID_29469822_Family_1_II_3_en-prompt.txt	OMIM:605275	1	1	1	OMIM:605275	7984	1
1166	PMID_14742428_WA_en-prompt.txt	OMIM:620698	>10	>10	>10	OMIM:618850	5297	1
1167	PMID_25477417_F5_2_en-prompt.txt	OMIM:248250	1	1	1	OMIM:248250	7238	
1168	PMID_33731876_fam88_en-prompt.txt	OMIM:613721	>10	>10	>10	ORPHA:2609	5821	
1169	PMID_36073542_individual_1_en-prompt.txt	OMIM:620774	>10	>10	>10	ORPHA:2131	7707	
1170	PMID_34521999_1_en-prompt.txt	OMIM:617140	>10	>10	>10	OMIM:619229	8209	
1171	PMID_34722527_individual_4LCA_1_Daisuke_Miyamichi_Retinalstructu_en-prompt.txt	OMIM:613826	>10	>10	>10	OMIM:613835	4939	
1172	PMID_34521999_52_en-prompt.txt	OMIM:617140	>10	>10	>10	OMIM:619229	8209	
1173	PMID_28782633_Family_1_P1_father_en-prompt.txt	OMIM:620670	>10	>10	>10	OMIM:615577	7148	2
1174	PMID_21683322_15_en-prompt.txt	OMIM:614185	1	1	1	OMIM:614185	6835	
1175	PMID_23335590_Subject_3301_en-prompt.txt	OMIM:304110	1	1	1	OMIM:304110	7075	
1176	PMID_10580070_D_II_1_en-prompt.txt	OMIM:115200	1	1	1	ORPHA:300751	5287	
1177	PMID_15781812_individual_143_en-prompt.txt	OMIM:620681	>10	>10	>10	ORPHA:168491	4606	1
1178	PMID_18669544_FO_09_en-prompt.txt	OMIM:209900	5	5	5	OMIM:610156	6763	2
1179	PMID_22940089_PT3_en-prompt.txt	OMIM:209900	7	7	7	ORPHA:90349	6940	2
1180	PMID_33731876_fam35_en-prompt.txt	OMIM:613721	>10	>10	>10	OMIM:616973	4659	
1181	PMID_36446582_VanDongen2019_P8_en-prompt.txt	OMIM:148050	>10	>10	>10	OMIM:614429	7122	
1182	PMID_36823193_Patient_2_Family_1_en-prompt.txt	OMIM:620451	1	1	1	OMIM:620451	7861	
1183	PMID_27672653_Individual_3_en-prompt.txt	OMIM:231670	1	1	1	OMIM:231670	7585	1
1184	PMID_34521999_45_en-prompt.txt	OMIM:617140	>10	>10	>10	OMIM:619229	8174	
1185	PMID_37433783_P10_en-prompt.txt	OMIM:601674	>10	>10	>10	OMIM:616354	7265	
1186	PMID_21660509_DEM4322b_en-prompt.txt	OMIM:601869	2	1	2	OMIM:614614	5276	
1187	PMID_12058348_Patient_7_en-prompt.txt	OMIM:151100	1	1	1	ORPHA:500	7398	
1188	PMID_33731876_fam22_en-prompt.txt	OMIM:613721	>10	>10	>10	OMIM:616973	6491	
1189	PMID_21236492_Individual_P6_en-prompt.txt	OMIM:614199	>10	>10	>10	OMIM:609049	8027	
1190	PMID_35344616_A2_en-prompt.txt	OMIM:268310	1	1	1	OMIM:268310	7823	1
1191	STX_25818041_Patient_21_en-prompt.txt	OMIM:612164	>10	>10	>10	ORPHA:247262	5013	
1192	PMID_31590245_proband_en-prompt.txt	OMIM:601144	1	1	1	ORPHA:130	2238	1
1193	PMID_17853487_Patient_2_en-prompt.txt	OMIM:607330	1	1	1	OMIM:607330	7895	1
1194	PMID_32376980_29_en-prompt.txt	OMIM:618164	>10	>10	>10	OMIM:619314	7943	
1195	STX_29390993_Patient_P1_en-prompt.txt	OMIM:612164	>10	>10	>10	OMIM:620194	4364	
1196	PMID_19800048_IV_5_en-prompt.txt	OMIM:300804	1	1	1	OMIM:300804	7197	
1197	PMID_36074901_4_en-prompt.txt	OMIM:620465	>10	>10	>10	OMIM:618567	2973	
1198	PMID_31021519_SATB2_06_from_Zarate_et_al__2018a_Scott_et_al_en-prompt.txt	OMIM:612313	1	1	1	ORPHA:576283	6096	
1199	PMID_30612693_4_en-prompt.txt	OMIM:618443	1	1	1	OMIM:618443	7681	
1200	PMID_35880319_Family_2_en-prompt.txt	OMIM:620732	>10	>10	>10	OMIM:618325	7868	
1201	PMID_36331550_Family_25_Patient_30_en-prompt.txt	OMIM:613477	>10	>10	>10	OMIM:618663	6821	
1202	PMID_30057029_Individual_11_en-prompt.txt	OMIM:618089	>10	>10	>10	ORPHA:280633	8306	
1203	PMID_36553465_P11_en-prompt.txt	OMIM:606574	8	8	8	OMIM:619172	6818	
1204	PMID_33731876_fam213_en-prompt.txt	OMIM:613721	>10	>10	>10	OMIM:312750	6500	
1205	PMID_33731876_fam343_en-prompt.txt	OMIM:613721	>10	>10	>10	OMIM:300884	7313	
1206	PMID_26805781_Family_9_Subject_11_II_2_en-prompt.txt	OMIM:616878	1	1	1	OMIM:616878	6832	
1207	PMID_10580070_D_III_2_en-prompt.txt	OMIM:115200	2	2	2	OMIM:616117	5748	
1208	PMID_27182039_3_5_year_old_boy_en-prompt.txt	OMIM:615471	>10	>10	>10	OMIM:252010	8169	4
1209	STX_31130284_UPN_0843_en-prompt.txt	OMIM:612164	>10	>10	>10	OMIM:619512	6038	
1210	PMID_21683322_7_en-prompt.txt	OMIM:614185	1	1	1	OMIM:614185	6860	
1211	PMID_29469822_Family_2_II_4_en-prompt.txt	OMIM:605275	1	1	1	OMIM:605275	8209	1
1212	PMID_33045405_Pitt_et_al___2015_B1_1_en-prompt.txt	OMIM:605911	9	9	9	OMIM:229700	4356	
1213	STX_26865513_Patient_13_en-prompt.txt	OMIM:612164	>10	>10	>10	OMIM:616973	5330	
1214	PMID_30580808_Lo_twin_2_Fam_52_en-prompt.txt	OMIM:618362	>10	>10	>10	OMIM:616789	4917	
1215	PMID_37054711_Family_1_1_Subject_2_en-prompt.txt	OMIM:620428	1	1	1	OMIM:620428	6832	
1216	STX_EG1634P_en-prompt.txt	OMIM:612164	8	8	8	OMIM:616917	4929	
1217	PMID_37196654_Individual_70_en-prompt.txt	OMIM:618505	>10	>10	>10	OMIM:619475	8024	
1218	PMID_21217753_Fam_1_IV_6_en-prompt.txt	OMIM:613795	2	2	2	OMIM:619656	6982	
1219	PMID_36446582_Novara_2017_P9_en-prompt.txt	OMIM:148050	>10	>10	>10	OMIM:614429	6187	
1220	PMID_28183707_nan_en-prompt.txt	OMIM:214500	1	1	1	OMIM:214500	7488	1
1221	PMID_36307226_Proband_4_en-prompt.txt	OMIM:620537	1	1	1	OMIM:620537	6062	
1222	PMID_28289718_Higgins_Patient_2_en-prompt.txt	OMIM:618499	1	1	1	OMIM:618499	7523	1
1223	PMID_36047608_Patient_2_F1_II_1_en-prompt.txt	OMIM:620666	>10	>10	>10	ORPHA:488594	6320	
1224	PMID_28823388_3_month_old_girl_en-prompt.txt	OMIM:102700	1	1	1	OMIM:102700	7400	
1225	PMID_27732904_patient_en-prompt.txt	OMIM:105650	1	1	1	OMIM:105650	7954	1
1226	PMID_36074901_2e_en-prompt.txt	OMIM:620465	>10	>10	>10	ORPHA:382	3556	
1227	PMID_27374306_Case_1_en-prompt.txt	OMIM:616249	1	1	1	OMIM:616249	4082	
1228	PMID_23643385_23643385_P4_en-prompt.txt	OMIM:608913	>10	>10	>10	OMIM:608908	3078	
1229	PMID_36996813_Individual_9_en-prompt.txt	OMIM:620371	1	1	1	OMIM:620371	7754	
1230	PMID_31332438_B_IV_2_en-prompt.txt	OMIM:620528	3	3	3	OMIM:618960	6545	2
1231	PMID_36333996_Patient_of_family_A_en-prompt.txt	OMIM:620427	1	1	1	OMIM:620427	6858	
1232	PMID_22772371_MS239_IV_20_en-prompt.txt	OMIM:614816	1	1	1	OMIM:614816	7314	
1233	PMID_26453364_Patient_4_en-prompt.txt	OMIM:608776	6	6	6	OMIM:620244	7087	
1234	PMID_33731876_fam280_en-prompt.txt	OMIM:613721	>10	>10	>10	OMIM:617333	2319	
1235	PMID_36355422_IV_9_en-prompt.txt	OMIM:620745	>10	>10	>10	OMIM:620416	5975	
1236	PMID_28940506_Family_19_Individual_25_en-prompt.txt	OMIM:615471	>10	>10	>10	OMIM:620371	8273	1
1237	PMID_31239556_individual_25_en-prompt.txt	OMIM:615502	>10	>10	>10	OMIM:309580	8040	
1238	PMID_33731876_fam3_en-prompt.txt	OMIM:607745	>10	>10	>10	OMIM:618470	4094	3
1239	PMID_33731876_fam131_en-prompt.txt	OMIM:613721	1	1	1	OMIM:613721	4958	
1240	PMID_36446582_Goldenberg2016_P8_en-prompt.txt	OMIM:148050	4	4	4	OMIM:617883	6084	1
1241	PMID_32404357_II_1_en-prompt.txt	OMIM:129600	1	1	1	OMIM:129600	7095	2
1242	PMID_31021519_SATB2_05_from_Zarate_et_al__2018a_en-prompt.txt	OMIM:612313	5	5	5	ORPHA:513456	5999	
1243	STX_Syrbe_2_en-prompt.txt	OMIM:612164	5	5	5	OMIM:615859	5809	
1244	PMID_28782633_Family_1_14_year_old_male_P8_en-prompt.txt	OMIM:620670	>10	>10	>10	OMIM:615577	7148	1
1245	STX_S002_en-prompt.txt	OMIM:612164	>10	>10	>10	ORPHA:95232	7709	
1246	PMID_33766796_8_en-prompt.txt	OMIM:620157	>10	>10	>10	ORPHA:500095	4869	
1247	PMID_16912710_Individual_F1012__II_2__en-prompt.txt	OMIM:614199	1	1	1	OMIM:614199	6996	
1248	PMID_15266616_150_en-prompt.txt	OMIM:147791	7	7	7	OMIM:304110	7526	1
1249	PMID_37875108_Patient_6_en-prompt.txt	OMIM:301115	>10	>10	>10	OMIM:619423	6839	
1250	PMID_32154675_Family_2_Patient_3_en-prompt.txt	OMIM:613795	1	1	1	OMIM:613795	7411	1
1251	PMID_26242992_III_6_en-prompt.txt	OMIM:301310	2	2	2	ORPHA:94122	6378	
1252	PMID_26467218_individual_10_Kraoua_et_al__23_en-prompt.txt	OMIM:613224	1	1	1	OMIM:613224	8044	1
1253	PMID_34722527_individual_3676_1_Xia_Wang_Comprehensivem_en-prompt.txt	OMIM:613826	>10	1	>10	OMIM:618567	2973	
1254	PMID_34722527_individual_individual_4_Elena_Vallespin_Mutationscreen_en-prompt.txt	OMIM:608194	>10	>10	>10	OMIM:618567	2973	
1255	PMID_15731757_Family_2_II_1_en-prompt.txt	OMIM:610168	1	1	1	OMIM:610168	7630	1
1256	PMID_37761890_31__en-prompt.txt	OMIM:616362	>10	>10	>10	OMIM:620688	6101	
1257	PMID_37761890_24__en-prompt.txt	OMIM:616362	1	1	1	OMIM:616362	6406	
1258	PMID_29122497_29122497_P5_en-prompt.txt	OMIM:616370	>10	>10	>10	ORPHA:280219	6774	
1259	PMID_34722527_individual_individual_1_Shiyuan_Wang2_Clinicalandge_en-prompt.txt	OMIM:613826	>10	>10	>10	OMIM:613835	4939	1
1260	STX_Syrbe_14_en-prompt.txt	OMIM:612164	3	3	3	OMIM:617904	4603	4
1261	PMID_30568144_Case_Report_en-prompt.txt	OMIM:277700	1	1	1	OMIM:277700	7676	1
1262	PMID_36932076_Patient_1_en-prompt.txt	OMIM:620376	1	1	1	OMIM:620376	7987	
1263	PMID_33633439_940_I_1_en-prompt.txt	OMIM:620731	>10	>10	>10	OMIM:615179	5821	
1264	PMID_36440963_IV_2_en-prompt.txt	OMIM:620459	1	1	1	OMIM:620459	4108	1
1265	PMID_25142838_P11_en-prompt.txt	OMIM:147920	>10	>10	>10	OMIM:608978	7940	1
1266	PMID_36695497_Individual_5_en-prompt.txt	OMIM:620731	>10	>10	>10	ORPHA:35737	6667	
1267	PMID_22158539_individual_8_en-prompt.txt	OMIM:139210	1	1	1	OMIM:139210	7672	
1268	PMID_24721225_Patient_III_3_en-prompt.txt	OMIM:301111	1	1	1	OMIM:301111	6933	
1269	PMID_33633439_12467_I_1_en-prompt.txt	OMIM:620731	>10	>10	>10	OMIM:613703	6249	2
1270	PMID_27991736_proband_II_2_en-prompt.txt	OMIM:147920	>10	>10	>10	OMIM:608978	7990	1
1271	PMID_36307226_Proband_16_en-prompt.txt	OMIM:620537	1	1	1	OMIM:620537	6264	
1272	PMID_36446582_KBG14_en-prompt.txt	OMIM:148050	2	2	2	OMIM:605130	8010	
1273	PMID_12789647_K5_III_1_en-prompt.txt	OMIM:142900	1	1	1	OMIM:142900	5810	1
1274	PMID_23063621_individual_IV10_en-prompt.txt	OMIM:614931	3	3	3	OMIM:619016	6530	
1275	PMID_37880421_Family_4_II_1_en-prompt.txt	OMIM:620653	>10	>10	>10	OMIM:216100	2790	
1276	STX_20887364_Subject_1792_en-prompt.txt	OMIM:612164	4	4	4	OMIM:618663	5996	
1277	PMID_32376980_10_en-prompt.txt	OMIM:618164	>10	>10	>10	OMIM:311900	7636	
1278	PMID_27087320_Subject_1_en-prompt.txt	OMIM:616975	1	1	1	OMIM:616975	8281	
1279	STX_28387369_R1007_en-prompt.txt	OMIM:612164	>10	>10	>10	ORPHA:505652	4585	
1280	PMID_27040692_D_II_1_en-prompt.txt	OMIM:616900	1	1	1	OMIM:616900	7888	
1281	PMID_36446582_Kim_2015_P3_en-prompt.txt	OMIM:148050	1	1	1	ORPHA:2332	7620	1
1282	PMID_37196654_Individual_8_en-prompt.txt	OMIM:618505	>10	>10	>10	ORPHA:48652	8166	
1283	PMID_15266616_147_en-prompt.txt	OMIM:147791	7	7	7	OMIM:304110	7526	
1284	PMID_25145518_patient_III_2_en-prompt.txt	OMIM:163800	2	2	2	OMIM:616249	3552	
1285	PMID_31949313_F7_II_1_en-prompt.txt	OMIM:147920	7	7	7	OMIM:620186	7339	
1286	PMID_37303127_2_en-prompt.txt	OMIM:151660	>10	>10	>10	OMIM:615184	7503	
1287	PMID_22541558_individual_M_3_en-prompt.txt	OMIM:154400	1	1	1	ORPHA:245	7072	1
1288	PMID_37734847_Patient_1_en-prompt.txt	OMIM:620629	1	1	1	OMIM:620629	6068	
1289	PMID_36446582_Low2017_en-prompt.txt	OMIM:148050	1	1	1	ORPHA:2332	7552	1
1290	PMID_31239556_individual_32_en-prompt.txt	OMIM:615502	>10	>10	>10	OMIM:309580	8042	
1291	PMID_15911822_Patient_6_en-prompt.txt	OMIM:234200	1	1	1	OMIM:234200	7459	
1292	PMID_33731876_fam126_en-prompt.txt	OMIM:613721	>10	>10	>10	ORPHA:599373	5672	
1293	PMID_23099195_Patient_5_en-prompt.txt	OMIM:215700	1	1	1	OMIM:215700	6503	
1294	PMID_24889630_Proband_1_en-prompt.txt	OMIM:620680	>10	>10	>10	ORPHA:435660	6066	
1295	PMID_36553465_P28_en-prompt.txt	OMIM:606574	>10	>10	>10	ORPHA:79433	6941	
1296	STX_BCH_002_en-prompt.txt	OMIM:612164	>10	>10	>10	ORPHA:1935	4537	1
1297	PMID_28940506_Family_16_Individual_22_en-prompt.txt	OMIM:615471	>10	>10	>10	OMIM:620371	8334	
1298	PMID_37985816_proband_en-prompt.txt	OMIM:620772	>10	>10	>10	OMIM:615574	7835	
1299	PMID_19541485_patient_en-prompt.txt	OMIM:601098	1	1	1	OMIM:601098	6534	1
1300	PMID_11175294_D13_en-prompt.txt	OMIM:154700	>10	>10	>10	OMIM:617168	6119	1
1301	PMID_19776401_Patient_1_1_en-prompt.txt	OMIM:243700	1	1	1	OMIM:243700	7084	1
1302	PMID_10580070_B_V_1_en-prompt.txt	OMIM:115200	1	1	1	ORPHA:300751	5874	
1303	STX_31780880_Patient1233_en-prompt.txt	OMIM:612164	>10	>10	>10	ORPHA:447896	3609	
1304	PMID_36446582_Low_2016_P27_24_en-prompt.txt	OMIM:148050	1	1	1	ORPHA:2332	7217	1
1305	PMID_33731876_fam115_en-prompt.txt	OMIM:613721	>10	>10	>10	ORPHA:33069	6047	
1306	PMID_31332438_C_III_3_en-prompt.txt	OMIM:620528	1	1	1	OMIM:620528	6796	7
1307	PMID_29907796_Patient_3_en-prompt.txt	OMIM:614608	>10	>10	>10	ORPHA:93926	7374	
1308	PMID_36446582_Novara_2017_P3_en-prompt.txt	OMIM:148050	1	1	1	ORPHA:2332	7189	1
1309	PMID_37196654_Individual_59__DDD_306396__en-prompt.txt	OMIM:618505	>10	>10	>10	OMIM:300967	6362	
1310	PMID_29469822_Family_6_II_6_en-prompt.txt	OMIM:605275	1	1	1	OMIM:605275	7943	1
1311	STX_26865513_Patient_19_en-prompt.txt	OMIM:612164	>10	>10	>10	OMIM:616973	4603	
1312	PMID_23566664_nan_en-prompt.txt	OMIM:102500	3	3	3	ORPHA:243	7189	1
1313	PMID_12203992_D63_en-prompt.txt	OMIM:154700	>10	>10	>10	OMIM:604308	6336	1
1314	PMID_34722527_individual_individual_1_Takahide_Suzuki_Anovelexon17_en-prompt.txt	OMIM:613826	9	9	9	OMIM:613835	4939	9
1315	PMID_26377839_51_year_old_Hungarian_male_patient_en-prompt.txt	OMIM:151100	1	1	1	OMIM:151100	7297	1
1316	PMID_10580070_C_II_4_en-prompt.txt	OMIM:115200	1	1	1	ORPHA:300751	5287	
1317	PMID_34722527_individual_individual_2_Lin_Li__DetectionofVa_en-prompt.txt	OMIM:613826	>10	1	>10	OMIM:618567	2973	
1318	PMID_33731876_fam349_en-prompt.txt	OMIM:613721	>10	>10	>10	ORPHA:163721	5539	
1319	PMID_33731876_fam219_en-prompt.txt	OMIM:613721	>10	>10	>10	ORPHA:177904	6267	
1320	STX_28708303_Patient_56_en-prompt.txt	OMIM:612164	3	3	3	OMIM:615871	4098	
1321	PMID_23829229_23829229_P1_en-prompt.txt	OMIM:256810	6	6	6	OMIM:609060	5713	
1322	PMID_25835445_1_III_6__en-prompt.txt	OMIM:615582	>10	>10	>10	OMIM:610168	6404	2
1323	PMID_33731876_fam95_en-prompt.txt	OMIM:613721	>10	>10	>10	OMIM:614558	6066	
1324	PMID_34722527_individual_TB34R_R77_3_Tami_Current_en-prompt.txt	OMIM:608194	>10	>10	>10	OMIM:616211	4379	3
1325	PMID_35344616_A8_en-prompt.txt	OMIM:268310	1	1	1	OMIM:268310	7843	1
1326	PMID_27007857_proband_en-prompt.txt	OMIM:620458	1	1	1	OMIM:620458	7507	
1327	PMID_34722527_individual_MOL0597_1_4_Beryozkin_Current_en-prompt.txt	OMIM:608194	>10	>10	>10	ORPHA:319332	4809	
1328	PMID_18322662_patient_en-prompt.txt	OMIM:150250	1	1	1	OMIM:150250	6413	1
1329	PMID_32376980_23_en-prompt.txt	OMIM:618164	>10	>10	>10	OMIM:616900	7840	
1330	STX_23708187_T23553_en-prompt.txt	OMIM:612164	>10	>10	>10	OMIM:618437	2356	
1331	PMID_36446582_KBG27_en-prompt.txt	OMIM:148050	3	3	3	OMIM:605130	8058	
1332	PMID_20074988__20074988_P4_en-prompt.txt	OMIM:256810	>10	>10	>10	OMIM:615438	5982	
1333	PMID_33731876_fam28_en-prompt.txt	OMIM:613721	>10	>10	>10	ORPHA:369891	4289	
1334	PMID_18256394_6_en-prompt.txt	OMIM:176670	3	3	3	OMIM:608612	7822	1
1335	PMID_37196654_Individual_48__TAS_F3039Y__en-prompt.txt	OMIM:618505	>10	>10	>10	OMIM:619475	7959	
1336	PMID_17886299_patient_BM5_en-prompt.txt	OMIM:620726	>10	>10	>10	ORPHA:1145	6674	1
1337	PMID_29333303_proposita_en-prompt.txt	OMIM:269150	8	8	8	ORPHA:500150	7994	
1338	PMID_18256394_14_en-prompt.txt	OMIM:176670	3	3	3	OMIM:614008	7697	3
1339	PMID_31509304_F4_III_1_en-prompt.txt	OMIM:617560	1	1	1	ORPHA:527497	7081	
1340	PMID_18669544_FO_03_en-prompt.txt	OMIM:209900	>10	>10	>10	ORPHA:88628	6624	2
1341	STX_26514728_Patient_15_en-prompt.txt	OMIM:612164	>10	>10	>10	OMIM:617904	4901	3
1342	PMID_10571775_YAT_II_1_en-prompt.txt	OMIM:611590	3	3	3	OMIM:179800	6631	
1343	PMID_31021519_SATB2_20_from_Zarate_et_al__2018a_Scott_et_al_en-prompt.txt	OMIM:612313	2	2	2	ORPHA:513456	5937	
1344	PMID_26805781_Family_3_Subject_3_II_1_en-prompt.txt	OMIM:616878	1	1	1	OMIM:616878	7110	
1345	PMID_29469822_Family_5_II_1_2_en-prompt.txt	OMIM:605275	1	1	1	OMIM:605275	7811	3
1346	PMID_31021519_Patient_3_from_Kikuiri_et_al_en-prompt.txt	OMIM:612313	>10	>10	>10	OMIM:615350	5236	
1347	PMID_34722527_individual_LCA_F001_5_Leen_Abu_Safieh_Autozygome_guid_en-prompt.txt	OMIM:613826	>10	1	>10	OMIM:618567	2973	
1348	PMID_33731876_fam82_en-prompt.txt	OMIM:613721	>10	>10	>10	OMIM:615473	6168	
1349	PMID_29606302_C_IV_6_en-prompt.txt	OMIM:618000	1	1	1	OMIM:618000	7913	
1350	PMID_33576469_Patient_5_en-prompt.txt	OMIM:129600	1	1	1	OMIM:129600	6873	
1351	PMID_27259050_III_5_en-prompt.txt	OMIM:159550	>10	>10	>10	OMIM:605432	6898	
1352	PMID_27067446_IV1_en-prompt.txt	OMIM:248250	1	1	1	OMIM:248250	7864	
1353	PMID_22772368_6_II_6_en-prompt.txt	OMIM:614816	1	1	1	OMIM:614816	7268	1
1354	PMID_22258530_Patient_14_en-prompt.txt	OMIM:613477	3	3	3	OMIM:619606	6305	
1355	STX_Syrbe_27_en-prompt.txt	OMIM:612164	2	2	2	OMIM:617711	6940	
1356	STX_HSJD_Patient_8_en-prompt.txt	OMIM:612164	9	9	9	ORPHA:369837	5046	
1357	PMID_32376980_34_en-prompt.txt	OMIM:618164	>10	>10	>10	ORPHA:476126	7774	
1358	PMID_36553465_P9_en-prompt.txt	OMIM:606574	8	8	8	ORPHA:79432	6818	
1359	PMID_36446582_Parenti2021_P7_en-prompt.txt	OMIM:148050	1	1	1	ORPHA:2332	8040	
1360	PMID_36446582_KBG30_en-prompt.txt	OMIM:148050	>10	>10	>10	OMIM:605130	8088	
1361	PMID_31239556_individual_1_Chen_et_al_en-prompt.txt	OMIM:615502	>10	>10	>10	OMIM:309580	8042	
1362	PMID_35962790_Family_D_Individual_5__II_2__en-prompt.txt	OMIM:620545	1	1	1	OMIM:620545	7976	
1363	PMID_21358634_Family_12_en-prompt.txt	OMIM:132800	1	1	1	OMIM:132800	6443	1
1364	PMID_22772371_TAA288_IV_1_en-prompt.txt	OMIM:614816	1	1	1	OMIM:614816	7396	
1365	PMID_22772371_TAA288_III_8_en-prompt.txt	OMIM:614816	1	1	1	OMIM:614816	7396	3
1366	PMID_9199560_Maslen_1997_Patient_CS971736_en-prompt.txt	OMIM:121050	1	1	1	OMIM:121050	7113	2
1367	PMID_22772368_6_III_6_en-prompt.txt	OMIM:614816	1	1	1	OMIM:614816	7121	2
1368	PMID_28074573_AS1_en-prompt.txt	OMIM:163950	4	4	4	OMIM:613706	7164	1
1369	PMID_21367767_F48_II_3_en-prompt.txt	OMIM:606658	>10	>10	>10	OMIM:609270	6967	
1370	PMID_33731876_fam102_en-prompt.txt	OMIM:613721	>10	>10	>10	OMIM:180849	5371	
1371	PMID_27738187_Patient_3_en-prompt.txt	OMIM:617180	1	1	1	OMIM:617180	7781	
1372	PMID_35962790_Family_A_Individual_2__II_4__en-prompt.txt	OMIM:620545	1	1	1	OMIM:620545	7967	
1373	PMID_31239556_individual_16_en-prompt.txt	OMIM:615502	>10	>10	>10	OMIM:309580	8052	
1374	STX_EG0086P_en-prompt.txt	OMIM:612164	8	8	8	OMIM:617802	6986	
1375	PMID_34722527_individual_13_5_Arif_O_Khan_Geneticanalysi_en-prompt.txt	OMIM:613826	>10	>10	>10	ORPHA:98973	4939	1
1376	PMID_34722527_individual_QT312_6_Lin_Li_DetectionofVa_en-prompt.txt	OMIM:613826	>10	1	>10	OMIM:618567	2973	
1377	PMID_21367767_F34_IV_4_en-prompt.txt	OMIM:606658	>10	>10	>10	OMIM:609270	6967	
1378	PMID_24736735_G083__Father_en-prompt.txt	OMIM:146510	3	3	3	OMIM:174200	6205	
1379	STX_58_en-prompt.txt	OMIM:612164	>10	>10	>10	OMIM:620292	5109	
1380	PMID_15266616_91_en-prompt.txt	OMIM:147791	7	7	7	OMIM:304110	7526	5
1381	PMID_36586412_5_en-prompt.txt	OMIM:301111	>10	>10	>10	OMIM:618846	4160	
1382	PMID_33731876_fam191_en-prompt.txt	OMIM:613721	>10	>10	>10	OMIM:614959	3780	
1383	STX_STXBP1adult_Pt4_en-prompt.txt	OMIM:612164	>10	>10	>10	OMIM:300672	6710	6
1384	STX_BCH_008_en-prompt.txt	OMIM:612164	>10	>10	>10	OMIM:301066	2787	
1385	PMID_15731757_Family_6_I_2_en-prompt.txt	OMIM:610168	1	1	1	OMIM:610168	7638	1
1386	PMID_21358634_Family_5_en-prompt.txt	OMIM:132800	1	1	1	OMIM:132800	6443	
1387	PMID_18423521_Patient_1b_en-prompt.txt	OMIM:113620	1	1	1	OMIM:113620	6844	1
1388	PMID_12203992_D2_en-prompt.txt	OMIM:154700	>10	>10	>10	OMIM:604308	6911	1
1389	PMID_29122497_29122497_P10_en-prompt.txt	OMIM:616370	>10	>10	>10	ORPHA:280210	6758	
1390	PMID_34722527_individual_TB33T_R73_1_Tami_Current_en-prompt.txt	OMIM:608194	>10	>10	>10	OMIM:620344	4809	3
1391	PMID_36553465_P22_en-prompt.txt	OMIM:606574	10	10	10	OMIM:619172	6786	
1392	PMID_33731876_fam370_en-prompt.txt	OMIM:613721	>10	>10	>10	OMIM:618437	2356	
1393	PMID_33731876_fam220_en-prompt.txt	OMIM:613721	>10	>10	>10	OMIM:309541	5897	
1394	PMID_25868664_Family_24_Case_11_en-prompt.txt	OMIM:615471	>10	>10	>10	OMIM:613559	7896	
1395	PMID_31239556_individual_38_en-prompt.txt	OMIM:615502	>10	>10	>10	OMIM:309580	8046	
1396	PMID_25835445_1_II_12__en-prompt.txt	OMIM:615582	>10	>10	>10	OMIM:610168	6260	2
1397	PMID_29378527_male_sinbling_en-prompt.txt	OMIM:600920	1	1	1	OMIM:600920	6594	
1398	STX_26865513_Patient_7_en-prompt.txt	OMIM:612164	>10	>10	>10	ORPHA:98784	6950	
1399	PMID_28940506_Family_1_Individual_2_en-prompt.txt	OMIM:615471	>10	>10	>10	OMIM:620371	8270	3
1400	STX_26865513_Patient_20_en-prompt.txt	OMIM:612164	5	5	5	OMIM:616973	6569	
1401	PMID_36303223_individual_31_PMID_31806255_en-prompt.txt	OMIM:272300	1	1	1	OMIM:272300	7280	1
1402	PMID_36446582_Low_2016_P21_15_en-prompt.txt	OMIM:148050	1	1	1	ORPHA:2332	7266	
1403	PMID_29196670_Patient_7_en-prompt.txt	OMIM:191100	2	2	2	OMIM:613254	7721	1
1404	PMID_30580808_Ind_14_Fam_14_en-prompt.txt	OMIM:618362	>10	>10	>10	OMIM:135900	7960	
1405	PMID_37196654_Individual_49__DEASD_0146_001__en-prompt.txt	OMIM:618505	>10	>10	>10	OMIM:613670	5835	
1406	PMID_21217753_Fam_1_IV_18_en-prompt.txt	OMIM:613795	2	2	2	OMIM:619656	6982	
1407	PMID_31021519_SATB2_39_from_Zarate_et_al__2018a_Scott_et_al_en-prompt.txt	OMIM:612313	1	1	1	ORPHA:576283	6096	
1408	PMID_23222957_Family_8_8_2_en-prompt.txt	OMIM:242840	>10	>10	>10	OMIM:618223	7913	
1409	PMID_23086397_Patient_1_en-prompt.txt	OMIM:614959	2	2	2	OMIM:600512	6458	
1410	PMID_30356099_Patient_5_en-prompt.txt	OMIM:616211	1	1	1	OMIM:616211	7661	
1411	PMID_33731876_fam11_en-prompt.txt	OMIM:613721	>10	>10	>10	OMIM:614558	4574	
1412	PMID_15781812_individual_167_en-prompt.txt	OMIM:620681	>10	>10	>10	ORPHA:168491	4606	1
1413	PMID_33045405_Pitt_et_al___2015_A2_1_en-prompt.txt	OMIM:605911	2	2	2	OMIM:610768	5081	
1414	PMID_27861123_Patient_2_en-prompt.txt	OMIM:614021	>10	>10	>10	OMIM:604772	2238	7
1415	PMID_37962958_40_en-prompt.txt	OMIM:620535	>10	>10	>10	OMIM:620270	5368	
1416	PMID_35977029_NA127_en-prompt.txt	OMIM:620494	1	1	1	OMIM:620494	7453	
1417	PMID_24126608_BAB3022_en-prompt.txt	OMIM:620542	1	1	1	OMIM:620542	7802	
1418	PMID_35617047_Proband_1b_en-prompt.txt	OMIM:620647	>10	>10	>10	OMIM:603041	7455	4
1419	PMID_11093277_K8345_III_1_FC_en-prompt.txt	OMIM:305400	2	2	2	OMIM:145420	7516	1
1420	PMID_34722527_individual_individual_1_Boulanger_Scemama__2015__Orphanet_J_Rare_Dis_10__85_nan_en-prompt.txt	OMIM:608194	>10	>10	>10	OMIM:618567	2973	
1421	PMID_37196654_Individual_2_en-prompt.txt	OMIM:618505	>10	>10	>10	OMIM:620083	7714	
1422	PMID_29330883_Subject_8_en-prompt.txt	OMIM:616975	1	1	1	OMIM:616975	8078	
1423	STX_26514728_Patient_4_en-prompt.txt	OMIM:612164	>10	>10	>10	OMIM:618663	4580	3
1424	PMID_30569521_proband_en-prompt.txt	OMIM:617180	2	2	2	OMIM:616145	7825	
1425	STX_29056246_Patient_54_en-prompt.txt	OMIM:612164	>10	>10	>10	OMIM:616393	2319	
1426	PMID_34722527_individual_QT584_4_Lin_Li_DetectionofVa_en-prompt.txt	OMIM:613826	>10	1	>10	OMIM:618567	2973	
1427	PMID_25216260_Family_1_Patient_2_en-prompt.txt	OMIM:142900	3	3	3	OMIM:615272	6305	1
1428	PMID_18297069_Case_6_en-prompt.txt	OMIM:300707	1	1	1	OMIM:300707	7834	
1429	PMID_29050398_P2_en-prompt.txt	OMIM:620540	1	1	1	OMIM:620540	7071	
1430	PMID_22158539_individual_2_en-prompt.txt	OMIM:139210	1	1	1	OMIM:139210	7810	
1431	PMID_36446582_Lim2014_en-prompt.txt	OMIM:148050	1	1	1	OMIM:148050	7148	1
1432	STX_HSJD_Patient_15_en-prompt.txt	OMIM:612164	>10	>10	>10	ORPHA:1935	5060	
1433	PMID_31021519_individual_SATB2_140_en-prompt.txt	OMIM:612313	5	5	5	ORPHA:513456	5999	1
1434	PMID_36303223_individual_11_PMID_12112661_en-prompt.txt	OMIM:272300	>10	>10	>10	OMIM:617333	2319	
1435	PMID_24321194_II_11_en-prompt.txt	OMIM:248250	3	3	3	OMIM:620374	4410	
1436	PMID_30315159_Patient_1_en-prompt.txt	OMIM:620475	1	1	1	OMIM:620475	8054	
1437	PMID_10939567_EMD4_II_2_en-prompt.txt	OMIM:181350	2	2	2	ORPHA:98855	7020	1
1438	STX_Syrbe_8_en-prompt.txt	OMIM:612164	>10	>10	>10	OMIM:619995	6334	
1439	PMID_21683322_26_en-prompt.txt	OMIM:102370	>10	>10	>10	OMIM:614185	6226	1
1440	PMID_33766796_2_en-prompt.txt	OMIM:620157	>10	>10	>10	OMIM:619575	4980	
1441	PMID_9398836_Family_J2_20_III_2_en-prompt.txt	OMIM:137920	>10	>10	>10	OMIM:609812	4781	
1442	PMID_36446582_Novara_2017_P10_en-prompt.txt	OMIM:148050	>10	>10	>10	OMIM:140350	4133	
1443	PMID_33688495_IV_2_en-prompt.txt	OMIM:615981	>10	>10	>10	OMIM:620029	7769	1
1444	PMID_28687524_proband_en-prompt.txt	OMIM:602342	1	1	1	OMIM:602342	7882	
1445	PMID_22736615_Patient_1_en-prompt.txt	OMIM:129600	1	1	1	OMIM:129600	7092	1
1446	PMID_34722527_individual_individual_1_Juliana_Maria_Ferraz_Sallum1_12_Clinicalandmo_en-prompt.txt	OMIM:613826	>10	>10	>10	ORPHA:98973	4809	1
1447	PMID_26044242_24_year_old_Caucasian_male_en-prompt.txt	OMIM:212050	1	1	1	OMIM:212050	6519	4
1448	PMID_32528524_II_2_en-prompt.txt	OMIM:610168	1	1	1	OMIM:610168	6450	3
1449	PMID_37352860_Individual_6_en-prompt.txt	OMIM:620662	1	1	1	OMIM:620662	7636	
1450	PMID_33731876_fam9_en-prompt.txt	OMIM:607745	>10	>10	>10	ORPHA:86309	4125	
1451	PMID_34722527_individual_individual_1_H_Abouzeid_ANovelRecessi_en-prompt.txt	OMIM:613826	>10	>10	>10	OMIM:616211	4379	5
1452	PMID_36446582_Goldenberg2016_P2_en-prompt.txt	OMIM:148050	2	2	2	OMIM:617883	4400	1
1453	PMID_18423521_Patient_4_en-prompt.txt	OMIM:113620	1	1	1	OMIM:113620	6844	1
1454	PMID_29058101_Patient_1_en-prompt.txt	OMIM:243700	>10	>10	>10	ORPHA:169160	7315	
1455	STX_26865513_Patient_37_en-prompt.txt	OMIM:612164	3	3	3	OMIM:300243	7047	
1456	PMID_36996813_Individual_3_en-prompt.txt	OMIM:620371	1	1	1	OMIM:620371	7820	
1457	PMID_10939567_Spo1_en-prompt.txt	OMIM:181350	2	2	2	ORPHA:399096	7020	2
1458	PMID_34612517_F1_II_3_en-prompt.txt	OMIM:617478	1	1	1	OMIM:617478	7417	
1459	PMID_17295247_Individual_III_2_en-prompt.txt	OMIM:306955	3	3	3	OMIM:270100	5980	
1460	PMID_36446582_Parenti2021_P10_en-prompt.txt	OMIM:148050	1	1	1	ORPHA:2332	8040	1
1461	STX_21770924_Patient_3_en-prompt.txt	OMIM:612164	>10	>10	>10	OMIM:614254	6132	
1462	PMID_35904126_Proband_3_en-prompt.txt	OMIM:620450	1	1	1	OMIM:620450	7125	
1463	PMID_33731876_fam367_en-prompt.txt	OMIM:613721	>10	>10	>10	ORPHA:1713	5541	
1464	PMID_33731876_fam237_en-prompt.txt	OMIM:613721	>10	>10	>10	OMIM:619503	4873	
1465	PMID_33731876_fam106_en-prompt.txt	OMIM:613721	>10	>10	>10	OMIM:259050	2524	
1466	PMID_31239556_individual_12_en-prompt.txt	OMIM:615502	>10	>10	>10	OMIM:309580	8070	
1467	PMID_36586412_1_en-prompt.txt	OMIM:301111	>10	1	>10	OMIM:617333	4563	
1468	PMID_34392356_PK_INF_602_en-prompt.txt	OMIM:620686	>10	>10	>10	OMIM:619643	3048	
1469	PMID_15266616_95_en-prompt.txt	OMIM:147791	7	7	7	OMIM:304110	7526	
1470	PMID_24603435_Family_1_affected_individual_en-prompt.txt	OMIM:613717	1	1	1	OMIM:613717	6514	1
1471	PMID_37962958_9_en-prompt.txt	OMIM:620535	>10	>10	>10	OMIM:619841	7863	
1472	PMID_15911822_Patient_12_en-prompt.txt	OMIM:234200	1	1	1	OMIM:234200	7459	
1473	PMID_31021519_SATB2_73_from_Bengani_et_al_en-prompt.txt	OMIM:612313	>10	>10	>10	OMIM:618603	5287	
1474	PMID_24736735_G043__en-prompt.txt	OMIM:175700	2	2	2	OMIM:174200	6362	5
1475	PMID_24736735_G056__en-prompt.txt	OMIM:175700	2	2	2	OMIM:174200	6362	1
1476	PMID_21358634_Family_16_en-prompt.txt	OMIM:132800	1	1	1	OMIM:132800	6443	
1477	PMID_36047608_Patient_4_F3_II_3_en-prompt.txt	OMIM:620666	>10	>10	>10	OMIM:613728	6609	
1478	PMID_15731757_Family_4_II_1_en-prompt.txt	OMIM:610168	1	1	1	OMIM:610168	7638	1
1479	PMID_36586412_9a_en-prompt.txt	OMIM:301111	>10	>10	>10	OMIM:618846	4160	
1480	PMID_10797416_Belleh_Patient_CF1349_en-prompt.txt	OMIM:121050	1	1	1	OMIM:121050	7113	
1481	PMID_26247899_P2_1_en-prompt.txt	OMIM:619656	1	1	1	OMIM:619656	7472	
1482	PMID_33731876_fam86_en-prompt.txt	OMIM:607745	>10	1	>10	OMIM:618567	4017	2
1483	PMID_16965330_patient_12_en-prompt.txt	OMIM:240300	1	1	1	ORPHA:3453	6281	
1484	PMID_32376980_30_en-prompt.txt	OMIM:618164	>10	>10	>10	OMIM:619503	7983	
1485	PMID_8282779_II_1_en-prompt.txt	OMIM:612653	1	1	2	OMIM:612653	6349	1
1486	PMID_22258530_Patient_10_en-prompt.txt	OMIM:613477	>10	>10	>10	OMIM:619606	6120	
1487	PMID_33576469_Patient_1_en-prompt.txt	OMIM:129600	1	1	1	OMIM:129600	6873	1
1488	PMID_34722527_individual_individual_3_Saloni_Walia_VisualAcuityi_en-prompt.txt	OMIM:613826	>10	>10	>10	ORPHA:98973	4809	
1489	PMID_23440193_11_y_old_boy_en-prompt.txt	OMIM:609622	6	6	6	OMIM:616399	2238	1
1490	PMID_33045405_This_study_patient_1_en-prompt.txt	OMIM:605911	1	1	1	OMIM:605911	6790	
1491	PMID_36446582_KBG34_en-prompt.txt	OMIM:148050	2	2	2	OMIM:605130	8218	1
1492	PMID_36446582_Parenti2021_P3_en-prompt.txt	OMIM:148050	1	1	1	ORPHA:2332	8040	1
1493	PMID_18669544_FO_07_en-prompt.txt	OMIM:209900	5	5	5	OMIM:610156	6423	2
1494	STX_26514728_Patient_11_en-prompt.txt	OMIM:612164	>10	>10	>10	OMIM:618663	4537	
1495	PMID_32376980_8____patient_DDD4K_03113_in_DDD_study__Nature__2017__en-prompt.txt	OMIM:618164	>10	>10	>10	OMIM:619493	7971	
1496	STX_EG0573P_en-prompt.txt	OMIM:612164	>10	>10	>10	ORPHA:485350	6552	
1497	PMID_10842287_HOS_A2_en-prompt.txt	OMIM:142900	1	1	1	OMIM:142900	5760	1
1498	PMID_37196654_Individual_47__DDD_303829__en-prompt.txt	OMIM:618505	>10	>10	>10	OMIM:619229	7852	
1499	PMID_20519243_4_en-prompt.txt	OMIM:142900	4	4	4	OMIM:212093	5635	
1500	PMID_15499950_15499950_P3_en-prompt.txt	OMIM:604377	2	2	2	OMIM:600721	4854	
1501	PMID_18669544_FO_10_en-prompt.txt	OMIM:209900	5	5	5	OMIM:610156	6763	2
1502	PMID_37761890_33__en-prompt.txt	OMIM:616362	>10	>10	>10	ORPHA:847	6768	
1503	PMID_37761890_26__en-prompt.txt	OMIM:616362	>10	>10	>10	OMIM:619179	6734	
1504	PMID_18256394_2_en-prompt.txt	OMIM:176670	3	3	3	OMIM:248370	7656	3
1505	PMID_21660509_DEM4197b_en-prompt.txt	OMIM:601869	2	1	2	OMIM:614614	5276	
1506	PMID_30113454_index_en-prompt.txt	OMIM:133540	1	1	1	OMIM:133540	7621	
1507	PMID_26805781_Family_1_Subject_1_II_1_en-prompt.txt	OMIM:616878	1	1	1	OMIM:616878	7646	
1508	PMID_21236492_Individual_P8_en-prompt.txt	OMIM:614199	>10	>10	>10	OMIM:609049	7811	
1509	PMID_22772371_MS211_III_14_en-prompt.txt	OMIM:614816	1	1	1	OMIM:614816	7314	
1510	PMID_29606302_A_II_1_en-prompt.txt	OMIM:618000	1	1	1	OMIM:618000	8132	
1511	PMID_21660509_PKDF1258b_en-prompt.txt	OMIM:601869	2	1	2	OMIM:614614	5276	
1512	PMID_15731757_Family_9_II_1_en-prompt.txt	OMIM:609192	1	1	1	OMIM:609192	7395	1
1513	PMID_30101859_Patient_4_en-prompt.txt	OMIM:610168	1	1	1	OMIM:610168	7268	1
1514	PMID_18256394_10_en-prompt.txt	OMIM:176670	2	2	2	OMIM:608612	7822	3
1515	PMID_10580070_B_IV_4_en-prompt.txt	OMIM:115200	10	10	10	OMIM:617047	5874	
1516	PMID_23993194_Family_2_Case_4_en-prompt.txt	OMIM:615471	2	2	2	OMIM:614052	8193	6
1517	PMID_34722527_individual_LCA_F041_4_Leen_Abu_Safieh_Autozygome_guid_en-prompt.txt	OMIM:613826	>10	1	>10	OMIM:618567	2973	
1518	PMID_33731876_fam91_en-prompt.txt	OMIM:607745	2	2	2	ORPHA:725	6245	
1519	PMID_32376980_27_en-prompt.txt	OMIM:618164	7	7	7	OMIM:617506	8063	
1520	PMID_34722527_individual_16_8_Arif_O_Khan_Geneticanalysi_en-prompt.txt	OMIM:613826	>10	>10	>10	ORPHA:98973	4939	1
1521	PMID_36446582_KBG23_en-prompt.txt	OMIM:148050	2	2	2	OMIM:605130	8223	1
1522	PMID_27099744_Family_27_en-prompt.txt	OMIM:615471	4	4	4	OMIM:620371	8297	
1523	PMID_31949313_F1_II_1_en-prompt.txt	OMIM:147920	>10	>10	>10	OMIM:620186	7295	
1524	PMID_36446582_Murray_2017_P9_5_1_en-prompt.txt	OMIM:148050	1	1	1	OMIM:148050	7587	1
1525	PMID_23222957_Family_3_3_1_en-prompt.txt	OMIM:242840	>10	>10	>10	OMIM:618223	7965	
1526	PMID_35150594_K_III_4_en-prompt.txt	OMIM:620538	1	1	1	OMIM:620538	6844	
1527	PMID_21660509_W98_042e_en-prompt.txt	OMIM:601869	2	1	2	OMIM:614614	5276	
1528	STX_EG0239P_en-prompt.txt	OMIM:612164	>10	>10	>10	OMIM:117360	6728	
1529	PMID_36890397_P1_en-prompt.txt	OMIM:619375	>10	>10	>10	OMIM:619220	6610	
1530	PMID_24715504_patient_en-prompt.txt	OMIM:139210	1	1	1	OMIM:139210	7051	
1531	PMID_34722527_individual_MEP43_5_Martin_McKibbin_Genotype_Phenot_en-prompt.txt	OMIM:613826	>10	>10	>10	ORPHA:98973	4809	
1532	STX_EG1494P_en-prompt.txt	OMIM:612164	>10	>10	>10	OMIM:301066	4930	2
1533	PMID_33731876_fam111_en-prompt.txt	OMIM:613721	>10	>10	>10	OMIM:618437	2356	
1534	PMID_30564627_Subject_II_8_en-prompt.txt	OMIM:620732	>10	>10	>10	OMIM:618325	7953	
1535	PMID_28065471_PV_1_en-prompt.txt	OMIM:617403	1	1	1	OMIM:617403	7957	
1536	PMID_29037160_Case_3_family_III_en-prompt.txt	OMIM:220400	1	1	1	OMIM:220400	5598	1
1537	PMID_36303223_individual_4_PMID_12112661_en-prompt.txt	OMIM:272300	>10	>10	>10	OMIM:617333	2319	
1538	PMID_37711075_Family_2_R176_01_en-prompt.txt	OMIM:620546	1	1	1	OMIM:620546	7503	
1539	PMID_37880421_Family_2_II_1_en-prompt.txt	OMIM:620653	>10	>10	>10	ORPHA:468631	7825	
1540	PMID_36446582_Novara_2017_P7_en-prompt.txt	OMIM:148050	2	2	2	OMIM:617883	5980	1
1541	PMID_15266616_82_en-prompt.txt	OMIM:147791	7	7	7	OMIM:304110	7526	4
1542	PMID_20887961_Patient_4_en-prompt.txt	OMIM:600920	1	1	1	OMIM:600920	6631	
1543	PMID_9697705_brother_en-prompt.txt	OMIM:241850	1	1	1	OMIM:241850	7372	2
1544	PMID_21683322_9_en-prompt.txt	OMIM:614185	1	1	1	OMIM:614185	7091	
1545	PMID_12203992_D67_en-prompt.txt	OMIM:154700	>10	>10	>10	OMIM:236200	6588	1
1546	PMID_31021519_SATB2_70_from_Zarate_et_al__2018a_en-prompt.txt	OMIM:612313	1	1	1	ORPHA:576283	6035	
1547	PMID_28239884_Family_1_proband_en-prompt.txt	OMIM:148600	7	7	7	OMIM:615522	4654	
1548	PMID_10580070_E_III_8_en-prompt.txt	OMIM:115200	1	1	1	OMIM:115200	5056	
1549	PMID_36996813_Individual_7_en-prompt.txt	OMIM:620371	1	1	1	OMIM:620371	7242	
1550	PMID_33731876_fam182_en-prompt.txt	OMIM:613721	>10	>10	>10	OMIM:259050	2524	
1551	PMID_36331550_Family_10_Patient_12_en-prompt.txt	OMIM:620540	1	1	1	OMIM:620540	7375	
1552	PMID_37349293_Patient_1_en-prompt.txt	OMIM:620565	1	1	1	OMIM:620565	7934	
1553	PMID_19776401_Patient_8_2_en-prompt.txt	OMIM:243700	1	1	1	OMIM:243700	7376	1
1554	PMID_36446582_Parenti2021_P14_en-prompt.txt	OMIM:148050	1	1	1	ORPHA:2332	8039	
1555	PMID_28940506_Family_24_Individual_30_en-prompt.txt	OMIM:615471	7	7	7	OMIM:620371	8340	3
1556	PMID_25896430_Patient_4_en-prompt.txt	OMIM:147920	1	1	1	OMIM:147920	7728	1
1557	PMID_33731876_fam233_en-prompt.txt	OMIM:613721	>10	>10	>10	OMIM:620243	5430	
1558	PMID_33731876_fam363_en-prompt.txt	OMIM:613721	>10	>10	>10	OMIM:619475	5451	
1559	STX_STXBP1adult_Pt11_en-prompt.txt	OMIM:612164	7	7	7	ORPHA:2524	6097	
1560	PMID_19818506_Patient_1B_en-prompt.txt	OMIM:620344	2	2	2	OMIM:608415	5207	1
1561	PMID_11344241_III_3_en-prompt.txt	OMIM:151660	1	1	1	OMIM:151660	7307	
1562	PMID_36446582_Goldenberg2016_P6_en-prompt.txt	OMIM:148050	3	3	3	OMIM:617883	6761	1
1563	PMID_31969900_S1_en-prompt.txt	OMIM:615471	9	9	9	OMIM:614388	7491	
1564	PMID_37352860_Individual_2_en-prompt.txt	OMIM:620663	1	1	1	OMIM:620663	7082	
1565	PMID_16917909_666_2__en-prompt.txt	OMIM:142900	3	3	3	OMIM:615272	5563	1
1566	PMID_25007886_Subject_3_en-prompt.txt	OMIM:613268	1	1	1	OMIM:613268	4520	
1567	PMID_36355422_IV_7_en-prompt.txt	OMIM:620745	>10	>10	>10	OMIM:620416	5975	1
1568	STX_26865513_Patient_33_en-prompt.txt	OMIM:612164	4	4	4	ORPHA:86309	5708	
1569	PMID_19864672_Patient_2M_en-prompt.txt	OMIM:212050	1	1	1	OMIM:212050	5985	1
1570	PMID_28446873_Case_1_en-prompt.txt	OMIM:200150	1	1	1	OMIM:200150	6135	1
1571	PMID_31021519_Subject_3_from_Rosenfeld_et_al_en-prompt.txt	OMIM:612313	>10	>10	>10	ORPHA:1493	5937	
1572	PMID_30580808_Chen_Pat_123_Fam_47_en-prompt.txt	OMIM:618362	>10	>10	>10	OMIM:614205	4826	
1573	PMID_12789647_K11_III_2_en-prompt.txt	OMIM:142900	1	1	1	OMIM:142900	5810	1
1574	STX_31164858_Patient_018P_en-prompt.txt	OMIM:612164	>10	>10	>10	ORPHA:485350	5658	
1575	PMID_22158539_individual_11_en-prompt.txt	OMIM:139210	1	1	1	OMIM:139210	7672	
1576	PMID_22939636_Family_1_Individual_1_en-prompt.txt	OMIM:614833	>10	>10	>10	OMIM:619103	6277	
1577	PMID_30315159_Patient_5_en-prompt.txt	OMIM:620475	1	1	1	OMIM:620475	8054	
1578	PMID_21696388_V_3_en-prompt.txt	OMIM:606693	2	2	2	ORPHA:171695	6418	
1579	PMID_25129007_25129007_P1_en-prompt.txt	OMIM:256810	4	4	4	OMIM:613070	5735	3
1580	PMID_15781812_individual_174_en-prompt.txt	OMIM:620681	>10	>10	>10	ORPHA:168491	4606	
1581	STX_26740508_Proband_14_en-prompt.txt	OMIM:612164	>10	>10	>10	ORPHA:505652	5893	
1582	PMID_27040692_B_IV_4_en-prompt.txt	OMIM:616900	1	1	1	OMIM:616900	7888	
1583	PMID_22158539_individual_6_en-prompt.txt	OMIM:139210	1	1	1	OMIM:139210	7810	
1584	PMID_25835445_7_I_1_en-prompt.txt	OMIM:615582	>10	>10	>10	OMIM:617168	6587	1
1585	PMID_11175294_B7_en-prompt.txt	OMIM:154700	>10	>10	>10	OMIM:129600	6634	1
1586	PMID_29755943_Family_2_IV_1_en-prompt.txt	OMIM:142900	1	1	1	OMIM:142900	6109	5
1587	PMID_34722527_individual_MEP1_3_Martin_McKibbin_Genotype_Phenot_en-prompt.txt	OMIM:613826	>10	>10	>10	ORPHA:98973	4809	1
1588	PMID_15266616_4_en-prompt.txt	OMIM:147791	7	7	7	OMIM:304110	7526	
1589	PMID_37226891_Individual_2_en-prompt.txt	OMIM:620779	>10	>10	>10	ORPHA:468620	6337	
1590	PMID_37196654_Individual_44__DDD_286674__en-prompt.txt	OMIM:618505	>10	>10	>10	OMIM:619475	7874	
1591	PMID_37962958_44_en-prompt.txt	OMIM:620535	>10	>10	>10	OMIM:619648	7564	
1592	PMID_37196654_Individual_6_en-prompt.txt	OMIM:618505	>10	>10	>10	OMIM:620455	8137	
1593	PMID_37761890_57__en-prompt.txt	OMIM:616362	>10	>10	>10	OMIM:613720	4828	
1594	PMID_37761890_42__en-prompt.txt	OMIM:616362	>10	>10	>10	OMIM:617105	6044	
1595	STX_G2_P3_en-prompt.txt	OMIM:612164	>10	>10	>10	OMIM:618087	4003	
1596	PMID_18297069_Case_2_en-prompt.txt	OMIM:300707	1	1	1	OMIM:300707	7834	
1597	PMID_35534203_R0036_II_3_P2_en-prompt.txt	OMIM:620744	>10	>10	>10	OMIM:108420	4866	
1598	PMID_22541558_individual_N_1_en-prompt.txt	OMIM:154400	1	1	1	OMIM:154400	7402	
1599	PMID_23086397_Patient_5_en-prompt.txt	OMIM:614959	2	2	2	OMIM:600512	6458	
1600	PMID_38013626_Patient_3_en-prompt.txt	OMIM:620666	>10	>10	>10	OMIM:615625	7163	
1601	PMID_33731876_fam15_en-prompt.txt	OMIM:613721	>10	>10	>10	ORPHA:1935	4668	
1602	PMID_31944623_Patient_B_en-prompt.txt	OMIM:617225	4	4	4	OMIM:604326	6625	
1603	PMID_30356099_Patient_1_en-prompt.txt	OMIM:616211	1	1	1	OMIM:616211	7512	
1604	PMID_31774634_Graul_Neumann_et_al___2010__en-prompt.txt	OMIM:616914	1	1	1	OMIM:616914	6654	
1605	PMID_28202457_F1_II_1_en-prompt.txt	OMIM:159550	5	5	5	OMIM:620481	4695	
1606	PMID_16705067_Patient_2_brother_en-prompt.txt	OMIM:248250	2	2	2	OMIM:248190	5515	
1607	PMID_28781842_patient_2_en-prompt.txt	OMIM:610759	3	3	3	ORPHA:221139	7865	3
1608	PMID_34722527_individual_87_5_Hui_Wang_ComprehensiveM_en-prompt.txt	OMIM:613826	>10	1	>10	OMIM:618567	2973	
1609	PMID_15911822_Patient_8_en-prompt.txt	OMIM:234200	1	1	1	OMIM:234200	7459	
1610	PMID_23993194_Family_5_case_S1_en-prompt.txt	OMIM:615471	1	1	1	OMIM:615471	8331	
1611	PMID_33539324_C_II_1_en-prompt.txt	OMIM:620456	1	1	1	OMIM:620456	5850	
1612	PMID_24736735_G109_Father_en-prompt.txt	OMIM:175700	2	2	2	OMIM:174200	6365	
1613	PMID_36047608_Patient_3_F2_II_3_en-prompt.txt	OMIM:620666	>10	>10	>10	OMIM:613728	6609	
1614	PMID_33731876_fam128_en-prompt.txt	OMIM:613721	>10	>10	>10	OMIM:620450	5458	
1615	STX_32139178_Patient_Infantile12_en-prompt.txt	OMIM:612164	>10	>10	>10	ORPHA:79329	4349	
1616	PMID_33731876_fam299_en-prompt.txt	OMIM:613721	>10	>10	>10	ORPHA:247691	4025	
1617	PMID_30612693_10_en-prompt.txt	OMIM:618443	>10	>10	>10	ORPHA:468620	4880	
1618	PMID_36303223_individual_25_PMID_31870341_en-prompt.txt	OMIM:272300	>10	>10	>10	OMIM:617744	7002	
1619	PMID_21217753_Fam_2_III_3_en-prompt.txt	OMIM:613795	4	4	4	ORPHA:90348	5488	
1620	PMID_25868664_Family_9_Case_4_Gai_2013_case_7_en-prompt.txt	OMIM:615471	2	2	2	OMIM:614052	8344	1
1621	PMID_33731876_fam195_en-prompt.txt	OMIM:613721	>10	>10	>10	ORPHA:85278	3628	
1622	PMID_11050011_II_1_en-prompt.txt	OMIM:301310	1	1	1	OMIM:301310	7521	
1623	PMID_21358634_Family_1_en-prompt.txt	OMIM:132800	1	1	1	OMIM:132800	6443	
1624	PMID_37943620_F_28_en-prompt.txt	OMIM:620714	>10	>10	>10	OMIM:614926	4890	
1625	PMID_33731876_fam224_en-prompt.txt	OMIM:613721	>10	>10	>10	ORPHA:33069	4525	
1626	PMID_36446582_Low_2016_P7_8_en-prompt.txt	OMIM:148050	4	4	4	OMIM:620305	7051	1
1627	PMID_33731876_fam374_en-prompt.txt	OMIM:613721	>10	>10	>10	OMIM:615473	4328	
1628	PMID_36553465_P26_en-prompt.txt	OMIM:606574	9	9	9	ORPHA:79432	6941	
1629	PMID_21677813_11_month_old_African_male_infant_en-prompt.txt	OMIM:151100	>10	>10	>10	OMIM:613707	7003	
1630	PMID_33731876_fam393_en-prompt.txt	OMIM:613721	>10	>10	>10	OMIM:614300	5585	
1631	PMID_28584669_newborn_male_en-prompt.txt	OMIM:193700	1	1	1	OMIM:193700	7389	1
1632	PMID_18477167_III_4_en-prompt.txt	OMIM:144200	1	1	1	OMIM:144200	4083	
1633	PMID_36446582_Goldenberg2016_P38_en-prompt.txt	OMIM:148050	2	2	2	OMIM:617883	4400	1
1634	PMID_23222957_Family_5_5_2_en-prompt.txt	OMIM:242840	>10	>10	>10	OMIM:618223	7915	
1635	PMID_35344616_A12_en-prompt.txt	OMIM:268310	1	1	1	OMIM:268310	7843	
1636	STX_EG0931P_en-prompt.txt	OMIM:612164	9	9	9	ORPHA:163985	4547	3
1637	PMID_24736735_G003_Brother_en-prompt.txt	OMIM:175700	2	2	2	OMIM:174200	6365	7
1638	PMID_23335590_Subject_4354_en-prompt.txt	OMIM:304110	1	1	1	OMIM:304110	7058	
1639	PMID_33731876_fam407_en-prompt.txt	OMIM:613721	>10	>10	>10	ORPHA:569	4647	
1640	PMID_25539947_25539947_P1_en-prompt.txt	OMIM:616370	>10	>10	>10	OMIM:618768	6769	
1641	PMID_30356099_Patient_18_en-prompt.txt	OMIM:616211	1	1	1	OMIM:616211	7580	
1642	PMID_30643655_F1_IV_1_en-prompt.txt	OMIM:613115	8	8	8	OMIM:614213	7129	
1643	PMID_27484170_A_5_year_old_male_patient_en-prompt.txt	OMIM:151100	10	10	10	OMIM:193520	7234	1
1644	PMID_33731876_fam172_en-prompt.txt	OMIM:613721	2	2	2	OMIM:620537	4962	
1645	PMID_28074573_GB3_en-prompt.txt	OMIM:163950	9	9	9	OMIM:613224	6268	1
1646	PMID_35150594_M_II_1_en-prompt.txt	OMIM:620538	1	1	1	OMIM:620538	6844	
1647	PMID_36528028_Individual_11_en-prompt.txt	OMIM:620455	1	1	1	OMIM:620455	6858	
1648	STX_30776697_Patient_70_en-prompt.txt	OMIM:612164	>10	>10	>10	OMIM:617333	2319	
1649	PMID_19864672_Patient_2B2_en-prompt.txt	OMIM:212050	1	1	1	OMIM:212050	5985	5
1650	PMID_12789647_K12_III_2_en-prompt.txt	OMIM:142900	1	1	1	OMIM:142900	5810	
1651	PMID_24736735_G028__en-prompt.txt	OMIM:175700	2	2	2	OMIM:174200	5309	1
1652	PMID_36067010_Family_2_Patient_4_en-prompt.txt	OMIM:620504	1	1	1	OMIM:620504	7890	
1653	PMID_29755943_Family_2_III_3_en-prompt.txt	OMIM:142900	1	1	1	OMIM:142900	6109	
1654	STX_29896790_P2_en-prompt.txt	OMIM:612164	6	6	6	OMIM:617904	4901	3
1655	PMID_36965478_Individual_4_en-prompt.txt	OMIM:620515	1	1	1	OMIM:620515	7021	
1656	PMID_26911354_Family_2_Patient_2_en-prompt.txt	OMIM:615066	>10	>10	>10	OMIM:619795	7267	
1657	PMID_26426912_Patient_3_en-prompt.txt	OMIM:248250	1	1	1	OMIM:248250	6216	
1658	PMID_10939567_EMD1_III_20_en-prompt.txt	OMIM:181350	9	9	9	OMIM:613205	7020	1
1659	PMID_36189931_Individual_23_en-prompt.txt	OMIM:130050	1	1	1	OMIM:130050	6567	
1660	PMID_31021519_individual_from_Tegay_et_al_en-prompt.txt	OMIM:612313	1	1	1	ORPHA:576283	5842	
1661	PMID_25168959_Y21_en-prompt.txt	OMIM:614608	>10	>10	>10	OMIM:614609	7842	1
1662	PMID_36446582_KBG40_en-prompt.txt	OMIM:148050	3	3	3	OMIM:605130	8170	
1663	PMID_31021519_individual_SATB2_109_en-prompt.txt	OMIM:612313	5	5	5	ORPHA:513456	5999	
1664	PMID_27040691_Individual_3_1_en-prompt.txt	OMIM:616900	1	1	1	ORPHA:488632	7693	
1665	PMID_32376980_44_en-prompt.txt	OMIM:618164	3	3	3	OMIM:620331	7584	
1666	PMID_28061825_proband_en-prompt.txt	OMIM:601553	1	1	1	OMIM:601553	7026	
1667	PMID_32631816_Patient_IV_2_1_en-prompt.txt	OMIM:620703	>10	>10	>10	ORPHA:805	7381	
1668	PMID_26706854_Subject_1_2_en-prompt.txt	OMIM:603671	1	1	1	OMIM:603671	7561	5
1669	STX_P_13_en-prompt.txt	OMIM:612164	6	6	6	ORPHA:725	6426	
1670	PMID_11179005_6__S__en-prompt.txt	OMIM:311200	1	1	1	OMIM:311200	6844	
1671	PMID_10939567_Spo78_en-prompt.txt	OMIM:181350	9	9	9	ORPHA:352479	7051	4
1672	PMID_7493032_Putnam_1995_p262_en-prompt.txt	OMIM:121050	1	1	1	OMIM:121050	6491	
1673	PMID_15266616_113_en-prompt.txt	OMIM:147791	7	7	7	ORPHA:280633	7043	
1674	PMID_20683840_II_16_en-prompt.txt	OMIM:606693	1	1	1	OMIM:606693	6707	
1675	PMID_25477417_F3_1_en-prompt.txt	OMIM:248250	1	1	1	OMIM:248250	7238	
1676	PMID_34521999_28_en-prompt.txt	OMIM:617140	>10	>10	>10	OMIM:619229	8166	
1677	PMID_27843126_A_III_6_en-prompt.txt	OMIM:617146	1	1	1	OMIM:617146	7367	
1678	PMID_34722527_individual_individual_3_Arif_O_Khan_Geneticanalysi_en-prompt.txt	OMIM:613826	>10	>10	>10	OMIM:613835	4939	1
1679	PMID_31021519_ER52725_from_Rauch_et_al_en-prompt.txt	OMIM:612313	>10	>10	>10	OMIM:616954	4573	
1680	PMID_12446365_RWT_en-prompt.txt	OMIM:129600	1	1	1	OMIM:129600	7092	1
1681	PMID_21594993_patient_en-prompt.txt	OMIM:616914	1	1	1	OMIM:616914	7516	
1682	PMID_33776626_fetus_en-prompt.txt	OMIM:603671	1	1	1	OMIM:603671	7091	5
1683	PMID_37761890_58__en-prompt.txt	OMIM:616362	>10	>10	>10	OMIM:619548	5123	
1684	PMID_24739679_patient_K7_en-prompt.txt	OMIM:147920	1	1	1	OMIM:147920	8170	1
1685	PMID_15266616_104_en-prompt.txt	OMIM:147791	7	7	7	OMIM:304110	7526	
1686	PMID_21217753_Fam_1_III_3_en-prompt.txt	OMIM:613795	4	4	4	ORPHA:90348	5488	4
1687	PMID_34722527_individual_F04_2_Maleeha_Maria_HomozygosityMa_en-prompt.txt	OMIM:613826	>10	1	>10	OMIM:618567	2973	
1688	PMID_33731876_fam58_en-prompt.txt	OMIM:613721	>10	>10	>10	OMIM:616973	4788	
1689	PMID_25439728_V_2_en-prompt.txt	OMIM:616354	2	2	2	OMIM:618109	7312	
1690	PMID_36446582_KBG57_en-prompt.txt	OMIM:148050	>10	>10	>10	ORPHA:508488	7813	
1691	PMID_37071997_Individual_12_en-prompt.txt	OMIM:616211	>10	>10	>10	ORPHA:398069	7348	
1692	PMID_27376152_FPLD_122_2_en-prompt.txt	OMIM:620679	>10	>10	>10	OMIM:615830	6788	
1693	PMID_37167966_F5_II_1_en-prompt.txt	OMIM:620375	1	1	1	OMIM:620375	5666	2
1694	PMID_36446582_KBG8A_en-prompt.txt	OMIM:148050	2	2	2	OMIM:605130	8205	1
1695	PMID_34722527_individual_81_7_Tobias_Eisenberger_Increasingthe_en-prompt.txt	OMIM:613826	>10	1	>10	OMIM:618567	2973	
1696	STX_P_04_en-prompt.txt	OMIM:612164	>10	>10	>10	ORPHA:725	6081	
1697	PMID_12789647_K15_III_1_en-prompt.txt	OMIM:142900	1	1	1	OMIM:142900	5810	1
1698	PMID_16917909_370_2_en-prompt.txt	OMIM:142900	1	1	1	OMIM:142900	5722	4
1699	PMID_33731876_fam269_en-prompt.txt	OMIM:613721	>10	>10	>10	OMIM:213300	5559	
1700	PMID_36586412_24_en-prompt.txt	OMIM:301111	>10	>10	>10	OMIM:618846	4160	
1701	PMID_33045405_Aledo_et_al___2001_Proband_en-prompt.txt	OMIM:605911	1	1	1	OMIM:605911	5475	
1702	PMID_28132690_Family_B_II_1_en-prompt.txt	OMIM:617425	1	1	1	OMIM:617425	8026	
1703	PMID_36745868_Patient_2_en-prompt.txt	OMIM:620603	1	1	1	OMIM:620603	7746	
1704	PMID_36189931_Individual_34_en-prompt.txt	OMIM:130050	1	1	1	OMIM:130050	6932	
1705	PMID_30891318_case_en-prompt.txt	OMIM:277700	1	1	1	OMIM:277700	7799	1
1706	PMID_37582359_F4_III_3_en-prompt.txt	OMIM:620558	1	1	1	OMIM:620558	7037	
1707	PMID_37071997_Individual_7_en-prompt.txt	OMIM:616211	>10	>10	>10	OMIM:614104	7661	
1708	PMID_19949040_Patient_2_en-prompt.txt	OMIM:616325	3	3	3	OMIM:615156	6759	3
1709	PMID_33731876_fam384_en-prompt.txt	OMIM:613721	>10	>10	>10	OMIM:618437	2356	
1710	PMID_20932317_SMS324_en-prompt.txt	OMIM:182290	1	1	1	OMIM:182290	7847	1
1711	PMID_25876182_Patient_VI_2_en-prompt.txt	OMIM:273900	2	2	2	OMIM:620484	6530	
1712	PMID_34722527_individual_individual_1_Cathrine_Jespersgaard_Moleculargenet_en-prompt.txt	OMIM:613826	>10	1	>10	OMIM:618567	2973	
1713	PMID_33731876_fam410_en-prompt.txt	OMIM:613721	>10	>10	>10	ORPHA:352596	6304	
1714	PMID_30580808_Ind_05_Fam_05_en-prompt.txt	OMIM:618362	>10	>10	>10	OMIM:135900	7955	
1715	PMID_26136118_patient_en-prompt.txt	OMIM:248250	2	2	2	OMIM:248190	5970	
1716	STX_G3_P18_en-prompt.txt	OMIM:612164	>10	>10	>10	ORPHA:1935	3728	
1717	PMID_37196654_Individual_58__DDD_305030__en-prompt.txt	OMIM:618505	>10	>10	>10	OMIM:618859	5825	
1718	PMID_33731876_fam165_en-prompt.txt	OMIM:613721	>10	>10	>10	ORPHA:254881	5688	
1719	PMID_20375004_3_II_3_en-prompt.txt	OMIM:184900	1	1	1	OMIM:184900	5414	1
1720	PMID_28137957_HIH22132_II_1_en-prompt.txt	OMIM:617225	1	1	1	OMIM:617225	7053	
1721	PMID_33731876_fam247_en-prompt.txt	OMIM:613721	>10	>10	>10	ORPHA:3006	4945	
1722	PMID_36446582_Ockeloen2015_P7_en-prompt.txt	OMIM:148050	1	1	1	ORPHA:2332	5720	1
1723	PMID_33731876_fam317_en-prompt.txt	OMIM:613721	>10	>10	>10	ORPHA:447896	2319	
1724	PMID_27153400_Family_A_V_2_en-prompt.txt	OMIM:616907	1	1	1	ORPHA:488594	7004	
1725	PMID_17273969_Patient_2P_en-prompt.txt	OMIM:610759	4	4	4	ORPHA:221139	7606	1
1726	PMID_11118249_PATIENT_III_2_en-prompt.txt	OMIM:301310	1	1	1	OMIM:301310	7358	1
1727	PMID_24932600_Patient_1_en-prompt.txt	OMIM:268310	2	2	2	OMIM:616331	7411	1
1728	PMID_28285769_Individual_2_II_2_en-prompt.txt	OMIM:250410	1	1	1	ORPHA:166035	8098	
1729	PMID_36189931_Individual_2_en-prompt.txt	OMIM:130050	1	1	1	OMIM:130050	6932	1
1730	PMID_25145518_index_patient_IV_1_en-prompt.txt	OMIM:163800	3	3	3	OMIM:619464	3552	
1731	STX_26648591_Patient_3_en-prompt.txt	OMIM:612164	8	8	8	OMIM:300672	6966	1
1732	PMID_26805782_F1_II_2_en-prompt.txt	OMIM:616878	1	1	1	OMIM:616878	7242	
1733	STX_G3_P36_en-prompt.txt	OMIM:612164	>10	>10	>10	ORPHA:447896	3609	
1734	PMID_36303223_individual_2_PMID_9600976_en-prompt.txt	OMIM:272300	>10	>10	>10	OMIM:252160	6910	2
1735	PMID_30580808_Ind_25_Li_Ind_2_Fam_19_en-prompt.txt	OMIM:618362	>10	>10	>10	OMIM:618371	7999	
1736	PMID_36446582_Gnazzo_2020_P25_en-prompt.txt	OMIM:148050	2	2	2	OMIM:617694	7410	1
1737	PMID_20082460_case_6_en-prompt.txt	OMIM:305400	1	1	1	OMIM:305400	7877	1
1738	PMID_37196654_Individual_24_en-prompt.txt	OMIM:618505	>10	>10	>10	OMIM:619179	8031	
1739	PMID_17056636_Patient_No_4_en-prompt.txt	OMIM:609942	>10	>10	>10	OMIM:613706	7972	1
1740	PMID_22541558_individual_A_1_en-prompt.txt	OMIM:154400	1	1	1	ORPHA:245	7119	1
1741	PMID_30791088_female_en-prompt.txt	OMIM:620703	>10	>10	>10	ORPHA:805	6855	
1742	PMID_34521999_11_en-prompt.txt	OMIM:617140	>10	>10	>10	OMIM:619575	7472	
1743	PMID_31021519_individual_from_Lieden_et_al_en-prompt.txt	OMIM:612313	2	2	2	OMIM:616954	5454	
1744	PMID_31021519_SATB2_29_from_Zarate_et_al__2018a_Scott_et_al_en-prompt.txt	OMIM:612313	1	1	1	ORPHA:576283	5735	
1745	PMID_31021519_SATB2_60_from_Zarate_et_al__2018a_en-prompt.txt	OMIM:612313	5	5	5	ORPHA:513456	5999	
1746	PMID_21217753_Fam_1_III_12_en-prompt.txt	OMIM:613795	2	2	2	OMIM:619656	6937	5
1747	PMID_34035203_34035203_P1_en-prompt.txt	OMIM:256810	>10	>10	>10	OMIM:619525	6362	3
1748	PMID_25868664_Family_25_Case_8_en-prompt.txt	OMIM:615471	9	9	9	OMIM:615824	7405	
1749	PMID_33731876_fam76_en-prompt.txt	OMIM:613721	>10	>10	>10	OMIM:614558	6515	
1750	PMID_30580808_Machol_Ind_14_Fam_44_en-prompt.txt	OMIM:618362	>10	>10	>10	OMIM:601358	7994	1
1751	PMID_22772368_5_III_2_en-prompt.txt	OMIM:614816	1	1	1	OMIM:614816	7260	3
1752	PMID_32666529_Family_3_II_1_en-prompt.txt	OMIM:620519	1	1	1	OMIM:620519	7224	
1753	STX_EG0721P_en-prompt.txt	OMIM:612164	4	4	4	OMIM:617105	5950	
1754	PMID_33633439_13706_II_1_en-prompt.txt	OMIM:620731	>10	>10	>10	OMIM:613703	6249	
1755	PMID_31021519_individual_SATB2_130_en-prompt.txt	OMIM:612313	5	5	5	OMIM:618480	5863	
1756	PMID_22428873_P2_en-prompt.txt	OMIM:174200	1	1	1	OMIM:174200	6975	
1757	PMID_9312167_A_I_2_en-prompt.txt	OMIM:179800	1	1	1	OMIM:179800	5335	
1758	PMID_34722527_individual_individual_3_Juan_C__Zenteno_Extensivegenic_en-prompt.txt	OMIM:613826	>10	1	>10	OMIM:618567	2973	
1759	PMID_24069336_proband_V_02_en-prompt.txt	OMIM:615193	1	1	1	OMIM:615193	5747	
1760	PMID_37962958_27_en-prompt.txt	OMIM:620535	>10	>10	>10	OMIM:620186	8035	
1761	PMID_36190515_Patient_6_en-prompt.txt	OMIM:620423	1	1	1	OMIM:620423	5759	1
1762	PMID_29198722_p_Arg913Ter_Affected_Individual_2_en-prompt.txt	OMIM:617865	1	1	1	OMIM:617865	8033	
1763	PMID_21533187_family_A_en-prompt.txt	OMIM:156250	1	1	1	OMIM:156250	6797	
1764	PMID_31021519_individual_SATB2_127_en-prompt.txt	OMIM:612313	5	5	5	ORPHA:513456	5999	
1765	PMID_37054711_Family_2_1_Subject_4_en-prompt.txt	OMIM:620428	1	1	1	OMIM:620428	6204	
1766	PMID_36745799_V_12_en-prompt.txt	OMIM:620375	1	1	1	OMIM:620375	7044	1
1767	PMID_37962958_30_en-prompt.txt	OMIM:620535	>10	>10	>10	OMIM:616268	7663	
1768	PMID_37761890_29__en-prompt.txt	OMIM:616362	>10	>10	>10	OMIM:620113	6760	
1769	STX_31344879_Patient5_en-prompt.txt	OMIM:612164	>10	>10	>10	OMIM:619150	5741	
1770	PMID_26805781_Family_6_Subject_6_II_1_en-prompt.txt	OMIM:616878	2	2	2	OMIM:212138	6560	
1771	PMID_23714749_23714749_P1_en-prompt.txt	OMIM:256810	>10	>10	>10	OMIM:615438	6266	
1772	PMID_31021519_259950_from_Bengani_et_al_en-prompt.txt	OMIM:612313	>10	>10	>10	OMIM:614749	5571	
1773	PMID_29883675_first_family_patient_1_en-prompt.txt	OMIM:614833	>10	>10	>10	OMIM:618010	6447	
1774	PMID_27743463_S4_en-prompt.txt	OMIM:615471	>10	>10	>10	OMIM:608758	5721	
1775	PMID_26908613_MOGL2064_en-prompt.txt	OMIM:617123	1	1	1	OMIM:617123	6199	2
1776	PMID_33731876_fam61_en-prompt.txt	OMIM:613721	>10	>10	>10	ORPHA:725	5583	
1777	PMID_23972372_family_2_V_12_en-prompt.txt	OMIM:174300	1	1	1	ORPHA:2919	7811	
1778	PMID_23993194_Family_1_Case_1_en-prompt.txt	OMIM:615471	1	1	1	OMIM:615471	8214	
1779	PMID_25331754_patient_en-prompt.txt	OMIM:242840	1	1	1	OMIM:242840	8033	
1780	PMID_28782633_Family_1_P3_26_year_old_son_en-prompt.txt	OMIM:620670	>10	>10	>10	OMIM:615577	7148	1
1781	PMID_36446582_Goldenberg2016_P16_en-prompt.txt	OMIM:148050	>10	>10	>10	OMIM:301111	5700	
1782	PMID_18828908_4_year_old_male_patient_en-prompt.txt	OMIM:142900	8	8	8	OMIM:614474	6180	1
1783	PMID_37196654_Individual_33_en-prompt.txt	OMIM:618505	>10	>10	>10	OMIM:619475	8136	
1784	STX_G3_P21_en-prompt.txt	OMIM:612164	7	7	7	OMIM:271900	3728	5
1785	PMID_35420632_Patient_3_III_3_en-prompt.txt	OMIM:620367	1	1	1	OMIM:620367	6862	
1786	PMID_37075751_Individual_13_en-prompt.txt	OMIM:616462	1	1	1	OMIM:616462	7447	
1787	PMID_29321044_Patient_1_en-prompt.txt	OMIM:616829	2	2	2	OMIM:616828	5954	
1788	PMID_24736735_G012_F___en-prompt.txt	OMIM:146510	1	1	1	OMIM:146510	6656	1
1789	PMID_33731876_fam250_en-prompt.txt	OMIM:613721	>10	>10	>10	OMIM:615369	3715	
1790	PMID_33731876_fam300_en-prompt.txt	OMIM:613721	>10	>10	>10	OMIM:259050	3628	
1791	STX_CHCO_05_en-prompt.txt	OMIM:612164	>10	>10	>10	OMIM:300672	5298	
1792	PMID_17661820_6_en-prompt.txt	OMIM:163950	6	6	6	OMIM:601321	6859	1
1793	PMID_20618352_Patient_1_en-prompt.txt	OMIM:615981	>10	>10	>10	OMIM:619950	8144	1
1794	PMID_23913798_Patient_2_en-prompt.txt	OMIM:620458	1	1	1	OMIM:620458	6892	
1795	PMID_30580808_Machol_Ind_7_Fam_37_en-prompt.txt	OMIM:618362	>10	>10	>10	OMIM:614609	7997	3
1796	PMID_12789647_K9_II_3_en-prompt.txt	OMIM:142900	1	1	1	OMIM:142900	5810	1
1797	PMID_25876182_Patient_VI_6_en-prompt.txt	OMIM:273900	1	1	1	OMIM:273900	6067	
1798	PMID_33731876_fam380_en-prompt.txt	OMIM:613721	>10	>10	>10	OMIM:617333	2319	
1799	PMID_33633439_9574_II_1_en-prompt.txt	OMIM:620731	>10	>10	>10	OMIM:613703	6249	
1800	PMID_37071997_Individual_3_en-prompt.txt	OMIM:616211	>10	>10	>10	ORPHA:457279	7812	
1801	PMID_36446582_Kutkowska_Kazmierczak2021_P21_en-prompt.txt	OMIM:148050	1	1	1	ORPHA:2332	5535	1
1802	PMID_33731876_fam161_en-prompt.txt	OMIM:613721	>10	>10	>10	OMIM:259050	2524	
1803	PMID_23972372_family_1_V_4_en-prompt.txt	OMIM:174300	1	1	1	ORPHA:2919	7811	
1804	PMID_28137957_HSP84_II_3_en-prompt.txt	OMIM:617225	1	1	1	OMIM:617225	7106	
1805	PMID_31021519_SATB2_55_from_Zarate_et_al__2018a_en-prompt.txt	OMIM:612313	>10	>10	>10	OMIM:615802	5999	
1806	PMID_36446582_Miyatake_2017_P1_en-prompt.txt	OMIM:148050	1	1	1	ORPHA:2332	7567	
1807	PMID_30315159_Patient_2__Father_of_Patient_1___en-prompt.txt	OMIM:620475	1	1	1	OMIM:620475	7967	
1808	PMID_22508010_22508010_P1_en-prompt.txt	OMIM:256810	>10	>10	>10	OMIM:620528	7424	3
1809	PMID_36586412_20_en-prompt.txt	OMIM:301111	3	3	3	ORPHA:210122	5710	
1810	PMID_36446582_Willemsen2010_P1_en-prompt.txt	OMIM:148050	>10	>10	>10	ORPHA:459070	7270	
1811	PMID_11175294_D54_en-prompt.txt	OMIM:154700	>10	>10	>10	OMIM:604308	6813	1
1812	PMID_36189931_Individual_30_en-prompt.txt	OMIM:130050	4	4	4	OMIM:620080	4965	1
1813	PMID_15496425_patient_en-prompt.txt	OMIM:616325	5	5	5	OMIM:616324	7106	
1814	PMID_37071997_Individual_16_en-prompt.txt	OMIM:616211	>10	>10	>10	OMIM:300912	6993	
1815	PMID_36446582_KBG53_en-prompt.txt	OMIM:148050	>10	>10	>10	ORPHA:508488	7913	
1816	PMID_28940506_Family_21_Individual_27_en-prompt.txt	OMIM:615471	>10	>10	>10	OMIM:620371	8273	
1817	PMID_22541558_individual_F_2_en-prompt.txt	OMIM:154400	6	6	6	OMIM:620494	6721	1
1818	STX_26384463_Patient_3_en-prompt.txt	OMIM:612164	>10	>10	>10	ORPHA:488635	5396	
1819	PMID_31846209_patient_en-prompt.txt	OMIM:147920	3	3	3	OMIM:609637	7721	1
1820	PMID_28292286_Affected_brother_en-prompt.txt	OMIM:222470	7	7	7	OMIM:618495	7554	
1821	PMID_15200511_individual_II_6_en-prompt.txt	OMIM:277300	2	2	2	OMIM:122600	4774	2
1822	PMID_34722527_individual_27536_1_Tiwari_A_Identification_en-prompt.txt	OMIM:613826	>10	>10	>10	OMIM:617941	4379	
1823	PMID_16865293_Family_2_individual_9Y11M_en-prompt.txt	OMIM:216400	1	1	1	OMIM:216400	7401	1
1824	PMID_G13_B1_en-prompt.txt	OMIM:619375	1	1	1	OMIM:619375	7149	
1825	PMID_15266616_100_en-prompt.txt	OMIM:147791	7	7	7	OMIM:304110	7524	
1826	PMID_24739679_patient_K3_en-prompt.txt	OMIM:147920	1	1	1	OMIM:147920	8170	1
1827	PMID_37761890_21__en-prompt.txt	OMIM:616362	>10	>10	>10	OMIM:612337	6559	
1828	PMID_37761890_34__en-prompt.txt	OMIM:616362	>10	>10	>10	OMIM:617168	7029	
1829	PMID_35060672_Patient_2_en-prompt.txt	OMIM:147920	>10	>10	>10	OMIM:608978	7433	2
1830	PMID_15266616_117_en-prompt.txt	OMIM:147791	7	7	7	OMIM:304110	7526	
1831	PMID_20375004_1_II_1_en-prompt.txt	OMIM:184900	1	1	1	OMIM:184900	6059	5
1832	PMID_30580808_Ind_19_Fam_18_en-prompt.txt	OMIM:618362	>10	>10	>10	OMIM:135900	7977	
1833	PMID_30200888_Patient_A_III_4_en-prompt.txt	OMIM:216400	3	3	3	OMIM:610756	7214	1
1834	PMID_36446582_KBG44_en-prompt.txt	OMIM:148050	2	2	2	OMIM:605130	8223	1
1835	PMID_28940506_Family_3_Individual_4_en-prompt.txt	OMIM:615471	>10	>10	>10	OMIM:620371	8338	3
1836	PMID_24355708_IHG25353_individual_1_en-prompt.txt	OMIM:215470	8	8	8	OMIM:613728	7982	1
1837	PMID_32376980_40_en-prompt.txt	OMIM:618164	7	7	7	OMIM:616682	8242	
1838	PMID_26805781_Family_5_Subject_5_II_1_en-prompt.txt	OMIM:616878	1	1	1	OMIM:616878	6570	
1839	PMID_31239556_individual_1_Gregor_et_al_en-prompt.txt	OMIM:615502	>10	>10	>10	OMIM:309580	8066	
1840	STX_P_17_en-prompt.txt	OMIM:612164	9	9	9	ORPHA:725	5427	
1841	STX_EG1184P_en-prompt.txt	OMIM:612164	7	7	7	OMIM:616973	6249	
1842	PMID_22541558_individual_T_1_en-prompt.txt	OMIM:154400	6	6	6	OMIM:617516	7045	2
1843	PMID_22560515_Patient_2_en-prompt.txt	OMIM:610687	1	1	1	OMIM:610687	7323	1
1844	PMID_33045405_Bouchard_et_al___2001_a_Patient_2_en-prompt.txt	OMIM:605911	1	1	1	OMIM:605911	5475	
1845	PMID_36528028_Individual_15_en-prompt.txt	OMIM:620455	1	1	1	OMIM:620455	7571	
1846	STX_29896790_P6_en-prompt.txt	OMIM:612164	5	5	5	OMIM:617929	4603	2
1847	PMID_36189931_Individual_27_en-prompt.txt	OMIM:130050	1	1	1	OMIM:130050	6424	
1848	PMID_12203992_B79_en-prompt.txt	OMIM:154700	>10	>10	>10	OMIM:300799	2986	1
1849	PMID_24736735_G051__en-prompt.txt	OMIM:175700	1	1	1	OMIM:175700	6801	
1850	PMID_24736735_G044__en-prompt.txt	OMIM:146510	1	1	1	OMIM:146510	6924	1
1851	PMID_33731876_fam397_en-prompt.txt	OMIM:613721	>10	>10	>10	OMIM:617105	5220	
1852	PMID_36303223_individual_20_PMID_24938149_en-prompt.txt	OMIM:272300	>10	>10	>10	OMIM:617951	4687	
1853	PMID_35344616_A16_en-prompt.txt	OMIM:268310	1	1	1	OMIM:268310	7843	
1854	PMID_25168959_L18_en-prompt.txt	OMIM:614608	5	5	5	OMIM:614609	7876	
1855	PMID_22388936_II_5_en-prompt.txt	OMIM:606693	>10	>10	>10	OMIM:607060	4884	4
1856	PMID_33731876_fam403_en-prompt.txt	OMIM:613721	>10	>10	>10	OMIM:612164	6784	
1857	PMID_25533820_proband_en-prompt.txt	OMIM:615982	>10	>10	>10	OMIM:617406	7317	2
1858	PMID_37054711_Family_10_2_Subject_15_en-prompt.txt	OMIM:620428	3	3	3	OMIM:617303	6937	
1859	PMID_37196654_Individual_19_en-prompt.txt	OMIM:618505	>10	>10	>10	OMIM:619475	8030	
1860	PMID_33731876_fam176_en-prompt.txt	OMIM:613721	>10	>10	>10	OMIM:618437	2356	
1861	STX_29933521_Patient_1_en-prompt.txt	OMIM:612164	>10	>10	>10	OMIM:620316	2499	
1862	PMID_36446582_Gnazzo_2020_P18_en-prompt.txt	OMIM:148050	2	2	2	OMIM:617694	7410	1
1863	STX_CHCO_01_en-prompt.txt	OMIM:612164	8	8	8	OMIM:300672	4801	
1864	PMID_31021519_SATB2_46_from_Zarate_et_al__2018a_en-prompt.txt	OMIM:612313	1	1	1	ORPHA:576283	6096	
1865	PMID_22956686_558_IV_2_en-prompt.txt	OMIM:614923	>10	>10	>10	ORPHA:1942	7199	
1866	PMID_33731876_fam304_en-prompt.txt	OMIM:613721	2	2	2	ORPHA:502434	2557	
1867	PMID_36586412_19_en-prompt.txt	OMIM:301111	>10	1	>10	OMIM:619835	3419	
1868	PMID_33731876_fam254_en-prompt.txt	OMIM:613721	>10	>10	>10	OMIM:608540	2499	
1869	PMID_36331550_Family_1_Patient_1_en-prompt.txt	OMIM:620538	1	1	1	OMIM:620538	6873	1
1870	PMID_17661820_2_en-prompt.txt	OMIM:163950	>10	>10	>10	OMIM:615279	5942	1
1871	PMID_12445216_affected_13_y_old_patient_en-prompt.txt	OMIM:601553	1	1	1	OMIM:601553	5873	1
1872	PMID_11118249_PATIENT_II_2_en-prompt.txt	OMIM:301310	1	1	1	OMIM:301310	6345	8
1873	PMID_35470444_P9_en-prompt.txt	OMIM:620568	1	1	1	OMIM:620568	7519	4
1874	PMID_36446582_Kutkowska_Kazmierczak2021_P18_en-prompt.txt	OMIM:148050	3	3	3	ORPHA:228402	5763	
1875	PMID_36446582_Goldenberg2016_P12_en-prompt.txt	OMIM:148050	4	4	4	OMIM:617883	5182	1
1876	STX_G3_P25_en-prompt.txt	OMIM:612164	>10	>10	>10	OMIM:619124	3728	4
1877	PMID_33731876_fam158_en-prompt.txt	OMIM:613721	>10	>10	>10	OMIM:618559	6291	
1878	PMID_37196654_Individual_37_en-prompt.txt	OMIM:618505	>10	>10	>10	OMIM:619475	8134	
1879	PMID_14702087_Patient_4_of_PMID_1790747_en-prompt.txt	OMIM:608415	1	1	1	OMIM:608415	5207	1
1880	PMID_34552798_8_year_old_female_patient_en-prompt.txt	OMIM:151100	4	4	4	OMIM:613707	6918	1
1881	PMID_37075751_Individual_17_en-prompt.txt	OMIM:616462	1	1	1	OMIM:616462	7603	
1882	PMID_29482508_current_case_en-prompt.txt	OMIM:135100	1	1	1	OMIM:135100	5832	2
1883	PMID_36446582_Walz2015_PD_en-prompt.txt	OMIM:148050	1	1	1	ORPHA:2332	7426	1
1884	PMID__33890291_Proband_3_en-prompt.txt	OMIM:620423	1	1	1	OMIM:620423	4187	5
1885	PMID_34722527_individual_34_1_JENNIFER_A__GALVIN_EVALUATIONOFG_en-prompt.txt	OMIM:613826	>10	>10	>10	ORPHA:319332	4809	
1886	PMID_15266616_139_en-prompt.txt	OMIM:147791	7	7	7	OMIM:304110	7526	
1887	STX_20887364_Subject_1751_en-prompt.txt	OMIM:612164	1	1	1	ORPHA:599373	5655	
1888	PMID_23714749_23714749_P5_en-prompt.txt	OMIM:256810	3	3	3	ORPHA:31150	6544	1
1889	PMID_36446582_Low_2016_30_28_en-prompt.txt	OMIM:148050	>10	>10	>10	OMIM:617450	7323	
1890	PMID_33731876_fam65_en-prompt.txt	OMIM:613721	>10	>10	>10	OMIM:245570	3759	
1891	PMID_17886299_patient_BM14_en-prompt.txt	OMIM:158810	>10	>10	>10	OMIM:619040	6338	1
1892	PMID_27040691_Individual_4_2_en-prompt.txt	OMIM:616900	1	1	1	ORPHA:488632	7693	
1893	PMID_31021519_25_from_Gilissen_et_al_en-prompt.txt	OMIM:612313	>10	>10	>10	ORPHA:66631	4292	
1894	PMID_29198722_p_Arg913Ter_Affected_Individual_6_en-prompt.txt	OMIM:617865	1	1	1	OMIM:617865	7810	
1895	PMID_36446582_Low_2016_32_30_en-prompt.txt	OMIM:148050	4	4	4	OMIM:620305	7051	1
1896	PMID_25477417_F17_1_en-prompt.txt	OMIM:248250	1	1	1	OMIM:248250	7238	
1897	PMID_36190515_Patient_2_en-prompt.txt	OMIM:620423	1	1	1	OMIM:620423	6656	1
1898	PMID_31021519_individual_SATB2_123_en-prompt.txt	OMIM:612313	>10	>10	>10	OMIM:615802	5862	
1899	PMID_22772368_3_III_1_en-prompt.txt	OMIM:614816	1	1	1	OMIM:614816	7260	1
1900	PMID_37761890_45__en-prompt.txt	OMIM:616362	>10	>10	>10	OMIM:300887	5540	
1901	PMID_37761890_50__en-prompt.txt	OMIM:616362	>10	>10	>10	ORPHA:485350	5935	
1902	PMID_21533187_family_E_en-prompt.txt	OMIM:156250	1	1	1	OMIM:156250	6797	1
1903	PMID_9312167_A_II_3_en-prompt.txt	OMIM:179800	1	1	1	OMIM:179800	5335	
1904	PMID_32666529_Family_I_II_1_en-prompt.txt	OMIM:620519	1	1	1	OMIM:620519	7126	
1905	PMID_36355422_IV_10_en-prompt.txt	OMIM:620745	>10	>10	>10	OMIM:620416	5975	1
1906	PMID_28940506_Family_13_Individual_15_en-prompt.txt	OMIM:615471	>10	>10	>10	OMIM:620371	8336	
1907	STX_P_39_en-prompt.txt	OMIM:612164	>10	>10	>10	ORPHA:306	6232	
1908	STX_31344879_Patient1_en-prompt.txt	OMIM:612164	>10	>10	>10	OMIM:619150	6086	
1909	PMID_37962958_34_en-prompt.txt	OMIM:620535	>10	>10	>10	ORPHA:177907	8036	
1910	PMID_25477417_F4_2_en-prompt.txt	OMIM:248250	1	1	1	OMIM:248250	7238	
1911	PMID_19458539_patient_en-prompt.txt	OMIM:609200	>10	>10	>10	OMIM:618138	6124	2
1912	PMID_18930476_individual_III3_en-prompt.txt	OMIM:614321	6	6	6	OMIM:606072	6380	
1913	PMID_22428873_P6_en-prompt.txt	OMIM:174200	1	1	1	OMIM:174200	6975	
1914	PMID_26467218_individual_3_Denayer_et_al__22_en-prompt.txt	OMIM:613224	1	1	1	OMIM:613224	7932	1
1915	PMID_31021519_individual_SATB2_134_en-prompt.txt	OMIM:612313	5	5	5	OMIM:618480	5863	
1916	PMID_37711075_Family_1_BAB13340_en-prompt.txt	OMIM:620546	1	1	1	OMIM:620546	7648	
1917	PMID_21660509_Indian_familye_en-prompt.txt	OMIM:601869	2	1	2	OMIM:614614	5276	
1918	PMID_37962958_23_en-prompt.txt	OMIM:620535	>10	>10	>10	ORPHA:466950	7531	
1919	PMID_36446582_Murray_2017_P2_1_2_en-prompt.txt	OMIM:148050	>10	>10	>10	ORPHA:444077	7742	
1920	PMID_16865293_Family_6_individual_5Y5M_en-prompt.txt	OMIM:216400	1	1	1	OMIM:216400	7401	1
1921	PMID_34521999_15_en-prompt.txt	OMIM:617140	>10	>10	>10	OMIM:619229	8160	
1922	PMID_35638551_Patient_PM9_en-prompt.txt	OMIM:620715	>10	>10	>10	ORPHA:465	6231	
1923	PMID_15781812_individual_104_en-prompt.txt	OMIM:620681	>10	>10	>10	ORPHA:168491	4606	1
1924	PMID_36745799_V_8_en-prompt.txt	OMIM:620375	1	1	1	OMIM:620375	7079	
1925	PMID_12446365_JL_en-prompt.txt	OMIM:129600	1	1	1	OMIM:129600	7092	2
1926	PMID_26467218_individual_8_Cirstea_et_al__14_en-prompt.txt	OMIM:613224	1	1	1	OMIM:613224	7792	1
1927	PMID_20577567_Family_1_III_1_en-prompt.txt	OMIM:156250	1	1	1	OMIM:156250	6797	1
1928	PMID_33731876_fam72_en-prompt.txt	OMIM:613721	>10	>10	>10	ORPHA:1942	5879	3
1929	PMID_30580808_Ind_21_Fam_18_en-prompt.txt	OMIM:618362	>10	>10	>10	OMIM:135900	7977	
1930	STX_31171384_Patient_1_en-prompt.txt	OMIM:612164	>10	>10	>10	OMIM:614265	3609	
1931	PMID_26805781_Family_4_Subject_4_II_1_en-prompt.txt	OMIM:616878	1	1	1	OMIM:616878	7136	
1932	STX_26865513_Patient_43_en-prompt.txt	OMIM:612164	8	8	8	OMIM:619475	7684	
1933	PMID_31844624_31844624_P1_en-prompt.txt	OMIM:604377	>10	>10	>10	OMIM:619054	6394	
1934	PMID_28851325_Case_4_en-prompt.txt	OMIM:613454	1	1	1	OMIM:613454	6535	
1935	PMID_9312167_B_II_4_en-prompt.txt	OMIM:179800	1	1	1	OMIM:179800	5335	
1936	PMID_25959430_individual_IV_2_family_A_en-prompt.txt	OMIM:602875	1	1	1	OMIM:602875	5646	1
1937	PMID_34722527_individual_MA_117_2_2_Muhammad_Arif_Nadeem_Saqib_Homozygosityma_en-prompt.txt	OMIM:608194	>10	>10	>10	OMIM:616151	4809	3
1938	PMID_26667307_III_2_en-prompt.txt	OMIM:236200	1	1	1	OMIM:236200	7524	1
1939	PMID_37196654_Individual_20_en-prompt.txt	OMIM:618505	>10	>10	>10	OMIM:619229	7364	
1940	PMID_20082460_case_2_en-prompt.txt	OMIM:305400	1	1	1	OMIM:305400	7877	1
1941	PMID_36446582_Gnazzo_2020_P21_en-prompt.txt	OMIM:148050	2	2	2	OMIM:617694	7410	1
1942	STX_G3_P32_en-prompt.txt	OMIM:612164	>10	>10	>10	OMIM:618890	3728	
1943	PMID_36103875_Individual_1_en-prompt.txt	OMIM:620502	1	1	1	OMIM:620502	7543	
1944	PMID_10580070_B_IV_10_en-prompt.txt	OMIM:115200	1	1	1	ORPHA:300751	5874	
1945	PMID_36446582_Ockeloen2015_P3_en-prompt.txt	OMIM:148050	6	6	6	OMIM:617883	5337	1
1946	PMID_25868664_Family_12_Case_9_Gai_2013_case_9_en-prompt.txt	OMIM:615471	2	2	2	OMIM:614052	8344	
1947	PMID_33731876_fam243_en-prompt.txt	OMIM:613721	>10	>10	>10	OMIM:616421	5280	
1948	PMID_15654695_Patient_2_en-prompt.txt	OMIM:615982	>10	>10	>10	OMIM:615994	6884	2
1949	STX_EG0939P_en-prompt.txt	OMIM:612164	>10	>10	>10	OMIM:301066	7400	
1950	PMID_12203992_B1_en-prompt.txt	OMIM:154700	>10	>10	>10	OMIM:604308	6982	1
1951	PMID_36189931_Individual_6_en-prompt.txt	OMIM:130050	1	1	1	OMIM:130050	7330	
1952	PMID_28007986_A_VI10__en-prompt.txt	OMIM:617527	1	1	1	OMIM:617527	7404	
1953	PMID_37541189_Individual_4_en-prompt.txt	OMIM:620688	1	1	1	OMIM:620688	7486	
1954	PMID_34722527_individual_Fam7_2_3_Anna_Skorczyk_Werner_Novelgenevari_en-prompt.txt	OMIM:613826	>10	>10	>10	ORPHA:98973	4809	8
1955	PMID_25142838_P8_en-prompt.txt	OMIM:147920	>10	>10	>10	OMIM:608978	7948	1
1956	PMID_36074901_19_en-prompt.txt	OMIM:620465	>10	>10	>10	OMIM:618494	3419	
1957	PMID_29914387_patient_en-prompt.txt	OMIM:147920	>10	>10	>10	OMIM:300867	7700	1
1958	PMID_9312167_C_II_2_en-prompt.txt	OMIM:179800	1	1	1	OMIM:179800	5335	2
1959	PMID_12203992_D10_en-prompt.txt	OMIM:154700	>10	>10	>10	OMIM:236200	5652	1
1960	PMID_33731876_fam387_en-prompt.txt	OMIM:613721	>10	>10	>10	OMIM:618924	5057	
1961	PMID_25876182_Patient_VI_1_en-prompt.txt	OMIM:273900	2	2	2	OMIM:620484	6530	
1962	PMID_23222957_Family_11_11_1_en-prompt.txt	OMIM:242840	>10	>10	>10	OMIM:618223	7965	
1963	PMID_37071997_Individual_4_en-prompt.txt	OMIM:616211	>10	>10	>10	OMIM:216550	7921	
1964	PMID_19949040_Patient_1_en-prompt.txt	OMIM:616325	3	3	3	OMIM:615156	6759	1
1965	PMID_35963604_proband_en-prompt.txt	OMIM:241850	1	1	1	OMIM:241850	7186	1
1966	PMID_26805781_Family_8_Subject_10_II_3_en-prompt.txt	OMIM:616878	1	1	1	OMIM:616878	6560	
1967	PMID_33731876_fam166_en-prompt.txt	OMIM:613721	10	10	10	ORPHA:908	3628	
1968	PMID_21217753_Fam_1_V_1_en-prompt.txt	OMIM:613795	2	2	2	OMIM:619656	6982	
1969	PMID_33731876_fam413_en-prompt.txt	OMIM:613721	>10	>10	>10	OMIM:615574	6749	
1970	PMID_22219643_II_13_en-prompt.txt	OMIM:129600	1	1	1	OMIM:129600	7092	1
1971	PMID_12789647_K15_III_2_en-prompt.txt	OMIM:142900	1	1	1	OMIM:142900	5810	1
1972	PMID_16917909_370_1_en-prompt.txt	OMIM:142900	1	1	1	OMIM:142900	5722	1
1973	PMID_28137957_HSP84_II_4_en-prompt.txt	OMIM:617225	1	1	1	OMIM:617225	7106	
1974	PMID_28132690_Family_B_II_2_en-prompt.txt	OMIM:617425	1	1	1	OMIM:617425	7866	
1975	PMID_36446582_KBG8B_en-prompt.txt	OMIM:148050	1	1	1	ORPHA:2332	8037	
1976	PMID_30451291_II_8_en-prompt.txt	OMIM:300088	6	6	6	ORPHA:177901	4393	
1977	PMID_30580808_Ind_12_Fam_12_en-prompt.txt	OMIM:618362	>10	>10	>10	OMIM:135900	7954	
1978	PMID_37071997_Individual_11_en-prompt.txt	OMIM:616211	>10	>10	>10	OMIM:216550	7748	
1979	PMID_16021330_LDJP1_1_en-prompt.txt	OMIM:620681	2	2	2	OMIM:254780	4419	1
1980	PMID_36446582_KBG54_en-prompt.txt	OMIM:148050	>10	>10	>10	OMIM:605130	7795	
1981	STX_32139178_Patient_Neonatal11_en-prompt.txt	OMIM:612164	>10	>10	>10	OMIM:266150	4583	
1982	STX_EG1190P_en-prompt.txt	OMIM:612164	>10	>10	>10	OMIM:615006	6254	
1983	STX_P_07_en-prompt.txt	OMIM:612164	>10	>10	>10	ORPHA:31709	4441	5
1984	PMID_16917909_668_1__en-prompt.txt	OMIM:142900	>10	>10	>10	OMIM:617247	4867	2
1985	PMID_28074573_ST1_en-prompt.txt	OMIM:163950	3	3	3	OMIM:613707	7264	1
1986	PMID_30580808_Ind_17_Fam_16_en-prompt.txt	OMIM:618362	>10	>10	>10	OMIM:618371	7954	4
1987	STX_26384463_Patient_4_en-prompt.txt	OMIM:612164	>10	>10	>10	OMIM:618006	5320	
1988	PMID_37154409_B_I_1_en-prompt.txt	OMIM:606658	>10	>10	>10	ORPHA:363710	6015	
1989	PMID_15266616_107_en-prompt.txt	OMIM:147791	7	7	7	OMIM:304110	7526	
1990	STX_25533962_260459_en-prompt.txt	OMIM:612164	>10	>10	>10	OMIM:617600	6546	
1991	PMID_24739679_patient_K4_en-prompt.txt	OMIM:147920	1	1	1	OMIM:147920	8170	1
1992	PMID_31239556_individual_8_en-prompt.txt	OMIM:615502	>10	>10	>10	OMIM:309580	8052	
1993	PMID_10662742_II_1_en-prompt.txt	OMIM:115200	5	5	5	OMIM:615184	6866	
1994	PMID_32154675_Family_7_Patient_18_en-prompt.txt	OMIM:613795	1	1	1	OMIM:613795	7415	
1995	PMID_25439728_V_1_en-prompt.txt	OMIM:616354	3	3	3	OMIM:618109	7420	
1996	PMID_12789647_K5_II_1_en-prompt.txt	OMIM:142900	1	1	1	OMIM:142900	6305	5
1997	PMID_25477417_F3_2_en-prompt.txt	OMIM:248250	1	1	1	OMIM:248250	7238	
1998	PMID_26833330_F2_II2_en-prompt.txt	OMIM:616829	1	1	1	OMIM:616829	5890	
1999	PMID_15266616_110_en-prompt.txt	OMIM:147791	7	7	7	OMIM:304110	7526	
2000	PMID_31332438_A_I_1_en-prompt.txt	OMIM:620528	4	4	4	OMIM:618960	6512	2
2001	PMID_20683840_II_15_en-prompt.txt	OMIM:606693	6	6	6	ORPHA:171695	5994	
2002	PMID_37761890_35__en-prompt.txt	OMIM:616362	>10	>10	>10	OMIM:620688	6398	
2003	PMID_28239884_Family_3_proband_en-prompt.txt	OMIM:148600	7	7	7	OMIM:615522	4654	1
2004	PMID_37761890_20__en-prompt.txt	OMIM:616362	5	5	5	OMIM:620242	5675	
2005	PMID_25477417_F10_1_en-prompt.txt	OMIM:248250	1	1	1	OMIM:248250	7238	
2006	PMID_27843126_A_III_5_en-prompt.txt	OMIM:617146	1	1	1	OMIM:617146	7367	
2007	PMID_31239556_individual_Bastaki_et_al_en-prompt.txt	OMIM:615502	>10	>10	>10	OMIM:309580	8066	
2008	PMID_29196670_Patient_10_en-prompt.txt	OMIM:191100	2	2	2	OMIM:613254	7721	1
2009	PMID_36446582_KBG43_en-prompt.txt	OMIM:148050	>10	>10	>10	OMIM:605130	7931	
2010	PMID_25168959_Y22_en-prompt.txt	OMIM:614608	10	10	10	OMIM:614609	7842	
2011	PMID_36454683_II_3_en-prompt.txt	OMIM:620402	1	1	1	OMIM:620402	6873	
2012	PMID_26706854_Subject_1_1_en-prompt.txt	OMIM:603671	1	1	1	OMIM:603671	7003	2
2013	PMID_19864672_Patient_2B1_en-prompt.txt	OMIM:212050	1	1	1	OMIM:212050	5985	2
2014	PMID_36528028_Individual_12_en-prompt.txt	OMIM:620455	8	8	8	OMIM:615485	5299	
2015	PMID_36189931_Individual_20_en-prompt.txt	OMIM:130050	1	1	1	OMIM:130050	6932	
2016	PMID_36965478_Individual_7_en-prompt.txt	OMIM:620515	1	1	1	OMIM:620515	7021	
2017	PMID_12789647_K8_II_1_en-prompt.txt	OMIM:142900	1	1	1	OMIM:142900	5810	1
2018	STX_29896790_P1_en-prompt.txt	OMIM:612164	>10	>10	>10	OMIM:615473	6038	6
2019	PMID_31774634_Jacquinet_et_al___2014__en-prompt.txt	OMIM:616914	1	1	1	OMIM:616914	6451	
2020	PMID_37433783_P9_en-prompt.txt	OMIM:601674	>10	>10	>10	OMIM:619841	7838	
2021	PMID_31000419_III_10_en-prompt.txt	OMIM:620686	>10	>10	>10	OMIM:620548	6569	
2022	PMID_23222957_Family_5_5_1_en-prompt.txt	OMIM:242840	>10	>10	>10	OMIM:618223	7913	
2023	PMID_35344616_A11_en-prompt.txt	OMIM:268310	1	1	1	OMIM:268310	7861	1
2024	PMID_33731876_fam390_en-prompt.txt	OMIM:613721	>10	>10	>10	OMIM:615637	4917	
2025	PMID_32710489_Group_2_Patient_3_en-prompt.txt	OMIM:620157	>10	>10	>10	OMIM:620113	6412	
2026	PMID_30643655_F1_IV_2_en-prompt.txt	OMIM:613115	8	8	8	OMIM:614213	7129	1
2027	PMID_33731876_fam171_en-prompt.txt	OMIM:613721	>10	>10	>10	ORPHA:404454	4048	
2028	PMID_34722527_individual_MEP43_8_Martin_McKibbin_Genotype_Phenot_en-prompt.txt	OMIM:613826	>10	>10	>10	ORPHA:98973	4809	1
2029	PMID_33731876_fam404_en-prompt.txt	OMIM:613721	>10	>10	>10	OMIM:619273	4885	
2030	PMID_23993194_Family_5_case_V8_en-prompt.txt	OMIM:615471	6	6	6	OMIM:620371	8321	5
2031	PMID_24736735_A019F___en-prompt.txt	OMIM:175700	1	1	1	OMIM:175700	6801	
2032	PMID_17661820_5_en-prompt.txt	OMIM:163950	>10	>10	>10	ORPHA:638	4519	1
2033	PMID_33731876_fam253_en-prompt.txt	OMIM:613721	>10	>10	>10	ORPHA:79243	2499	
2034	PMID_31021519_individual_from_Boone_et_al_en-prompt.txt	OMIM:612313	1	1	1	ORPHA:576283	6035	
2035	PMID_33731876_fam303_en-prompt.txt	OMIM:613721	>10	>10	>10	ORPHA:79279	2564	
2036	PMID_36446582_Gnazzo_2020_P8_en-prompt.txt	OMIM:148050	2	2	2	OMIM:617694	7340	1
2037	PMID_34722527_individual_MOL1124_1_6_Beryozkin_Current_en-prompt.txt	OMIM:608194	>10	>10	>10	OMIM:616152	4809	5
2038	PMID_23913798_Patient_1_en-prompt.txt	OMIM:620458	1	1	1	OMIM:620458	7096	
2039	PMID_36047608_Patient_1_F1_II_4_en-prompt.txt	OMIM:620666	>10	>10	>10	OMIM:613728	6609	
2040	PMID_36446582_Goldenberg2016_P15_en-prompt.txt	OMIM:148050	>10	>10	>10	OMIM:617982	6511	
2041	PMID_35420632_Patient_4_IV_4_en-prompt.txt	OMIM:620367	1	1	1	OMIM:620367	5498	
2042	PMID_19776401_Patient_7_1_en-prompt.txt	OMIM:243700	1	1	1	ORPHA:217390	7706	1
2043	PMID_17273967_III_1_en-prompt.txt	OMIM:602400	1	1	1	OMIM:602400	7185	
2044	PMID_9101303_patient_en-prompt.txt	OMIM:162200	1	1	1	OMIM:162200	5768	1
2045	PMID_36074901_20_en-prompt.txt	OMIM:620465	>10	>10	>10	OMIM:300953	4115	
2046	PMID_31509304_F1_III_1_en-prompt.txt	OMIM:617560	1	1	1	ORPHA:527497	7081	
2047	PMID_37075751_Individual_10_en-prompt.txt	OMIM:616462	1	1	1	OMIM:616462	7880	
2048	PMID_29321044_Patient_2_en-prompt.txt	OMIM:616829	2	2	2	OMIM:616828	5954	4
2049	PMID_31509304_F2_II_1_en-prompt.txt	OMIM:617560	1	1	1	ORPHA:527497	7081	
2050	PMID_36446582_Gnazzo_2020_P31_en-prompt.txt	OMIM:148050	10	10	10	OMIM:617976	6454	
2051	PMID_22541558_individual_S_1_en-prompt.txt	OMIM:154400	>10	>10	>10	ORPHA:391641	6538	2
2052	PMID_27743463_S7_en-prompt.txt	OMIM:615471	>10	>10	>10	ORPHA:496790	5131	7
2053	PMID_29883675_first_family_patient_2_en-prompt.txt	OMIM:614833	>10	>10	>10	OMIM:618010	6234	
2054	PMID_30099644_III_7_en-prompt.txt	OMIM:600138	>10	>10	>10	OMIM:303100	5761	4
2055	PMID_23993194_Family_4_Case_6_en-prompt.txt	OMIM:615471	1	1	1	OMIM:615471	8320	
2056	PMID_23714749_23714749_P2_en-prompt.txt	OMIM:256810	5	5	5	OMIM:615160	6059	5
2057	PMID_36446582_Walz2015_PC_en-prompt.txt	OMIM:148050	1	1	1	ORPHA:2332	7262	1
2058	PMID_31021519_SATB2_75_from_Zarate_et_al__2018a_en-prompt.txt	OMIM:612313	1	1	1	ORPHA:576283	6096	
2059	PMID_33731876_fam62_en-prompt.txt	OMIM:613721	>10	>10	>10	OMIM:245570	4659	
2060	PMID_32154675_Family_7_Patient_21_en-prompt.txt	OMIM:613795	2	2	2	OMIM:619825	6708	
2061	PMID_31021519_individual_SATB2_124_en-prompt.txt	OMIM:612313	5	5	5	ORPHA:513456	5999	
2062	PMID_21533187_family_B_en-prompt.txt	OMIM:156250	1	1	1	OMIM:156250	6797	1
2063	PMID_29198722_p_Arg913Ter_Affected_Individual_1_en-prompt.txt	OMIM:617865	1	1	1	OMIM:617865	7822	
2064	PMID_36190515_Patient_5_en-prompt.txt	OMIM:620423	1	1	1	OMIM:620423	7083	6
2065	STX_31344879_Patient6_en-prompt.txt	OMIM:612164	3	3	3	ORPHA:1942	5983	
2066	PMID_37962958_33_en-prompt.txt	OMIM:620535	>10	>10	>10	OMIM:620067	7140	
2067	PMID_22428873_P1_en-prompt.txt	OMIM:174200	1	1	1	OMIM:174200	6975	
2068	PMID_37761890_51__en-prompt.txt	OMIM:616362	>10	>10	>10	ORPHA:230851	3937	
2069	PMID_37761890_44__en-prompt.txt	OMIM:616362	>10	>10	>10	OMIM:619229	6049	
2070	PMID_31021519_individual_SATB2_133_en-prompt.txt	OMIM:612313	>10	>10	>10	OMIM:615802	5999	
2071	PMID_32154675_Family_3_Patient_6_en-prompt.txt	OMIM:613795	1	1	1	OMIM:613795	7219	2
2072	PMID_28940506_Family_7_Individual_8_en-prompt.txt	OMIM:615471	>10	>10	>10	OMIM:620371	8334	
2073	PMID_37962958_24_en-prompt.txt	OMIM:620535	>10	>10	>10	OMIM:619950	8062	
2074	PMID_9106527_Putnam_1997_Patient_P319_en-prompt.txt	OMIM:121050	1	1	1	OMIM:121050	7113	
2075	PMID_36446582_Low_2016_P17_10_en-prompt.txt	OMIM:148050	1	1	1	ORPHA:2332	7132	1
2076	STX_P_29_en-prompt.txt	OMIM:612164	7	7	7	ORPHA:459070	5444	
2077	PMID_36331550_Family_26_Patient_31_en-prompt.txt	OMIM:613477	>10	>10	>10	OMIM:619964	4666	
2078	PMID_9312167_A_I_1_en-prompt.txt	OMIM:179800	1	1	1	OMIM:179800	5335	
2079	PMID_15781812_individual_103_en-prompt.txt	OMIM:620681	>10	>10	>10	ORPHA:168491	4606	
2080	PMID_33087723_E4_en-prompt.txt	OMIM:619375	1	1	1	OMIM:619375	6787	
2081	PMID_35150594_A_II_3_en-prompt.txt	OMIM:620538	1	1	1	OMIM:620538	6849	
2082	PMID_15266616_129_en-prompt.txt	OMIM:147791	7	7	7	OMIM:304110	7526	
2083	PMID_35638551_Patient_PM11_en-prompt.txt	OMIM:620715	>10	>10	>10	ORPHA:465	5670	
2084	PMID_17056636_Patient_No_7_en-prompt.txt	OMIM:609942	>10	>10	>10	OMIM:613706	7972	1
2085	PMID_37919452_Family_2__patient_4_en-prompt.txt	OMIM:620683	>10	>10	>10	OMIM:613327	8281	
2086	PMID_34521999_12_en-prompt.txt	OMIM:617140	>10	>10	>10	OMIM:619229	7613	
2087	PMID_22772368_5_III_1_en-prompt.txt	OMIM:614816	1	1	1	OMIM:614816	7260	2
2088	PMID_24108658_Family_2_Patient_3_en-prompt.txt	OMIM:154500	1	1	1	OMIM:154500	6650	1
2089	PMID_33731876_fam75_en-prompt.txt	OMIM:613721	>10	>10	>10	OMIM:618374	2356	
2090	PMID_9312167_B_II_3_en-prompt.txt	OMIM:179800	1	1	1	OMIM:179800	5335	
2091	PMID_28851325_Case_3_en-prompt.txt	OMIM:613454	1	1	1	OMIM:613454	6535	
2092	STX_26865513_Patient_44_en-prompt.txt	OMIM:612164	>10	>10	>10	OMIM:614959	6652	
2093	STX_Fila_8_EG_CB_en-prompt.txt	OMIM:612164	>10	>10	>10	ORPHA:31709	5979	
2094	PMID_36446582_Gnazzo_2020_P26_en-prompt.txt	OMIM:148050	1	1	1	ORPHA:2332	6987	1
2095	PMID_20082460_case_5_en-prompt.txt	OMIM:305400	1	1	1	OMIM:305400	7741	1
2096	PMID_33731876_fam148_en-prompt.txt	OMIM:607745	>10	1	>10	OMIM:618567	2319	2
2097	PMID_37196654_Individual_27_en-prompt.txt	OMIM:618505	>10	>10	>10	OMIM:619475	8053	
2098	STX_G3_P35_en-prompt.txt	OMIM:612164	>10	>10	>10	OMIM:618890	3728	6
2099	PMID_37196654_Individual_62__MSSNG_AU2168301__en-prompt.txt	OMIM:618505	>10	>10	>10	ORPHA:449291	4727	
2100	PMID_36446582_Ockeloen2015_P4_en-prompt.txt	OMIM:148050	2	2	2	ORPHA:228402	6124	1
2101	PMID_16917909_666_1_en-prompt.txt	OMIM:142900	3	3	3	OMIM:615272	5563	5
2102	PMID_37541189_Individual_3_en-prompt.txt	OMIM:620688	1	1	1	OMIM:620688	7691	
2103	PMID_36189931_Individual_1_en-prompt.txt	OMIM:130050	1	1	1	OMIM:130050	6424	1
2104	PMID_24932600_Patient_2_en-prompt.txt	OMIM:268310	9	9	9	ORPHA:93329	7352	1
2105	PMID_36189931_Individual_19_en-prompt.txt	OMIM:130050	1	1	1	OMIM:130050	6424	1
2106	PMID_28285769_Individual_2_II_1_en-prompt.txt	OMIM:250410	1	1	1	ORPHA:166035	8098	
2107	PMID_20839288_Case_2_en-prompt.txt	OMIM:610968	4	4	4	OMIM:166220	7753	1
2108	PMID_35344616_A15_en-prompt.txt	OMIM:268310	1	1	1	OMIM:268310	7843	1
2109	PMID_29903538_0_year_old_child_en-prompt.txt	OMIM:606693	>10	>10	>10	ORPHA:411602	5078	
2110	PMID_33731876_fam394_en-prompt.txt	OMIM:613721	>10	>10	>10	OMIM:620073	2356	
2111	PMID_31021519_individual_SATB2_89_en-prompt.txt	OMIM:612313	1	1	1	ORPHA:576283	5863	
2112	PMID_33731876_fam175_en-prompt.txt	OMIM:613721	>10	>10	>10	OMIM:615473	5656	
2113	PMID_33045405_Ramos_et_al___2013_Proband_en-prompt.txt	OMIM:605911	1	1	1	OMIM:605911	5382	
2114	STX_29933521_Patient_2_en-prompt.txt	OMIM:612164	>10	>10	>10	OMIM:619060	2319	
2115	PMID_28074573_GB4_en-prompt.txt	OMIM:163950	4	4	4	OMIM:613706	7416	1
2116	PMID_26942284_II_1_from_Family_B_en-prompt.txt	OMIM:616840	7	7	7	ORPHA:411602	7374	
2117	PMID_33731876_fam400_en-prompt.txt	OMIM:613721	>10	>10	>10	OMIM:618285	6042	
2118	PMID_33731876_fam279_en-prompt.txt	OMIM:613721	>10	>10	>10	OMIM:617333	2319	
2119	PMID_33045405_Bouchard_et_al___2001_a_Patient_1_en-prompt.txt	OMIM:605911	1	1	1	OMIM:605911	5717	
2120	PMID_34722527_individual_MEP1_2_Martin_McKibbin_Genotype_Phenot_en-prompt.txt	OMIM:613826	>10	>10	>10	ORPHA:98973	4809	1
2121	PMID_22560515_Patient_1_en-prompt.txt	OMIM:610687	1	1	1	OMIM:610687	7323	
2122	PMID_26426912_Patient_4_en-prompt.txt	OMIM:248250	1	1	1	OMIM:248250	6499	
2123	PMID_35150594_C_II_1_en-prompt.txt	OMIM:620538	1	1	1	OMIM:620538	6844	
2124	PMID_36965478_Individual_3_en-prompt.txt	OMIM:620515	1	1	1	OMIM:620515	6983	
2125	PMID_36189931_Individual_24_en-prompt.txt	OMIM:130050	1	1	1	OMIM:130050	6424	1
2126	STX_29896790_P5_en-prompt.txt	OMIM:612164	>10	>10	>10	ORPHA:411986	4537	
2127	PMID_29196670_Patient_14_en-prompt.txt	OMIM:191100	2	2	2	OMIM:613254	7721	1
2128	PMID_32376980_43_en-prompt.txt	OMIM:618164	>10	>10	>10	OMIM:619325	8137	
2129	PMID_24355708_IHG25353_individual_2_en-prompt.txt	OMIM:215470	8	8	8	OMIM:613728	7982	1
2130	PMID_28163941_proband_en-prompt.txt	OMIM:610168	2	2	2	OMIM:604308	6774	1
2131	PMID_36446582_KBG47_en-prompt.txt	OMIM:148050	3	3	3	OMIM:605130	8239	
2132	STX_P_14_en-prompt.txt	OMIM:612164	8	8	8	ORPHA:485350	6451	2
2133	PMID_37962958_19_en-prompt.txt	OMIM:620535	>10	>10	>10	OMIM:618828	7758	
2134	PMID_9817917_Family_5_individual_13885_en-prompt.txt	OMIM:222300	1	1	1	OMIM:222300	7481	1
2135	PMID_15266616_114_en-prompt.txt	OMIM:147791	7	7	7	ORPHA:280633	7492	
2136	PMID_28132690_Family_A_II_1_en-prompt.txt	OMIM:617425	1	1	1	OMIM:617425	7874	
2137	PMID_37761890_59__en-prompt.txt	OMIM:616362	>10	>10	>10	OMIM:612337	6501	
2138	PMID_36823193_Patient_7_Family_5_en-prompt.txt	OMIM:620451	1	1	1	OMIM:620451	7840	
2139	PMID_33731876_fam48_en-prompt.txt	OMIM:613721	>10	>10	>10	OMIM:619428	5805	
2140	PMID_30658709_patient_en-prompt.txt	OMIM:615878	>10	>10	>10	OMIM:620010	7444	2
2141	PMID_24739679_patient_K10_en-prompt.txt	OMIM:147920	1	1	1	OMIM:147920	8170	1
2142	PMID_27843126_A_III_1_en-prompt.txt	OMIM:617146	5	5	5	ORPHA:101097	7100	
2143	PMID_34521999_38_en-prompt.txt	OMIM:617140	>10	>10	>10	OMIM:619575	8057	
2144	PMID_15266616_103_en-prompt.txt	OMIM:147791	7	7	7	OMIM:304110	7526	6
2145	STX_EG0519P_en-prompt.txt	OMIM:612164	>10	>10	>10	OMIM:616127	5579	
2146	PMID_35150594_N_II_1_en-prompt.txt	OMIM:620538	1	1	1	OMIM:620538	6861	
2147	PMID_10662742_II_5_en-prompt.txt	OMIM:115200	1	1	1	OMIM:115200	3831	
2148	PMID_28782633_Family_II_grandmother_P1_en-prompt.txt	OMIM:620670	>10	>10	>10	OMIM:615577	7148	4
2149	PMID_36446582_Behnert_2018_en-prompt.txt	OMIM:148050	1	1	1	OMIM:148050	7950	1
2150	STX_27779742_WJL_en-prompt.txt	OMIM:612164	>10	>10	>10	ORPHA:192	3609	
2151	PMID_29037160_Case_2_family_II_en-prompt.txt	OMIM:220400	1	1	1	OMIM:220400	5598	1
2152	PMID_31021519_individual_SATB2_119_en-prompt.txt	OMIM:612313	>10	>10	>10	OMIM:615802	5862	
2153	PMID_36446582_KBG50_en-prompt.txt	OMIM:148050	2	2	2	OMIM:605130	8101	1
2154	PMID_30643655_F2_IV_1_en-prompt.txt	OMIM:613115	5	5	5	OMIM:256840	6198	
2155	PMID_37071997_Individual_15_en-prompt.txt	OMIM:616211	>10	>10	>10	OMIM:216550	7783	
2156	PMID_31021519_262560_from_Bengani_et_al_en-prompt.txt	OMIM:612313	>10	>10	>10	OMIM:614749	5571	
2157	PMID_36446582_Kutkowska_Kazmierczak2021_P9_en-prompt.txt	OMIM:148050	3	3	3	OMIM:617883	6070	1
2158	PMID_15200511_individual_II_5_en-prompt.txt	OMIM:277300	2	2	2	OMIM:122600	4845	2
2159	STX_P_03_en-prompt.txt	OMIM:612164	2	2	2	ORPHA:86309	5601	3
2160	PMID_22541558_individual_F_1_en-prompt.txt	OMIM:154400	>10	>10	>10	OMIM:620494	6839	3
2161	PMID_36446582_Murray_2017_P7_3_3_en-prompt.txt	OMIM:148050	2	2	2	OMIM:617694	7551	1
2162	PMID_36067010_Family_4_Patient_6_en-prompt.txt	OMIM:620504	1	1	1	OMIM:620504	7724	
2163	PMID_24736735_G029__en-prompt.txt	OMIM:175700	1	1	1	OMIM:175700	6801	
2164	PMID_32710489_Group_1_Patient_9_en-prompt.txt	OMIM:620155	>10	>10	>10	OMIM:616268	8062	
2165	PMID_36586412_23_en-prompt.txt	OMIM:301111	1	1	1	OMIM:301111	7352	
2166	PMID_36446582_Miyatake_2017_P2_en-prompt.txt	OMIM:148050	1	1	1	ORPHA:2332	7476	1
2167	PMID_12446365_OP_en-prompt.txt	OMIM:129600	1	1	1	OMIM:129600	7092	3
2168	PMID_36189931_Individual_33_en-prompt.txt	OMIM:130050	1	1	1	OMIM:130050	6424	1
2169	PMID_37582359_F4_III_4_en-prompt.txt	OMIM:620558	1	1	1	OMIM:620558	7438	
2170	STX_27184330_Patient_III_en-prompt.txt	OMIM:612164	>10	>10	>10	OMIM:616831	6041	
2171	PMID_36446582_Willemsen2010_P2_en-prompt.txt	OMIM:148050	>10	>10	>10	OMIM:619123	6957	
2172	PMID_36446582_Kutkowska_Kazmierczak2021_P22_en-prompt.txt	OMIM:148050	2	2	2	ORPHA:228402	5568	
2173	PMID_30850397_proband_II_2_en-prompt.txt	OMIM:615983	>10	>10	>10	OMIM:614500	7871	2
2174	PMID_36446582_Goldenberg2016_P28_en-prompt.txt	OMIM:148050	>10	>10	>10	OMIM:301111	5877	
2175	PMID_33633439_9574_II_2_en-prompt.txt	OMIM:620731	>10	>10	>10	OMIM:613703	6249	
2176	PMID_36446582_Crippa2015_P3_en-prompt.txt	OMIM:148050	1	1	1	ORPHA:2332	6771	1
2177	PMID_19949040_Patient_5_en-prompt.txt	OMIM:616325	3	3	3	OMIM:615156	6759	3
2178	PMID_29217778_P5_D637_en-prompt.txt	OMIM:159550	>10	>10	>10	OMIM:619041	4385	
2179	PMID_25876182_Patient_VI_5_en-prompt.txt	OMIM:273900	1	1	1	OMIM:273900	6067	
2180	PMID_33731876_fam383_en-prompt.txt	OMIM:613721	>10	>10	>10	OMIM:618437	2356	
2181	PMID_26467218_individual_12_F_Present_study_en-prompt.txt	OMIM:613224	1	1	1	OMIM:613224	8044	1
2182	PMID_12189163_V_6_en-prompt.txt	OMIM:219100	1	1	1	OMIM:219100	5808	
2183	PMID_33731876_fam417_en-prompt.txt	OMIM:607745	>10	>10	>10	ORPHA:447997	6476	
2184	PMID_12789647_K4_IV_1_en-prompt.txt	OMIM:142900	1	1	1	OMIM:142900	5826	
2185	PMID_22539873_II_1_en-prompt.txt	OMIM:129600	1	1	1	OMIM:129600	6955	1
2186	PMID_15654695_Patient_1_en-prompt.txt	OMIM:615982	>10	>10	>10	OMIM:614879	7300	2
2187	PMID_36528028_Individual_9_en-prompt.txt	OMIM:620455	1	1	1	OMIM:620455	5574	
2188	PMID_34722527_individual_individual_7_Arif_O_Khan_TheRPGRIP1_rel_en-prompt.txt	OMIM:613826	>10	>10	>10	ORPHA:98973	4939	
2189	PMID_25835445_2_III_3_en-prompt.txt	OMIM:615582	7	7	7	OMIM:613795	7431	
2190	PMID_33731876_fam310_en-prompt.txt	OMIM:613721	>10	>10	>10	ORPHA:163681	6265	
2191	PMID_33731876_fam240_en-prompt.txt	OMIM:613721	>10	>10	>10	ORPHA:522077	4832	
2192	PMID_34722527_individual_individual_1_Shiyuan_Wang3_Clinicalandge_en-prompt.txt	OMIM:613826	>10	>10	>10	ORPHA:98973	4939	1
2193	PMID_37541189_Individual_7_en-prompt.txt	OMIM:620688	1	1	1	OMIM:620688	7691	
2194	PMID_12203992_B43_en-prompt.txt	OMIM:154700	>10	>10	>10	OMIM:617168	6878	1
2195	PMID_36189931_Individual_5_en-prompt.txt	OMIM:130050	1	1	1	OMIM:130050	6424	1
2196	PMID_26467218_individual_2_Runtuwene_et_al__21_en-prompt.txt	OMIM:613224	1	1	1	OMIM:613224	8044	1
2197	PMID_31844624_31844624_P2_en-prompt.txt	OMIM:604377	>10	>10	>10	OMIM:617018	5867	
2198	STX_26648591_Patient_4_en-prompt.txt	OMIM:612164	7	7	7	ORPHA:3006	6674	
2199	STX_20887364_Subject_2103_en-prompt.txt	OMIM:612164	>10	>10	>10	OMIM:301066	5638	
2200	STX_26865513_Patient_40_en-prompt.txt	OMIM:612164	7	7	7	OMIM:614558	6923	
2201	PMID_26590883_Patient__NCI_309_1_en-prompt.txt	OMIM:609053	1	1	1	OMIM:609053	8194	1
2202	PMID_25835445_1_II_14__en-prompt.txt	OMIM:615582	>10	>10	>10	OMIM:610168	6503	
2203	PMID_30315159_Patient_6__en-prompt.txt	OMIM:620475	1	1	1	OMIM:620475	7970	
2204	STX_G3_P31_en-prompt.txt	OMIM:612164	>10	>10	>10	OMIM:615833	3728	
2205	PMID_36103875_Individual_2_en-prompt.txt	OMIM:620502	1	1	1	OMIM:620502	7571	
2206	PMID_20493457_Subject_3_en-prompt.txt	OMIM:613477	6	6	6	OMIM:619606	5968	
2207	PMID_37196654_Individual_23_en-prompt.txt	OMIM:618505	>10	>10	>10	ORPHA:261552	7800	
2208	PMID_30580808_Machol_Ind_9_Fam_39_en-prompt.txt	OMIM:618362	>10	>10	>10	OMIM:614609	7966	1
2209	PMID_20082460_case_1_en-prompt.txt	OMIM:305400	1	1	1	OMIM:305400	7877	1
2210	PMID_36446582_Gnazzo_2020_P22_en-prompt.txt	OMIM:148050	1	1	1	ORPHA:2332	6987	
2211	PMID_34521999_16_en-prompt.txt	OMIM:617140	>10	>10	>10	OMIM:619229	8199	
2212	PMID_12750403_66_year_old_woman_en-prompt.txt	OMIM:163800	6	6	6	OMIM:600919	1642	1
2213	PMID_33731876_fam71_en-prompt.txt	OMIM:613721	>10	>10	>10	OMIM:311250	4053	
2214	PMID_18551513_9_en-prompt.txt	OMIM:613205	1	1	1	OMIM:613205	6861	
2215	PMID_31021519_individual_SATB2_137_en-prompt.txt	OMIM:612313	1	1	1	ORPHA:576283	6096	
2216	PMID_30057029_Individual_8_en-prompt.txt	OMIM:618089	>10	>10	>10	ORPHA:280633	8322	
2217	PMID_22428873_P5_en-prompt.txt	OMIM:174200	1	1	1	OMIM:174200	6975	
2218	PMID_22772368_4_III_1_en-prompt.txt	OMIM:614816	1	1	1	OMIM:614816	7260	2
2219	STX_32521962_P8_en-prompt.txt	OMIM:612164	>10	>10	>10	ORPHA:505652	3728	
2220	STX_23934111_fh_en-prompt.txt	OMIM:612164	4	4	4	OMIM:616973	4317	2
2221	PMID_37962958_20_en-prompt.txt	OMIM:620535	>10	>10	>10	OMIM:616268	8070	
2222	PMID_37761890_28__en-prompt.txt	OMIM:616362	>10	>10	>10	ORPHA:420179	6634	
2223	PMID_29379883_Family_1_patient_1_en-prompt.txt	OMIM:616907	>10	>10	>10	OMIM:620447	5111	3
2224	PMID_22986007_Family_C_proband_III_2_en-prompt.txt	OMIM:117360	1	1	1	OMIM:117360	6494	
2225	PMID_21533187_family_F_en-prompt.txt	OMIM:156250	1	1	1	OMIM:156250	6797	1
2226	PMID_31021519_individual_SATB2_120_en-prompt.txt	OMIM:612313	1	1	1	ORPHA:576283	6035	
2227	PMID_36190515_Patient_1_en-prompt.txt	OMIM:620423	1	1	1	OMIM:620423	7114	1
2228	PMID_29198722_p_Arg913Ter_Affected_Individual_5_en-prompt.txt	OMIM:617865	1	1	1	OMIM:617865	8033	
2229	STX_EG0720P_en-prompt.txt	OMIM:612164	4	4	4	OMIM:616973	4908	
2230	PMID_37962958_37_en-prompt.txt	OMIM:620535	>10	>10	>10	ORPHA:391372	7277	
2231	PMID_25477417_F4_1_en-prompt.txt	OMIM:248250	1	1	1	OMIM:248250	7238	
2232	PMID_35484142_F4_P4_en-prompt.txt	OMIM:620460	1	1	1	OMIM:620460	6586	3
2233	STX_31344879_Patient2_en-prompt.txt	OMIM:612164	6	6	6	ORPHA:457351	5874	
2234	PMID_31859446_first_case_en-prompt.txt	OMIM:620719	>10	>10	>10	OMIM:619087	7903	
2235	PMID_26805782_F2_II_2_en-prompt.txt	OMIM:616878	9	9	9	OMIM:618120	6209	
2236	PMID_28940506_Family_13_Individual_16_en-prompt.txt	OMIM:615471	>10	>10	>10	OMIM:620371	8265	5
2237	PMID_37919452_Family_4__patient_6_en-prompt.txt	OMIM:620683	>10	>10	>10	OMIM:613327	8204	
2238	PMID_37656279_Pedigree_D_II_4_en-prompt.txt	OMIM:620510	1	1	1	OMIM:620510	8128	
2239	STX_23708187_T23289_en-prompt.txt	OMIM:612164	>10	>10	>10	OMIM:618437	2356	
2240	PMID_23714749_23714749_P6_en-prompt.txt	OMIM:256810	>10	>10	>10	OMIM:615453	5579	2
2241	PMID_30099644_III_3_en-prompt.txt	OMIM:600138	>10	>10	>10	OMIM:615434	4506	2
2242	STX_27779742_131_en-prompt.txt	OMIM:612164	>10	>10	>10	ORPHA:192	3609	
2243	PMID_24408148_8_year_old_male_patient_en-prompt.txt	OMIM:142900	1	1	1	OMIM:142900	5885	1
2244	PMID_27743463_S3_en-prompt.txt	OMIM:615471	3	3	3	OMIM:300855	7751	5
2245	PMID_26242992_III_18_en-prompt.txt	OMIM:301310	1	1	1	OMIM:301310	6687	
2246	PMID_34722527_individual_p9_1_Jinu_Han_Diagnosticappl_en-prompt.txt	OMIM:613826	>10	>10	>10	OMIM:613835	4939	
2247	PMID_27040691_Individual_4_1_en-prompt.txt	OMIM:616900	1	1	1	ORPHA:488632	7659	
2248	PMID_35923690_50_10_en-prompt.txt	OMIM:105650	1	1	1	OMIM:105650	6945	1
2249	PMID_26908613_MOGL2063_en-prompt.txt	OMIM:617123	2	2	2	OMIM:616469	5445	2
2250	PMID_33731876_fam66_en-prompt.txt	OMIM:613721	>10	>10	>10	ORPHA:725	5037	
2251	STX_EG0169P_en-prompt.txt	OMIM:612164	9	9	9	ORPHA:1942	4962	4
2252	PMID_31173466_Suzuki_Patient_1_en-prompt.txt	OMIM:618499	1	1	1	OMIM:618499	7552	2
2253	PMID_17273967_III_5_en-prompt.txt	OMIM:602400	1	1	1	OMIM:602400	7185	
2254	PMID_25835445_1_III_11__en-prompt.txt	OMIM:615582	>10	>10	>10	OMIM:610168	6482	6
2255	STX_EG1414P_en-prompt.txt	OMIM:612164	>10	>10	>10	ORPHA:319514	6669	2
2256	PMID_36446582_Goldenberg2016_P11_en-prompt.txt	OMIM:148050	3	3	3	OMIM:617883	5968	1
2257	PMID_9817917_Family_9_individual_13781_en-prompt.txt	OMIM:222300	1	1	1	OMIM:222300	7481	1
2258	STX_28944233_265950_en-prompt.txt	OMIM:612164	>10	>10	>10	OMIM:616878	7327	
2259	PMID_36074901_24_en-prompt.txt	OMIM:620465	>10	>10	>10	OMIM:618663	4213	
2260	PMID_37075751_Individual_14_en-prompt.txt	OMIM:616462	1	1	1	OMIM:616462	7983	
2261	PMID_37196654_Individual_34_en-prompt.txt	OMIM:618505	>10	>10	>10	OMIM:619475	8012	
2262	PMID_32710489_Group_1_Patient_10_en-prompt.txt	OMIM:620155	1	1	1	OMIM:620155	7997	
2263	STX_G3_P26_en-prompt.txt	OMIM:612164	>10	>10	>10	OMIM:619124	3728	
2264	PMID_24736735_G13684_Brother_en-prompt.txt	OMIM:175700	2	2	2	OMIM:174200	6362	3
2265	PMID_17661820_1_en-prompt.txt	OMIM:163950	>10	>10	>10	OMIM:619657	7531	1
2266	PMID_33731876_fam307_en-prompt.txt	OMIM:613721	>10	>10	>10	ORPHA:284417	5815	
2267	PMID_33731876_fam257_en-prompt.txt	OMIM:607745	>10	>10	>10	ORPHA:3006	5673	
2268	PMID_34722527_individual_19_10_Arif_O_Khan_Geneticanalysi_en-prompt.txt	OMIM:613826	>10	>10	>10	OMIM:613835	4939	1
2269	PMID_34722527_individual_sRP_088_10_Leen_Abu_Safieh_Autozygome_guid_en-prompt.txt	OMIM:613826	>10	1	>10	OMIM:618567	2973	
2270	STX_CHCO_02_en-prompt.txt	OMIM:612164	>10	>10	>10	ORPHA:163727	4200	
2271	PMID_21131976_EsM5513_en-prompt.txt	OMIM:613717	8	8	8	OMIM:300946	5636	1
2272	PMID_4045952_III_1_en-prompt.txt	OMIM:301310	1	1	1	OMIM:301310	7458	
2273	PMID_37196654_Individual_54__SSC_13675_p1__en-prompt.txt	OMIM:618505	>10	>10	>10	OMIM:620065	4203	
2274	PMID_26805781_Family_8_Subject_8_II_1_en-prompt.txt	OMIM:616878	1	1	1	OMIM:616878	6819	
2275	PMID_24321194_II_8_en-prompt.txt	OMIM:248250	2	2	2	OMIM:620374	4603	
2276	PMID_35977029_20190W0028_en-prompt.txt	OMIM:620494	1	1	1	OMIM:620494	7379	
2277	PMID_11118249_PATIENT_II_1_en-prompt.txt	OMIM:301310	>10	>10	>10	OMIM:600274	4990	
2278	PMID_34722527_individual_individual_3_Arif_O_Khan_TheRPGRIP1_rel_en-prompt.txt	OMIM:613826	>10	>10	>10	ORPHA:98973	4939	1
2279	PMID_17460694_F010191_en-prompt.txt	OMIM:609053	9	9	9	OMIM:600901	6631	1
2280	PMID_22772368_7_III_1_en-prompt.txt	OMIM:614816	1	1	1	OMIM:614816	7268	1
2281	PMID_31239556_individual_15_en-prompt.txt	OMIM:615502	>10	>10	>10	OMIM:309580	8052	
2282	PMID_33731876_fam101_en-prompt.txt	OMIM:613721	>10	>10	>10	ORPHA:85279	4431	
2283	PMID_36586412_6_en-prompt.txt	OMIM:301111	>10	>10	>10	ORPHA:261197	5785	
2284	PMID_22772371_TAA288_IV_2_en-prompt.txt	OMIM:614816	1	1	1	OMIM:614816	7396	5
2285	STX_31780880_Patient1214_en-prompt.txt	OMIM:612164	>10	>10	>10	ORPHA:85277	3910	6
2286	PMID_15911822_Patient_15_en-prompt.txt	OMIM:234200	1	1	1	OMIM:234200	7459	
2287	PMID_21358634_Family_11_en-prompt.txt	OMIM:132800	1	1	1	OMIM:132800	6443	
2288	PMID_28074573_HC3_en-prompt.txt	OMIM:163950	>10	>10	>10	OMIM:300661	6339	2
2289	PMID_36446582_Ockeloen2015_P19_en-prompt.txt	OMIM:148050	>10	>10	>10	OMIM:192430	4826	
2290	PMID_36446582_Low_2016_P3_4_en-prompt.txt	OMIM:148050	4	4	4	OMIM:620305	7051	1
2291	PMID_29606302_B_II_1_en-prompt.txt	OMIM:618000	1	1	1	OMIM:618000	8132	
2292	PMID_22772368_6_III_5_en-prompt.txt	OMIM:614816	1	1	1	OMIM:614816	7204	
2293	PMID_33731876_fam81_en-prompt.txt	OMIM:613721	>10	>10	>10	OMIM:619913	6214	
2294	PMID_27040692_A_II_1_en-prompt.txt	OMIM:616900	1	1	1	OMIM:616900	7888	
2295	PMID_36446582_Scarano_2013_P9_en-prompt.txt	OMIM:148050	4	4	4	OMIM:617694	7265	1
2296	PMID_22956686_1435_IV_8_en-prompt.txt	OMIM:614923	1	1	1	OMIM:614923	6295	
2297	PMID_36446582_Parenti2021_P4_en-prompt.txt	OMIM:148050	1	1	1	ORPHA:2332	7571	1
2298	PMID_36446582_KBG33_en-prompt.txt	OMIM:148050	2	2	2	OMIM:605130	8065	1
2299	PMID_26833330_F3_II1_en-prompt.txt	OMIM:616829	1	1	1	OMIM:616829	5890	
2300	PMID_30903679_proband_en-prompt.txt	OMIM:620719	>10	>10	>10	OMIM:619087	7886	
2301	PMID_30580808_Machol_Ind_12_Fam_42_en-prompt.txt	OMIM:618362	>10	>10	>10	OMIM:601358	7997	5
2302	PMID_32376980_37_en-prompt.txt	OMIM:618164	>10	>10	>10	OMIM:617635	7494	
2303	PMID_33576469_Patient_6_en-prompt.txt	OMIM:129600	1	1	1	OMIM:129600	6873	1
2304	PMID_22258530_Patient_17_en-prompt.txt	OMIM:613477	5	5	5	OMIM:619606	6115	
2305	PMID_27259050_III_6_en-prompt.txt	OMIM:159550	1	1	1	OMIM:159550	7658	1
2306	PMID_22541558_individual_I_1_en-prompt.txt	OMIM:154400	1	1	1	ORPHA:245	6841	1
2307	PMID_34722527_individual_MOL1403_3_3_Beryozkin_Current_en-prompt.txt	OMIM:608194	>10	>10	>10	OMIM:616152	4809	
2308	PMID_36446582_VanDongen2019_P1_en-prompt.txt	OMIM:148050	>10	>10	>10	OMIM:620535	4017	
2309	PMID_37761890_27__en-prompt.txt	OMIM:616362	>10	>10	>10	OMIM:619575	5216	
2310	PMID_37761890_32__en-prompt.txt	OMIM:616362	>10	>10	>10	OMIM:619762	4946	
2311	PMID_31509304_F4_III_2_en-prompt.txt	OMIM:617560	1	1	1	ORPHA:527497	7081	
2312	STX_26514728_Patient_16_en-prompt.txt	OMIM:612164	>10	>10	>10	OMIM:300672	4955	
2313	PMID_35874597_Case_3_en-prompt.txt	OMIM:620537	1	1	1	OMIM:620537	5320	
2314	PMID_15499950_15499950_P4_en-prompt.txt	OMIM:604377	2	2	2	OMIM:600721	4854	
2315	PMID_20519243_3_en-prompt.txt	OMIM:142900	1	1	1	OMIM:142900	5445	5
2316	PMID_32431071_Family_2_IV_4_en-prompt.txt	OMIM:620655	1	1	1	OMIM:620655	6979	
2317	PMID_31949313_F2_II_1_en-prompt.txt	OMIM:147920	>10	>10	>10	OMIM:620186	7246	
2318	PMID_16912710_Individual_F1012__II_1__en-prompt.txt	OMIM:614199	>10	>10	>10	OMIM:301006	6996	
2319	PMID_34521999_8_en-prompt.txt	OMIM:617140	>10	>10	>10	OMIM:619229	8166	
2320	PMID_15731757_Family_7_II_1_en-prompt.txt	OMIM:609192	1	1	1	OMIM:609192	7668	1
2321	PMID_37075751_Individual_9_en-prompt.txt	OMIM:616462	1	1	1	OMIM:616462	7670	
2322	PMID_31509304_F3_III_1_en-prompt.txt	OMIM:617560	1	1	1	ORPHA:527497	7062	
2323	PMID_30200888_Patient_C_VI_2_en-prompt.txt	OMIM:216400	>10	>10	>10	OMIM:610756	6294	1
2324	PMID_8664912_Patient_0545_en-prompt.txt	OMIM:162200	2	2	2	OMIM:619097	5290	1
2325	PMID_18256394_5_en-prompt.txt	OMIM:176670	3	3	3	OMIM:608612	7801	3
2326	PMID_36331550_Family_23_Patient_28_en-prompt.txt	OMIM:613477	>10	>10	>10	OMIM:251280	6377	
2327	PMID_34722527_individual_P024_2_Hui_Huang_Targetednextg_en-prompt.txt	OMIM:613826	>10	>10	>10	ORPHA:98973	4809	1
2328	PMID_37433783_P19_en-prompt.txt	OMIM:601674	>10	>10	>10	OMIM:618174	6298	
2329	PMID_23993194_Family_2_Case_3_en-prompt.txt	OMIM:615471	1	1	1	OMIM:615471	8223	
2330	PMID_29707406_A_II_2_en-prompt.txt	OMIM:606854	3	3	3	OMIM:300607	5833	
2331	PMID_33731876_fam96_en-prompt.txt	OMIM:613721	>10	>10	>10	OMIM:615006	4575	
2332	PMID_25868664_Family_13_Case_10_en-prompt.txt	OMIM:615471	8	8	8	OMIM:618378	7968	1
2333	PMID_20074988__20074988_P7_en-prompt.txt	OMIM:256810	4	4	4	OMIM:615878	5822	
2334	PMID_31021519_SATB2_43_from_Zarate_et_al__2018a_en-prompt.txt	OMIM:612313	1	1	1	ORPHA:576283	5735	
2335	PMID_16965330_patient_9_en-prompt.txt	OMIM:240300	1	1	1	ORPHA:3453	6281	
2336	PMID_25835445_7_III_4_en-prompt.txt	OMIM:615582	>10	>10	>10	OMIM:617168	6573	
2337	PMID_36446582_KBG24_en-prompt.txt	OMIM:148050	>10	>10	>10	ORPHA:1942	7779	
2338	PMID_32376980_20_en-prompt.txt	OMIM:618164	>10	>10	>10	OMIM:602342	7797	
2339	PMID_18513678_individual_5051_en-prompt.txt	OMIM:260300	1	1	1	OMIM:260300	6575	
2340	PMID_12203992_B19_en-prompt.txt	OMIM:154700	>10	>10	>10	OMIM:604308	6589	1
2341	PMID_22155372_8_year_old_girl_en-prompt.txt	OMIM:609622	6	6	6	OMIM:616399	2238	1
2342	PMID_23829229_23829229_P2_en-prompt.txt	OMIM:256810	>10	>10	>10	ORPHA:974	5280	
2343	STX_28708303_Patient_55_en-prompt.txt	OMIM:612164	>10	>10	>10	OMIM:300624	2790	
2344	PMID_36553465_P18_en-prompt.txt	OMIM:606574	10	10	10	ORPHA:79432	6941	
2345	PMID_30057029_Individual_18_en-prompt.txt	OMIM:618089	>10	>10	>10	ORPHA:280633	8313	
2346	STX_27159321_LD_0358_en-prompt.txt	OMIM:612164	>10	>10	>10	OMIM:619012	6655	
2347	PMID_22772368_5_II_2_en-prompt.txt	OMIM:614816	1	1	1	OMIM:614816	7260	1
2348	PMID_33731876_fam116_en-prompt.txt	OMIM:613721	>10	>10	>10	OMIM:615473	5927	
2349	PMID_26002053_proband_en-prompt.txt	OMIM:620772	>10	>10	>10	ORPHA:206436	7835	
2350	PMID_36303223_individual_14_PMID_11825068_en-prompt.txt	OMIM:272300	1	1	1	OMIM:272300	7119	2
2351	PMID_30580808_Machol_Ind_1_Fam_31_en-prompt.txt	OMIM:618362	10	10	10	OMIM:614609	7841	
2352	PMID_25469541_patient_en-prompt.txt	OMIM:277600	2	2	2	OMIM:614819	6718	
2353	PMID_20887961_Patient_3_en-prompt.txt	OMIM:600920	1	1	1	OMIM:600920	6631	
2354	PMID_36446582_Scarano_2013_P10_en-prompt.txt	OMIM:148050	1	1	1	ORPHA:2332	7857	1
2355	PMID_28202457_F2_II_1_en-prompt.txt	OMIM:159550	>10	>10	>10	OMIM:620481	4695	
2356	PMID_12203992_B37_en-prompt.txt	OMIM:154700	>10	>10	>10	OMIM:617349	3235	1
2357	PMID_33731876_fam185_en-prompt.txt	OMIM:607745	7	7	7	ORPHA:79243	5533	
2358	PMID_10939567_Spo2_en-prompt.txt	OMIM:181350	4	4	4	ORPHA:267	6931	1
2359	STX_STXBP1adult_Pt16_en-prompt.txt	OMIM:612164	7	7	7	OMIM:616973	6301	
2360	PMID_27843126_B_III_1_en-prompt.txt	OMIM:617146	1	1	1	OMIM:617146	7442	
2361	STX_29264391_Patient_6_en-prompt.txt	OMIM:612164	4	4	4	OMIM:616973	4468	
2362	PMID_33731876_fam364_en-prompt.txt	OMIM:613721	>10	>10	>10	ORPHA:649	4962	
2363	PMID_33731876_fam234_en-prompt.txt	OMIM:607745	>10	>10	>10	OMIM:602481	5416	
2364	PMID_30580808_Ind_37_Fam_28_en-prompt.txt	OMIM:618362	>10	>10	>10	OMIM:135900	7975	
2365	PMID_36446582_Parenti2021_P13_en-prompt.txt	OMIM:148050	>10	>10	>10	ORPHA:444077	8007	
2366	PMID_36446582_Ockeloen2015_P20_en-prompt.txt	OMIM:148050	2	2	2	OMIM:617883	5316	1
2367	PMID_25896430_Patient_3_en-prompt.txt	OMIM:147920	1	1	1	OMIM:147920	7728	1
2368	PMID_37352860_Individual_5_en-prompt.txt	OMIM:620662	1	1	1	OMIM:620662	7581	
2369	PMID_31021519_SATB2_02_from_Zarate_et_al__2018a_Scott_et_al_en-prompt.txt	OMIM:612313	1	1	1	ORPHA:576283	6096	
2370	PMID_33731876_fam138_en-prompt.txt	OMIM:613721	>10	>10	>10	ORPHA:599373	5587	
2371	PMID_36446582_Goldenberg2016_P1_en-prompt.txt	OMIM:148050	>10	>10	>10	OMIM:301111	5700	
2372	PMID_22736615_Patient_2_en-prompt.txt	OMIM:129600	1	1	1	OMIM:129600	7092	1
2373	PMID_22772368_4_II_3_en-prompt.txt	OMIM:614816	1	1	1	OMIM:614816	7212	2
2374	PMID_32765928_Case_3_en-prompt.txt	OMIM:151100	4	4	4	OMIM:613224	7621	
2375	PMID_9312167_D_I_1_en-prompt.txt	OMIM:179800	1	1	1	OMIM:179800	5335	1
2376	PMID_28202457_F1_1_2_en-prompt.txt	OMIM:159550	1	1	1	OMIM:159550	7384	6
2377	STX_31130284_UPN_0657_en-prompt.txt	OMIM:612164	>10	>10	>10	OMIM:615817	5407	
2378	STX_26865513_Patient_34_en-prompt.txt	OMIM:612164	1	1	1	ORPHA:599373	4901	2
2379	PMID_25007886_Subject_4_en-prompt.txt	OMIM:613268	1	1	1	OMIM:613268	4520	
2380	PMID_29058101_Patient_2_en-prompt.txt	OMIM:243700	>10	>10	>10	ORPHA:169160	7288	
2381	PMID_33731876_fam289_en-prompt.txt	OMIM:613721	>10	>10	>10	ORPHA:485350	3797	
2382	PMID_34722527_individual_P065_3_Hui_Huang_Targetednextg_en-prompt.txt	OMIM:608194	>10	>10	>10	OMIM:616151	4809	5
2383	STX_EG0598P_en-prompt.txt	OMIM:612164	>10	>10	>10	ORPHA:3006	5887	1
2384	PMID_32154675_Family_4_Patient_10_en-prompt.txt	OMIM:613795	1	1	1	OMIM:613795	7232	2
2385	PMID_1907800_KT_en-prompt.txt	OMIM:230650	2	2	2	ORPHA:79255	7201	
2386	PMID_21683322_25_en-prompt.txt	OMIM:102370	>10	>10	>10	OMIM:614185	6226	
2387	PMID_33766796_1_en-prompt.txt	OMIM:616831	>10	>10	>10	OMIM:618430	6646	
2388	STX_HSJD_Patient_16_en-prompt.txt	OMIM:612164	>10	>10	>10	ORPHA:101046	4867	
2389	PMID_20371544_patient_en-prompt.txt	OMIM:616325	8	8	8	OMIM:608930	7131	1
2390	PMID_15266616_3_en-prompt.txt	OMIM:147791	7	7	7	OMIM:304110	7526	
2391	PMID_29217778_P6_D637f_en-prompt.txt	OMIM:159550	>10	>10	>10	OMIM:619041	4385	
2392	PMID_29050398_P1_en-prompt.txt	OMIM:620540	1	1	1	OMIM:620540	7071	
2393	PMID_22158539_individual_1_en-prompt.txt	OMIM:139210	1	1	1	OMIM:139210	7810	2
2394	PMID_10662742_III_1_en-prompt.txt	OMIM:115200	9	9	9	OMIM:612201	3831	
2395	PMID_35923690_50_9_en-prompt.txt	OMIM:105650	2	2	2	OMIM:610629	7017	1
2396	PMID_37711075_Family_1_BAB13337_en-prompt.txt	OMIM:620546	1	1	1	OMIM:620546	7620	
2397	PMID_37761890_43__en-prompt.txt	OMIM:616362	>10	>10	>10	OMIM:615802	6586	
2398	PMID_37761890_56__en-prompt.txt	OMIM:616362	>10	>10	>10	OMIM:250620	6704	
2399	PMID_37196654_Individual_1_en-prompt.txt	OMIM:618505	>10	>10	>10	ORPHA:466950	7885	
2400	PMID_14742428_DM_en-prompt.txt	OMIM:620698	>10	>10	>10	OMIM:618850	5297	1
2401	PMID_37962958_43_en-prompt.txt	OMIM:620535	>10	>10	>10	OMIM:618872	7684	
2402	PMID_35617047_Proband_1a_en-prompt.txt	OMIM:620647	>10	>10	>10	OMIM:603041	7455	
2403	PMID_18297069_Case_5_en-prompt.txt	OMIM:300707	1	1	1	OMIM:300707	7834	
2404	PMID_23407777_23407777_P1_en-prompt.txt	OMIM:604377	1	1	1	OMIM:604377	6724	
2405	PMID_28403827_IV_1_en-prompt.txt	OMIM:614931	1	1	1	OMIM:614931	6530	
2406	PMID_32376980_19_en-prompt.txt	OMIM:618164	>10	>10	>10	ORPHA:329224	8063	
2407	PMID_27087320_Subject_8_en-prompt.txt	OMIM:616975	1	1	1	OMIM:616975	8279	
2408	PMID_30400883_proband_en-prompt.txt	OMIM:300352	1	1	1	OMIM:300352	5960	
2409	PMID_36446582_Low_2016_P24_21_en-prompt.txt	OMIM:148050	1	1	1	ORPHA:2332	7240	1
2410	PMID_25216260_Family_1_Patient_1_en-prompt.txt	OMIM:142900	1	1	1	OMIM:142900	6305	1
2411	PMID_30580808_Chen_Pat_124_Fam_48_en-prompt.txt	OMIM:618362	>10	>10	>10	OMIM:614205	4826	
2412	PMID_26467218_individual_11_Kraoua_et_al__23_en-prompt.txt	OMIM:613224	1	1	1	OMIM:613224	7723	1
2413	STX_G2_P4_en-prompt.txt	OMIM:612164	>10	>10	>10	ORPHA:79263	4441	
2414	PMID_33731876_fam12_en-prompt.txt	OMIM:613721	>10	>10	>10	ORPHA:485350	4971	
2415	PMID_30356099_Patient_6_en-prompt.txt	OMIM:616211	1	1	1	OMIM:616211	7643	
2416	PMID_23222957_Family_8_8_1_en-prompt.txt	OMIM:242840	>10	>10	>10	OMIM:618223	7913	
2417	PMID_23086397_Patient_2_en-prompt.txt	OMIM:614959	2	2	2	OMIM:600512	6458	
2418	PMID_29196670_Patient_4_en-prompt.txt	OMIM:191100	2	2	2	OMIM:613254	7721	1
2419	PMID_27861123_Patient_1_en-prompt.txt	OMIM:614021	>10	>10	>10	OMIM:604772	2238	4
2420	PMID_24736735_G043_Brother_en-prompt.txt	OMIM:175700	2	2	2	OMIM:174200	5280	4
2421	PMID_24736735_G043_Father_en-prompt.txt	OMIM:175700	2	2	2	OMIM:174200	6362	6
2422	PMID_10580070_E_II_9_en-prompt.txt	OMIM:115200	1	1	1	ORPHA:300751	6117	
2423	PMID_27153400_Family_B_IV_4_en-prompt.txt	OMIM:616907	1	1	1	ORPHA:488594	7004	1
2424	PMID_37054711_Family_7_Subject_9_en-prompt.txt	OMIM:620428	1	1	1	OMIM:620428	6570	
2425	PMID_29707406_C_II_4_en-prompt.txt	OMIM:606854	>10	>10	>10	OMIM:617854	6495	
2426	STX_26865513_Patient_23_en-prompt.txt	OMIM:612164	5	5	5	OMIM:619428	5107	
2427	PMID_28940506_Family_1_Individual_1_en-prompt.txt	OMIM:615471	1	1	1	OMIM:615471	8283	
2428	PMID_24736735_G033__en-prompt.txt	OMIM:175700	2	2	2	OMIM:174200	6765	1
2429	PMID_24736735_G026__en-prompt.txt	OMIM:175700	2	2	2	OMIM:174200	6362	7
2430	PMID_24736735_G013_F___en-prompt.txt	OMIM:146510	1	1	1	OMIM:146510	6726	1
2431	PMID_36823193_Patient_3_Family_2_en-prompt.txt	OMIM:620451	1	1	1	OMIM:620451	7461	
2432	PMID_33731876_fam965_en-prompt.txt	OMIM:613721	>10	>10	>10	OMIM:616973	5093	
2433	PMID_12203992_D59_en-prompt.txt	OMIM:154700	>10	>10	>10	OMIM:236200	6178	1
2434	PMID_16505000_III_1_affected_girl_en-prompt.txt	OMIM:620707	>10	>10	>10	OMIM:620150	6288	
2435	PMID_36446582_Srivastava_2017_P1_en-prompt.txt	OMIM:148050	2	2	2	OMIM:617883	7279	1
2436	PMID_33731876_fam192_en-prompt.txt	OMIM:613721	>10	>10	>10	OMIM:618437	2356	
2437	STX_29997391_11NG001_en-prompt.txt	OMIM:612164	>10	>10	>10	ORPHA:356996	5655	
2438	STX_32105008_case_report_en-prompt.txt	OMIM:612164	>10	>10	>10	ORPHA:163681	5974	
2439	PMID_36553465_P21_en-prompt.txt	OMIM:606574	>10	>10	>10	ORPHA:79433	6805	3
2440	PMID_33731876_fam373_en-prompt.txt	OMIM:607745	>10	>10	>10	OMIM:617333	3556	
2441	PMID_33731876_fam888_en-prompt.txt	OMIM:613721	>10	>10	>10	OMIM:619606	7254	
2442	PMID_33731876_fam223_en-prompt.txt	OMIM:613721	>10	>10	>10	OMIM:613477	4007	
2443	PMID_18423521_Patient_1a_en-prompt.txt	OMIM:113620	1	1	1	OMIM:113620	6844	1
2444	PMID_30580808_Ind_03_Fam_03_en-prompt.txt	OMIM:618362	>10	>10	>10	OMIM:135900	7977	
2445	PMID_21358634_Family_6_en-prompt.txt	OMIM:132800	1	1	1	OMIM:132800	6443	
2446	PMID_36307226_Proband_9_en-prompt.txt	OMIM:620537	1	1	1	OMIM:620537	6195	
2447	PMID_36446582_Novara_2017_P4_en-prompt.txt	OMIM:148050	9	9	9	ORPHA:94063	7049	
2448	PMID_29907796_Patient_4_en-prompt.txt	OMIM:614608	>10	>10	>10	ORPHA:93926	7374	
2449	PMID_12789647_K12_II_3_en-prompt.txt	OMIM:142900	1	1	1	OMIM:142900	5812	1
2450	PMID_36446582_Cucco_2020_Patient_B_en-prompt.txt	OMIM:148050	1	1	1	ORPHA:2332	7200	1
2451	PMID_33731876_fam112_en-prompt.txt	OMIM:613721	>10	>10	>10	OMIM:301066	6283	
2452	PMID_36446582_Low_2016_P9_1_en-prompt.txt	OMIM:148050	1	1	1	ORPHA:2332	7295	
2453	PMID_15266616_81_en-prompt.txt	OMIM:147791	7	7	7	OMIM:304110	7526	
2454	PMID_36303223_individual_33_PMID_33405344_en-prompt.txt	OMIM:272300	>10	>10	>10	OMIM:617744	6347	
2455	PMID_37179472_Family_2II_6_en-prompt.txt	OMIM:620641	>10	>10	>10	OMIM:617157	7942	
2456	PMID_14702087_Patient_3_of_PMID_1790747_en-prompt.txt	OMIM:608415	1	1	1	OMIM:608415	5207	1
2457	PMID_11175294_D27_en-prompt.txt	OMIM:154700	>10	>10	>10	OMIM:619825	6760	1
2458	PMID_36890397_P2_en-prompt.txt	OMIM:619375	>10	>10	>10	ORPHA:444463	6366	
2459	PMID_33731876_fam92_en-prompt.txt	OMIM:607745	3	3	3	ORPHA:79243	4832	
2460	PMID_30612693_9_en-prompt.txt	OMIM:618443	>10	>10	>10	OMIM:618253	6809	
2461	PMID_24736735_G13684_Mother_en-prompt.txt	OMIM:175700	2	2	2	OMIM:174200	5672	3
2462	PMID_36446582_KBG20_en-prompt.txt	OMIM:148050	2	2	2	OMIM:605130	8073	1
2463	PMID_36074901_9_en-prompt.txt	OMIM:620465	>10	>10	>10	ORPHA:496641	4213	
2464	PMID_20074988__20074988_P3_en-prompt.txt	OMIM:256810	5	5	5	ORPHA:46059	5813	8
2465	PMID_34722527_individual_individual_1_Juliana_Maria_Ferraz_Sallum1_5_Clinicalandmo_en-prompt.txt	OMIM:613826	>10	>10	>10	ORPHA:98973	4809	1
2466	PMID_34722527_individual_RCD163_1_Nicole_Weisschuh_MutationDetect_en-prompt.txt	OMIM:608194	>10	>10	>10	OMIM:618567	2973	
2467	PMID_18256394_1_en-prompt.txt	OMIM:176670	3	3	3	OMIM:608612	7656	3
2468	PMID_15210538_15210538_P1_en-prompt.txt	OMIM:604377	>10	>10	>10	ORPHA:308552	6344	
2469	PMID_17886299_Patient_BM2_en-prompt.txt	OMIM:620726	>10	>10	>10	ORPHA:1145	6674	1
2470	PMID_18256394_13_en-prompt.txt	OMIM:176670	3	3	3	OMIM:248370	7801	3
2471	PMID_34521999_48_en-prompt.txt	OMIM:617140	>10	>10	>10	OMIM:619229	8199	
2472	PMID_25868664_Family_21_Case_6_en-prompt.txt	OMIM:615471	>10	>10	>10	OMIM:236792	7877	3
2473	PMID_10842287_HOS_A1_en-prompt.txt	OMIM:142900	1	1	1	OMIM:142900	5563	1
2474	PMID_28209105_28209105_P1_en-prompt.txt	OMIM:256810	>10	>10	>10	OMIM:619525	6229	2
2475	STX_26514728_Patient_12_en-prompt.txt	OMIM:612164	>10	>10	>10	OMIM:300672	5193	
2476	PMID_18669544_FO_04_en-prompt.txt	OMIM:209900	5	5	5	OMIM:610156	6763	5
2477	PMID_36446582_VanDongen2019_P5_en-prompt.txt	OMIM:148050	>10	>10	>10	OMIM:617333	4225	
2478	PMID_33731876_fam38_en-prompt.txt	OMIM:613721	>10	>10	>10	ORPHA:725	4659	
2479	PMID_34612517_F3_II_2_en-prompt.txt	OMIM:617478	1	1	1	OMIM:617478	7514	
2480	PMID_28821231_Family_I_patient_I_en-prompt.txt	OMIM:234200	3	3	3	OMIM:300894	6153	
2481	PMID_25835445_11_I_1__en-prompt.txt	OMIM:615582	>10	>10	>10	OMIM:614557	6980	1
2482	PMID_23222957_Family_13_13_1_en-prompt.txt	OMIM:242840	>10	>10	>10	OMIM:618223	7873	
2483	PMID_19353847_19353847_P1_en-prompt.txt	OMIM:604377	>10	>10	>10	OMIM:251230	5254	
2484	PMID_21683322_18_en-prompt.txt	OMIM:614185	1	1	1	OMIM:614185	6375	
2485	PMID_16965330_patient_11_en-prompt.txt	OMIM:240300	1	1	1	OMIM:240300	6961	
2486	PMID_34979697_34979697_P1_en-prompt.txt	OMIM:256810	>10	>10	>10	OMIM:616687	7272	
2487	PMID_33731876_fam85_en-prompt.txt	OMIM:613721	>10	>10	>10	OMIM:615369	5688	
2488	PMID_33633439_9472_II_1_en-prompt.txt	OMIM:620731	>10	>10	>10	OMIM:216820	5821	3
2489	PMID_26008899_patient_en-prompt.txt	OMIM:620632	1	1	1	OMIM:620632	7896	
2490	PMID_32737437_ADN140259_en-prompt.txt	OMIM:620731	>10	>10	>10	OMIM:267750	6654	
2491	PMID_36446582_KBG37_en-prompt.txt	OMIM:148050	2	2	2	OMIM:605130	8043	1
2492	PMID_33045405_This_study_patient_2_en-prompt.txt	OMIM:605911	1	1	1	OMIM:605911	6788	
2493	PMID_24736735_G13684__en-prompt.txt	OMIM:175700	2	2	2	OMIM:174200	6362	1
2494	PMID_22258530_Patient_13_en-prompt.txt	OMIM:613477	>10	>10	>10	OMIM:619913	6780	
2495	PMID_33576469_Patient_2_en-prompt.txt	OMIM:129600	1	1	1	OMIM:129600	6873	1
2496	PMID_25868664_Family_22_Case_18_Bonnen_case_S3_en-prompt.txt	OMIM:615471	3	3	3	OMIM:614052	8163	1
2497	STX_Syrbe_20_en-prompt.txt	OMIM:612164	9	9	9	OMIM:618497	5534	
2498	PMID_8282779_II_2_en-prompt.txt	OMIM:612653	1	1	2	OMIM:612653	6349	1
2499	PMID_34722527_individual_690_1378_2_Farzad_Jamshidi_Contributionof_en-prompt.txt	OMIM:613826	>10	1	>10	OMIM:618567	2973	
2500	PMID_28620732__6_y_old_boy_en-prompt.txt	OMIM:252650	>10	>10	>10	OMIM:618253	6549	
2501	PMID_21358634_Family_15_en-prompt.txt	OMIM:132800	1	1	1	OMIM:132800	6443	1
2502	PMID_15911822_Patient_11_en-prompt.txt	OMIM:234200	1	1	1	OMIM:234200	7459	
2503	STX_G3_P9_en-prompt.txt	OMIM:612164	4	4	4	ORPHA:356961	3728	3
2504	PMID_10939567_EMD6_II_3_en-prompt.txt	OMIM:181350	2	2	2	OMIM:613205	6911	1
2505	PMID_36586412_9b_en-prompt.txt	OMIM:301111	>10	>10	>10	OMIM:618846	4160	
2506	PMID_33731876_fam209_en-prompt.txt	OMIM:613721	>10	>10	>10	OMIM:259050	2334	
2507	PMID_33731876_fam359_en-prompt.txt	OMIM:613721	>10	>10	>10	ORPHA:649	4192	
2508	PMID_31239556_individual_11_en-prompt.txt	OMIM:615502	>10	>10	>10	OMIM:309580	8052	
2509	PMID_28886341_Individual_F5_II_2_en-prompt.txt	OMIM:617694	1	1	1	OMIM:617694	7974	
2510	PMID_33731876_fam105_en-prompt.txt	OMIM:613721	>10	>10	>10	OMIM:614067	2319	
2511	PMID_27738187_Patient_4_en-prompt.txt	OMIM:617180	3	3	3	OMIM:616145	7884	
2512	PMID_32730804_Individual_9_en-prompt.txt	OMIM:620511	1	1	1	OMIM:620511	7732	
2513	PMID_15266616_96_en-prompt.txt	OMIM:147791	7	7	7	OMIM:304110	7526	3
2514	PMID_21367767_F34_IV_3_en-prompt.txt	OMIM:606658	>10	>10	>10	OMIM:609270	6967	
2515	PMID_19864201_Case_2__Twin_B__en-prompt.txt	OMIM:151100	2	2	2	OMIM:601154	7649	
2516	PMID_36586412_2_en-prompt.txt	OMIM:301111	1	1	1	OMIM:301111	5412	
2517	PMID_11050011_II_2_en-prompt.txt	OMIM:301310	1	1	1	OMIM:301310	7109	1
2518	STX_STXBP1adult_Pt3_en-prompt.txt	OMIM:612164	10	10	10	OMIM:616973	4820	
2519	PMID_33731876_fam196_en-prompt.txt	OMIM:613721	>10	>10	>10	OMIM:259050	3628	
2520	PMID_21660509_PKSR22Ab_en-prompt.txt	OMIM:601869	2	1	2	OMIM:614614	5276	
2521	PMID_33731876_fam227_en-prompt.txt	OMIM:613721	>10	>10	>10	ORPHA:370943	3628	
2522	PMID_33731876_fam377_en-prompt.txt	OMIM:613721	>10	>10	>10	ORPHA:369837	3759	
2523	PMID_34722527_individual_39II_1_Johannes_Birtel_Next_generation_en-prompt.txt	OMIM:608194	>10	>10	>10	OMIM:620629	4809	3
2524	PMID_36553465_P25_en-prompt.txt	OMIM:606574	8	8	8	OMIM:619172	6818	1
2525	PMID_34722527_individual_individual_2_Jana_Zernant_GenotypingMicr_en-prompt.txt	OMIM:613826	>10	1	>10	OMIM:618567	2973	
2526	PMID_21358634_Family_2_en-prompt.txt	OMIM:132800	1	1	1	OMIM:132800	6443	1
2527	PMID_12203992_D5_en-prompt.txt	OMIM:154700	>10	>10	>10	OMIM:129600	6936	1
2528	PMID_36303223_individual_15_PMID_12001203_en-prompt.txt	OMIM:272300	>10	>10	>10	OMIM:617951	5564	
2529	PMID_20519243_5_father_en-prompt.txt	OMIM:142900	1	1	1	OMIM:142900	6128	
2530	PMID_23993194_Family_5_case_S2_en-prompt.txt	OMIM:615471	1	1	1	OMIM:615471	8202	
2531	PMID_28886341_Individual_F4_II_3_en-prompt.txt	OMIM:617694	1	1	1	OMIM:617694	7974	
2532	PMID_34722527_individual_individual_3_Elena_Vallespin_Mutationscreen_en-prompt.txt	OMIM:613826	>10	1	>10	OMIM:618567	2973	
2533	STX_26865513_Patient_27_en-prompt.txt	OMIM:612164	7	7	7	ORPHA:411986	5955	
2534	PMID_30612693_13_en-prompt.txt	OMIM:618443	7	7	7	ORPHA:93926	7682	
2535	PMID_30356099_Patient_2_en-prompt.txt	OMIM:616211	1	1	1	OMIM:616211	7661	
2536	PMID_31944623_Patient_A_en-prompt.txt	OMIM:617225	>10	>10	>10	OMIM:603516	6937	6
2537	PMID_8755636_patient_en-prompt.txt	OMIM:236200	1	1	1	OMIM:236200	7122	1
2538	PMID_33731876_fam16_en-prompt.txt	OMIM:613721	>10	>10	>10	OMIM:614558	5571	
2539	PMID_23086397_Patient_6_en-prompt.txt	OMIM:614959	2	2	2	OMIM:600512	6458	
2540	PMID_36303223_individual_1_PMID_9050047_en-prompt.txt	OMIM:272300	>10	>10	>10	OMIM:615501	7002	2
2541	PMID_28781842_patient_1_en-prompt.txt	OMIM:610759	1	1	1	ORPHA:199	7714	1
2542	PMID_30364145_proband_en-prompt.txt	OMIM:617452	4	4	4	OMIM:618872	7868	
2543	PMID_31021519_SATB2_53_from_Zarate_et_al__2018a_Scott_et_al_en-prompt.txt	OMIM:612313	5	5	5	ORPHA:513456	5999	
2544	PMID_28202457_F1_II_2_en-prompt.txt	OMIM:159550	1	1	1	OMIM:159550	6931	3
2545	PMID_10939567_Spo21_en-prompt.txt	OMIM:181350	3	3	3	ORPHA:267	7115	1
2546	STX_29761117_Case_12_en-prompt.txt	OMIM:612164	>10	>10	>10	OMIM:618109	4589	
2547	PMID_37196654_Individual_5_en-prompt.txt	OMIM:618505	>10	>10	>10	OMIM:619475	8119	
2548	PMID_29469822_Family_8_II_11_en-prompt.txt	OMIM:605275	1	1	1	OMIM:605275	8183	1
2549	PMID_18297069_Case_1_en-prompt.txt	OMIM:300707	1	1	1	OMIM:300707	7834	
2550	PMID_30580808_Yi_case_Fam_51_en-prompt.txt	OMIM:618362	>10	>10	>10	OMIM:614609	7576	3
2551	STX_29056246_Patient_53_en-prompt.txt	OMIM:612164	>10	>10	>10	OMIM:619325	4213	
2552	PMID_36446582_KBG19_en-prompt.txt	OMIM:148050	2	2	2	ORPHA:228402	7345	1
2553	PMID_15266616_7_en-prompt.txt	OMIM:147791	7	7	7	OMIM:304110	7526	
2554	PMID_34722527_individual_15_7_Arif_O_Khan_Geneticanalysi_en-prompt.txt	OMIM:613826	>10	>10	>10	ORPHA:98973	4939	1
2555	PMID_29755943_Family_2_IV_2_en-prompt.txt	OMIM:142900	1	1	1	OMIM:142900	6109	2
2556	STX_HSJD_Patient_12_en-prompt.txt	OMIM:612164	>10	>10	>10	ORPHA:263487	4797	
2557	PMID_22158539_individual_5_en-prompt.txt	OMIM:139210	1	1	1	OMIM:139210	7810	
2558	PMID_36695497_Individual_8_en-prompt.txt	OMIM:620731	>10	>10	>10	ORPHA:35737	6667	
2559	STX_Syrbe_19_en-prompt.txt	OMIM:612164	4	4	4	ORPHA:289266	6591	
2560	PMID_27026770_a_6_year_old_girl__en-prompt.txt	OMIM:142900	1	1	1	OMIM:142900	5810	1
2561	PMID_37582359_F1_II_4_en-prompt.txt	OMIM:620558	1	1	1	OMIM:620558	7629	
2562	PMID_36303223_individual_23_PMID_28725568_en-prompt.txt	OMIM:272300	3	3	3	OMIM:617744	6711	2
2563	PMID_37226891_Individual_1_en-prompt.txt	OMIM:620779	>10	>10	>10	ORPHA:466688	6389	
2564	PMID_22939636_Family_1_Individual_2_en-prompt.txt	OMIM:614833	>10	>10	>10	OMIM:619103	6175	
2565	PMID_28782633_Family_1_17_year_old_male_P7_en-prompt.txt	OMIM:620670	>10	>10	>10	OMIM:615577	7148	1
2566	PMID_29122497_29122497_P8_en-prompt.txt	OMIM:616370	>10	>10	>10	OMIM:618468	6671	
2567	PMID_12789647_K11_III_1_en-prompt.txt	OMIM:142900	1	1	1	OMIM:142900	6120	1
2568	STX_27069701_case_report_en-prompt.txt	OMIM:612164	1	1	1	ORPHA:599373	7374	
2569	PMID_33766796_5_en-prompt.txt	OMIM:620157	>10	>10	>10	OMIM:259050	4283	
2570	PMID_15731757_Family_10_I_2_en-prompt.txt	OMIM:609192	2	2	2	OMIM:132800	4927	5
2571	PMID_21683322_21_en-prompt.txt	OMIM:102370	>10	>10	>10	OMIM:614185	7082	1
2572	PMID_35170830_patient_23_en-prompt.txt	OMIM:620458	1	1	1	OMIM:620458	6514	1
2573	PMID_34722527_individual_p8_2_Jinu_Han_Diagnosticappl_en-prompt.txt	OMIM:613826	>10	>10	>10	ORPHA:98973	4939	
2574	PMID_25835445_10_III_2__en-prompt.txt	OMIM:615582	9	9	9	OMIM:614557	7065	1
2575	PMID_36446582_Goldenberg2016_P5_en-prompt.txt	OMIM:148050	4	4	4	OMIM:617883	6084	
2576	PMID_31969900_S2_en-prompt.txt	OMIM:615471	8	8	8	OMIM:614052	7419	
2577	PMID_12789647_K13_II_2_en-prompt.txt	OMIM:142900	1	1	1	OMIM:142900	5810	1
2578	PMID_31239556_individual_28_en-prompt.txt	OMIM:615502	>10	>10	>10	OMIM:309580	8052	
2579	PMID_19818506_Patient_1A_en-prompt.txt	OMIM:620344	2	2	2	OMIM:608415	5207	1
2580	PMID_28446873_Case_2_en-prompt.txt	OMIM:200150	1	1	1	OMIM:200150	7033	1
2581	STX_26865513_Patient_30_en-prompt.txt	OMIM:612164	4	4	4	OMIM:619317	6973	
2582	PMID_1680289_patient_en-prompt.txt	OMIM:102700	>10	>10	>10	OMIM:600802	6492	
2583	PMID_36355422_IV_4_en-prompt.txt	OMIM:620745	>10	>10	>10	OMIM:620416	5975	
2584	PMID_18423521_Patient_3_en-prompt.txt	OMIM:113620	1	1	1	OMIM:113620	6844	1
2585	PMID_31021519_SATB2_76_from_Zarate_et_al__2018a_en-prompt.txt	OMIM:612313	>10	>10	>10	OMIM:615802	5967	
2586	PMID_34612517_F1_II_4_en-prompt.txt	OMIM:617478	1	1	1	OMIM:617478	7417	
2587	PMID_37349293_Patient_2_en-prompt.txt	OMIM:620565	1	1	1	OMIM:620565	7934	
2588	PMID_36996813_Individual_4_en-prompt.txt	OMIM:620371	1	1	1	OMIM:620371	7975	
2589	PMID_33731876_fam181_en-prompt.txt	OMIM:613721	10	10	10	OMIM:620540	6066	
2590	PMID_30936877_8_year_old_girl_en-prompt.txt	OMIM:620632	1	1	1	OMIM:620632	7892	
2591	PMID_35904126_Proband_4_en-prompt.txt	OMIM:620450	1	1	1	OMIM:620450	7282	
2592	PMID_33731876_fam230_en-prompt.txt	OMIM:613721	>10	>10	>10	ORPHA:91131	5692	
2593	PMID_33731876_fam360_en-prompt.txt	OMIM:613721	>10	>10	>10	ORPHA:649	4451	
2594	STX_29264391_Patient_2_en-prompt.txt	OMIM:612164	>10	>10	>10	OMIM:300672	4951	
2595	STX_25533962_263903_en-prompt.txt	OMIM:612164	>10	>10	>10	OMIM:610954	5868	
2596	PMID_25896430_Patient_7_en-prompt.txt	OMIM:147920	1	1	1	OMIM:147920	7732	1
2597	PMID_19776401_Patient_8_1_en-prompt.txt	OMIM:243700	1	1	1	OMIM:243700	7516	1
2598	PMID_36446582_Parenti2021_P17_en-prompt.txt	OMIM:148050	1	1	1	ORPHA:2332	8039	1
2599	PMID_26467218_individual_9_Cirstea_et_al__14_en-prompt.txt	OMIM:613224	1	1	1	OMIM:613224	8044	4
2600	PMID_27743463_S2_en-prompt.txt	OMIM:615471	8	8	8	OMIM:300855	7272	4
2601	PMID_23714749_23714749_P7_en-prompt.txt	OMIM:256810	>10	>10	>10	OMIM:615160	5862	3
2602	PMID_28285769_Individual_1_II_3_en-prompt.txt	OMIM:250410	1	1	1	ORPHA:166035	8081	
2603	PMID_36446582_Walz2015_Pf_en-prompt.txt	OMIM:148050	1	1	1	ORPHA:2332	7262	1
2604	PMID__33890291_Proband_1_en-prompt.txt	OMIM:620423	1	1	1	OMIM:620423	7589	
2605	PMID_29127725_Patient_1_en-prompt.txt	OMIM:174300	>10	>10	>10	OMIM:615637	6779	
2606	PMID_31021519_SATB2_51_from_Zarate_et_al__2018a_en-prompt.txt	OMIM:612313	5	5	5	ORPHA:513456	5999	
2607	PMID_33731876_fam67_en-prompt.txt	OMIM:613721	>10	>10	>10	ORPHA:908	4641	
2608	PMID_31021519_individual_SATB2_121_en-prompt.txt	OMIM:612313	1	1	1	ORPHA:576283	6096	
2609	PMID_28940506_Family_17_Individual_23_en-prompt.txt	OMIM:615471	>10	>10	>10	OMIM:620371	8336	
2610	PMID_21533187_family_G_en-prompt.txt	OMIM:156250	1	1	1	OMIM:156250	6797	1
2611	PMID_29198722_p_Arg913Ter_Affected_Individual_4_en-prompt.txt	OMIM:617865	1	1	1	OMIM:617865	8032	
2612	PMID_36074124_1_VII_5_en-prompt.txt	OMIM:620570	1	1	1	OMIM:620570	6892	1
2613	PMID_35484142_F4_P5_en-prompt.txt	OMIM:620460	1	1	1	OMIM:620460	6586	4
2614	STX_31344879_Patient3_en-prompt.txt	OMIM:612164	1	1	1	ORPHA:599373	5711	
2615	PMID_37962958_36_en-prompt.txt	OMIM:620535	>10	>10	>10	OMIM:618027	7507	
2616	PMID_37919452_Family_4__patient_7_en-prompt.txt	OMIM:620683	>10	>10	>10	OMIM:613327	8204	
2617	PMID_33045405_Zschocke_et_al___2002_Proband_en-prompt.txt	OMIM:605911	1	1	1	OMIM:605911	5405	
2618	PMID_29318572_29318572_P2_en-prompt.txt	OMIM:256810	>10	>10	>10	ORPHA:79303	6977	
2619	STX_CHCO_03_en-prompt.txt	OMIM:612164	>10	>10	>10	ORPHA:163681	5696	
2620	PMID_34722527_individual_individual_1_Saber_Imani_Identification_en-prompt.txt	OMIM:613826	>10	>10	>10	OMIM:616152	4809	
2621	STX_24315539_Patient_en-prompt.txt	OMIM:612164	8	8	8	ORPHA:1942	3728	
2622	PMID_31021519_Patient_5_from_Zarate_et_al__2018a_en-prompt.txt	OMIM:612313	3	3	3	OMIM:618480	5735	
2623	PMID_33731876_fam306_en-prompt.txt	OMIM:613721	>10	>10	>10	ORPHA:163681	5940	
2624	PMID_33731876_fam256_en-prompt.txt	OMIM:613721	>10	>10	>10	ORPHA:3006	5146	
2625	PMID_10851256_family_815_en-prompt.txt	OMIM:103500	1	1	1	OMIM:103500	6563	1
2626	PMID_38014483_Family_b_individual_b_3_en-prompt.txt	OMIM:620666	>10	>10	>10	OMIM:613728	6867	
2627	PMID_32376980_33__also_see_Urreizti_et_al_AJMG_2016__patient_P6__for_phenotypic_description__en-prompt.txt	OMIM:618164	>10	>10	>10	OMIM:211750	7863	
2628	PMID_30580808_Ind_40_Fam_54_en-prompt.txt	OMIM:618362	>10	>10	>10	OMIM:135900	7956	
2629	PMID_36446582_Low_2016_P28_25_en-prompt.txt	OMIM:148050	1	1	1	ORPHA:2332	7116	1
2630	PMID_35150594_B_II_1_en-prompt.txt	OMIM:620538	1	1	1	OMIM:620538	6844	
2631	PMID_36446582_Goldenberg2016_P10_en-prompt.txt	OMIM:148050	2	2	2	OMIM:617883	6646	1
2632	PMID_36074901_25_en-prompt.txt	OMIM:620465	>10	>10	>10	OMIM:614559	4213	
2633	PMID_24736735_G063__en-prompt.txt	OMIM:175700	1	1	1	OMIM:175700	7104	1
2634	PMID_24736735_G076__en-prompt.txt	OMIM:175700	2	2	2	OMIM:174200	6362	4
2635	PMID_37075751_Individual_15_en-prompt.txt	OMIM:616462	1	1	1	OMIM:616462	7525	
2636	STX_G3_P27_en-prompt.txt	OMIM:612164	>10	>10	>10	ORPHA:254881	2499	
2637	PMID_32710489_Group_1_Patient_11_en-prompt.txt	OMIM:620155	>10	>10	>10	OMIM:263520	7985	
2638	STX_EG0219P_en-prompt.txt	OMIM:612164	>10	>10	>10	OMIM:619680	5217	
2639	PMID_37196654_Individual_22_en-prompt.txt	OMIM:618505	>10	>10	>10	OMIM:619475	8128	
2640	PMID_35150594_G_II_1__en-prompt.txt	OMIM:620538	1	1	1	OMIM:620538	7215	
2641	PMID_36446582_Gnazzo_2020_P23_en-prompt.txt	OMIM:148050	2	2	2	OMIM:617694	7410	2
2642	STX_G3_P30_en-prompt.txt	OMIM:612164	1	1	1	ORPHA:599373	5165	
2643	PMID_20493457_Subject_2_en-prompt.txt	OMIM:613477	3	3	3	OMIM:619606	6306	
2644	PMID_36103875_Individual_3_en-prompt.txt	OMIM:620502	1	1	1	OMIM:620502	7571	
2645	PMID_10842287_HOS_G_en-prompt.txt	OMIM:142900	>10	>10	>10	OMIM:618719	5335	3
2646	PMID_36528028_Individual_8_en-prompt.txt	OMIM:620455	2	2	2	OMIM:619243	6032	
2647	PMID_12203992_B3_en-prompt.txt	OMIM:154700	>10	>10	>10	OMIM:604308	6685	1
2648	PMID_36331550_Family_22_Patient_27_en-prompt.txt	OMIM:613477	>10	>10	>10	OMIM:617106	6085	
2649	PMID_25480986_individual_B_1_en-prompt.txt	OMIM:275400	9	9	9	OMIM:245800	8139	1
2650	PMID_33731876_fam311_en-prompt.txt	OMIM:613721	>10	>10	>10	OMIM:615473	2533	
2651	PMID_36446582_Ockeloen2015_P1_en-prompt.txt	OMIM:148050	2	2	2	ORPHA:228402	7033	1
2652	PMID_33731876_fam241_en-prompt.txt	OMIM:607745	>10	>10	>10	ORPHA:411986	4375	
2653	PMID_34722527_individual_LCA81_1_1_Anshuman_Verma_MutationalScre_en-prompt.txt	OMIM:613826	>10	>10	>10	OMIM:613835	4521	1
2654	PMID_23972372_family_1_V_13_en-prompt.txt	OMIM:174300	1	1	1	ORPHA:2919	7811	
2655	PMID_36303223_individual_8_PMID_12112661_en-prompt.txt	OMIM:272300	>10	>10	>10	OMIM:617333	2319	
2656	PMID_36189931_Individual_4_en-prompt.txt	OMIM:130050	1	1	1	OMIM:130050	6932	
2657	PMID_36303223_individual_17_PMID_15952210_en-prompt.txt	OMIM:272300	1	1	1	OMIM:272300	7119	2
2658	PMID_22428873_P4_en-prompt.txt	OMIM:174200	1	1	1	OMIM:174200	6975	
2659	STX_EG0394P_en-prompt.txt	OMIM:612164	>10	>10	>10	OMIM:619913	7658	
2660	PMID_31021519_individual_SATB2_136_en-prompt.txt	OMIM:612313	5	5	5	OMIM:618480	5863	
2661	PMID_30057029_Individual_9_en-prompt.txt	OMIM:618089	>10	>10	>10	ORPHA:280633	8322	
2662	PMID_37761890_13__en-prompt.txt	OMIM:616362	>10	>10	>10	OMIM:616682	5093	
2663	PMID_30690882_case_report_en-prompt.txt	OMIM:611182	>10	>10	>10	OMIM:616920	7616	
2664	PMID_37962958_21_en-prompt.txt	OMIM:620535	>10	>10	>10	OMIM:613406	8099	
2665	STX_32521962_P9_en-prompt.txt	OMIM:612164	2	2	2	OMIM:600721	4564	
2666	PMID_28940506_Family_18_Individual_24_en-prompt.txt	OMIM:615471	10	10	10	OMIM:620371	8340	3
2667	STX_25533962_258815_en-prompt.txt	OMIM:612164	>10	>10	>10	OMIM:620292	6665	
2668	PMID_33087723_E1_en-prompt.txt	OMIM:619375	1	1	1	OMIM:619375	6787	
2669	PMID_34722527_individual_individual_5_Saloni_Walia_VisualAcuityi_en-prompt.txt	OMIM:613826	>10	>10	>10	ORPHA:98973	4809	1
2670	PMID_36331550_Family_20_Patient_25_en-prompt.txt	OMIM:620540	1	1	1	OMIM:620540	7395	
2671	PMID_34521999_17_en-prompt.txt	OMIM:617140	>10	>10	>10	OMIM:619229	8213	
2672	PMID_17056636_Patient_No_2_en-prompt.txt	OMIM:609942	10	10	10	OMIM:613706	8180	1
2673	PMID_15452312_II_10_en-prompt.txt	OMIM:604187	2	2	2	ORPHA:99013	7746	1
2674	PMID_25835445_2_III_7__en-prompt.txt	OMIM:615582	8	8	8	OMIM:609192	7431	1
2675	PMID_18551513_8_en-prompt.txt	OMIM:613205	1	1	1	OMIM:613205	6861	1
2676	PMID_33731876_fam70_en-prompt.txt	OMIM:613721	>10	>10	>10	ORPHA:86309	4451	
2677	PMID_37071997_Individual_14_en-prompt.txt	OMIM:616211	>10	>10	>10	OMIM:619475	7817	
2678	PMID_36727596_OP_4161_II1_en-prompt.txt	OMIM:620642	1	1	1	OMIM:620642	7265	
2679	PMID_36446582_KBG51_en-prompt.txt	OMIM:148050	>10	>10	>10	OMIM:605130	7826	
2680	STX_EG0893P_en-prompt.txt	OMIM:612164	>10	>10	>10	ORPHA:98784	3817	
2681	STX_P_02_en-prompt.txt	OMIM:612164	>10	>10	>10	OMIM:616973	5855	
2682	PMID_36446582_Kutkowska_Kazmierczak2021_P8_en-prompt.txt	OMIM:148050	2	2	2	OMIM:617883	6087	1
2683	STX_26384463_Patient_1_en-prompt.txt	OMIM:612164	>10	>10	>10	OMIM:617166	6167	2
2684	PMID_15266616_102_en-prompt.txt	OMIM:147791	7	7	7	OMIM:304110	7526	
2685	PMID_34521999_39_en-prompt.txt	OMIM:617140	>10	>10	>10	OMIM:619229	8192	
2686	PMID_24739679_patient_K1_en-prompt.txt	OMIM:147920	1	1	1	OMIM:147920	8170	1
2687	PMID_10939567_Spo69_en-prompt.txt	OMIM:181350	6	6	6	OMIM:613205	7051	1
2688	PMID_35386260_proband_en-prompt.txt	OMIM:620719	>10	>10	>10	OMIM:620688	7516	
2689	PMID_34722527_individual_QT511_1_Lin_Li__DetectionofVa_en-prompt.txt	OMIM:613826	>10	1	>10	OMIM:618567	2973	
2690	PMID_31021519_Patient_5_from_Balasubramanian_et_al_en-prompt.txt	OMIM:612313	>10	>10	>10	OMIM:618603	5732	
2691	PMID_31021519_SATB2_42_from_Zarate_et_al__2018a_en-prompt.txt	OMIM:612313	2	2	2	ORPHA:513456	5937	
2692	PMID_24736735_G16012_Daughter_en-prompt.txt	OMIM:175700	2	2	2	OMIM:174200	6479	
2693	PMID_30573562_Patient_1_en-prompt.txt	OMIM:620748	>10	>10	>10	OMIM:613406	7993	
2694	PMID_36446582_Kutkowska_Kazmierczak2021_P23_en-prompt.txt	OMIM:148050	2	2	2	ORPHA:228402	5784	1
2695	STX_29778030_No_ID_en-prompt.txt	OMIM:612164	>10	>10	>10	ORPHA:2177	5282	
2696	PMID_33731876_fam382_en-prompt.txt	OMIM:613721	>10	>10	>10	OMIM:618454	3956	
2697	PMID_12203992_D15_en-prompt.txt	OMIM:154700	>10	>10	>10	OMIM:604308	6769	1
2698	STX_23020937_MR_NET001_en-prompt.txt	OMIM:612164	10	10	10	ORPHA:86309	5700	
2699	PMID_20375004_2_III_1_en-prompt.txt	OMIM:184900	1	1	1	OMIM:184900	6004	
2700	PMID_36446582_Goldenberg2016_P29_en-prompt.txt	OMIM:148050	3	3	3	OMIM:617883	5493	
2701	PMID_19949040_Patient_4_en-prompt.txt	OMIM:616325	3	3	3	OMIM:615156	6759	1
2702	PMID_36446582_Crippa2015_P2_en-prompt.txt	OMIM:148050	2	2	2	OMIM:617694	7226	1
2703	PMID_37071997_Individual_1_en-prompt.txt	OMIM:616211	>10	>10	>10	OMIM:615873	8165	
2704	PMID_33731876_fam163_en-prompt.txt	OMIM:613721	9	9	9	ORPHA:908	3628	
2705	PMID_12789647_K14_III_3_en-prompt.txt	OMIM:142900	1	1	1	OMIM:142900	6163	1
2706	PMID_33731876_fam416_en-prompt.txt	OMIM:607745	>10	>10	>10	ORPHA:1942	6257	
2707	PMID_34722527_individual_10_4_Arif_O_Khan_Geneticanalysi_en-prompt.txt	OMIM:613826	>10	>10	>10	ORPHA:98973	4939	1
2708	PMID_36586412_22_en-prompt.txt	OMIM:301111	1	1	1	OMIM:301111	4909	
2709	PMID_35112411_35112411_P1_en-prompt.txt	OMIM:604377	>10	>10	>10	ORPHA:100988	6130	
2710	PMID_36067010_Family_4_Patient_7_en-prompt.txt	OMIM:620504	1	1	1	OMIM:620504	7605	
2711	PMID_32710489_Group_1_Patient_8_en-prompt.txt	OMIM:620155	1	1	1	OMIM:620155	8099	
2712	PMID_29297947_29297947_P1_en-prompt.txt	OMIM:616370	>10	>10	>10	OMIM:605711	7802	
2713	PMID_28137957_HSP84_II_1_en-prompt.txt	OMIM:617225	1	1	1	OMIM:617225	7106	
2714	PMID_36446582_Miyatake_2017_P3_en-prompt.txt	OMIM:148050	2	2	2	OMIM:617694	7558	
2715	PMID_30580808_Ind_33_Fam_24_en-prompt.txt	OMIM:618362	>10	>10	>10	OMIM:619325	7954	
2716	PMID_36331550_Family_13_Patient_18_en-prompt.txt	OMIM:620540	1	1	1	OMIM:620540	7214	
2717	PMID_36189931_Individual_32_en-prompt.txt	OMIM:130050	1	1	1	OMIM:130050	6424	4
2718	PMID_36446582_Willemsen2010_P3_en-prompt.txt	OMIM:148050	>10	>10	>10	ORPHA:444077	7914	4
2719	PMID_30103036_Patient_2_en-prompt.txt	OMIM:616900	1	1	1	ORPHA:488632	7127	
2720	PMID_12789647_K6_II_3_en-prompt.txt	OMIM:142900	1	1	1	OMIM:142900	5810	1
2721	PMID_33731876_fam328_en-prompt.txt	OMIM:613721	>10	>10	>10	OMIM:619606	4920	
2722	PMID_33731876_fam278_en-prompt.txt	OMIM:613721	>10	>10	>10	ORPHA:1935	4321	
2723	STX_EG1299P_en-prompt.txt	OMIM:612164	6	6	6	OMIM:616973	5432	
2724	PMID_36189931_Individual_25_en-prompt.txt	OMIM:130050	1	1	1	OMIM:130050	6424	
2725	PMID_36446582_Rentas2021_P1_en-prompt.txt	OMIM:148050	>10	>10	>10	OMIM:620423	6343	
2726	PMID_26426912_Patient_5_en-prompt.txt	OMIM:248250	1	1	1	OMIM:248250	6216	
2727	PMID_36965478_Individual_2_en-prompt.txt	OMIM:620515	1	1	1	OMIM:620515	7021	
2728	STX_29896790_P4_en-prompt.txt	OMIM:612164	>10	>10	>10	OMIM:615473	6070	2
2729	PMID_34722527_individual_41_1_Valentina_Di_Iorio_ClinicalandGe_en-prompt.txt	OMIM:613826	>10	>10	>10	OMIM:302200	4809	1
2730	PMID_35344616_A14_en-prompt.txt	OMIM:268310	1	1	1	OMIM:268310	7859	1
2731	PMID_37582359_F2_III_2_en-prompt.txt	OMIM:620558	1	1	1	OMIM:620558	7605	
2732	PMID_30580808_Ind_38_Fam_29_en-prompt.txt	OMIM:618362	>10	>10	>10	OMIM:135900	7976	
2733	PMID_33731876_fam395_en-prompt.txt	OMIM:613721	>10	>10	>10	ORPHA:439218	6093	
2734	PMID_20932317_SMS335_en-prompt.txt	OMIM:182290	1	1	1	OMIM:182290	7847	3
2735	PMID_31021519_individual_SATB2_88_en-prompt.txt	OMIM:612313	5	5	5	ORPHA:513456	5999	
2736	PMID_33731876_fam174_en-prompt.txt	OMIM:613721	>10	>10	>10	ORPHA:502434	5058	
2737	STX_29933521_Patient_3_en-prompt.txt	OMIM:612164	>10	>10	>10	OMIM:619060	2319	6
2738	PMID_33731876_fam401_en-prompt.txt	OMIM:613721	>10	>10	>10	ORPHA:1935	3748	
2739	PMID_26942284_II_1_from_Family_C_en-prompt.txt	OMIM:616840	>10	>10	>10	ORPHA:240094	7141	
2740	PMID_34722527_individual_individual_1_Arif_O_Khan_Geneticanalysi_en-prompt.txt	OMIM:613826	>10	>10	>10	ORPHA:98973	4939	1
2741	PMID_33206935_ale_patient__en-prompt.txt	OMIM:620528	1	1	1	OMIM:620528	6848	
2742	PMID_37684057_10_yr_old_boy_en-prompt.txt	OMIM:618443	>10	>10	>10	OMIM:618367	7549	
2743	PMID_28283438_51_year_old_man_en-prompt.txt	OMIM:619656	2	2	2	OMIM:617168	5508	2
2744	PMID_33731876_fam49_en-prompt.txt	OMIM:613721	>10	>10	>10	OMIM:616973	4659	
2745	PMID_37156989_P2_en-prompt.txt	OMIM:619375	>10	>10	>10	OMIM:613471	6119	
2746	PMID_22541558_individual_L_1_en-prompt.txt	OMIM:154400	1	1	1	ORPHA:245	6158	1
2747	PMID_30733661_4_year_old_girl_en-prompt.txt	OMIM:620475	1	1	1	OMIM:620475	7259	
2748	STX_31780880_Patient598_en-prompt.txt	OMIM:612164	>10	>10	>10	OMIM:619814	3630	
2749	PMID_24739679_patient_K11_en-prompt.txt	OMIM:147920	1	1	1	OMIM:147920	8191	1
2750	PMID_32376980_42_en-prompt.txt	OMIM:618164	>10	>10	>10	OMIM:620224	7841	
2751	PMID_36446582_KBG46_en-prompt.txt	OMIM:148050	2	2	2	OMIM:605130	8054	
2752	PMID_24736735_G076_Brother_en-prompt.txt	OMIM:175700	2	2	2	OMIM:174200	6362	7
2753	STX_P_15_en-prompt.txt	OMIM:612164	8	8	8	ORPHA:1942	5731	
2754	PMID_24736735_G111__en-prompt.txt	OMIM:175700	2	2	2	OMIM:174200	6362	6
2755	PMID_37962958_18_en-prompt.txt	OMIM:620535	>10	>10	>10	OMIM:619503	7854	
2756	PMID_29967133_Family_1_III_1_en-prompt.txt	OMIM:619656	1	1	1	OMIM:619656	7267	
2757	PMID_33087723_E5_en-prompt.txt	OMIM:619375	1	1	1	OMIM:619375	6787	
2758	PMID_22219643_III_9_en-prompt.txt	OMIM:129600	1	1	1	OMIM:129600	7092	1
2759	STX_27779742_123_en-prompt.txt	OMIM:612164	>10	>10	>10	ORPHA:192	3609	
2760	PMID_17056636_Patient_No_6_en-prompt.txt	OMIM:609942	10	10	10	OMIM:613706	8180	1
2761	STX_27734276_Patient_9_en-prompt.txt	OMIM:612164	8	8	8	ORPHA:33069	5464	
2762	PMID_34521999_13_en-prompt.txt	OMIM:617140	>10	>10	>10	OMIM:619229	7639	
2763	PMID_15266616_128_en-prompt.txt	OMIM:147791	7	7	7	OMIM:304110	7524	
2764	STX_31130284_UPN_1751_en-prompt.txt	OMIM:612164	>10	>10	>10	OMIM:259050	2977	
2765	PMID_12789647_K4_II_1_en-prompt.txt	OMIM:142900	1	1	1	OMIM:142900	5852	1
2766	PMID_33731876_fam74_en-prompt.txt	OMIM:613721	>10	>10	>10	ORPHA:599373	6052	
2767	PMID_31021519_individual_SATB2_132_en-prompt.txt	OMIM:612313	3	3	3	OMIM:618480	5735	
2768	PMID_36446582_Murray_2017_P10_7_1_en-prompt.txt	OMIM:148050	2	2	2	OMIM:617883	7172	1
2769	STX_EG1141P_en-prompt.txt	OMIM:612164	>10	>10	>10	OMIM:617105	5801	2
2770	STX_25693842_Patient_2_en-prompt.txt	OMIM:612164	>10	>10	>10	OMIM:619950	6317	
2771	PMID_32154675_Family_3_Patient_7_en-prompt.txt	OMIM:613795	1	1	1	OMIM:613795	7232	4
2772	PMID_37167966_F4_II_2_en-prompt.txt	OMIM:620375	1	1	1	OMIM:620375	6736	3
2773	PMID_10580070_A_III_9_en-prompt.txt	OMIM:115200	1	1	1	OMIM:115200	5056	
2774	PMID_25168959_K2426_en-prompt.txt	OMIM:614608	4	4	4	OMIM:614609	8205	3
2775	PMID_37962958_25_en-prompt.txt	OMIM:620535	>10	>10	>10	OMIM:620075	7728	
2776	STX_P_28_en-prompt.txt	OMIM:612164	>10	>10	>10	OMIM:616973	5450	
2777	PMID_35904126_Proband_2__en-prompt.txt	OMIM:620450	1	1	1	OMIM:620450	7288	
2778	PMID_10939567_EMD1_IV_13_en-prompt.txt	OMIM:181350	6	6	6	OMIM:613205	7016	1
2779	STX_EG0661P_en-prompt.txt	OMIM:612164	>10	>10	>10	ORPHA:411511	4787	
2780	PMID_19818506_Patient_4_en-prompt.txt	OMIM:620344	2	2	2	OMIM:608415	5207	1
2781	PMID_28413018_A_IV_8_en-prompt.txt	OMIM:617527	1	1	1	OMIM:617527	7991	
2782	PMID_24736735_G094__en-prompt.txt	OMIM:175700	2	2	2	OMIM:174200	6362	
2783	PMID_24736735_G081__en-prompt.txt	OMIM:146510	1	1	1	OMIM:146510	6924	1
2784	PMID_33731876_fam245_en-prompt.txt	OMIM:613721	>10	>10	>10	OMIM:617055	6576	
2785	PMID_36446582_Ockeloen2015_P5_en-prompt.txt	OMIM:148050	4	4	4	OMIM:617883	5269	1
2786	PMID_30095615_proband_en-prompt.txt	OMIM:120970	8	8	8	OMIM:613660	5451	1
2787	PMID_28940506_Family_4_Individual_5_en-prompt.txt	OMIM:615471	1	1	1	OMIM:615471	8283	
2788	PMID_37541189_Individual_2_en-prompt.txt	OMIM:620688	1	1	1	OMIM:620688	7691	
2789	PMID_24932600_Patient_3_en-prompt.txt	OMIM:268310	>10	>10	>10	ORPHA:93328	7124	1
2790	PMID_36189931_Individual_18_en-prompt.txt	OMIM:130050	1	1	1	OMIM:130050	6424	1
2791	PMID_37850357_Case_2_en-prompt.txt	OMIM:620654	1	1	1	OMIM:620654	7999	
2792	STX_23708187_T22595_en-prompt.txt	OMIM:612164	>10	>10	>10	OMIM:618437	2356	6
2793	PMID_9312167_B_II_2_en-prompt.txt	OMIM:179800	1	1	1	OMIM:179800	5335	1
2794	PMID_28851325_Case_2_en-prompt.txt	OMIM:613454	1	1	1	OMIM:613454	6535	
2795	PMID_30517146_Patient_5_en-prompt.txt	OMIM:161800	6	6	6	OMIM:617519	7101	2
2796	PMID_31021519_Case_49_from_Baptista_et_al_en-prompt.txt	OMIM:612313	>10	>10	>10	ORPHA:3157	5100	
2797	PMID_33045405_Conboy_et_al___2017_Patient_1_en-prompt.txt	OMIM:605911	1	1	1	OMIM:605911	5705	
2798	STX_26865513_Patient_45_en-prompt.txt	OMIM:612164	6	6	6	ORPHA:86309	5280	
2799	PMID_22258530_Patient_8_en-prompt.txt	OMIM:613477	3	3	3	OMIM:619606	6305	
2800	PMID_10580070_B_IV_16_en-prompt.txt	OMIM:115200	1	1	1	OMIM:115200	5874	
2801	PMID_24800029_boy_en-prompt.txt	OMIM:115150	7	7	7	OMIM:618106	7646	1
2802	STX_G3_P34_en-prompt.txt	OMIM:612164	>10	>10	>10	OMIM:618890	3728	
2803	PMID_11179005_3__F__en-prompt.txt	OMIM:311200	1	1	1	OMIM:311200	7099	
2804	PMID_36823193_Patient_4_Family_3_en-prompt.txt	OMIM:620451	1	1	1	OMIM:620451	7861	
2805	PMID_36446582_Gnazzo_2020_P27_en-prompt.txt	OMIM:148050	2	2	2	OMIM:617694	7410	1
2806	PMID_20082460_case_4_en-prompt.txt	OMIM:305400	1	1	1	OMIM:305400	7877	1
2807	PMID_33731876_fam149_en-prompt.txt	OMIM:613721	>10	>10	>10	OMIM:614558	6255	
2808	PMID_37196654_Individual_26_en-prompt.txt	OMIM:618505	>10	>10	>10	OMIM:619475	8049	
2809	PMID_26667307_III_4_en-prompt.txt	OMIM:236200	1	1	1	OMIM:236200	7524	1
2810	PMID_36446582_Goldenberg2016_P14_en-prompt.txt	OMIM:148050	2	2	2	OMIM:617883	6646	1
2811	PMID_8664912_Patient_0544_twin_1_en-prompt.txt	OMIM:162200	1	1	1	OMIM:162200	6240	1
2812	PMID_36074901_21_en-prompt.txt	OMIM:620465	>10	>10	>10	OMIM:618873	4213	
2813	PMID_30881852_index_case_en-prompt.txt	OMIM:161200	1	1	1	OMIM:161200	7337	1
2814	PMID_37075751_Individual_11_en-prompt.txt	OMIM:616462	1	1	1	OMIM:616462	7697	
2815	PMID_29321044_Patient_3_en-prompt.txt	OMIM:616829	1	1	1	OMIM:616829	5954	
2816	PMID_36446582_Gnazzo_2020_P30_en-prompt.txt	OMIM:148050	2	2	2	OMIM:617694	7408	1
2817	PMID_37196654_Individual_31_en-prompt.txt	OMIM:618505	>10	>10	>10	OMIM:619475	7899	
2818	STX_G3_P23_en-prompt.txt	OMIM:612164	7	7	7	ORPHA:293181	3728	
2819	PMID_25835445_4_III_1_en-prompt.txt	OMIM:615582	>10	>10	>10	OMIM:614557	6819	4
2820	PMID_17661820_4_en-prompt.txt	OMIM:163950	>10	>10	>10	ORPHA:314679	6635	1
2821	PMID_32404357_III_1_en-prompt.txt	OMIM:129600	1	1	1	OMIM:129600	7095	
2822	PMID_28069640_R__VI12__older_sister_en-prompt.txt	OMIM:620519	1	1	1	OMIM:620519	7068	
2823	PMID_30746398_older_brother_en-prompt.txt	OMIM:606693	3	3	3	ORPHA:411602	6081	
2824	PMID_33731876_fam252_en-prompt.txt	OMIM:607745	>10	>10	>10	ORPHA:369837	3759	
2825	PMID_33731876_fam302_en-prompt.txt	OMIM:613721	>10	>10	>10	OMIM:605130	6146	
2826	PMID_36446582_Gnazzo_2020_P9_en-prompt.txt	OMIM:148050	1	1	1	ORPHA:2332	6895	
2827	STX_CHCO_07_en-prompt.txt	OMIM:612164	5	5	5	OMIM:300672	5515	
2828	STX_SP_L_en-prompt.txt	OMIM:612164	2	2	2	OMIM:617904	5493	
2829	PMID_28940506_Family_23_Individual_29_en-prompt.txt	OMIM:615471	>10	>10	>10	OMIM:620371	8273	3
2830	PMID_12203992_B51_en-prompt.txt	OMIM:154700	>10	>10	>10	OMIM:604308	7009	1
2831	PMID_21533187_family_C_en-prompt.txt	OMIM:156250	1	1	1	OMIM:156250	6797	1
2832	PMID_25216260_Family_5_Patient_7_en-prompt.txt	OMIM:142900	1	1	1	OMIM:142900	6305	1
2833	PMID_31021519_individual_SATB2_125_en-prompt.txt	OMIM:612313	2	2	2	ORPHA:513456	5937	
2834	PMID_23993195_Individual_2_en-prompt.txt	OMIM:615473	1	1	1	OMIM:615473	4055	
2835	PMID_36074124_1_VII_1_en-prompt.txt	OMIM:620570	1	1	1	OMIM:620570	6892	1
2836	PMID_36190515_Patient_4_en-prompt.txt	OMIM:620423	1	1	1	OMIM:620423	6231	
2837	PMID_9312167_A_III_1_en-prompt.txt	OMIM:179800	1	1	1	OMIM:179800	5335	
2838	PMID_37962958_32_en-prompt.txt	OMIM:620535	>10	>10	>10	OMIM:620450	7944	
2839	PMID_26078953_proband_II_2_en-prompt.txt	OMIM:615981	>10	>10	>10	OMIM:615994	7872	1
2840	PMID_34722527_individual_individual_2_Malika_Fakhratova_Identification_en-prompt.txt	OMIM:613826	>10	>10	>10	OMIM:616151	4809	8
2841	PMID_36446582_Palumbo_2016_en-prompt.txt	OMIM:148050	>10	>10	>10	OMIM:620186	7824	
2842	PMID_9312167_A_II_5_en-prompt.txt	OMIM:179800	1	1	1	OMIM:179800	5335	
2843	PMID_10571775_KSN_II_1_en-prompt.txt	OMIM:611590	3	3	3	OMIM:179800	6631	
2844	PMID_23714749_23714749_P3_en-prompt.txt	OMIM:256810	>10	>10	>10	OMIM:124000	6590	4
2845	PMID_27743463_S6_en-prompt.txt	OMIM:615471	3	3	3	OMIM:300855	7471	
2846	PMID_36446582_Walz2015_PB_en-prompt.txt	OMIM:148050	1	1	1	ORPHA:2332	7504	1
2847	PMID_34722527_individual_individual_1_Juliana_Maria_Ferraz_Sallum1_6_Clinicalandmo_en-prompt.txt	OMIM:613826	>10	>10	>10	ORPHA:98973	4809	1
2848	PMID_37761890_8__en-prompt.txt	OMIM:616362	>10	>10	>10	OMIM:618235	6754	
2849	PMID_31332438_A_III_1_en-prompt.txt	OMIM:620528	1	1	1	OMIM:620528	6610	
2850	PMID_33731876_fam63_en-prompt.txt	OMIM:613721	>10	>10	>10	OMIM:618587	4661	
2851	PMID_32154675_Family_7_Patient_20_en-prompt.txt	OMIM:613795	2	2	2	OMIM:614816	7173	
2852	PMID_29196670_Patient_11_en-prompt.txt	OMIM:613254	1	1	1	OMIM:613254	7625	1
2853	PMID_15452312_II_5_en-prompt.txt	OMIM:604187	2	2	2	ORPHA:99013	7746	1
2854	STX_20887364_Subject_1694_en-prompt.txt	OMIM:612164	>10	>10	>10	OMIM:618663	5486	
2855	PMID_32816001_II_2_en-prompt.txt	OMIM:301116	>10	>10	>10	OMIM:233400	3937	3
2856	PMID_36446582_Low_2016_P11_20_en-prompt.txt	OMIM:148050	1	1	1	ORPHA:2332	7614	1
2857	PMID_29967133_Family_5_II_5_en-prompt.txt	OMIM:619656	1	1	1	OMIM:619656	7410	3
2858	PMID_36446582_KBG42_en-prompt.txt	OMIM:148050	3	3	3	OMIM:605130	7932	1
2859	PMID_36303223_individual_29_PMID_33335014_en-prompt.txt	OMIM:272300	1	1	1	OMIM:272300	6797	2
2860	PMID_36454683_II_2_en-prompt.txt	OMIM:620402	1	1	1	OMIM:620402	6879	
2861	PMID_33500254_Case_2_en-prompt.txt	OMIM:620651	1	1	1	OMIM:620651	7820	
2862	PMID_20683840_II_14_en-prompt.txt	OMIM:606693	1	1	1	OMIM:606693	6707	
2863	PMID_28321562_index_patient_en-prompt.txt	OMIM:616907	>10	>10	>10	OMIM:614487	5989	4
2864	PMID_32779419_patient_en-prompt.txt	OMIM:615471	9	9	9	OMIM:606812	8160	
2865	PMID_25477417_F3_3_en-prompt.txt	OMIM:248250	1	1	1	OMIM:248250	7238	
2866	PMID_20519243_5_index_en-prompt.txt	OMIM:142900	2	2	2	OMIM:615272	5563	
2867	PMID_27023906_10DG0257_Individual_1_en-prompt.txt	OMIM:617402	1	1	1	OMIM:617402	7744	
2868	STX_26212315_Patient_1_en-prompt.txt	OMIM:612164	>10	>10	>10	OMIM:616366	5974	7
2869	PMID_7493032_Putnam_1995_p260_en-prompt.txt	OMIM:121050	1	1	1	OMIM:121050	6491	
2870	PMID_32376980_26__twin_of_patient_25__en-prompt.txt	OMIM:618164	>10	>10	>10	OMIM:182290	6786	
2871	PMID_35344616_A10_en-prompt.txt	OMIM:268310	1	1	1	OMIM:268310	7601	1
2872	PMID_37433783_P8_en-prompt.txt	OMIM:601674	>10	>10	>10	OMIM:617669	7163	
2873	PMID_31000419_III_11_en-prompt.txt	OMIM:620686	>10	>10	>10	OMIM:620548	6637	
2874	PMID_33731876_fam391_en-prompt.txt	OMIM:613721	>10	>10	>10	ORPHA:776	5158	
2875	PMID_32710489_Group_2_Patient_2_en-prompt.txt	OMIM:620157	>10	>10	>10	OMIM:618653	6753	
2876	PMID_30643655_F1_IV_3_en-prompt.txt	OMIM:613115	8	8	8	OMIM:614213	7129	
2877	PMID_33731876_fam170_en-prompt.txt	OMIM:607745	>10	1	>10	OMIM:615362	4017	2
2878	PMID_28074573_GB1_en-prompt.txt	OMIM:163950	>10	>10	>10	OMIM:613706	6676	1
2879	PMID_20375004_3_I_1_en-prompt.txt	OMIM:184900	1	1	1	OMIM:184900	5707	4
2880	PMID_35977029_family_19_en-prompt.txt	OMIM:620494	1	1	1	OMIM:620494	7562	
2881	PMID_31527767_II_5_en-prompt.txt	OMIM:129600	1	1	1	OMIM:129600	5653	1
2882	PMID_33731876_fam405_en-prompt.txt	OMIM:613721	>10	>10	>10	ORPHA:98820	4048	
2883	PMID_36528028_Individual_13_en-prompt.txt	OMIM:620455	1	1	1	OMIM:620455	7580	
2884	PMID_34722527_individual_1CRD_8_A_Hameed__EvidenceofRPG_en-prompt.txt	OMIM:608194	>10	>10	>10	OMIM:618567	2973	
2885	PMID_28940506_Family_27_Individual_33_en-prompt.txt	OMIM:615471	2	2	2	OMIM:614052	8349	
2886	PMID_36965478_Individual_6_en-prompt.txt	OMIM:620515	1	1	1	OMIM:620515	7021	
2887	PMID_26426912_Patient_1_en-prompt.txt	OMIM:248250	1	1	1	OMIM:248250	7025	
2888	PMID_31021519_SATB2_64_from_Zarate_et_al__2018a_en-prompt.txt	OMIM:612313	1	1	1	ORPHA:576283	6096	
2889	PMID_36189931_Individual_21_en-prompt.txt	OMIM:130050	1	1	1	OMIM:130050	6932	
2890	PMID_29755943_Family_2_III_1_en-prompt.txt	OMIM:142900	1	1	1	OMIM:142900	6109	
2891	STX_32139178_Patient_Neonatal8_en-prompt.txt	OMIM:612164	>10	>10	>10	ORPHA:79329	4349	
2892	PMID_22219643_II_12_en-prompt.txt	OMIM:129600	1	1	1	OMIM:129600	7092	1
2893	PMID_28285769_Individual_3_II_1_en-prompt.txt	OMIM:250410	1	1	1	ORPHA:166035	8098	
2894	PMID_34722527_individual_14_6_Arif_O_Khan_Geneticanalysi_en-prompt.txt	OMIM:613826	>10	>10	>10	ORPHA:98973	4939	1
2895	PMID_37582359_F4_III_1_en-prompt.txt	OMIM:620558	1	1	1	OMIM:620558	7630	
2896	PMID_26740388_PMID_26740388_en-prompt.txt	OMIM:602849	>10	>10	>10	OMIM:615314	5739	1
2897	PMID_27495153_Patient_2_en-prompt.txt	OMIM:616211	4	4	4	OMIM:613721	6794	
2898	PMID_36074901_18_en-prompt.txt	OMIM:620465	>10	>10	>10	OMIM:620504	3609	
2899	PMID_25142838_P9_en-prompt.txt	OMIM:147920	>10	>10	>10	OMIM:608978	7948	1
2900	PMID_37071997_Individual_5_en-prompt.txt	OMIM:616211	>10	>10	>10	OMIM:216550	7954	
2901	PMID_28940506_Family_28_Individual_34_en-prompt.txt	OMIM:615471	>10	>10	>10	OMIM:620371	8273	
2902	PMID_33731876_fam386_en-prompt.txt	OMIM:613721	>10	>10	>10	OMIM:618374	2533	
2903	PMID_24736735_A018__en-prompt.txt	OMIM:175700	1	1	1	OMIM:175700	6803	4
2904	PMID_35150594_K_IV_8_en-prompt.txt	OMIM:620538	1	1	1	OMIM:620538	6844	
2905	PMID_33731876_fam167_en-prompt.txt	OMIM:613721	>10	>10	>10	OMIM:617333	3556	
2906	PMID_33731876_fam412_en-prompt.txt	OMIM:613721	>10	>10	>10	OMIM:614558	7111	
2907	PMID_38014483_Family_d_individual_d_4_en-prompt.txt	OMIM:620666	>10	>10	>10	OMIM:613728	6867	
2908	PMID_15266616_106_en-prompt.txt	OMIM:147791	7	7	7	OMIM:304110	7526	
2909	PMID_28940506_Family_31_Individual_37_en-prompt.txt	OMIM:615471	5	5	5	OMIM:620371	8273	4
2910	PMID_31239556_individual_9_en-prompt.txt	OMIM:615502	>10	>10	>10	OMIM:309580	8052	
2911	PMID_28969374_Family_3_LD_1061_0A_Pt4_en-prompt.txt	OMIM:617560	>10	>10	>10	OMIM:617951	7420	
2912	PMID_27040691_Individual_9_2_en-prompt.txt	OMIM:616900	1	1	1	ORPHA:488632	7661	
2913	PMID_34722527_individual_individual_2_Juliana_Maria_Ferraz_Sallum1_3_Clinicalandmo_en-prompt.txt	OMIM:613826	>10	>10	>10	ORPHA:98973	4809	
2914	PMID_9817917_Family_6_individual_13062_en-prompt.txt	OMIM:222300	1	1	1	OMIM:222300	7481	1
2915	PMID_32154675_Family_7_Patient_19_en-prompt.txt	OMIM:613795	1	1	1	OMIM:613795	7422	
2916	PMID_32666529_Family_2_II_2_en-prompt.txt	OMIM:620519	1	1	1	OMIM:620519	7224	
2917	PMID_37845262_a_Japanese_patient_en-prompt.txt	OMIM:616914	1	1	1	OMIM:616914	7613	
2918	PMID_36446582_KBG55_en-prompt.txt	OMIM:148050	>10	>10	>10	ORPHA:477817	7151	
2919	PMID_37071997_Individual_10_en-prompt.txt	OMIM:616211	>10	>10	>10	OMIM:216550	7774	
2920	PMID_22772368_4_I_2_en-prompt.txt	OMIM:614816	1	1	1	OMIM:614816	7268	3
2921	STX_P_06_en-prompt.txt	OMIM:612164	>10	>10	>10	OMIM:300243	4921	
2922	PMID_35451551_proband_en-prompt.txt	OMIM:620654	1	1	1	OMIM:620654	8248	
2923	PMID_22939636_Family_1_Individual_3_en-prompt.txt	OMIM:614833	>10	>10	>10	OMIM:619103	4221	
2924	PMID_30868101_KRS_103_IV_2_en-prompt.txt	OMIM:606693	2	2	2	ORPHA:171695	7220	
2925	PMID_29122497_29122497_P9_en-prompt.txt	OMIM:616370	>10	>10	>10	ORPHA:280219	6870	
2926	PMID_21696388_V_1_en-prompt.txt	OMIM:606693	2	2	2	ORPHA:171695	6418	5
2927	STX_24095819_Patient_1_en-prompt.txt	OMIM:612164	>10	>10	>10	OMIM:301066	6851	
2928	PMID_36446582_Murray_2017_P3_1_3_en-prompt.txt	OMIM:148050	1	1	1	OMIM:148050	7278	1
2929	PMID_22822385_17_year_old_male_en-prompt.txt	OMIM:151100	5	5	5	OMIM:613224	7573	1
2930	PMID_34722527_individual_35_5_Tobias_Eisenberger_Increasingthe_en-prompt.txt	OMIM:613826	>10	1	>10	OMIM:618567	2973	
2931	PMID_33766796_4_en-prompt.txt	OMIM:616831	>10	>10	>10	OMIM:614753	6538	
2932	PMID_29755943_Family_1_III_1_en-prompt.txt	OMIM:142900	1	1	1	OMIM:142900	6109	1
2933	PMID_27040692_B_IV_6_en-prompt.txt	OMIM:616900	1	1	1	OMIM:616900	7850	
2934	PMID_21683322_20_en-prompt.txt	OMIM:102370	>10	>10	>10	OMIM:614185	6226	2
2935	PMID_25145518_patient_VI_1_en-prompt.txt	OMIM:163800	2	2	2	OMIM:616249	3552	
2936	PMID_15781812_individual_176_en-prompt.txt	OMIM:620681	>10	>10	>10	ORPHA:168491	4606	1
2937	PMID_10939567_Spo37_en-prompt.txt	OMIM:181350	1	1	1	OMIM:181350	6867	1
2938	STX_HSJD_Patient_13_en-prompt.txt	OMIM:612164	>10	>10	>10	OMIM:251280	4437	3
2939	PMID_22158539_individual_4_en-prompt.txt	OMIM:139210	1	1	1	OMIM:139210	7810	1
2940	PMID_29050398_P4_en-prompt.txt	OMIM:620540	1	1	1	OMIM:620540	7071	
2941	PMID_34722527_individual_individual_1_Moon_Woo_Seong_Diagnosticappl_en-prompt.txt	OMIM:613826	>10	1	>10	OMIM:618567	2973	
2942	PMID_37761890_14__en-prompt.txt	OMIM:616362	>10	>10	>10	OMIM:606232	7402	
2943	PMID_10662742_III_4_en-prompt.txt	OMIM:115200	5	5	5	OMIM:612201	6136	
2944	PMID_28202457_F2_II_4_en-prompt.txt	OMIM:159550	1	1	1	OMIM:159550	7410	1
2945	PMID_8825048_father_en-prompt.txt	OMIM:613254	2	2	2	OMIM:191100	5895	1
2946	PMID_36996813_Individual_5_en-prompt.txt	OMIM:620371	1	1	1	OMIM:620371	8018	
2947	PMID_33731876_fam180_en-prompt.txt	OMIM:613721	>10	>10	>10	ORPHA:95232	4914	
2948	PMID_33731876_fam231_en-prompt.txt	OMIM:607745	>10	>10	>10	OMIM:618143	6294	
2949	PMID_33731876_fam361_en-prompt.txt	OMIM:613721	>10	>10	>10	ORPHA:649	4398	
2950	PMID_17646629_index_patient_II_3_en-prompt.txt	OMIM:607259	>10	>10	>10	OMIM:616907	7740	
2951	STX_29264391_Patient_3_en-prompt.txt	OMIM:612164	6	6	6	OMIM:619606	6051	
2952	PMID_27843126_B_III_4_en-prompt.txt	OMIM:617146	1	1	1	OMIM:617146	7367	
2953	PMID_12949970_proposita_en-prompt.txt	OMIM:148820	1	1	1	OMIM:148820	7249	
2954	PMID_35904126_Proband_5_en-prompt.txt	OMIM:620450	2	2	2	OMIM:615879	6438	
2955	PMID_29388673_Fam_2_II_1_en-prompt.txt	OMIM:617560	5	5	5	OMIM:619224	7307	
2956	STX_21770924_Patient_5_en-prompt.txt	OMIM:612164	>10	>10	>10	OMIM:300672	5552	
2957	PMID_20799361_Patient_1_en-prompt.txt	OMIM:611590	1	1	1	OMIM:611590	7261	
2958	PMID_25868664_Family_19_Case_12_en-prompt.txt	OMIM:615471	>10	>10	>10	OMIM:618378	6928	
2959	PMID_36446582_Parenti2021_P16_en-prompt.txt	OMIM:148050	1	1	1	ORPHA:2332	7988	
2960	PMID_25896430_Patient_6_en-prompt.txt	OMIM:147920	2	2	2	OMIM:300867	7568	1
2961	PMID_36446582_Goldenberg2016_P4_en-prompt.txt	OMIM:148050	>10	>10	>10	OMIM:301111	5700	
2962	PMID_31239556_individual_29_en-prompt.txt	OMIM:615502	>10	>10	>10	OMIM:309580	8052	
2963	PMID_34722527_individual_LOB_5_Gerber_S_Completeexon_i_en-prompt.txt	OMIM:613826	>10	1	>10	OMIM:618567	2973	
2964	PMID_24029078_Patient_1_en-prompt.txt	OMIM:614959	2	2	2	OMIM:617105	6460	
2965	PMID_37880421_Family_3_II_2_en-prompt.txt	OMIM:620653	>10	>10	>10	OMIM:216100	2790	
2966	PMID_7726174_propositus_en-prompt.txt	OMIM:148820	2	2	2	OMIM:193500	6545	
2967	STX_26865513_Patient_31_en-prompt.txt	OMIM:612164	>10	>10	>10	ORPHA:33069	5791	
2968	PMID_36355422_IV_5_en-prompt.txt	OMIM:620745	>10	>10	>10	OMIM:620416	5975	
2969	PMID_29469822_Family_7_II_1_en-prompt.txt	OMIM:605275	1	1	1	OMIM:605275	8183	1
2970	PMID_27977582_male_child__en-prompt.txt	OMIM:150250	1	1	1	OMIM:150250	5846	1
2971	PMID_25007886_Subject_1_en-prompt.txt	OMIM:613268	1	1	1	OMIM:613268	4520	
2972	PMID_18423521_Patient_2_en-prompt.txt	OMIM:113620	1	1	1	OMIM:113620	6844	1
2973	PMID_21131976_Man33_en-prompt.txt	OMIM:613717	1	1	1	OMIM:613717	6444	1
2974	PMID_33539324_C_II_3_en-prompt.txt	OMIM:620456	1	1	1	OMIM:620456	5850	
2975	STX_26865513_Patient_1_en-prompt.txt	OMIM:612164	2	2	2	ORPHA:1942	6818	
2976	PMID_31239556_individual_3_Gregor_et_al_en-prompt.txt	OMIM:615502	>10	>10	>10	OMIM:309580	8048	
2977	PMID_34722527_individual_MOL1403_1_2_Beryozkin_Current_en-prompt.txt	OMIM:608194	>10	>10	>10	OMIM:616152	4809	5
2978	PMID_28886341_Individual_F4_II_2_en-prompt.txt	OMIM:617694	1	1	1	OMIM:617694	7974	
2979	PMID_30612693_12_en-prompt.txt	OMIM:618443	1	1	1	OMIM:618443	7085	
2980	STX_26865513_Patient_26_en-prompt.txt	OMIM:612164	1	1	1	ORPHA:599373	6154	3
2981	PMID_19776401_Patient_2_1_en-prompt.txt	OMIM:243700	1	1	1	OMIM:243700	7431	
2982	PMID_25406581_P2_en-prompt.txt	OMIM:620449	>10	>10	>10	ORPHA:98813	6494	
2983	PMID_29967133_Family_4_III_2_en-prompt.txt	OMIM:619656	1	1	1	OMIM:619656	7447	2
2984	PMID_21217753_Fam_2_III_1_en-prompt.txt	OMIM:613795	2	2	2	OMIM:619656	6982	
2985	PMID_24736735_A017__en-prompt.txt	OMIM:175700	1	1	1	OMIM:175700	6801	
2986	STX_STXBP1adult_Pt2_en-prompt.txt	OMIM:612164	>10	>10	>10	ORPHA:33069	6167	
2987	PMID_33731876_fam197_en-prompt.txt	OMIM:613721	>10	>10	>10	OMIM:606232	5152	
2988	PMID_33731876_fam226_en-prompt.txt	OMIM:613721	>10	>10	>10	ORPHA:79279	3628	
2989	PMID_33731876_fam376_en-prompt.txt	OMIM:613721	>10	>10	>10	OMIM:619124	5433	
2990	PMID_36553465_P24_en-prompt.txt	OMIM:606574	>10	>10	>10	ORPHA:79433	6603	
2991	PMID_21358634_Family_3_en-prompt.txt	OMIM:132800	1	1	1	OMIM:132800	6443	
2992	PMID_37196654_Individual_4_en-prompt.txt	OMIM:618505	>10	>10	>10	OMIM:309500	7913	
2993	PMID_22772371_MS239_IV_2_en-prompt.txt	OMIM:614816	1	1	1	OMIM:614816	7410	1
2994	PMID_27843126_D_II_2_en-prompt.txt	OMIM:617146	2	2	2	ORPHA:101097	7442	
2995	PMID_31021519_Case_2_from_Lee_et_al_en-prompt.txt	OMIM:612313	1	1	1	ORPHA:576283	5735	
2996	PMID_32154675_Family_1_Patient_1_en-prompt.txt	OMIM:613795	1	1	1	OMIM:613795	7412	1
2997	PMID_37962958_46_en-prompt.txt	OMIM:620535	>10	>10	>10	OMIM:613406	7422	
2998	PMID_28403827_IV_4_en-prompt.txt	OMIM:614931	3	3	3	OMIM:619016	6426	
2999	PMID_12789647_K10_II_4_en-prompt.txt	OMIM:142900	1	1	1	OMIM:142900	5810	1
3000	PMID_10939567_EMD6_IV_7_en-prompt.txt	OMIM:181350	1	1	1	OMIM:181350	7119	1
3001	PMID_36446582_KBG18_en-prompt.txt	OMIM:148050	2	2	2	OMIM:605130	8051	1
3002	STX_G2_P1_en-prompt.txt	OMIM:612164	1	1	1	ORPHA:599373	4441	
3003	PMID_33731876_fam17_en-prompt.txt	OMIM:613721	>10	>10	>10	ORPHA:485350	3691	
3004	PMID_12789647_K16_III_3_en-prompt.txt	OMIM:142900	1	1	1	OMIM:142900	5810	1
3005	PMID_30356099_Patient_3_en-prompt.txt	OMIM:616211	1	1	1	OMIM:616211	7661	
3006	PMID_18219278_proband_en-prompt.txt	OMIM:620707	>10	>10	>10	OMIM:612281	6288	1
3007	PMID_30580808_Ind_18_Fam_17_en-prompt.txt	OMIM:618362	>10	>10	>10	OMIM:135900	7879	
3008	PMID_29196670_Patient_1_en-prompt.txt	OMIM:613254	1	1	1	OMIM:613254	7721	
3009	PMID_9714438_Park_p103_daughter_of_p279_en-prompt.txt	OMIM:121050	1	1	1	OMIM:121050	7113	
3010	PMID_10939567_Spo20_en-prompt.txt	OMIM:181350	6	6	6	OMIM:613205	6867	2
3011	PMID_27153400_Family_B_IV_1_en-prompt.txt	OMIM:616907	1	1	1	ORPHA:488594	7004	1
3012	PMID_36333968_16_year_oldBrazilian_male_en-prompt.txt	OMIM:620511	1	1	1	OMIM:620511	7404	
3013	PMID_34612517_F2_II_2_en-prompt.txt	OMIM:617478	1	1	1	OMIM:617478	7187	
3014	PMID_33731876_fam84_en-prompt.txt	OMIM:613721	>10	>10	>10	ORPHA:163681	6838	
3015	PMID_16965330_patient_10_en-prompt.txt	OMIM:240300	1	1	1	OMIM:240300	7482	1
3016	PMID_30804983_9_month_old_girl_en-prompt.txt	OMIM:615471	1	1	1	OMIM:615471	7915	3
3017	PMID_34722527_individual_281_608_3_Farzad_Jamshidi_Contributionof_en-prompt.txt	OMIM:613826	>10	>10	>10	ORPHA:98973	4809	1
3018	PMID_36446582_KBG36_en-prompt.txt	OMIM:148050	1	1	1	ORPHA:2332	8218	1
3019	PMID_36446582_Murray_2017_P16_13_1_en-prompt.txt	OMIM:148050	6	6	6	OMIM:615859	7299	
3020	PMID_27040691_Individual_6_2_en-prompt.txt	OMIM:616900	1	1	1	ORPHA:488632	7814	
3021	PMID_36446582_Parenti2021_P1_en-prompt.txt	OMIM:148050	1	1	1	ORPHA:2332	7859	1
3022	PMID_25868664_Family_18_Case_20_en-prompt.txt	OMIM:615471	>10	>10	>10	OMIM:616801	8146	4
3023	PMID_32376980_32_en-prompt.txt	OMIM:618164	>10	>10	>10	OMIM:253220	7612	
3024	STX_Syrbe_21_en-prompt.txt	OMIM:612164	1	1	1	ORPHA:599373	5329	2
3025	PMID_24613577_16_year_old_girl_en-prompt.txt	OMIM:616914	1	1	1	OMIM:616914	7527	
3026	PMID_27259050_III_3_en-prompt.txt	OMIM:159550	1	1	1	OMIM:159550	7815	1
3027	PMID_22258530_Patient_12_en-prompt.txt	OMIM:613477	>10	>10	>10	OMIM:619606	6305	
3028	PMID_33576469_Patient_3_en-prompt.txt	OMIM:129600	1	1	1	OMIM:129600	6873	1
3029	PMID_36446582_Low_2016_P18_12_en-prompt.txt	OMIM:148050	1	1	1	ORPHA:2332	7494	1
3030	PMID_36446582_VanDongen2019_P4_en-prompt.txt	OMIM:148050	>10	1	>10	OMIM:617333	2405	
3031	PMID_36965478_Individual_10_en-prompt.txt	OMIM:620515	1	1	1	OMIM:620515	6983	
3032	PMID_33731876_fam39_en-prompt.txt	OMIM:613721	>10	>10	>10	OMIM:615369	5562	
3033	PMID_18669544_FO_05_en-prompt.txt	OMIM:209900	>10	>10	>10	OMIM:619737	7278	4
3034	PMID_25477417_F15_1_en-prompt.txt	OMIM:248250	1	1	1	OMIM:248250	7238	
3035	STX_18469812_Subject_11_en-prompt.txt	OMIM:612164	1	1	1	OMIM:612164	6088	
3036	PMID_31021519_Patient_1_from_Kikuiri_et_al_en-prompt.txt	OMIM:612313	>10	>10	>10	OMIM:615350	5236	
3037	PMID_25525168_25525168_P2_en-prompt.txt	OMIM:608909	>10	>10	>10	OMIM:617238	4112	
3038	PMID_16917909_619_1_en-prompt.txt	OMIM:142900	3	3	3	OMIM:617247	5941	1
3039	PMID_33731876_fam1204_en-prompt.txt	OMIM:613721	>10	>10	>10	OMIM:300672	6063	
3040	PMID_34612517_F3_II_3_en-prompt.txt	OMIM:617478	1	1	1	OMIM:617478	7411	
3041	PMID_15499950_15499950_P1_en-prompt.txt	OMIM:604377	6	6	6	OMIM:600721	5624	6
3042	PMID_34722527_individual_6b_2_Kristiina_Avela_Thegeneticaet_en-prompt.txt	OMIM:613826	>10	>10	>10	ORPHA:98973	4809	1
3043	PMID_34722527_individual_MEP3_16_Martin_McKibbin_Genotype_Phenot_en-prompt.txt	OMIM:613826	>10	>10	>10	ORPHA:98973	4809	1
3044	PMID_21683322_19_en-prompt.txt	OMIM:614185	1	1	1	OMIM:614185	6732	1
3045	PMID_31239556_individual_21_twin_2_en-prompt.txt	OMIM:615502	>10	>10	>10	OMIM:309580	8046	
3046	PMID_31239556_individual_10_en-prompt.txt	OMIM:615502	>10	>10	>10	OMIM:309580	8052	
3047	PMID_27738187_Patient_5_en-prompt.txt	OMIM:617180	3	3	3	ORPHA:3472	7884	
3048	PMID_33731876_fam104_en-prompt.txt	OMIM:613721	>10	>10	>10	OMIM:300967	7076	
3049	PMID_32730804_Individual_8_en-prompt.txt	OMIM:620511	1	1	1	OMIM:620511	6752	
3050	PMID_36586412_3_en-prompt.txt	OMIM:301111	1	1	1	OMIM:301111	6565	
3051	PMID_15266616_97_en-prompt.txt	OMIM:147791	7	7	7	OMIM:304110	7526	
3052	PMID_31021519_Case_1_from_Rainger_et_al_en-prompt.txt	OMIM:612313	1	1	1	ORPHA:576283	6035	
3053	PMID_22150416_Patient_2_en-prompt.txt	OMIM:123000	2	2	2	OMIM:218400	7888	1
3054	PMID_28074573_HC6_en-prompt.txt	OMIM:163950	>10	>10	>10	OMIM:615829	6383	1
3055	PMID_21358634_Family_14_en-prompt.txt	OMIM:132800	1	1	1	OMIM:132800	6443	1
3056	STX_G3_P8_en-prompt.txt	OMIM:612164	>10	>10	>10	OMIM:608540	3209	5
3057	PMID_33731876_fam358_en-prompt.txt	OMIM:613721	>10	>10	>10	ORPHA:1001	5919	
3058	PMID_28971234_child_en-prompt.txt	OMIM:604841	1	1	1	OMIM:604841	7614	3
3059	PMID_10580070_C_II_2_en-prompt.txt	OMIM:115200	1	1	1	ORPHA:300751	5287	
3060	PMID_33045405_Pitt_et_al___2015_B2_1_en-prompt.txt	OMIM:605911	9	9	9	OMIM:229700	4356	
3061	PMID_36307226_Proband_8_en-prompt.txt	OMIM:620537	1	1	1	OMIM:620537	6283	
3062	PMID_36446582_Novara_2017_P5_en-prompt.txt	OMIM:148050	>10	>10	>10	ORPHA:85329	7737	
3063	PMID_12789647_K12_II_2_en-prompt.txt	OMIM:142900	1	1	1	OMIM:142900	5812	1
3064	PMID_33731876_fam113_en-prompt.txt	OMIM:613721	>10	>10	>10	ORPHA:599373	5458	
3065	PMID_37054711_Family_9_Subject_12_en-prompt.txt	OMIM:620428	1	1	1	OMIM:620428	6916	
3066	PMID_15266616_80_en-prompt.txt	OMIM:147791	7	7	7	OMIM:304110	7526	
3067	PMID_35977029_DI1750_167397_en-prompt.txt	OMIM:620494	3	3	3	ORPHA:353281	7741	
3068	PMID_28202457_F1_III_2_en-prompt.txt	OMIM:159550	>10	>10	>10	OMIM:619041	4702	
3069	PMID_30099644_IV_19_en-prompt.txt	OMIM:600138	>10	>10	>10	OMIM:303100	5761	2
3070	PMID_22398176_proband_en-prompt.txt	OMIM:301310	1	1	1	OMIM:301310	6846	2
3071	PMID_34722527_individual_individual_2_Elena_Vallespin_Mutationscreen_en-prompt.txt	OMIM:608194	>10	>10	>10	OMIM:618567	2973	
3072	PMID_18256394_12_en-prompt.txt	OMIM:176670	1	1	1	ORPHA:740	7889	3
3073	PMID_18084123_father_en-prompt.txt	OMIM:610168	1	1	1	OMIM:610168	7489	1
3074	PMID_34722527_individual_MEP50_10_Martin_McKibbin_Genotype_Phenot_en-prompt.txt	OMIM:613826	>10	>10	>10	OMIM:616152	4809	
3075	PMID_25868664_Family_8_Case_2_en-prompt.txt	OMIM:615471	2	2	2	OMIM:614052	8069	3
3076	PMID_31548836_Family_B_II1_en-prompt.txt	OMIM:119600	1	1	1	OMIM:119600	7168	1
3077	PMID_24736735_G068_Brother_en-prompt.txt	OMIM:175700	2	2	2	OMIM:174200	6362	
3078	STX_31164858_Patient_106_en-prompt.txt	OMIM:612164	>10	>10	>10	OMIM:608776	5753	
3079	PMID_34521999_49_en-prompt.txt	OMIM:617140	>10	>10	>10	OMIM:619229	8192	
3080	PMID_37761890_7__en-prompt.txt	OMIM:616362	>10	>10	>10	OMIM:620038	6240	
3081	PMID_33731876_fam93_en-prompt.txt	OMIM:607745	2	2	2	OMIM:607682	4440	
3082	PMID_31021519_SATB2_67_from_Zarate_et_al__2018a_en-prompt.txt	OMIM:612313	>10	>10	>10	OMIM:615802	6096	
3083	PMID_20310007_40_year_old_man_en-prompt.txt	OMIM:606693	1	1	1	ORPHA:306674	7231	3
3084	PMID_25835445_3_II_3__en-prompt.txt	OMIM:615582	>10	>10	>10	OMIM:610168	6421	3
3085	PMID_30612693_8_en-prompt.txt	OMIM:618443	>10	>10	>10	ORPHA:280229	6903	
3086	PMID_24403049_Proband_2_en-prompt.txt	OMIM:266265	1	1	1	OMIM:266265	7810	
3087	PMID_20074988__20074988_P2_en-prompt.txt	OMIM:256810	4	4	4	OMIM:606812	6256	
3088	PMID_36446582_KBG21_en-prompt.txt	OMIM:148050	2	2	2	OMIM:605130	8246	1
3089	PMID_36074901_8_en-prompt.txt	OMIM:620465	>10	>10	>10	OMIM:619297	4213	
3090	PMID_30099644_IV__7_en-prompt.txt	OMIM:600138	>10	>10	>10	OMIM:303100	5761	2
3091	PMID_31021519_260175_from_Bengani_et_al_en-prompt.txt	OMIM:612313	6	6	6	ORPHA:1855	5293	
3092	PMID_32376980_25_en-prompt.txt	OMIM:618164	>10	>10	>10	OMIM:620075	6983	
3093	PMID_30356099_Patient_7_en-prompt.txt	OMIM:616211	1	1	1	OMIM:616211	7661	
3094	PMID_33731876_fam13_en-prompt.txt	OMIM:613721	>10	>10	>10	ORPHA:599373	4668	
3095	PMID_33045405_Ma_and_Yu__2018__patient_1_en-prompt.txt	OMIM:605911	1	1	1	OMIM:605911	5459	
3096	PMID_29196670_Patient_5_en-prompt.txt	OMIM:613254	1	1	1	OMIM:613254	7721	1
3097	PMID_23086397_Patient_3_en-prompt.txt	OMIM:614959	2	2	2	OMIM:600512	6458	
3098	PMID_25868664_Family_19_Case_3_en-prompt.txt	OMIM:615471	>10	>10	>10	OMIM:616801	8042	3
3099	PMID_31949313_F3_II_1_en-prompt.txt	OMIM:147920	>10	>10	>10	OMIM:620186	6888	
3100	PMID_10580070_E_II_8_en-prompt.txt	OMIM:115200	1	1	1	OMIM:115200	5874	
3101	PMID_27153400_Family_B_IV_5_en-prompt.txt	OMIM:616907	1	1	1	ORPHA:488594	7004	
3102	PMID_25477417_F1_1_en-prompt.txt	OMIM:248250	1	1	1	OMIM:248250	7238	
3103	PMID_37962958_42_en-prompt.txt	OMIM:620535	>10	>10	>10	OMIM:615802	7598	
3104	PMID_26908613_SRF1630_en-prompt.txt	OMIM:617123	2	2	2	OMIM:620228	4506	2
3105	PMID_29469822_Family_4_II_2_en-prompt.txt	OMIM:605275	1	1	1	OMIM:605275	8101	1
3106	PMID_18297069_Case_4_en-prompt.txt	OMIM:300707	1	1	1	OMIM:300707	7834	
3107	PMID_27087320_Subject_9_en-prompt.txt	OMIM:616975	1	1	1	OMIM:616975	8279	
3108	PMID_32376980_18_en-prompt.txt	OMIM:618164	>10	>10	>10	OMIM:617506	7941	
3109	PMID_34112922_A_Japanese_girl_en-prompt.txt	OMIM:620535	1	1	1	OMIM:620535	7734	
3110	STX_29056246_Patient_56_en-prompt.txt	OMIM:612164	>10	>10	>10	OMIM:617113	4906	3
3111	PMID_33731876_fam193_en-prompt.txt	OMIM:613721	>10	>10	>10	OMIM:259050	2524	
3112	STX_STXBP1adult_Pt6_en-prompt.txt	OMIM:612164	7	7	7	OMIM:616973	6282	
3113	STX_25951140_Case_2_en-prompt.txt	OMIM:612164	>10	>10	>10	OMIM:251280	6974	
3114	PMID_30580808_Ind_06_Fam_06_en-prompt.txt	OMIM:618362	>10	>10	>10	OMIM:135900	7981	
3115	PMID_36553465_P20_en-prompt.txt	OMIM:606574	>10	>10	>10	ORPHA:79433	6818	
3116	PMID_33731876_fam372_en-prompt.txt	OMIM:613721	>10	>10	>10	ORPHA:477774	2533	
3117	PMID_33731876_fam222_en-prompt.txt	OMIM:613721	>10	>10	>10	OMIM:618924	6339	
3118	PMID_37054711_Family_2_Subject_3_en-prompt.txt	OMIM:620428	2	2	2	ORPHA:488635	6527	
3119	PMID_30057029_Individual_20_en-prompt.txt	OMIM:618089	>10	>10	>10	ORPHA:280633	8313	
3120	PMID_28569194_nan_en-prompt.txt	OMIM:260000	6	6	6	OMIM:613616	4546	1
3121	PMID_21358634_Family_7_en-prompt.txt	OMIM:132800	1	1	1	OMIM:132800	6443	
3122	PMID_28782633_Family_II_patient_II_P3_en-prompt.txt	OMIM:620670	>10	>10	>10	OMIM:615577	7148	3
3123	STX_26865513_Patient_22_en-prompt.txt	OMIM:612164	>10	>10	>10	ORPHA:163681	5846	
3124	PMID_35484142_F9_P10_en-prompt.txt	OMIM:620460	1	1	1	OMIM:620460	7052	
3125	PMID_29707406_C_II_5_en-prompt.txt	OMIM:606854	>10	>10	>10	OMIM:617854	6495	
3126	PMID_22736615_Patient_3_en-prompt.txt	OMIM:129600	1	1	1	OMIM:129600	7092	1
3127	PMID_23273567_individual_AII_2_en-prompt.txt	OMIM:258480	1	1	1	OMIM:258480	7663	
3128	PMID_37352860_Individual_4_en-prompt.txt	OMIM:620663	1	1	1	OMIM:620663	7710	
3129	PMID_33731876_fam139_en-prompt.txt	OMIM:613721	>10	>10	>10	OMIM:617105	5788	
3130	STX_30182498_Patient_068_en-prompt.txt	OMIM:612164	4	4	4	OMIM:615473	4936	
3131	PMID_34722527_individual_11_14_Arif_O_Khan_Geneticanalysi_en-prompt.txt	OMIM:613826	>10	>10	>10	OMIM:613835	4939	1
3132	PMID_29469822_Family_9_II_2_en-prompt.txt	OMIM:605275	1	1	1	OMIM:605275	7958	1
3133	PMID_32765928_Case_2_en-prompt.txt	OMIM:151100	4	4	4	OMIM:613224	7621	
3134	PMID_31021519_SATB2_52_from_Zarate_et_al__2018a_en-prompt.txt	OMIM:612313	2	2	2	ORPHA:513456	5937	
3135	PMID_36446582_Novara_2017_P12_en-prompt.txt	OMIM:148050	>10	>10	>10	OMIM:620098	6178	
3136	PMID_28202457_F1_1_3_en-prompt.txt	OMIM:159550	>10	>10	>10	OMIM:619151	6099	
3137	PMID_29967133_Family_2_III_1_en-prompt.txt	OMIM:619656	1	1	1	OMIM:619656	7464	4
3138	PMID_36355422_IV_1_en-prompt.txt	OMIM:620745	>10	>10	>10	OMIM:620416	5975	
3139	PMID_37054711_Family_4_Subject_6_en-prompt.txt	OMIM:620428	>10	>10	>10	ORPHA:502423	4716	
3140	PMID_36331550_Family_10_Patient_14_en-prompt.txt	OMIM:620540	1	1	1	OMIM:620540	7289	
3141	PMID_36331550_Family_3_Patient_5_en-prompt.txt	OMIM:620538	1	1	1	OMIM:620538	6873	1
3142	PMID_33731876_fam184_en-prompt.txt	OMIM:613721	>10	>10	>10	OMIM:615473	6296	
3143	PMID_36996813_Individual_1_en-prompt.txt	OMIM:620371	1	1	1	OMIM:620371	8116	
3144	PMID_10939567_Spo3_en-prompt.txt	OMIM:181350	7	7	7	OMIM:613205	7020	3
3145	PMID_21367767_F39_II_3_en-prompt.txt	OMIM:606658	>10	>10	>10	OMIM:609270	6967	
3146	STX_29264391_Patient_7_en-prompt.txt	OMIM:612164	3	3	3	OMIM:617904	4939	
3147	PMID_33731876_fam365_en-prompt.txt	OMIM:613721	>10	>10	>10	ORPHA:1001	5674	
3148	PMID_33731876_fam235_en-prompt.txt	OMIM:613721	>10	>10	>10	OMIM:135900	7373	
3149	PMID_25896430_Patient_2_en-prompt.txt	OMIM:147920	1	1	1	OMIM:147920	7748	1
3150	PMID_36446582_Parenti2021_P12_en-prompt.txt	OMIM:148050	1	1	1	ORPHA:2332	7795	1
3151	PMID_15266616_17_en-prompt.txt	OMIM:147791	7	7	7	OMIM:304110	7526	
3152	STX_21770924_Patient_1_en-prompt.txt	OMIM:612164	>10	>10	>10	OMIM:618760	6122	
3153	STX_HSJD_Patient_17_en-prompt.txt	OMIM:612164	>10	>10	>10	OMIM:616393	5101	
3154	PMID_17056636_Patient_No_10_en-prompt.txt	OMIM:609942	10	10	10	OMIM:613706	8180	1
3155	PMID_37582359_F1_II_1_en-prompt.txt	OMIM:620558	1	1	1	OMIM:620558	7629	
3156	PMID_31021519_263440_from_Bengani_et_al_en-prompt.txt	OMIM:612313	>10	>10	>10	OMIM:614749	5571	
3157	PMID_18084123_patient_en-prompt.txt	OMIM:610168	1	1	1	OMIM:610168	7524	2
3158	PMID_31021519_individual_SATB2_142_en-prompt.txt	OMIM:612313	5	5	5	ORPHA:513456	5999	
3159	PMID_34722527_individual_individual_2_Sylvain_Hanein_Lebercongenita_en-prompt.txt	OMIM:613826	>10	1	>10	OMIM:618567	2973	
3160	PMID_35923690_50_8_en-prompt.txt	OMIM:105650	2	2	2	OMIM:610629	7017	
3161	PMID_28065471_PI_2_en-prompt.txt	OMIM:617402	2	2	2	OMIM:617403	7227	
3162	PMID_21696388_V_5_en-prompt.txt	OMIM:606693	2	2	2	ORPHA:171695	6418	
3163	PMID_30315159_Patient_3_en-prompt.txt	OMIM:620475	1	1	1	OMIM:620475	7970	
3164	PMID_30771478_Patient_1_en-prompt.txt	OMIM:615471	>10	>10	>10	OMIM:619059	6769	11
3165	PMID_23273567_individual_EII_1_en-prompt.txt	OMIM:258480	1	1	1	OMIM:258480	7442	
3166	PMID_36331550_Family_12_Patient_16_en-prompt.txt	OMIM:620540	1	1	1	OMIM:620540	7376	
3167	PMID_29359243_29359243_P1_en-prompt.txt	OMIM:616370	>10	>10	>10	OMIM:620423	7258	
3168	PMID_15731757_Family_6_II_1_en-prompt.txt	OMIM:610168	1	1	1	OMIM:610168	7630	1
3169	PMID_32154675_Family_4_Patient_11_en-prompt.txt	OMIM:613795	1	1	1	OMIM:613795	7244	2
3170	PMID_21683322_24_en-prompt.txt	OMIM:102370	>10	>10	>10	OMIM:614185	6380	1
3171	PMID_34722527_individual_MA_117_1_1_Muhammad_Arif_Nadeem_Saqib_Homozygosityma_en-prompt.txt	OMIM:608194	>10	>10	>10	OMIM:616151	4809	3
3172	STX_27864847_017P_en-prompt.txt	OMIM:612164	>10	>10	>10	OMIM:616355	3556	
3173	PMID_33731876_fam97_en-prompt.txt	OMIM:607745	2	2	2	ORPHA:163681	5759	1
3174	PMID_25835445_4_II_2__en-prompt.txt	OMIM:615582	>10	>10	>10	OMIM:614557	7216	1
3175	PMID_23993194_Family_2_Case_2_en-prompt.txt	OMIM:615471	3	3	3	OMIM:615824	8129	
3176	PMID_29707406_A_II_3_en-prompt.txt	OMIM:606854	>10	>10	>10	ORPHA:391372	5301	
3177	PMID_22541558_individual_C_1_en-prompt.txt	OMIM:154400	6	6	6	OMIM:274000	6762	1
3178	PMID_24355708_ARCA_05_individual_2_en-prompt.txt	OMIM:215470	6	6	6	ORPHA:468661	7986	
3179	PMID_36446582_KBG25_en-prompt.txt	OMIM:148050	1	1	1	ORPHA:2332	8093	
3180	PMID_20074988__20074988_P6_en-prompt.txt	OMIM:256810	5	5	5	OMIM:615438	6690	
3181	PMID_16965330_patient_8_en-prompt.txt	OMIM:240300	1	1	1	OMIM:240300	7503	
3182	PMID_20924721_Egyptian_infant_en-prompt.txt	OMIM:193700	>10	>10	>10	OMIM:613451	6431	1
3183	STX_31130284_UPN_1176_en-prompt.txt	OMIM:612164	>10	>10	>10	OMIM:620166	3609	8
3184	PMID_18513678_individual_5050_en-prompt.txt	OMIM:260300	1	1	1	OMIM:260300	6575	
3185	PMID_32376980_21_en-prompt.txt	OMIM:618164	2	2	2	OMIM:303600	7656	
3186	PMID_32376980_6____patient_DDD4K_01539_in_DDD_study__Nature__2017__en-prompt.txt	OMIM:618164	>10	>10	>10	OMIM:620450	7814	
3187	PMID_37075751_Individual_8_en-prompt.txt	OMIM:616462	1	1	1	OMIM:616462	8063	
3188	PMID_28940506_Family_6_Individual_7_en-prompt.txt	OMIM:615471	>10	>10	>10	OMIM:620371	8270	4
3189	PMID_18256394_4_en-prompt.txt	OMIM:176670	3	3	3	OMIM:614008	7809	3
3190	PMID_34722527_individual_115_4_Tobias_Eisenberger_Increasingthe_en-prompt.txt	OMIM:613826	>10	1	>10	OMIM:618567	2973	
3191	PMID_10939567_EMD5_II_1_en-prompt.txt	OMIM:181350	4	4	4	ORPHA:267	6931	1
3192	PMID_24736735_G14083__en-prompt.txt	OMIM:175700	2	2	2	OMIM:174200	6365	3
3193	PMID_37433783_P18_en-prompt.txt	OMIM:601674	>10	>10	>10	OMIM:618087	7210	
3194	STX_EG0549P_en-prompt.txt	OMIM:612164	>10	>10	>10	OMIM:619913	5538	
3195	PMID_29907796_Patient_1_en-prompt.txt	OMIM:614608	>10	>10	>10	ORPHA:93926	7374	
3196	PMID_36446582_Novara_2017_P1_en-prompt.txt	OMIM:148050	1	1	1	OMIM:148050	7748	1
3197	PMID_30580808_Machol_Ind_4_Fam_34_en-prompt.txt	OMIM:618362	8	8	8	OMIM:614609	7970	4
3198	PMID_33731876_fam117_en-prompt.txt	OMIM:607745	>10	1	>10	OMIM:615362	4017	
3199	PMID_34722527_individual_individual_1_Juliana_Maria_Ferraz_Sallum1_3_Clinicalandmo_en-prompt.txt	OMIM:613826	>10	>10	>10	ORPHA:98973	4809	1
3200	PMID_24736735_G051_Mother_en-prompt.txt	OMIM:175700	2	2	2	OMIM:174200	6362	
3201	STX_EG1269P_en-prompt.txt	OMIM:612164	8	8	8	ORPHA:263516	5198	
3202	PMID_36446582_Scarano_2013_P11_en-prompt.txt	OMIM:148050	1	1	1	ORPHA:2332	7861	1
3203	PMID_20887961_Patient_2_en-prompt.txt	OMIM:600920	1	1	1	OMIM:600920	6625	
3204	PMID_15266616_84_en-prompt.txt	OMIM:147791	7	7	7	OMIM:304110	7524	
3205	STX_23533165_Patient_2_en-prompt.txt	OMIM:612164	3	3	3	OMIM:618663	4618	
3206	PMID_17187620_17187620_P1_en-prompt.txt	OMIM:604377	>10	>10	>10	OMIM:614299	6722	
3207	PMID_31949313_F4_I_1_en-prompt.txt	OMIM:147920	7	7	7	OMIM:620186	7275	
3208	PMID_12203992_B18_en-prompt.txt	OMIM:154700	>10	>10	>10	OMIM:129600	6838	1
3209	PMID_31021519_SATB2_04_from_Zarate_et_al__2018a_Scott_et_al_en-prompt.txt	OMIM:612313	>10	>10	>10	OMIM:615802	5862	
3210	PMID_29755943_Family_2_II_2_en-prompt.txt	OMIM:142900	1	1	1	OMIM:142900	6109	1
3211	PMID_24736735_G079__en-prompt.txt	OMIM:175700	2	2	2	OMIM:174200	6700	3
3212	PMID_23829229_23829229_P3_en-prompt.txt	OMIM:256810	1	1	1	OMIM:256810	7388	5
3213	PMID_30057029_Individual_19_en-prompt.txt	OMIM:618089	>10	>10	>10	ORPHA:280633	8313	
3214	PMID_36553465_P19_en-prompt.txt	OMIM:606574	>10	>10	>10	ORPHA:79433	6603	
3215	STX_EG0699P_en-prompt.txt	OMIM:612164	>10	>10	>10	OMIM:614558	5407	2
3216	PMID_22772371_TAA288_IV_3_en-prompt.txt	OMIM:614816	1	1	1	OMIM:614816	7301	2
3217	PMID_19776401_Patient_5_2_en-prompt.txt	OMIM:243700	1	1	1	OMIM:243700	7155	1
3218	PMID_21358634_Family_10_en-prompt.txt	OMIM:132800	1	1	1	OMIM:132800	6443	
3219	PMID_27991736_proband_III_1_en-prompt.txt	OMIM:147920	>10	>10	>10	OMIM:214800	8046	4
3220	PMID_28074573_HC2_en-prompt.txt	OMIM:163950	1	1	1	OMIM:163950	7041	2
3221	PMID_15911822_Patient_14_en-prompt.txt	OMIM:234200	1	1	1	OMIM:234200	7459	
3222	PMID_34722527_individual_6a_1_Kristiina_Avela_Thegeneticaet_en-prompt.txt	OMIM:613826	>10	>10	>10	ORPHA:98973	4809	9
3223	PMID_28969374_Family_2_G653002_Pt3_en-prompt.txt	OMIM:617560	>10	>10	>10	OMIM:617951	7420	
3224	PMID_36446582_Ockeloen2015_P18_en-prompt.txt	OMIM:148050	2	2	2	OMIM:617883	6303	1
3225	PMID_34722527_individual_93_2_Hui_Wang_ComprehensiveM_en-prompt.txt	OMIM:613826	>10	1	>10	OMIM:618567	2973	
3226	PMID_24736735_GBUL__en-prompt.txt	OMIM:146510	1	1	1	OMIM:146510	6676	1
3227	PMID_31239556_individual_14_en-prompt.txt	OMIM:615502	>10	>10	>10	OMIM:309580	8033	
3228	PMID_33731876_fam100_en-prompt.txt	OMIM:613721	>10	>10	>10	OMIM:617333	3556	
3229	PMID_31021519_SATB2_41_from_Zarate_et_al__2018a_en-prompt.txt	OMIM:612313	5	5	5	OMIM:618480	5863	
3230	PMID_27738187_Patient_1_en-prompt.txt	OMIM:617180	1	1	1	OMIM:617180	7779	
3231	PMID_23647072_Proband_F_en-prompt.txt	OMIM:620537	1	1	1	OMIM:620537	4641	
3232	PMID_34722527_individual_individual_9_Arif_O_Khan_TheRPGRIP1_rel_en-prompt.txt	OMIM:613826	>10	>10	>10	ORPHA:98973	4939	1
3233	PMID_15266616_93_en-prompt.txt	OMIM:147791	7	7	7	OMIM:304110	7526	
3234	PMID_36586412_7_en-prompt.txt	OMIM:301111	1	1	1	OMIM:301111	6477	
3235	PMID_28051070_Brother_2_204_en-prompt.txt	OMIM:620675	>10	>10	>10	OMIM:312080	7891	
3236	PMID_31239556_individual_3_Chen_et_al_en-prompt.txt	OMIM:615502	>10	>10	>10	OMIM:309580	8048	
3237	PMID_31509304_F4_III_3_en-prompt.txt	OMIM:617560	1	1	1	ORPHA:527497	7081	
3238	PMID_18669544_FO_01_en-prompt.txt	OMIM:209900	5	5	5	OMIM:610156	6423	4
3239	STX_26514728_Patient_17_en-prompt.txt	OMIM:612164	3	3	3	OMIM:300672	5927	
3240	PMID_15499950_15499950_P5_en-prompt.txt	OMIM:604377	>10	>10	>10	OMIM:618011	3895	
3241	STX_EG0863P_en-prompt.txt	OMIM:612164	3	3	3	OMIM:615859	4628	3
3242	PMID_20519243_2_en-prompt.txt	OMIM:142900	2	2	2	OMIM:615272	5563	1
3243	PMID_35874597_Case_2_en-prompt.txt	OMIM:620537	1	1	1	OMIM:620537	3906	
3244	PMID_36074901_13g_en-prompt.txt	OMIM:620465	>10	>10	>10	OMIM:245570	4363	
3245	PMID_34521999_9_en-prompt.txt	OMIM:617140	>10	>10	>10	OMIM:619575	8034	
3246	PMID_16965330_patient_14_en-prompt.txt	OMIM:240300	1	1	1	ORPHA:3453	6281	
3247	PMID_31021519_SATB2_28_from_Zarate_et_al__2018a_en-prompt.txt	OMIM:612313	2	2	2	ORPHA:513456	5937	
3248	PMID_34722527_individual_individual_1_Saloni_Walia_VisualAcuityi_en-prompt.txt	OMIM:613826	>10	>10	>10	ORPHA:98973	4809	1
3249	PMID_22772368_8_II_3_en-prompt.txt	OMIM:614816	1	1	1	OMIM:614816	7260	1
3250	PMID_36446582_Scarano_2013_P8_en-prompt.txt	OMIM:148050	2	2	2	OMIM:617694	7450	1
3251	PMID_33731876_fam80_en-prompt.txt	OMIM:607745	>10	>10	>10	OMIM:259050	4094	
3252	PMID_36446582_Parenti2021_P5_en-prompt.txt	OMIM:148050	1	1	1	ORPHA:2332	8040	
3253	PMID_36446582_KBG32_en-prompt.txt	OMIM:148050	2	2	2	OMIM:605130	7994	1
3254	PMID_29606302_C_IV_4_en-prompt.txt	OMIM:618000	1	1	1	OMIM:618000	7352	
3255	PMID_33576469_Patient_7_en-prompt.txt	OMIM:129600	1	1	1	OMIM:129600	6873	1
3256	PMID_27067446_IV3_en-prompt.txt	OMIM:248250	1	1	1	OMIM:248250	7749	
3257	PMID_22258530_Patient_16_en-prompt.txt	OMIM:613477	>10	>10	>10	OMIM:617904	5890	
3258	STX_Syrbe_25_en-prompt.txt	OMIM:612164	>10	>10	>10	ORPHA:1934	5934	6
3259	PMID_32376980_36_en-prompt.txt	OMIM:618164	>10	>10	>10	OMIM:619950	7916	
3260	PMID_25868664_Family_10_Case_5_en-prompt.txt	OMIM:615471	4	4	4	OMIM:615824	8061	5
3261	PMID_38013626_Patient_2_en-prompt.txt	OMIM:620666	>10	>10	>10	OMIM:615400	7161	
3262	PMID_29196670_Patient_2_en-prompt.txt	OMIM:613254	1	1	1	OMIM:613254	7721	1
3263	PMID_23086397_Patient_4_en-prompt.txt	OMIM:614959	2	2	2	OMIM:600512	6458	
3264	PMID_31944623_Patient_C_en-prompt.txt	OMIM:617225	>10	>10	>10	OMIM:603516	6878	5
3265	PMID_31021519_261355_from_Bengani_et_al_en-prompt.txt	OMIM:612313	>10	>10	>10	OMIM:614749	5571	
3266	PMID_31774634_XH601__this_study__en-prompt.txt	OMIM:616914	3	3	3	OMIM:129600	7209	
3267	PMID_33731876_fam14_en-prompt.txt	OMIM:613721	>10	>10	>10	ORPHA:3006	5577	
3268	PMID_27153400_Family_B_IV_2_en-prompt.txt	OMIM:616907	1	1	1	ORPHA:488594	7004	
3269	PMID_15266616_148_en-prompt.txt	OMIM:147791	7	7	7	OMIM:304110	7526	
3270	PMID_32154675_Family_4_Patient_9_en-prompt.txt	OMIM:613795	1	1	1	OMIM:613795	7333	4
3271	PMID_33731876_fam1075_en-prompt.txt	OMIM:613721	>10	>10	>10	OMIM:613454	5418	
3272	PMID_26421390_a_male_patient_en-prompt.txt	OMIM:606693	4	4	4	ORPHA:199351	6573	1
3273	PMID_37962958_45_en-prompt.txt	OMIM:620535	>10	>10	>10	OMIM:619841	7801	
3274	PMID_32424628_32424628_P1_en-prompt.txt	OMIM:616370	>10	>10	>10	ORPHA:157846	7606	
3275	PMID_32154675_Family_1_Patient_2_en-prompt.txt	OMIM:613795	1	1	1	OMIM:613795	7232	2
3276	PMID_37196654_Individual_7_en-prompt.txt	OMIM:618505	>10	>10	>10	OMIM:619475	7886	
3277	STX_26514728_Patient_1_en-prompt.txt	OMIM:612164	>10	>10	>10	OMIM:300672	5196	4
3278	STX_G2_P2_en-prompt.txt	OMIM:612164	3	3	3	OMIM:619239	5492	
3279	PMID_18297069_Case_3_en-prompt.txt	OMIM:300707	1	1	1	OMIM:300707	7834	
3280	STX_STXBP1adult_Pt1_en-prompt.txt	OMIM:612164	>10	>10	>10	ORPHA:1949	5509	
3281	PMID_33731876_fam194_en-prompt.txt	OMIM:613721	>10	>10	>10	OMIM:271980	2697	
3282	PMID_21217753_Fam_2_III_2_en-prompt.txt	OMIM:613795	2	2	2	OMIM:619656	6982	5
3283	PMID_25868664_Family_23_Case_15_en-prompt.txt	OMIM:615471	>10	>10	>10	OMIM:616801	8146	3
3284	PMID_36282599_21_year_old_man_en-prompt.txt	OMIM:620601	1	1	1	OMIM:620601	7556	
3285	PMID_33731876_fam600_en-prompt.txt	OMIM:613721	>10	>10	>10	ORPHA:79243	2499	
3286	PMID_32376980_24__mother_of_patients_25_and_26__en-prompt.txt	OMIM:618164	>10	>10	>10	ORPHA:909	7246	
3287	PMID_12203992_D7_en-prompt.txt	OMIM:154700	>10	>10	>10	OMIM:604308	5344	1
3288	PMID_33731876_fam225_en-prompt.txt	OMIM:613721	1	1	1	OMIM:613721	3628	
3289	PMID_31021519_individual_SATB2_68_en-prompt.txt	OMIM:612313	1	1	1	ORPHA:576283	6035	
3290	PMID_33731876_fam375_en-prompt.txt	OMIM:613721	>10	>10	>10	ORPHA:3006	6117	
3291	PMID_36553465_P27_en-prompt.txt	OMIM:606574	10	10	10	ORPHA:79432	6818	1
3292	PMID_31475485_index_patient_II_5_en-prompt.txt	OMIM:609192	1	1	1	OMIM:609192	7160	1
3293	PMID_15731757_Family_5_II_1_en-prompt.txt	OMIM:610168	1	1	1	OMIM:610168	7594	1
3294	PMID_11179005_27__S__en-prompt.txt	OMIM:311200	1	1	1	OMIM:311200	7089	
3295	PMID_28886341_Individual_F4_II_1_en-prompt.txt	OMIM:617694	1	1	1	OMIM:617694	7974	
3296	PMID_15911822_Patient_9_en-prompt.txt	OMIM:234200	1	1	1	OMIM:234200	7459	
3297	PMID_33731876_fam129_en-prompt.txt	OMIM:613721	>10	>10	>10	ORPHA:1935	5033	
3298	PMID_36446582_Low_2016_P4_5_en-prompt.txt	OMIM:148050	1	1	1	ORPHA:2332	7150	1
3299	PMID_33731876_fam298_en-prompt.txt	OMIM:613721	>10	>10	>10	ORPHA:3006	5921	
3300	PMID_25406581_P1_en-prompt.txt	OMIM:620449	>10	>10	>10	ORPHA:98813	6246	
3301	PMID_28007986_A_VI6__en-prompt.txt	OMIM:617527	1	1	1	OMIM:617527	7404	
3302	STX_26865513_Patient_25_en-prompt.txt	OMIM:612164	3	3	3	ORPHA:98784	5050	
3303	PMID_30612693_11_en-prompt.txt	OMIM:618443	>10	>10	>10	ORPHA:464738	6645	
3304	PMID_11344241_III_2_en-prompt.txt	OMIM:151660	1	1	1	OMIM:151660	7356	2
3305	PMID_24029078_Patient_2_en-prompt.txt	OMIM:614959	2	2	2	OMIM:617105	6460	
3306	PMID_15731757_Family_1_III_1_en-prompt.txt	OMIM:610168	1	1	1	OMIM:610168	7630	
3307	PMID_31021519_SATB2_08_from_Zarate_et_al__2018a_en-prompt.txt	OMIM:612313	>10	>10	>10	ORPHA:1493	5732	
3308	PMID_22736615_Patient_4_en-prompt.txt	OMIM:129600	1	1	1	OMIM:129600	7092	1
3309	PMID_36446582_Goldenberg2016_P7_en-prompt.txt	OMIM:148050	2	2	2	OMIM:617883	6749	1
3310	PMID_30580808_Ind_08_Fam_08_en-prompt.txt	OMIM:618362	>10	>10	>10	OMIM:135900	7981	
3311	PMID_37352860_Individual_3_en-prompt.txt	OMIM:620663	1	1	1	OMIM:620663	6489	
3312	PMID_30580808_Ind_39_Fam_30_en-prompt.txt	OMIM:618362	>10	>10	>10	OMIM:619325	7972	
3313	PMID_25007886_Subject_2_en-prompt.txt	OMIM:613268	1	1	1	OMIM:613268	4520	
3314	PMID_27040692_C_II_1_en-prompt.txt	OMIM:616900	1	1	1	OMIM:616900	7886	
3315	STX_26865513_Patient_32_en-prompt.txt	OMIM:612164	5	5	5	OMIM:615473	4603	4
3316	PMID_36331550_Family_10_Patient_13_en-prompt.txt	OMIM:620540	1	1	1	OMIM:620540	7375	
3317	PMID_31044565_proband_en-prompt.txt	OMIM:227645	1	1	1	OMIM:227645	6999	1
3318	PMID_10939567_Spo4_en-prompt.txt	OMIM:181350	2	2	2	ORPHA:399096	6867	1
3319	PMID_36996813_Individual_6_en-prompt.txt	OMIM:620371	1	1	1	OMIM:620371	7494	
3320	PMID_31949313_F4_II_9_en-prompt.txt	OMIM:147920	>10	>10	>10	OMIM:620186	7004	
3321	PMID_33731876_fam183_en-prompt.txt	OMIM:613721	1	1	1	OMIM:613721	5448	
3322	PMID_29967133_Family_3_III_2_en-prompt.txt	OMIM:619656	1	1	1	OMIM:619656	7573	1
3323	PMID_32154675_Family_6_Patient_14_en-prompt.txt	OMIM:613795	1	1	1	OMIM:613795	7244	2
3324	PMID_37394306_Patient_1_en-prompt.txt	OMIM:620511	1	1	1	OMIM:620511	5818	
3325	PMID_25896430_Patient_5_en-prompt.txt	OMIM:147920	2	2	2	OMIM:300867	7668	1
3326	PMID_20799361_Patient_2_en-prompt.txt	OMIM:611590	1	1	1	OMIM:611590	7237	
3327	PMID_36446582_Parenti2021_P15_en-prompt.txt	OMIM:148050	1	1	1	ORPHA:2332	8050	1
3328	PMID_35904126_Proband_6_en-prompt.txt	OMIM:620450	1	1	1	OMIM:620450	6669	
3329	PMID_15761194_III_1_en-prompt.txt	OMIM:609622	6	6	6	OMIM:616399	2238	
3330	PMID_33731876_fam232_en-prompt.txt	OMIM:613721	>10	>10	>10	OMIM:618143	6199	
3331	PMID_33731876_fam362_en-prompt.txt	OMIM:613721	>10	>10	>10	ORPHA:500055	5952	
3332	PMID_36553465_P30_en-prompt.txt	OMIM:606574	>10	>10	>10	ORPHA:79432	6603	1
3333	PMID_22158539_individual_7_en-prompt.txt	OMIM:139210	1	1	1	OMIM:139210	7672	2
3334	PMID_15266616_5_en-prompt.txt	OMIM:147791	7	7	7	OMIM:304110	7526	
3335	PMID_32376980_9_en-prompt.txt	OMIM:618164	>10	>10	>10	OMIM:620455	8048	
3336	STX_HSJD_Patient_10_en-prompt.txt	OMIM:612164	10	10	10	ORPHA:168491	4956	6
3337	PMID_37226891_Individual_3_en-prompt.txt	OMIM:620779	>10	>10	>10	ORPHA:468620	6337	
3338	PMID_10939567_Spo89_en-prompt.txt	OMIM:181350	>10	>10	>10	OMIM:613205	7000	1
3339	PMID_31251474_proband_en-prompt.txt	OMIM:614739	>10	>10	>10	OMIM:617248	7623	1
3340	PMID_22158539_individual_10_en-prompt.txt	OMIM:139210	1	1	1	OMIM:139210	7810	
3341	PMID_34722527_individual_patient1_1_Shigeru_Sato_Novelmutation_en-prompt.txt	OMIM:613826	>10	>10	>10	OMIM:616151	4809	8
3342	PMID_30057544_patient_en-prompt.txt	OMIM:604187	1	1	1	ORPHA:100991	6664	
3343	PMID_33087723_B2_en-prompt.txt	OMIM:619375	1	1	1	OMIM:619375	6787	
3344	PMID_22541558_individual_D_1_en-prompt.txt	OMIM:154400	1	1	1	OMIM:154400	7132	2
3345	PMID_15781812_individual_175_en-prompt.txt	OMIM:620681	>10	>10	>10	ORPHA:168491	4606	4
3346	PMID_30315159_Patient_4__Mother_of_Patient_3___en-prompt.txt	OMIM:620475	1	1	1	OMIM:620475	7970	
3347	PMID_21683322_23_en-prompt.txt	OMIM:102370	>10	>10	>10	OMIM:614185	7082	1
3348	PMID_25145518_patient_VI_2_en-prompt.txt	OMIM:163800	2	2	2	OMIM:616249	3552	
3349	PMID_15731757_Family_8_II_1_en-prompt.txt	OMIM:609192	1	1	1	OMIM:609192	7668	1
3350	PMID_36659944_Patient_en-prompt.txt	OMIM:162200	2	2	2	OMIM:162210	6375	1
3351	PMID_36446582_Low_2016_P22_16_en-prompt.txt	OMIM:148050	1	1	1	ORPHA:2332	7013	2
3352	PMID_28940506_Family_10_Individual_11_en-prompt.txt	OMIM:615471	>10	>10	>10	OMIM:300855	8287	
3353	PMID_33731876_fam90_en-prompt.txt	OMIM:607745	8	1	>10	OMIM:619835	4017	
3354	PMID_36446582_KBG22_en-prompt.txt	OMIM:148050	>10	>10	>10	OMIM:620098	6451	1
3355	PMID_24403049_Proband_1_en-prompt.txt	OMIM:266265	1	1	1	OMIM:266265	7810	
3356	PMID_25835445_7_II_4_en-prompt.txt	OMIM:615582	>10	>10	>10	OMIM:604308	6457	
3357	PMID_20074988__20074988_P1_en-prompt.txt	OMIM:256810	1	1	1	OMIM:256810	6501	4
3358	PMID_28202457_F1_III_1_en-prompt.txt	OMIM:159550	1	1	1	OMIM:159550	7688	1
3359	PMID_18256394_3_en-prompt.txt	OMIM:176670	3	3	3	OMIM:248370	7678	3
3360	STX_30842647_Patient_45969_en-prompt.txt	OMIM:612164	>10	>10	>10	OMIM:610954	5772	
3361	PMID_28413018_A_IV_10_en-prompt.txt	OMIM:617527	1	1	1	OMIM:617527	7997	
3362	PMID_34722527_individual_37_3_JENNIFER_A__GALVIN_EVALUATIONOFG_en-prompt.txt	OMIM:613826	>10	>10	>10	ORPHA:98973	4809	
3363	PMID_30681580_proband_en-prompt.txt	OMIM:146000	1	1	1	OMIM:146000	6831	1
3364	PMID_12058348_Patient_8_en-prompt.txt	OMIM:151100	1	1	1	ORPHA:500	7398	
3365	PMID_28940506_Family_9_Individual_10_en-prompt.txt	OMIM:615471	>10	>10	>10	OMIM:620371	8338	3
3366	PMID_18256394_11_en-prompt.txt	OMIM:176670	3	3	3	OMIM:248370	7670	3
3367	PMID_30564627_Subject_II_9_en-prompt.txt	OMIM:620732	>10	>10	>10	OMIM:252940	7950	
3368	PMID_38014483_Family_f_individual_f_3_en-prompt.txt	OMIM:620666	>10	>10	>10	OMIM:613728	6867	
3369	PMID_21217753_Fam_1_IV_9_en-prompt.txt	OMIM:613795	2	2	2	OMIM:619656	6982	6
3370	PMID_33731876_fam110_en-prompt.txt	OMIM:613721	>10	>10	>10	OMIM:618437	2356	
3371	PMID_15710732_15_month_old_male_patient_en-prompt.txt	OMIM:142900	1	1	1	OMIM:142900	5563	1
3372	PMID_36067010_Family_5_Patient_8_en-prompt.txt	OMIM:620504	1	1	1	OMIM:620504	7574	
3373	PMID_30580808_Ind_43_Fam_56_en-prompt.txt	OMIM:618362	>10	>10	>10	OMIM:135900	7956	
3374	PMID_21683322_8_en-prompt.txt	OMIM:614185	1	1	1	OMIM:614185	7127	
3375	PMID_15266616_83_en-prompt.txt	OMIM:147791	7	7	7	OMIM:304110	7447	1
3376	PMID_29050398_Patient_9_en-prompt.txt	OMIM:613477	8	8	8	OMIM:619606	6470	
3377	PMID_36446582_Murray_2017_P6_3_2_en-prompt.txt	OMIM:148050	1	1	1	ORPHA:2332	7097	1
3378	PMID_10580070_C_II_1_en-prompt.txt	OMIM:115200	1	1	1	ORPHA:300751	5874	
3379	PMID_31021519_Case_1_from_Lee_et_al_en-prompt.txt	OMIM:612313	1	1	1	ORPHA:576283	5842	
3380	PMID_35150594_K_III_5_en-prompt.txt	OMIM:620538	1	1	1	OMIM:620538	6844	
3381	PMID_30147916_proband_IV_7_en-prompt.txt	OMIM:121050	1	1	1	OMIM:121050	7113	
3382	PMID_16021330_LDJP11_1_en-prompt.txt	OMIM:620681	2	2	2	OMIM:254780	4419	1
3383	PMID_31332438_B_III_2_en-prompt.txt	OMIM:620528	3	3	3	OMIM:618960	6780	
3384	PMID_23829229_23829229_P4_en-prompt.txt	OMIM:256810	>10	>10	>10	OMIM:619355	6352	
3385	PMID_28074573_HC5_en-prompt.txt	OMIM:163950	>10	>10	>10	OMIM:300958	4166	1
3386	PMID_21358634_Family_17_en-prompt.txt	OMIM:132800	1	1	1	OMIM:132800	6443	
3387	PMID_22150416_Patient_1_en-prompt.txt	OMIM:123000	>10	>10	>10	ORPHA:289157	7834	1
3388	PMID_15911822_Patient_13_en-prompt.txt	OMIM:234200	1	1	1	OMIM:234200	7459	
3389	PMID_25835445_8_II_1__en-prompt.txt	OMIM:615582	>10	>10	>10	OMIM:604308	6912	1
3390	PMID_9737771_Babcock_1998_en-prompt.txt	OMIM:121050	1	1	1	OMIM:121050	7113	
3391	PMID_16021330_SIZ545_1_en-prompt.txt	OMIM:620681	2	2	2	OMIM:254780	4419	
3392	PMID_34722527_individual_individual_12_Arif_O_Khan_Geneticanalysi_en-prompt.txt	OMIM:613826	>10	>10	>10	ORPHA:98973	4939	1
3393	STX_29997391_10NG006_en-prompt.txt	OMIM:612164	>10	>10	>10	OMIM:619005	5546	
3394	PMID_33898683_43_year_old_man_en-prompt.txt	OMIM:151100	10	10	10	OMIM:613707	7559	1
3395	PMID_20577567_Family_2_III_4_en-prompt.txt	OMIM:156250	1	1	1	OMIM:156250	6797	1
3396	PMID_33731876_fam107_en-prompt.txt	OMIM:613721	>10	>10	>10	OMIM:615369	5289	
3397	PMID_37196654_Individual_68_en-prompt.txt	OMIM:618505	>10	>10	>10	OMIM:619950	7799	
3398	PMID_36074124_1_01687_en-prompt.txt	OMIM:620570	1	1	1	OMIM:620570	5573	
3399	PMID_31239556_individual_13_en-prompt.txt	OMIM:615502	>10	>10	>10	OMIM:309580	8070	
3400	PMID_36446582_Youngs2011_en-prompt.txt	OMIM:148050	1	1	1	OMIM:148050	6892	
3401	PMID_23335590_Subject_4271_en-prompt.txt	OMIM:304110	1	1	1	OMIM:304110	7787	
3402	PMID_10756346_B55_en-prompt.txt	OMIM:154700	>10	>10	>10	OMIM:613795	6854	1
3403	PMID_15266616_94_en-prompt.txt	OMIM:147791	7	7	7	OMIM:304110	7526	2
3404	PMID_27040691_Individual_1_2a_en-prompt.txt	OMIM:616900	1	1	1	ORPHA:488632	7693	
3405	PMID_28966590_patient_en-prompt.txt	OMIM:610031	>10	>10	>10	OMIM:612953	7187	
3406	PMID_34722527_individual_individual_1_Arif_O_Khan_TheRPGRIP1_rel_en-prompt.txt	OMIM:613826	>10	>10	>10	ORPHA:98973	4939	1
3407	PMID_24736735_G16012__en-prompt.txt	OMIM:175700	1	1	1	OMIM:175700	6492	7
3408	PMID_37962958_8_en-prompt.txt	OMIM:620535	>10	>10	>10	ORPHA:329224	7761	
3409	STX_26514728_Patient_10_en-prompt.txt	OMIM:612164	>10	>10	>10	OMIM:300672	5166	3
3410	PMID_18669544_FO_06_en-prompt.txt	OMIM:209900	>10	>10	>10	OMIM:619737	7278	2
3411	PMID_25525168_25525168_P1_en-prompt.txt	OMIM:608908	>10	>10	>10	OMIM:617238	4112	
3412	PMID_16865293_Family_3_individual_10Y4M_en-prompt.txt	OMIM:216400	1	1	1	OMIM:216400	7060	1
3413	PMID_36446582_VanDongen2019_P7_en-prompt.txt	OMIM:148050	>10	>10	>10	OMIM:617333	4225	
3414	STX_27171548_100146_en-prompt.txt	OMIM:612164	>10	>10	>10	ORPHA:778	5881	
3415	PMID_32431071_Family_2_IV_2_en-prompt.txt	OMIM:620655	1	1	1	OMIM:620655	7015	
3416	PMID_25477417_F6_1_en-prompt.txt	OMIM:248250	1	1	1	OMIM:248250	7238	
3417	PMID_15499950_15499950_P2_en-prompt.txt	OMIM:604377	>10	>10	>10	OMIM:618234	4953	
3418	PMID_16917909_619_2_en-prompt.txt	OMIM:142900	1	1	1	OMIM:142900	6594	1
3419	PMID_29755943_Family_1_II_2_en-prompt.txt	OMIM:142900	1	1	1	OMIM:142900	6366	1
3420	PMID_31774634_Goldblatt_et_al___2011__en-prompt.txt	OMIM:616914	2	2	2	OMIM:129600	7280	
3421	PMID_30580808_Ind_22_Fam_18_en-prompt.txt	OMIM:618362	10	10	10	OMIM:135900	7981	6
3422	PMID_29469822_Family_5_II_4_en-prompt.txt	OMIM:605275	1	1	1	OMIM:605275	7984	
3423	PMID_16965330_patient_13_en-prompt.txt	OMIM:240300	1	1	1	OMIM:240300	6710	
3424	PMID_33731876_fam87_en-prompt.txt	OMIM:613721	>10	>10	>10	OMIM:615473	5253	
3425	PMID_22258530_Patient_11_en-prompt.txt	OMIM:613477	5	5	5	OMIM:619606	6305	
3426	PMID_32376980_31_en-prompt.txt	OMIM:618164	>10	>10	>10	ORPHA:329224	8061	
3427	PMID_36446582_KBG35_en-prompt.txt	OMIM:148050	2	2	2	OMIM:605130	8187	
3428	PMID_36446582_Parenti2021_P2_en-prompt.txt	OMIM:148050	>10	>10	>10	ORPHA:444077	8040	
3429	PMID_27040691_Individual_6_1_en-prompt.txt	OMIM:616900	1	1	1	ORPHA:488632	7814	
3430	PMID_15731757_Family_6_II_2_en-prompt.txt	OMIM:610168	1	1	1	OMIM:610168	7630	1
3431	PMID_31068971_proband_en-prompt.txt	OMIM:612840	>10	>10	>10	OMIM:610293	6986	
3432	PMID_28065471_PI_1_en-prompt.txt	OMIM:617402	2	2	2	OMIM:617403	7436	
3433	PMID_9398836_Family_J2_20_III_3_en-prompt.txt	OMIM:137920	>10	>10	>10	OMIM:606394	3051	
3434	STX_S009_en-prompt.txt	OMIM:612164	>10	>10	>10	OMIM:620455	8156	
3435	PMID_33766796_3_en-prompt.txt	OMIM:620157	>10	>10	>10	OMIM:619575	6681	
3436	PMID_29050398_P3_en-prompt.txt	OMIM:620540	1	1	1	OMIM:620540	7070	
3437	PMID_22158539_individual_3_en-prompt.txt	OMIM:139210	1	1	1	OMIM:139210	7672	
3438	STX_HSJD_Patient_14_en-prompt.txt	OMIM:612164	2	2	2	OMIM:616973	6382	
3439	PMID_31527767_III_9_en-prompt.txt	OMIM:129600	1	1	1	OMIM:129600	5653	4
3440	PMID_10662742_III_3_en-prompt.txt	OMIM:115200	3	3	3	OMIM:618098	4854	
3441	PMID_33731876_fam187_en-prompt.txt	OMIM:613721	>10	>10	>10	OMIM:617105	6527	
3442	PMID_36996813_Individual_2_en-prompt.txt	OMIM:620371	1	1	1	OMIM:620371	7837	
3443	PMID_25835445_1_II_5__en-prompt.txt	OMIM:615582	>10	>10	>10	OMIM:610168	6224	3
3444	PMID_36446582_Parenti2021_P11_en-prompt.txt	OMIM:148050	1	1	1	ORPHA:2332	8040	
3445	STX_21770924_Patient_2_en-prompt.txt	OMIM:612164	3	3	3	ORPHA:1934	5860	3
3446	PMID_17295247_Individual_III_3_en-prompt.txt	OMIM:306955	3	3	3	OMIM:270100	5980	1
3447	PMID_25896430_Patient_1_en-prompt.txt	OMIM:147920	1	1	1	OMIM:147920	7778	1
3448	PMID_33731876_fam366_en-prompt.txt	OMIM:613721	>10	>10	>10	OMIM:619575	5434	
3449	STX_29264391_Patient_4_en-prompt.txt	OMIM:612164	2	2	2	OMIM:618916	5122	
3450	PMID_33731876_fam236_en-prompt.txt	OMIM:613721	>10	>10	>10	ORPHA:404454	5815	
3451	PMID_36303223_individual_24_PMID_28629418_en-prompt.txt	OMIM:272300	>10	>10	>10	OMIM:617951	7002	2
3452	PMID_33688495_IV_3_en-prompt.txt	OMIM:615981	>10	>10	>10	ORPHA:672	7784	1
3453	PMID_22772368_4_II_1_en-prompt.txt	OMIM:614816	1	1	1	OMIM:614816	7212	3
3454	PMID_30104866_Patient_en-prompt.txt	OMIM:606889	6	6	6	OMIM:608907	5561	
3455	PMID_32765928_Case_1_en-prompt.txt	OMIM:151100	4	4	4	OMIM:613224	7621	1
3456	PMID_36446582_Novara_2017_P11_en-prompt.txt	OMIM:148050	2	2	2	OMIM:618443	7097	1
3457	PMID_29050284_proband_II_5_en-prompt.txt	OMIM:203200	4	4	4	OMIM:277580	6505	1
3458	PMID_37352860_Individual_7_en-prompt.txt	OMIM:620662	1	1	1	OMIM:620662	7403	
3459	PMID_23273567_individual_AII_1_en-prompt.txt	OMIM:258480	1	1	1	OMIM:258480	7663	
3460	PMID_33731876_fam8_en-prompt.txt	OMIM:607745	>10	>10	>10	OMIM:300699	4094	
3461	PMID_11344241_II_2_en-prompt.txt	OMIM:151660	1	1	1	OMIM:151660	6827	
3462	PMID_36446582_Goldenberg2016_P3_en-prompt.txt	OMIM:148050	>10	>10	>10	OMIM:301111	5261	
3463	PMID_34722527_individual_133_12_Hui_Wang_ComprehensiveM_en-prompt.txt	OMIM:613826	>10	1	>10	OMIM:618567	2973	
3464	STX_EG0685P_en-prompt.txt	OMIM:612164	>10	>10	>10	OMIM:278250	3419	
3465	PMID_33045405_Pitt_et_al___2015_B5_1_en-prompt.txt	OMIM:605911	9	9	9	OMIM:229700	4356	
3466	PMID_18423521_Patient_5_en-prompt.txt	OMIM:113620	1	1	1	OMIM:113620	6844	
3467	STX_26865513_Patient_36_en-prompt.txt	OMIM:612164	8	8	8	ORPHA:485350	6622	
3468	PMID_24736735_G070__en-prompt.txt	OMIM:175700	2	2	2	OMIM:174200	5672	1
3469	PMID_36355422_IV_2_en-prompt.txt	OMIM:620745	>10	>10	>10	OMIM:620416	5975	
3470	PMID_34722527_individual_LCATH4_1_Worapoj_Jinda_WholeExomeSeq_en-prompt.txt	OMIM:613826	>10	>10	>10	ORPHA:98973	4809	1
3471	PMID_28137957_HIH21480_II_3_en-prompt.txt	OMIM:617225	1	1	1	OMIM:617225	7106	
3472	PMID_36303223_individual_19_PMID_23452914_en-prompt.txt	OMIM:272300	1	1	1	OMIM:272300	7280	1
3473	PMID_31239556_individual_39_en-prompt.txt	OMIM:615502	>10	>10	>10	OMIM:309580	8052	
3474	PMID_16283890_II_2_en-prompt.txt	OMIM:610168	1	1	1	OMIM:610168	7638	1
3475	PMID_34722527_individual_153_6_Hui_Wang_ComprehensiveM_en-prompt.txt	OMIM:613826	>10	1	>10	OMIM:618567	2973	
3476	PMID_33539324_C_II_4_en-prompt.txt	OMIM:620456	1	1	1	OMIM:620456	5850	
3477	PMID_36446582_Sirmaci2011_P4_previously_published_Brancati_2004_en-prompt.txt	OMIM:148050	1	1	1	OMIM:148050	7521	1
3478	PMID_29707406_C_II_6_en-prompt.txt	OMIM:606854	>10	>10	>10	OMIM:617854	6495	
3479	PMID_30580808_Ind_35_Fam_26_en-prompt.txt	OMIM:618362	>10	>10	>10	OMIM:135900	7960	
3480	PMID_25168959_L43_en-prompt.txt	OMIM:614608	>10	>10	>10	OMIM:614609	7784	
3481	STX_BCH_009_en-prompt.txt	OMIM:612164	>10	>10	>10	OMIM:618663	5351	2
3482	PMID_33731876_fam190_en-prompt.txt	OMIM:613721	>10	>10	>10	OMIM:620455	3652	
3483	STX_STXBP1adult_Pt5_en-prompt.txt	OMIM:612164	>10	>10	>10	ORPHA:399	5925	
3484	PMID_16882747_proband_en-prompt.txt	OMIM:241850	1	1	1	OMIM:241850	7281	1
3485	PMID_21358634_Family_4_en-prompt.txt	OMIM:132800	1	1	1	OMIM:132800	6443	
3486	PMID_36553465_P23_en-prompt.txt	OMIM:606574	9	9	9	ORPHA:79432	6941	
3487	PMID_33731876_fam371_en-prompt.txt	OMIM:607745	4	4	4	ORPHA:101039	4080	
3488	PMID_33731876_fam221_en-prompt.txt	OMIM:613721	>10	>10	>10	OMIM:618374	4059	
3489	PMID_37962958_41_en-prompt.txt	OMIM:620535	>10	>10	>10	ORPHA:319182	7744	
3490	PMID_29469822_Family_4_II_1_en-prompt.txt	OMIM:605275	1	1	1	OMIM:605275	8183	1
3491	PMID_37196654_Individual_3_en-prompt.txt	OMIM:618505	>10	>10	>10	OMIM:619475	8118	
3492	PMID_34722527_individual_individual_4_Juliana_Maria_Ferraz_Sallum1_3_Clinicalandmo_en-prompt.txt	OMIM:613826	>10	>10	>10	ORPHA:98973	4809	1
3493	PMID_20375004_1_III_2_en-prompt.txt	OMIM:184900	1	1	1	OMIM:184900	6139	5
3494	PMID_25477417_F12_1_en-prompt.txt	OMIM:248250	1	1	1	OMIM:248250	7238	
3495	PMID_28940506_Family_14_Individual_18_en-prompt.txt	OMIM:615471	1	1	1	OMIM:615471	8349	2
3496	STX_22596016_Case_Report_en-prompt.txt	OMIM:612164	4	4	4	ORPHA:3006	5549	
3497	PMID_29330883_Subject_9_en-prompt.txt	OMIM:616975	3	3	3	OMIM:619325	7918	
3498	PMID_28403827_IV_3_en-prompt.txt	OMIM:614931	3	3	3	OMIM:619016	6426	1
3499	PMID_37761890_15__en-prompt.txt	OMIM:616362	>10	>10	>10	OMIM:618798	5966	
3500	PMID_21217753_Fam_1_IV_19_en-prompt.txt	OMIM:613795	2	2	2	OMIM:619656	6982	
3501	PMID_33633439_17413_I_2_en-prompt.txt	OMIM:620731	>10	>10	>10	OMIM:613703	6249	
3502	PMID_29196670_Patient_6_en-prompt.txt	OMIM:191100	2	2	2	OMIM:613254	7721	
3503	PMID_33731876_fam10_en-prompt.txt	OMIM:613721	>10	>10	>10	ORPHA:1949	5571	
3504	PMID_36331550_Family_19_Patient_24_en-prompt.txt	OMIM:620540	1	1	1	OMIM:620540	7394	
3505	PMID_30356099_Patient_4_en-prompt.txt	OMIM:616211	1	1	1	OMIM:616211	7643	
3506	PMID_33087723_C1_en-prompt.txt	OMIM:619375	1	1	1	OMIM:619375	6787	
3507	PMID_28202457_F1_II_4_en-prompt.txt	OMIM:159550	5	5	5	OMIM:620481	4695	
3508	PMID_10939567_Spo27_en-prompt.txt	OMIM:181350	8	8	8	OMIM:613205	6700	2
3509	PMID_34722527_individual_MOL0358_6_13_Beryozkin_Current_en-prompt.txt	OMIM:608194	>10	>10	>10	OMIM:618567	2973	
3510	PMID_30580808_Ind_11_Fam_11_en-prompt.txt	OMIM:618362	>10	>10	>10	OMIM:618371	7966	
3511	PMID_34722527_individual_61312_1_Lin_Li_HomozygosityMa_en-prompt.txt	OMIM:613826	>10	1	>10	OMIM:618567	2973	
3512	PMID_25835445_1_IV_2__en-prompt.txt	OMIM:615582	>10	>10	>10	OMIM:610168	6404	4
3513	PMID_27861123_Patient_3_en-prompt.txt	OMIM:614021	>10	>10	>10	OMIM:613693	2238	2
3514	PMID_25835445_3_II_2__en-prompt.txt	OMIM:615582	>10	>10	>10	OMIM:610168	6421	3
3515	PMID_33731876_fam83_en-prompt.txt	OMIM:613721	>10	>10	>10	OMIM:612164	6889	
3516	PMID_29174093_proband_en-prompt.txt	OMIM:616973	>10	>10	>10	OMIM:614756	7468	
3517	PMID_37761890_6__en-prompt.txt	OMIM:616362	>10	>10	>10	OMIM:619991	7313	
3518	STX_Syrbe_26_en-prompt.txt	OMIM:612164	1	1	1	ORPHA:599373	5325	
3519	STX_HSJD_Patient_9_en-prompt.txt	OMIM:612164	5	5	5	OMIM:300672	7015	
3520	PMID_32376980_35_en-prompt.txt	OMIM:618164	2	2	2	OMIM:176450	7651	
3521	PMID_12789647_K11_II_2_en-prompt.txt	OMIM:142900	1	1	1	OMIM:142900	6120	2
3522	PMID_30509212_male_en-prompt.txt	OMIM:300867	2	2	2	OMIM:147920	7098	1
3523	PMID_33576469_Patient_4_en-prompt.txt	OMIM:129600	1	1	1	OMIM:129600	6873	1
3524	PMID_34722527_individual_048_051_1_Thaddeus_P__Dryja_Null_RPGRIP1_Al_en-prompt.txt	OMIM:613826	>10	1	>10	OMIM:618567	2973	
3525	PMID_37880421_Family_1_II_3_en-prompt.txt	OMIM:620653	>10	>10	>10	OMIM:605130	7744	
3526	PMID_36446582_Parenti2021_P6_en-prompt.txt	OMIM:148050	1	1	1	ORPHA:2332	8040	1
3527	PMID_36553465_P8_en-prompt.txt	OMIM:606574	8	8	8	ORPHA:79432	6818	
3528	PMID_36446582_VanDongen2019_P3_en-prompt.txt	OMIM:148050	>10	>10	>10	OMIM:617333	4225	
3529	STX_26514728_Patient_14_en-prompt.txt	OMIM:612164	8	8	8	ORPHA:439218	4901	
3530	PMID_18669544_FO_02_en-prompt.txt	OMIM:209900	5	5	5	OMIM:610156	6763	2
3531	PMID_24220024_7_year_old_Japanese_boy_en-prompt.txt	OMIM:610168	2	2	2	OMIM:614816	6589	1
3532	PMID_35874597_Case_1_en-prompt.txt	OMIM:620537	1	1	1	OMIM:620537	4630	
3533	PMID_15499950_15499950_P6_en-prompt.txt	OMIM:604377	>10	>10	>10	OMIM:620167	5211	
3534	PMID_27153400_Family_C_IV_7_en-prompt.txt	OMIM:616907	1	1	1	ORPHA:488594	6970	1
3535	PMID_20519243_1_en-prompt.txt	OMIM:142900	1	1	1	OMIM:142900	5865	1
3536	PMID_15781812_individual_148_en-prompt.txt	OMIM:620681	>10	>10	>10	ORPHA:168491	4606	1
3537	PMID_27738187_Patient_2_en-prompt.txt	OMIM:617180	1	1	1	OMIM:617180	7781	
3538	PMID_33731876_fam103_en-prompt.txt	OMIM:613721	>10	>10	>10	OMIM:617333	3556	
3539	PMID_22964873_22964873_P1_en-prompt.txt	OMIM:256810	>10	>10	>10	OMIM:157640	7522	
3540	PMID_34023347_34023347_P1_en-prompt.txt	OMIM:256810	>10	>10	>10	ORPHA:254881	5593	
3541	PMID_31239556_individual_17_en-prompt.txt	OMIM:615502	>10	>10	>10	OMIM:309580	7976	
3542	PMID_22772371_MS239_IV_12_en-prompt.txt	OMIM:614816	1	1	1	OMIM:614816	7321	2
3543	PMID_11175294_D36_en-prompt.txt	OMIM:154700	>10	>10	>10	OMIM:604308	6420	1
3544	PMID_21358634_Family_13_en-prompt.txt	OMIM:132800	1	1	1	OMIM:132800	6443	
3545	PMID_27991736_proband_III_2_en-prompt.txt	OMIM:147920	>10	>10	>10	OMIM:608978	7990	2
3546	PMID_28074573_HC1_en-prompt.txt	OMIM:163950	2	2	2	OMIM:613707	5244	1
3547	PMID_28069640_R__VI13__en-prompt.txt	OMIM:620519	1	1	1	OMIM:620519	7068	
3548	PMID_24736735_G001__en-prompt.txt	OMIM:146510	1	1	1	OMIM:146510	6607	1
3549	PMID_19776401_Patient_5_1_en-prompt.txt	OMIM:243700	1	1	1	OMIM:243700	7296	1
3550	PMID_22772371_TAA288_III_9_en-prompt.txt	OMIM:614816	5	5	5	OMIM:154700	4728	
3551	PMID_16912710_Individual_F1234__II_2__en-prompt.txt	OMIM:614199	3	3	3	OMIM:105120	6620	
3552	PMID_22541558_individual_Q_1_en-prompt.txt	OMIM:154400	1	1	1	ORPHA:245	7162	1
3553	STX_31054490_Patient_2_en-prompt.txt	OMIM:612164	>10	>10	>10	ORPHA:192	3609	
3554	STX_23533165_Patient_1_en-prompt.txt	OMIM:612164	1	1	1	OMIM:612164	5551	1
3555	PMID_33731876_fam348_en-prompt.txt	OMIM:613721	>10	>10	>10	ORPHA:247691	5922	
3556	PMID_8282779_I_1_en-prompt.txt	OMIM:612653	1	1	2	OMIM:612653	6349	1
3557	PMID_31332438_C_III_2_en-prompt.txt	OMIM:620528	1	1	1	OMIM:620528	6919	
3558	PMID_33731876_fam114_en-prompt.txt	OMIM:613721	>10	>10	>10	ORPHA:442835	6123	
3559	PMID_31021519_SATB2_54_from_Zarate_et_al__2018a_en-prompt.txt	OMIM:612313	5	5	5	ORPHA:513456	5999	
3560	PMID_36446582_Novara_2017_P2_en-prompt.txt	OMIM:148050	1	1	1	ORPHA:2332	7070	
3561	PMID_36446582_Low_2016_P2_26_en-prompt.txt	OMIM:148050	4	4	4	OMIM:620305	7051	
3562	PMID_29907796_Patient_2_en-prompt.txt	OMIM:614608	>10	>10	>10	ORPHA:93926	7374	
3563	PMID_20887961_Patient_1_en-prompt.txt	OMIM:600920	1	1	1	OMIM:600920	6631	
3564	PMID_36331550_Family_9_Patient_11_en-prompt.txt	OMIM:620540	1	1	1	OMIM:620540	7394	
3565	PMID_36047608_Patient_5_F4_II_2_en-prompt.txt	OMIM:620666	>10	>10	>10	OMIM:613728	6609	
3566	PMID_36446582_Scarano_2013_P12_en-prompt.txt	OMIM:148050	1	1	1	ORPHA:2332	7481	1
3567	PMID_35977029_family_9_en-prompt.txt	OMIM:620494	1	1	1	OMIM:620494	7089	
3568	PMID_12203992_D62_en-prompt.txt	OMIM:154700	9	9	9	OMIM:129600	6667	1
3569	PMID_33731876_fam29_en-prompt.txt	OMIM:613721	>10	>10	>10	OMIM:619428	6401	
3570	PMID_18256394_7_en-prompt.txt	OMIM:176670	4	4	4	OMIM:608612	7676	2
3571	PMID_18816383_index_case_en-prompt.txt	OMIM:248250	1	1	1	OMIM:248250	7985	
3572	PMID_31774634_XH601_en-prompt.txt	OMIM:616914	1	1	1	OMIM:616914	7266	
3573	PMID_23222957_Family_6_6_1_en-prompt.txt	OMIM:242840	>10	>10	>10	OMIM:618223	7963	
3574	PMID_25868664_Family_14_Case_13_en-prompt.txt	OMIM:615471	7	7	7	OMIM:615824	7959	2
3575	STX_31387522_Patient_9_en-prompt.txt	OMIM:612164	>10	>10	>10	ORPHA:314655	6445	
3576	PMID_18256394_15_en-prompt.txt	OMIM:176670	4	4	4	OMIM:248370	7801	3
3577	PMID_24355708_ARCA_05_individual_1_en-prompt.txt	OMIM:215470	6	6	6	ORPHA:468661	7986	1
3578	PMID_10580070_B_IV_1_en-prompt.txt	OMIM:115200	1	1	1	ORPHA:300751	5287	
3579	PMID_33731876_fam94_en-prompt.txt	OMIM:613721	>10	>10	>10	OMIM:615473	4200	
3580	PMID_35344616_A9_en-prompt.txt	OMIM:268310	1	1	1	OMIM:268310	7861	1
3581	PMID_32376980_22_en-prompt.txt	OMIM:618164	>10	>10	>10	OMIM:619991	7873	
3582	PMID_20074988__20074988_P5_en-prompt.txt	OMIM:256810	7	7	7	ORPHA:2609	6621	2
3583	PMID_36446582_Low_2016_P1_19_en-prompt.txt	OMIM:148050	1	1	1	ORPHA:2332	7150	1
3584	PMID_36446582_KBG26_en-prompt.txt	OMIM:148050	1	1	1	ORPHA:2332	8149	3
3585	PMID_34521999_14_en-prompt.txt	OMIM:617140	>10	>10	>10	OMIM:619229	8199	
3586	PMID_33087723_E2_en-prompt.txt	OMIM:619375	1	1	1	OMIM:619375	6787	
3587	PMID_36745799_V_9_en-prompt.txt	OMIM:620375	1	1	1	OMIM:620375	7084	
3588	PMID_17534187_HH24_en-prompt.txt	OMIM:142900	1	1	1	OMIM:142900	6429	1
3589	PMID_33731876_fam73_en-prompt.txt	OMIM:613721	>10	>10	>10	OMIM:617166	4547	
3590	PMID_37761890_9__en-prompt.txt	OMIM:616362	>10	>10	>10	OMIM:620450	5792	
3591	PMID_25411445_Abdel_Salam_et_al_II_4_en-prompt.txt	OMIM:616211	1	1	1	OMIM:616211	7419	
3592	PMID_25835445_3_III_2__en-prompt.txt	OMIM:615582	>10	>10	>10	OMIM:610168	6421	2
3593	PMID_20375004_2_IV_2_en-prompt.txt	OMIM:184900	1	1	1	OMIM:184900	5270	
3594	PMID_18930476_individual_III2_en-prompt.txt	OMIM:614321	6	6	6	OMIM:606072	6380	
3595	PMID_31021519_individual_SATB2_135_en-prompt.txt	OMIM:612313	>10	>10	>10	OMIM:615802	5999	
3596	PMID_24894789_24894789_P1_en-prompt.txt	OMIM:256810	>10	>10	>10	OMIM:618226	7548	
3597	PMID_10939567_EMD1_IV_14_en-prompt.txt	OMIM:181350	6	6	6	OMIM:613205	6666	1
3598	PMID_37962958_22_en-prompt.txt	OMIM:620535	>10	>10	>10	OMIM:616973	7983	
3599	PMID_34722527_individual_individual_1_Juliana_Maria_Ferraz_Sallum1_9_Clinicalandmo_en-prompt.txt	OMIM:613826	>10	>10	>10	ORPHA:98973	4809	1
3600	PMID_16705067_Patient_1_sister_en-prompt.txt	OMIM:248250	3	3	3	OMIM:248190	5467	
3601	PMID_33766796_19_en-prompt.txt	OMIM:620157	>10	>10	>10	OMIM:617788	5860	
3602	PMID_36446582_Ockeloen2015_P2_en-prompt.txt	OMIM:148050	2	2	2	ORPHA:228402	6614	1
3603	PMID_33731876_fam312_en-prompt.txt	OMIM:613721	>10	>10	>10	OMIM:615473	2533	
3604	PMID_33731876_fam242_en-prompt.txt	OMIM:613721	>10	>10	>10	OMIM:619503	3805	
3605	PMID_25868664_Family_20_Case_19_en-prompt.txt	OMIM:615471	2	2	2	OMIM:614052	8063	4
3606	PMID_19818506_Patient_3_en-prompt.txt	OMIM:608415	1	1	1	OMIM:608415	5207	
3607	PMID_15654695_Patient_3_en-prompt.txt	OMIM:615982	>10	>10	>10	ORPHA:2250	7119	2
3608	PMID_36189931_Individual_7_en-prompt.txt	OMIM:130050	1	1	1	OMIM:130050	6424	
3609	PMID_37541189_Individual_5_en-prompt.txt	OMIM:620688	1	1	1	OMIM:620688	7711	
3610	STX_26865513_Patient_42_en-prompt.txt	OMIM:612164	>10	>10	>10	OMIM:616973	6929	
3611	PMID_24736735_G14331__en-prompt.txt	OMIM:175700	2	2	2	OMIM:174200	6824	1
3612	STX_G3_P33_en-prompt.txt	OMIM:612164	>10	>10	>10	OMIM:618663	3728	3
3613	PMID_37196654_Individual_50__DEASD_0129_001__en-prompt.txt	OMIM:618505	>10	>10	>10	OMIM:618846	4160	
3614	PMID_28074573_CR1_en-prompt.txt	OMIM:163950	5	5	5	OMIM:613707	6992	1
3615	PMID_26667307_III_3_en-prompt.txt	OMIM:236200	1	1	1	OMIM:236200	7524	1
3616	PMID_37196654_Individual_21_en-prompt.txt	OMIM:618505	>10	>10	>10	OMIM:620450	8072	
3617	PMID_20082460_case_3_en-prompt.txt	OMIM:305400	1	1	1	OMIM:305400	7741	1
3618	PMID_36446582_Gnazzo_2020_P20_en-prompt.txt	OMIM:148050	2	2	2	OMIM:617694	7410	1
3619	PMID_25168959_L37_en-prompt.txt	OMIM:614608	6	6	6	OMIM:614609	8136	
3620	PMID_36446582_Kutkowska_Kazmierczak2021_P19_en-prompt.txt	OMIM:148050	3	3	3	ORPHA:228402	5763	
3621	PMID_24736735_G080_F___en-prompt.txt	OMIM:146510	1	1	1	OMIM:146510	6656	1
3622	PMID_36074901_26_en-prompt.txt	OMIM:620465	>10	>10	>10	OMIM:618873	4213	
3623	PMID_28007986_A_VI1__en-prompt.txt	OMIM:617527	1	1	1	OMIM:617527	7404	
3624	PMID_36446582_Goldenberg2016_P13_en-prompt.txt	OMIM:148050	>10	>10	>10	OMIM:301111	5261	
3625	PMID_11175294_B15_en-prompt.txt	OMIM:154700	>10	>10	>10	OMIM:617168	7048	1
3626	PMID_36446582_Low_2016_P14_2_en-prompt.txt	OMIM:148050	5	5	5	OMIM:614429	6961	1
3627	PMID_33731876_fam159_en-prompt.txt	OMIM:613721	>10	>10	>10	OMIM:618437	2356	
3628	PMID_32710489_Group_1_Patient_12_en-prompt.txt	OMIM:620155	>10	>10	>10	OMIM:616977	7834	
3629	PMID_34722527_individual_MEP50_11_Martin_McKibbin_Genotype_Phenot_en-prompt.txt	OMIM:613826	>10	>10	>10	ORPHA:98973	4809	1
3630	PMID_30580808_Gofin_Subject_5_Fam_53_en-prompt.txt	OMIM:618362	>10	>10	>10	OMIM:619991	5672	
3631	PMID_37075751_Individual_16_en-prompt.txt	OMIM:616462	1	1	1	OMIM:616462	7516	
3632	PMID_16865293_Family_3_individual_12Y_en-prompt.txt	OMIM:216400	1	1	1	OMIM:216400	7323	1
3633	PMID_36586412_18_en-prompt.txt	OMIM:301111	>10	1	>10	OMIM:618494	4473	
3634	STX_EG1684P_en-prompt.txt	OMIM:612164	1	1	1	ORPHA:599373	6136	
3635	PMID_33731876_fam255_en-prompt.txt	OMIM:613721	>10	>10	>10	ORPHA:3006	5673	
3636	PMID_30580808_Sun_case_Fam_50_en-prompt.txt	OMIM:618362	>10	>10	>10	OMIM:614205	4826	
3637	PMID_12789647_K7_II_1_en-prompt.txt	OMIM:142900	1	1	1	OMIM:142900	6309	
3638	PMID_22956686_558_IV_3_en-prompt.txt	OMIM:614923	1	1	1	OMIM:614923	6839	
3639	PMID_33045405_Zhang_et_al___2019__patient_1_en-prompt.txt	OMIM:605911	1	1	1	OMIM:605911	5046	
3640	PMID_29318572_29318572_P1_en-prompt.txt	OMIM:256810	>10	>10	>10	OMIM:251880	6044	
3641	PMID_17661820_3_en-prompt.txt	OMIM:163950	>10	>10	>10	ORPHA:3384	7116	1
3642	PMID_15266616_77_en-prompt.txt	OMIM:147791	7	7	7	OMIM:304110	7526	
3643	PMID_35470444_P8_en-prompt.txt	OMIM:620568	1	1	1	OMIM:620568	7569	2
3644	PMID_37054711_Family_8_1_Subject_11_en-prompt.txt	OMIM:620428	1	1	1	OMIM:620428	6912	
3645	PMID_36190515_Patient_3_en-prompt.txt	OMIM:620423	1	1	1	OMIM:620423	5812	
3646	PMID_29198722_p_Arg913Ter_Affected_Individual_7_en-prompt.txt	OMIM:617865	1	1	1	OMIM:617865	7822	
3647	PMID_36446582_Murray_2017_P11_8_1_en-prompt.txt	OMIM:148050	2	2	2	OMIM:617883	6827	1
3648	PMID_34722527_individual_MOL0358_5_12_Beryozkin_Current_en-prompt.txt	OMIM:608194	>10	>10	>10	OMIM:616151	4809	5
3649	PMID_21533187_family_D_en-prompt.txt	OMIM:156250	1	1	1	OMIM:156250	6797	1
3650	PMID_31021519_individual_SATB2_122_en-prompt.txt	OMIM:612313	2	2	2	ORPHA:513456	5937	
3651	PMID_34722527_individual_patient2_2_Shigeru_Sato_Novelmutation_en-prompt.txt	OMIM:613826	3	3	3	OMIM:601110	4809	3
3652	PMID_28940506_Family_13_Individual_14_en-prompt.txt	OMIM:615471	1	1	1	OMIM:615471	8349	
3653	PMID_21660509_PKDF1048b_en-prompt.txt	OMIM:601869	2	1	2	OMIM:614614	5276	1
3654	STX_P_38_en-prompt.txt	OMIM:612164	>10	>10	>10	ORPHA:1949	6496	3
3655	PMID_37962958_35_en-prompt.txt	OMIM:620535	>10	>10	>10	OMIM:618971	7499	
3656	STX_29023665_No_ID_1_en-prompt.txt	OMIM:612164	>10	>10	>10	ORPHA:3095	6802	
3657	PMID_11175294_D1_en-prompt.txt	OMIM:154700	8	8	8	OMIM:617168	6741	1
3658	PMID_29127725_Patient_2_en-prompt.txt	OMIM:174300	>10	>10	>10	ORPHA:98795	6450	5
3659	PMID__33890291_Proband_2_en-prompt.txt	OMIM:620423	1	1	1	OMIM:620423	5897	1
3660	PMID_35150594_H_III_1_en-prompt.txt	OMIM:620538	1	1	1	OMIM:620538	6844	1
3661	PMID_15266616_138_en-prompt.txt	OMIM:147791	7	7	7	OMIM:304110	7524	
3662	PMID_36446582_Walz2015_PE_en-prompt.txt	OMIM:148050	1	1	1	ORPHA:2332	7158	1
3663	PMID_23714749_23714749_P4_en-prompt.txt	OMIM:256810	>10	>10	>10	ORPHA:31150	5039	7
3664	PMID_27743463_S1_en-prompt.txt	OMIM:615471	3	3	3	OMIM:300855	7751	
3665	PMID_36446582_Murray_2017_P4_2_1_en-prompt.txt	OMIM:148050	1	1	1	OMIM:148050	6425	1
3666	PMID_24736735_G118__en-prompt.txt	OMIM:175700	2	2	2	OMIM:174200	5683	1
3667	PMID_33731876_fam64_en-prompt.txt	OMIM:613721	>10	>10	>10	ORPHA:163681	3759	
3668	PMID_34722527_individual_individual_8_Hui_Wang_ComprehensiveM_en-prompt.txt	OMIM:613826	>10	1	>10	OMIM:618567	2973	
3669	PMID_29382611_proband_II_5_en-prompt.txt	OMIM:613849	1	1	1	OMIM:613849	7081	
3670	PMID_36446582_KBG45_en-prompt.txt	OMIM:148050	2	2	2	OMIM:605130	8225	1
3671	PMID_32376980_41_en-prompt.txt	OMIM:618164	>10	>10	>10	OMIM:616364	7983	
3672	PMID_18513678_individual_5030_en-prompt.txt	OMIM:260300	1	1	1	OMIM:260300	6575	
3673	PMID_34722527_individual_P030_1_Hui_Huang_Targetednextg_en-prompt.txt	OMIM:613826	>10	>10	>10	ORPHA:98973	4809	
3674	PMID_28148925_proband_en-prompt.txt	OMIM:600373	9	9	9	OMIM:617435	7558	
3675	STX_P_16_en-prompt.txt	OMIM:612164	>10	>10	>10	ORPHA:1935	5587	2
3676	PMID_26805782_F3_II_1_en-prompt.txt	OMIM:616878	1	1	1	OMIM:616878	7323	
3677	PMID_32869508_11_month_old_boy_en-prompt.txt	OMIM:248250	1	1	1	OMIM:248250	7872	
3678	PMID_20683840_II_13_en-prompt.txt	OMIM:606693	1	1	1	OMIM:606693	6707	
3679	PMID_15266616_116_en-prompt.txt	OMIM:147791	7	7	7	OMIM:304110	7524	
3680	PMID_25477417_F3_4_en-prompt.txt	OMIM:248250	1	1	1	OMIM:248250	7238	
3681	PMID_34722527_individual_individual_2_Li_Huang_Moleculargenet_en-prompt.txt	OMIM:613826	>10	1	>10	OMIM:618567	2973	
3682	PMID_36303223_individual_12_PMID_12112661_en-prompt.txt	OMIM:272300	>10	>10	>10	OMIM:617333	2319	
3683	PMID_31021519_SATB2_57_from_Zarate_et_al__2018a_en-prompt.txt	OMIM:612313	>10	>10	>10	OMIM:615802	5862	
3684	PMID_16501001_patient_en-prompt.txt	OMIM:248250	3	3	3	OMIM:248190	6685	
3685	PMID_12165566_IV_11_en-prompt.txt	OMIM:241850	1	1	1	OMIM:241850	7281	1
3686	PMID_37156989_P1_en-prompt.txt	OMIM:619375	>10	>10	>10	OMIM:608068	6514	
3687	PMID_33731876_fam396_en-prompt.txt	OMIM:613721	>10	>10	>10	OMIM:617105	5867	
3688	PMID_36446582_KBG9_en-prompt.txt	OMIM:148050	1	1	1	ORPHA:2332	8174	2
3689	PMID_35344616_A17_en-prompt.txt	OMIM:268310	1	1	1	OMIM:268310	7843	1
3690	PMID_33731876_fam402_en-prompt.txt	OMIM:613721	>10	>10	>10	ORPHA:85335	5422	
3691	PMID_37196654_Individual_18_en-prompt.txt	OMIM:618505	>10	>10	>10	OMIM:620450	8136	
3692	PMID_33731876_fam177_en-prompt.txt	OMIM:613721	>10	>10	>10	ORPHA:3006	5675	
3693	PMID_12789647_K4_I_2_en-prompt.txt	OMIM:142900	1	1	1	OMIM:142900	5810	2
3694	PMID_36446582_Gnazzo_2020_P19_en-prompt.txt	OMIM:148050	1	1	1	ORPHA:2332	6895	
3695	PMID_34722527_individual_individual_1_Juliana_Maria_Ferraz_Sallum1_11_Clinicalandmo_en-prompt.txt	OMIM:613826	>10	>10	>10	OMIM:616152	4809	
3696	PMID_36528028_Individual_14_en-prompt.txt	OMIM:620455	1	1	1	OMIM:620455	6590	
3697	PMID_36446582_Low_2016_P6_7_en-prompt.txt	OMIM:148050	4	4	4	OMIM:620305	7051	1
3698	STX_29896790_P7_en-prompt.txt	OMIM:612164	6	6	6	ORPHA:306	4627	
3699	PMID_26805781_Family_8_Subject_9_II_2_en-prompt.txt	OMIM:616878	1	1	1	OMIM:616878	6819	
3700	PMID_36965478_Individual_1_en-prompt.txt	OMIM:620515	1	1	1	OMIM:620515	7021	
3701	PMID_36189931_Individual_26_en-prompt.txt	OMIM:130050	1	1	1	OMIM:130050	6424	1
3702	PMID_21367767_F39_III_4_en-prompt.txt	OMIM:606658	>10	>10	>10	OMIM:609270	6967	
3703	PMID_29297947_29297947_P2_en-prompt.txt	OMIM:616370	>10	>10	>10	OMIM:617951	7539	
3704	PMID_31021519_Case_1_from_Brewer_et_al_en-prompt.txt	OMIM:612313	>10	>10	>10	OMIM:615075	5407	
3705	PMID_36586412_21_en-prompt.txt	OMIM:301111	>10	>10	>10	OMIM:618872	5408	
3706	PMID_35112411_35112411_P2_en-prompt.txt	OMIM:604377	>10	>10	>10	OMIM:615578	4792	
3707	PMID_30103036_Patient_1_en-prompt.txt	OMIM:616900	1	1	1	ORPHA:488632	7127	
3708	PMID_25835445_2_IV_2__en-prompt.txt	OMIM:615582	8	8	8	OMIM:609192	7431	1
3709	PMID_34722527_individual_individual_9_Hui_Wang_ComprehensiveM_en-prompt.txt	OMIM:613826	>10	1	>10	OMIM:618567	2973	
3710	PMID_36189931_Individual_31_en-prompt.txt	OMIM:130050	1	1	1	OMIM:130050	6424	2
3711	PMID_36446582_Crippa2015_P1_en-prompt.txt	OMIM:148050	2	2	2	OMIM:617694	7435	1
3712	PMID_36446582_Murray_2017_P12_9_1_en-prompt.txt	OMIM:148050	>10	>10	>10	OMIM:604321	7122	
3713	PMID_37071997_Individual_2_en-prompt.txt	OMIM:616211	>10	>10	>10	ORPHA:177901	7709	
3714	PMID_33731876_fam381_en-prompt.txt	OMIM:613721	>10	>10	>10	OMIM:609304	4059	
3715	PMID_12203992_D16_en-prompt.txt	OMIM:154700	>10	>10	>10	OMIM:129600	6986	1
3716	PMID_36446582_Kutkowska_Kazmierczak2021_P20_en-prompt.txt	OMIM:148050	2	2	2	ORPHA:228402	5535	
3717	STX_23934111_cu_en-prompt.txt	OMIM:612164	1	1	1	OMIM:612164	4017	3
3718	PMID_33731876_fam415_en-prompt.txt	OMIM:613721	>10	>10	>10	ORPHA:457351	6910	
3719	PMID_10756346_B32_en-prompt.txt	OMIM:154700	>10	>10	>10	OMIM:604308	5997	1
3720	PMID_35150594_I_I_1_en-prompt.txt	OMIM:620538	1	1	1	OMIM:620538	6844	1
3721	PMID_34722527_individual_MEP1_4_Martin_McKibbin_Genotype_Phenot_en-prompt.txt	OMIM:613826	>10	>10	>10	ORPHA:98973	4809	1
3722	PMID_28074573_GC1_en-prompt.txt	OMIM:163950	>10	>10	>10	ORPHA:29	6614	1
3723	PMID_33731876_fam160_en-prompt.txt	OMIM:613721	>10	>10	>10	OMIM:617333	3556	
3724	STX_EG1379P_en-prompt.txt	OMIM:612164	6	6	6	OMIM:617904	3949	5
3725	PMID_24739679_patient_K2_en-prompt.txt	OMIM:147920	1	1	1	OMIM:147920	8170	1
3726	PMID_21217753_Fam_1_III_6_en-prompt.txt	OMIM:613795	2	2	2	OMIM:619656	6982	5
3727	PMID_34722527_individual_QT587_2_Lin_Li_DetectionofVa_en-prompt.txt	OMIM:613826	>10	1	>10	OMIM:618567	2973	
3728	PMID_15266616_101_en-prompt.txt	OMIM:147791	7	7	7	OMIM:304110	7526	
3729	PMID_34722527_individual_MOL0358_1_10_Beryozkin_Current_en-prompt.txt	OMIM:608194	>10	>10	>10	OMIM:618567	2973	
3730	PMID_36446582_KBG52_en-prompt.txt	OMIM:148050	>10	>10	>10	OMIM:605130	8043	
3731	PMID_16865293_Family_1_individual_3Y8M_en-prompt.txt	OMIM:216400	1	1	1	OMIM:216400	7401	3
3732	PMID_18513678_individual_5027_en-prompt.txt	OMIM:260300	1	1	1	OMIM:260300	6575	
3733	PMID_31548836_Family_C_II1_en-prompt.txt	OMIM:119600	1	1	1	OMIM:119600	7168	1
3734	PMID_16865293_Family_5_individual_10Y11M_en-prompt.txt	OMIM:216400	1	1	1	OMIM:216400	7401	1
3735	PMID_20461149_index_en-prompt.txt	OMIM:113620	1	1	1	OMIM:113620	6069	1
3736	STX_26384463_Patient_2_en-prompt.txt	OMIM:612164	>10	>10	>10	OMIM:618006	5320	3
3737	PMID_36446582_Libianto2019_en-prompt.txt	OMIM:148050	1	1	1	OMIM:148050	6769	1
3738	STX_P_01_en-prompt.txt	OMIM:612164	>10	>10	>10	ORPHA:725	6042	
3739	PMID_36446582_Walz2015_PA_en-prompt.txt	OMIM:148050	1	1	1	ORPHA:2332	6991	
3740	STX_29718889_Case_en-prompt.txt	OMIM:612164	>10	>10	>10	OMIM:618663	4870	
3741	PMID_33087723_D1_en-prompt.txt	OMIM:619375	1	1	1	OMIM:619375	6787	
3742	PMID_27743463_S5_en-prompt.txt	OMIM:615471	9	9	9	OMIM:300855	7563	3
3743	PMID_34722527_individual_individual_2_Naeimeh_Tayebi_Targetednextg_en-prompt.txt	OMIM:613826	>10	1	>10	OMIM:618567	2973	
3744	PMID_28285769_Individual_1_II_4_en-prompt.txt	OMIM:250410	1	1	1	ORPHA:166035	8081	
3745	PMID_33731876_fam60_en-prompt.txt	OMIM:613721	>10	>10	>10	ORPHA:98818	4659	2
3746	PMID_31332438_A_III_2_en-prompt.txt	OMIM:620528	1	1	1	OMIM:620528	6618	4
3747	PMID_25868664_Family_7_Case_1_en-prompt.txt	OMIM:615471	6	6	6	OMIM:618378	8168	5
3748	PMID_29198722_p_Arg913Ter_Affected_Individual_3_en-prompt.txt	OMIM:617865	1	1	1	OMIM:617865	8033	
3749	PMID_23993195_Individual_1_en-prompt.txt	OMIM:615473	1	1	1	OMIM:615473	4055	
3750	PMID_37761890_12__en-prompt.txt	OMIM:616362	>10	>10	>10	OMIM:620038	5842	
3751	PMID_9817917_Family_1_individual_5519_en-prompt.txt	OMIM:222300	1	1	1	OMIM:222300	7481	1
3752	PMID_22541558_individual_K_1_en-prompt.txt	OMIM:154400	>10	>10	>10	OMIM:185800	4863	
3753	PMID_31021519_individual_SATB2_126_en-prompt.txt	OMIM:612313	>10	>10	>10	OMIM:615802	6096	
3754	STX_EG0395P_en-prompt.txt	OMIM:612164	8	8	8	ORPHA:3006	6458	
3755	PMID_36745799_V_13_en-prompt.txt	OMIM:620375	1	1	1	OMIM:620375	7044	1
3756	PMID_9312167_A_II_6_en-prompt.txt	OMIM:179800	1	1	1	OMIM:179800	5335	
3757	STX_31344879_Patient4_en-prompt.txt	OMIM:612164	7	7	7	OMIM:617904	5141	4
3758	PMID_9312167_A_III_2_en-prompt.txt	OMIM:179800	1	1	1	OMIM:179800	5335	2
3759	PMID_37962958_31_en-prompt.txt	OMIM:620535	>10	>10	>10	OMIM:613406	7664	
3760	PMID_33731876_fam251_en-prompt.txt	OMIM:613721	>10	>10	>10	OMIM:620398	3691	
3761	PMID_33731876_fam301_en-prompt.txt	OMIM:613721	>10	>10	>10	ORPHA:1001	3679	
3762	PMID_10939567_EMD4_III_8_en-prompt.txt	OMIM:181350	2	2	2	OMIM:613205	6579	1
3763	PMID_30580808_Machol_Ind_2_Fam_32_en-prompt.txt	OMIM:618362	>10	>10	>10	OMIM:601358	7973	
3764	PMID_32404357_III_2_en-prompt.txt	OMIM:129600	1	1	1	OMIM:129600	7095	
3765	STX_EG0451P_en-prompt.txt	OMIM:612164	>10	>10	>10	OMIM:300354	5731	
3766	PMID_17661820_7_en-prompt.txt	OMIM:163950	8	8	8	OMIM:601321	6680	1
3767	PMID_34722527_individual_SED_4_Gerber_S_Completeexon_i_en-prompt.txt	OMIM:613826	>10	1	>10	OMIM:618567	2973	
3768	PMID_35150594_L_II_1_en-prompt.txt	OMIM:620538	1	1	1	OMIM:620538	6844	
3769	PMID_34722527_individual_individual_7_Juliana_Maria_Ferraz_Sallum1_3_Clinicalandmo_en-prompt.txt	OMIM:613826	>10	>10	>10	ORPHA:98973	4809	1
3770	PMID_12203992_B52_en-prompt.txt	OMIM:154700	>10	>10	>10	ORPHA:555877	6869	1
3771	PMID_10874631_II_2_en-prompt.txt	OMIM:601718	>10	>10	>10	OMIM:608553	5761	2
3772	PMID_36074901_22_en-prompt.txt	OMIM:620465	>10	>10	>10	OMIM:615006	4213	
3773	PMID_8664912_Patient_0544_twin_2_en-prompt.txt	OMIM:162200	1	1	1	OMIM:162200	6240	1
3774	PMID_36446582_Goldenberg2016_P17_en-prompt.txt	OMIM:148050	3	3	3	OMIM:617883	5968	
3775	PMID_37711075_Family_2_MR176_0_en-prompt.txt	OMIM:620546	1	1	1	OMIM:620546	7088	
3776	PMID_31021519_271044_from_Bengani_et_al_en-prompt.txt	OMIM:612313	>10	>10	>10	OMIM:618480	5293	
3777	PMID_25835445_4_III_2_en-prompt.txt	OMIM:615582	>10	>10	>10	OMIM:614557	6572	
3778	PMID_37196654_Individual_32_en-prompt.txt	OMIM:618505	>10	>10	>10	OMIM:619475	8257	
3779	PMID_37075751_Individual_12_en-prompt.txt	OMIM:616462	1	1	1	OMIM:616462	7857	
3780	PMID_36303223_individual_7_PMID_12112661_en-prompt.txt	OMIM:272300	>10	>10	>10	OMIM:617333	2319	
3781	PMID_28434921_a_6_month_old_female_en-prompt.txt	OMIM:142900	1	1	1	OMIM:142900	6305	
3782	STX_26648591_Patient_2_en-prompt.txt	OMIM:612164	>10	>10	>10	OMIM:300672	7281	
3783	PMID_36331550_Family_15_Patient_20_en-prompt.txt	OMIM:620540	1	1	1	OMIM:620540	7376	
3784	PMID_28851325_Case_1_en-prompt.txt	OMIM:613454	1	1	1	OMIM:613454	6535	
3785	PMID_36446582_Gnazzo_2020_P24_en-prompt.txt	OMIM:148050	2	2	2	OMIM:617694	7410	
3786	PMID_20082460_case_7_en-prompt.txt	OMIM:305400	1	1	1	OMIM:305400	7741	1
3787	PMID_34722527_individual_individual_1_Li_Huang_Moleculargenet_en-prompt.txt	OMIM:613826	>10	1	>10	OMIM:618567	2973	
3788	PMID_37196654_Individual_25_en-prompt.txt	OMIM:618505	>10	>10	>10	OMIM:619475	8033	
3789	PMID_36103875_Individual_4_en-prompt.txt	OMIM:620502	1	1	1	OMIM:620502	7571	
3790	STX_G3_P37_en-prompt.txt	OMIM:612164	>10	>10	>10	OMIM:618663	3728	3
3791	PMID_34722527_individual_MOL1124_4_8_Beryozkin_Current_en-prompt.txt	OMIM:613826	>10	>10	>10	OMIM:616152	4809	
3792	PMID_37196654_Individual_61__MSSNG_MT_48_3__en-prompt.txt	OMIM:618505	>10	1	>10	ORPHA:811	800	
3793	PMID_30356099_Patient_20_en-prompt.txt	OMIM:616211	1	1	1	OMIM:616211	7580	
3794	PMID_36446582_Ockeloen2015_P6_en-prompt.txt	OMIM:148050	1	1	1	OMIM:148050	6351	1
3795	PMID_33731876_fam316_en-prompt.txt	OMIM:613721	>10	>10	>10	OMIM:615473	2533	
3796	PMID_20375004_3_II_2_en-prompt.txt	OMIM:184900	1	1	1	OMIM:184900	6139	1
3797	PMID_11118249_PATIENT_III_3_en-prompt.txt	OMIM:301310	1	1	1	OMIM:301310	6374	1
3798	PMID_29217778_P4_US2_en-prompt.txt	OMIM:159550	>10	>10	>10	OMIM:619041	4385	
3799	PMID_37850357_Case_1_en-prompt.txt	OMIM:620654	1	1	1	OMIM:620654	8239	
3800	PMID_36189931_Individual_3_en-prompt.txt	OMIM:130050	1	1	1	OMIM:130050	6424	
3801	PMID_34722527_individual_CR_F028_3_Leen_Abu_Safieh_Autozygome_guid_en-prompt.txt	OMIM:613826	>10	1	>10	OMIM:618567	2973	
3802	PMID_12203992_B45_en-prompt.txt	OMIM:154700	>10	>10	>10	OMIM:617168	5964	1
3803	PMID_37541189_Individual_1_en-prompt.txt	OMIM:620688	1	1	1	OMIM:620688	7711	
3804	PMID_28132690_Family_C_II_1_en-prompt.txt	OMIM:617425	1	1	1	OMIM:617425	7809	
3805	PMID_28782633_Family_1_8_year_old_daughter_P10_en-prompt.txt	OMIM:620670	>10	>10	>10	OMIM:615577	7148	2
3806	PMID_34722527_individual_individual_5_Arif_O_Khan_TheRPGRIP1_rel_en-prompt.txt	OMIM:613826	>10	>10	>10	OMIM:613835	4939	1
3807	PMID_37167966_F4_II_1_en-prompt.txt	OMIM:620375	1	1	1	OMIM:620375	6736	1
3808	STX_25693842_Patient_1_en-prompt.txt	OMIM:612164	>10	>10	>10	OMIM:614322	4213	
3809	PMID_31021519_individual_from_Leoykland_e_tal_en-prompt.txt	OMIM:612313	1	1	1	ORPHA:576283	6096	
3810	PMID_36331550_Family_17_Patient_22_en-prompt.txt	OMIM:620540	1	1	1	OMIM:620540	7193	
3811	STX_25131622_Subject_71_en-prompt.txt	OMIM:612164	>10	>10	>10	OMIM:619833	4872	
3812	PMID_34722527_individual_Family7_1_Li_Huang_ExomeSequencin_en-prompt.txt	OMIM:608194	>10	>10	>10	ORPHA:98973	4809	4
3813	PMID_22428873_P3_en-prompt.txt	OMIM:174200	1	1	1	OMIM:174200	6975	
3814	PMID_31021519_individual_SATB2_131_en-prompt.txt	OMIM:612313	1	1	1	ORPHA:576283	6035	
3815	PMID_27656288_patient_en-prompt.txt	OMIM:130010	3	3	3	ORPHA:1900	6454	
3816	PMID_9312167_A_I_3_en-prompt.txt	OMIM:179800	1	1	1	OMIM:179800	5335	1
3817	PMID_23273567_individual_DII_1_en-prompt.txt	OMIM:258480	1	1	1	OMIM:258480	6649	
3818	PMID_37962958_26_en-prompt.txt	OMIM:620535	>10	>10	>10	OMIM:619467	7710	
3819	PMID_17056636_Patient_No_5_en-prompt.txt	OMIM:609942	10	10	10	OMIM:613706	8180	1
3820	PMID_33633439_17413_II_1_en-prompt.txt	OMIM:620731	>10	>10	>10	OMIM:613703	6249	
3821	PMID_30580808_Machol_Ind_11_Fam_41_en-prompt.txt	OMIM:618362	>10	>10	>10	OMIM:135900	7980	1
3822	PMID_34521999_10_en-prompt.txt	OMIM:617140	>10	>10	>10	OMIM:619575	8180	
3823	PMID_21217753_Fam_1_III_13_en-prompt.txt	OMIM:613795	2	2	2	OMIM:619656	6982	2
3824	PMID_17534187_HH20_en-prompt.txt	OMIM:142900	2	2	2	ORPHA:931	5781	1
3825	PMID_33731876_fam77_en-prompt.txt	OMIM:613721	>10	>10	>10	OMIM:259050	2334	
3826	PMID_37071997_Individual_13_en-prompt.txt	OMIM:616211	>10	>10	>10	OMIM:619575	7382	
3827	PMID_36446582_KBG56_en-prompt.txt	OMIM:148050	>10	>10	>10	OMIM:619575	7209	
3828	PMID_25477417_F9_1_en-prompt.txt	OMIM:248250	1	1	1	OMIM:248250	7238	
3829	PMID_27376152_FPLD_122_3_en-prompt.txt	OMIM:620679	>10	>10	>10	OMIM:604367	6950	
3830	PMID_32666529_Family_2_II_1_en-prompt.txt	OMIM:620519	1	1	1	OMIM:620519	7224	
3831	PMID_25835445_8_III_1__en-prompt.txt	OMIM:615582	>10	>10	>10	OMIM:617168	6714	
3832	STX_P_05_en-prompt.txt	OMIM:612164	2	2	2	OMIM:607906	6053	
3833	PMID_27040691_Individual_9_1_en-prompt.txt	OMIM:616900	1	1	1	ORPHA:488632	7627	
3834	PMID_15266616_105_en-prompt.txt	OMIM:147791	7	7	7	OMIM:304110	7526	1
3835	PMID_21217753_Fam_1_III_2_en-prompt.txt	OMIM:613795	2	2	2	OMIM:619656	6034	4
3836	PMID_24739679_patient_K6_en-prompt.txt	OMIM:147920	1	1	1	OMIM:147920	8170	1
3837	STX_28944233_272650_en-prompt.txt	OMIM:612164	>10	>10	>10	OMIM:182290	6078	
3838	PMID_31021519_SATB2_18_from_Zarate_et_al__2018a_en-prompt.txt	OMIM:612313	2	2	2	ORPHA:513456	5937	
3839	PMID_33731876_fam59_en-prompt.txt	OMIM:613721	>10	>10	>10	ORPHA:247262	5408	
3840	PMID_31021519_individual_SATB2_98_en-prompt.txt	OMIM:612313	>10	>10	>10	OMIM:615802	5999	
3841	PMID_33731876_fam385_en-prompt.txt	OMIM:613721	>10	>10	>10	OMIM:618437	2356	
3842	PMID_25876182_Patient_VI_3_en-prompt.txt	OMIM:273900	2	2	2	OMIM:620484	6067	
3843	PMID_36208065_7_year_old_female_en-prompt.txt	OMIM:620662	1	1	1	OMIM:620662	6542	
3844	PMID_19949040_Patient_3_en-prompt.txt	OMIM:616325	3	3	3	OMIM:615156	6759	3
3845	PMID_24736735_G088__en-prompt.txt	OMIM:175700	2	2	2	OMIM:174200	6861	2
3846	PMID_36303223_individual_26_PMID_31870341_en-prompt.txt	OMIM:272300	>10	>10	>10	OMIM:617744	7002	
3847	PMID_25480986_individual_E_1_en-prompt.txt	OMIM:275400	9	9	9	OMIM:245800	8139	
3848	PMID_33731876_fam411_en-prompt.txt	OMIM:613721	>10	>10	>10	ORPHA:3006	6815	
3849	PMID_21217753_Fam_1_V_3_en-prompt.txt	OMIM:613795	2	2	2	OMIM:619656	6982	
3850	PMID_33731876_fam164_en-prompt.txt	OMIM:613721	>10	>10	>10	OMIM:612164	5558	
3851	PMID_12789647_K14_III_4_en-prompt.txt	OMIM:142900	1	1	1	OMIM:142900	5781	1
3852	STX_G3_P19_en-prompt.txt	OMIM:612164	5	5	5	OMIM:618916	4936	
3853	PMID_30701076_patient_en-prompt.txt	OMIM:609192	1	1	1	OMIM:609192	7379	1
3854	PMID_36586412_25_en-prompt.txt	OMIM:301111	>10	>10	>10	OMIM:618846	4160	
3855	PMID_30099644_V_9_en-prompt.txt	OMIM:600138	>10	>10	>10	OMIM:303100	5761	2
3856	PMID_30580808_Ind_36_Fam_27_en-prompt.txt	OMIM:618362	>10	>10	>10	OMIM:618371	7982	
3857	PMID_31021519_SATB2_71_from_Zarate_et_al__2018a_en-prompt.txt	OMIM:612313	3	3	3	OMIM:618480	5735	
3858	PMID_36446582_Willemsen2010_P4_en-prompt.txt	OMIM:148050	>10	>10	>10	OMIM:604804	6693	
3859	PMID_27495153_Patient_1_en-prompt.txt	OMIM:616211	>10	>10	>10	OMIM:615802	7738	
3860	PMID_36189931_Individual_35_en-prompt.txt	OMIM:130050	1	1	1	OMIM:130050	6424	
3861	PMID_35484142_F3_P3_en-prompt.txt	OMIM:620460	1	1	1	OMIM:620460	6464	6
3862	PMID_34722527_individual_27555_2_Tiwari_A_Identification_en-prompt.txt	OMIM:613826	>10	>10	>10	OMIM:617941	4379	
3863	PMID_24962763_4_year_old_Burmese_girl_en-prompt.txt	OMIM:219100	3	3	3	OMIM:616603	6671	
3864	PMID_34722527_individual_individual_2_Juan_C__Zenteno_Extensivegenic_en-prompt.txt	OMIM:613826	>10	1	>10	OMIM:618567	2973	
3865	PMID_36528028_Individual_10_en-prompt.txt	OMIM:620455	1	1	1	OMIM:620455	7000	
3866	PMID_37582359_F3_III_1_en-prompt.txt	OMIM:620558	1	1	1	OMIM:620558	7629	
3867	PMID_24736735_G006__en-prompt.txt	OMIM:175700	1	1	1	OMIM:175700	6801	
3868	PMID_18930476_proband_I1_en-prompt.txt	OMIM:614321	2	2	2	ORPHA:324442	7002	
3869	STX_29896790_P3_en-prompt.txt	OMIM:612164	>10	>10	>10	OMIM:615006	4949	
3870	PMID_36189931_Individual_22_en-prompt.txt	OMIM:130050	1	1	1	OMIM:130050	6424	1
3871	PMID_24736735_P15112__en-prompt.txt	OMIM:146510	1	1	1	OMIM:146510	6924	1
3872	PMID_36965478_Individual_5_en-prompt.txt	OMIM:620515	1	1	1	OMIM:620515	7020	
3873	PMID_26911354_Family_2_Patient_3_en-prompt.txt	OMIM:615066	>10	>10	>10	ORPHA:157215	6838	
3874	PMID_26426912_Patient_2_en-prompt.txt	OMIM:248250	1	1	1	OMIM:248250	6568	
3875	PMID_34722527_individual_MEP50_9_Martin_McKibbin_Genotype_Phenot_en-prompt.txt	OMIM:613826	>10	>10	>10	ORPHA:98973	4809	1
3876	PMID_36446582_Goldenberg2016_P39_en-prompt.txt	OMIM:148050	2	2	2	ORPHA:228402	6404	
3877	PMID_33731876_fam392_en-prompt.txt	OMIM:607745	>10	1	>10	OMIM:259050	2524	
3878	PMID_32710489_Group_2_Patient_1_en-prompt.txt	OMIM:620157	>10	>10	>10	OMIM:619695	6820	
3879	PMID_24190800_24190800_P1_en-prompt.txt	OMIM:256810	9	9	9	OMIM:603896	7165	
3880	PMID_35344616_A13_en-prompt.txt	OMIM:268310	1	1	1	OMIM:268310	7568	1
3881	PMID_30473892_index_patient_IV_1_en-prompt.txt	OMIM:616354	>10	>10	>10	OMIM:619534	7903	
3882	PMID_30356099_Patient_19_en-prompt.txt	OMIM:616211	1	1	1	OMIM:616211	7661	
3883	PMID_36446582_Spengler_2013_en-prompt.txt	OMIM:148050	3	3	3	OMIM:617694	7173	3
3884	PMID_31527767_II_6_en-prompt.txt	OMIM:129600	1	1	1	OMIM:129600	5653	3
3885	PMID_28074573_GB2_en-prompt.txt	OMIM:163950	>10	>10	>10	OMIM:613706	6702	1
3886	PMID_33731876_fam173_en-prompt.txt	OMIM:607745	8	1	>10	ORPHA:101046	4048	
3887	PMID_26242992_III_30_en-prompt.txt	OMIM:301310	1	1	1	OMIM:301310	6480	6
3888	PMID_15781812_individual_138_en-prompt.txt	OMIM:620681	>10	>10	>10	ORPHA:168491	4606	1
3889	PMID_27023906_10DG0257_Individual_2_en-prompt.txt	OMIM:617402	1	1	1	OMIM:617402	7239	
3890	PMID_34521999_29_en-prompt.txt	OMIM:617140	>10	>10	>10	OMIM:619229	8192	
3891	PMID_15266616_112_en-prompt.txt	OMIM:147791	7	7	7	OMIM:304110	7526	
3892	PMID_20683840_II_17_en-prompt.txt	OMIM:606693	1	1	1	OMIM:606693	6423	3
3893	PMID_32404357_I_2_en-prompt.txt	OMIM:129600	1	1	1	OMIM:129600	7095	
3894	PMID_29742735_proband_en-prompt.txt	OMIM:613990	2	2	2	ORPHA:2032	6877	1
3895	PMID_29378527_female_sibling_en-prompt.txt	OMIM:600920	1	1	1	OMIM:600920	6594	
3896	PMID_19875893_2_year_old_Polish_girl_en-prompt.txt	OMIM:610168	1	1	1	OMIM:610168	7404	1
3897	PMID_29379197_DECIPHER_281165_en-prompt.txt	OMIM:620568	1	1	1	OMIM:620568	7132	1
3898	PMID_36446582_KBG41_en-prompt.txt	OMIM:148050	7	7	7	OMIM:618316	8119	1
3899	PMID_31021519_individual_SATB2_108_en-prompt.txt	OMIM:612313	5	5	5	ORPHA:513456	5999	
3900	PMID_32816001_II_1_en-prompt.txt	OMIM:301116	>10	>10	>10	OMIM:233400	3937	
3901	PMID_32376980_45_en-prompt.txt	OMIM:618164	>10	>10	>10	OMIM:619950	7683	
3902	PMID_37761890_1__en-prompt.txt	OMIM:616362	>10	>10	>10	ORPHA:1465	5818	
3903	PMID_12446365_BM_en-prompt.txt	OMIM:129600	1	1	1	OMIM:129600	7092	
3904	PMID_33500254_Case_1_en-prompt.txt	OMIM:620651	1	1	1	OMIM:620651	7820	
3905	PMID_34722527_individual_79_194_7_Farzad_Jamshidi_Contributionof_en-prompt.txt	OMIM:613826	>10	1	>10	OMIM:618567	2973	
3906	PMID_36454683_II_1_en-prompt.txt	OMIM:620402	1	1	1	OMIM:620402	6879	
3907	STX_P_12_en-prompt.txt	OMIM:612164	>10	>10	>10	ORPHA:95232	5438	
3908	PMID_18551513_5_en-prompt.txt	OMIM:613205	1	1	1	OMIM:613205	6861	1
3909	PMID_29474920_Subject_11_en-prompt.txt	OMIM:620719	>10	>10	>10	OMIM:616801	7571	
3910	PMID_36446582_Sirmaci2011_P3_F1__previously_published_Tekin_2004_en-prompt.txt	OMIM:148050	1	1	1	OMIM:148050	7523	1
3911	PMID_29491316_12_year_old_boy_en-prompt.txt	OMIM:137920	6	6	6	OMIM:616329	5477	
3912	PMID_17661815_Patient_B_III_3_en-prompt.txt	OMIM:214800	1	1	1	ORPHA:138	8103	1
3913	STX_21204804_Patient_1_en-prompt.txt	OMIM:612164	>10	>10	>10	OMIM:618437	6996	
3914	PMID_37761890_18__en-prompt.txt	OMIM:616362	>10	>10	>10	OMIM:618325	6572	
3915	PMID_24736735_G085_Father_en-prompt.txt	OMIM:146510	2	2	2	OMIM:174200	6085	
3916	PMID_35638551_Patient_PM6_en-prompt.txt	OMIM:620715	>10	>10	>10	ORPHA:465	6231	
3917	PMID_35484142_F6_P7_en-prompt.txt	OMIM:620460	1	1	1	OMIM:620460	6773	
3918	STX_P_21_en-prompt.txt	OMIM:612164	6	6	6	ORPHA:725	6054	
3919	PMID_37541189_Individual_12__en-prompt.txt	OMIM:620688	1	1	1	OMIM:620688	7711	
3920	STX_32521962_P4_en-prompt.txt	OMIM:612164	>10	>10	>10	OMIM:607745	4636	
3921	PMID_37134193_2_year_old_female_en-prompt.txt	OMIM:620535	1	1	1	OMIM:620535	7734	
3922	PMID_34722527_individual_QT654_3_Lin_Li__DetectionofVa_en-prompt.txt	OMIM:613826	>10	1	>10	OMIM:618567	2973	
3923	PMID_30057029_Individual_4_en-prompt.txt	OMIM:618089	>10	>10	>10	ORPHA:280633	8322	
3924	PMID_36189931_Individual_9_en-prompt.txt	OMIM:130050	1	1	1	OMIM:130050	6259	
3925	PMID_33486010_33486010_P1_en-prompt.txt	OMIM:256810	1	1	1	OMIM:256810	5958	4
3926	PMID_28285769_Individual_6_II_1_en-prompt.txt	OMIM:250410	1	1	1	ORPHA:166035	8081	
3927	PMID_36189931_Individual_11_en-prompt.txt	OMIM:130050	1	1	1	OMIM:130050	6932	1
3928	PMID_17698770_19_year_old_Chinese_man_en-prompt.txt	OMIM:620344	4	4	4	OMIM:608415	3730	1
3929	PMID_28413018_A_IV_1_en-prompt.txt	OMIM:617527	1	1	1	OMIM:617527	8003	
3930	PMID_30451291_IV_5_en-prompt.txt	OMIM:300088	4	4	4	ORPHA:177901	4393	
3931	PMID_33766796_17_en-prompt.txt	OMIM:620157	>10	>10	>10	OMIM:619873	4082	
3932	PMID_36528028_Individual_5_en-prompt.txt	OMIM:620455	1	1	1	OMIM:620455	7363	
3933	PMID_29967133_Family_3_II_2_en-prompt.txt	OMIM:619656	1	1	1	OMIM:619656	7571	3
3934	PMID_14702087_Guatemalan_patient_en-prompt.txt	OMIM:620344	2	2	2	OMIM:608415	5207	
3935	PMID_37541189_Individual_6__en-prompt.txt	OMIM:620688	1	1	1	OMIM:620688	7510	
3936	PMID_33731876_fam140_en-prompt.txt	OMIM:613721	>10	>10	>10	ORPHA:599373	5050	
3937	PMID_34722527_individual_MOL1124_2_7_Beryozkin_Current_en-prompt.txt	OMIM:608194	>10	>10	>10	OMIM:616152	4809	
3938	PMID_37154409_A_III_7_en-prompt.txt	OMIM:606658	>10	>10	>10	ORPHA:363710	6392	
3939	PMID_35344616_A20_en-prompt.txt	OMIM:268310	1	1	1	OMIM:268310	7861	
3940	PMID_23714749_23714749_P12_en-prompt.txt	OMIM:256810	7	7	7	ORPHA:46059	6444	
3941	PMID_31021519_SATB2_22_from_Zarate_et_al__2018a_en-prompt.txt	OMIM:612313	1	1	1	ORPHA:576283	6035	
3942	PMID_37196654_Individual_38_en-prompt.txt	OMIM:618505	>10	>10	>10	ORPHA:536532	8190	
3943	PMID_33731876_fam157_en-prompt.txt	OMIM:613721	>10	>10	>10	OMIM:300672	5985	
3944	PMID_37075751_Individual_18_en-prompt.txt	OMIM:616462	1	1	1	OMIM:616462	7604	
3945	PMID_33731876_fam422_en-prompt.txt	OMIM:613721	>10	>10	>10	OMIM:617105	5675	
3946	STX_26993267_Case_64_en-prompt.txt	OMIM:612164	>10	>10	>10	OMIM:619303	3728	
3947	PMID_36446582_Kutkowska_Kazmierczak2021_P17_en-prompt.txt	OMIM:148050	4	4	4	OMIM:617883	6079	
3948	PMID_12203992_D21_en-prompt.txt	OMIM:154700	>10	>10	>10	OMIM:614170	5774	1
3949	STX_SP_E_en-prompt.txt	OMIM:612164	8	8	8	ORPHA:168491	5078	
3950	PMID_35470444_P6_en-prompt.txt	OMIM:620568	1	1	1	OMIM:620568	6903	
3951	PMID_37196654_Individual_85_en-prompt.txt	OMIM:618505	>10	>10	>10	OMIM:619475	8175	
3952	PMID_30580808_Lo_twin_1_Fam_52_en-prompt.txt	OMIM:618362	>10	>10	>10	OMIM:616789	4917	
3953	PMID_25105228_Individual_1_en-prompt.txt	OMIM:603671	1	1	1	OMIM:603671	8120	1
3954	PMID_24736735_G068__en-prompt.txt	OMIM:175700	2	2	2	OMIM:174200	6362	6
3955	PMID_35991565_Family_II_IV3_en-prompt.txt	OMIM:620686	>10	>10	>10	OMIM:620548	6637	
3956	PMID_31021519_SATB2_87_from_Bengani_This_study_en-prompt.txt	OMIM:612313	5	5	5	ORPHA:513456	5999	
3957	STX_P_36_en-prompt.txt	OMIM:612164	>10	>10	>10	OMIM:619229	5567	7
3958	PMID_34722527_individual_individual_11_Arif_O_Khan_Geneticanalysi_en-prompt.txt	OMIM:613826	>10	>10	>10	ORPHA:98973	4939	1
3959	PMID_38157076_patient_en-prompt.txt	OMIM:619375	>10	>10	>10	OMIM:106300	6698	
3960	PMID_20853184_NAPO_6_en-prompt.txt	OMIM:606693	1	1	1	OMIM:606693	6423	1
3961	PMID_36074124_1_VII_8_en-prompt.txt	OMIM:620570	1	1	1	OMIM:620570	6892	1
3962	PMID_34722527_individual_LCA_F032_6_Leen_Abu_Safieh_Autozygome_guid_en-prompt.txt	OMIM:613826	>10	1	>10	OMIM:618567	2973	
3963	PMID_31727177_patient_6_en-prompt.txt	OMIM:147920	2	2	2	OMIM:300867	8124	4
3964	PMID_36446582_KBG65_en-prompt.txt	OMIM:148050	2	2	2	OMIM:605130	8226	1
3965	PMID_27040691_Individual_7_1_en-prompt.txt	OMIM:616900	1	1	1	ORPHA:488632	7693	
3966	PMID_34722527_individual_individual_2_Arif_O_Khan_TheRPGRIP1_rel_en-prompt.txt	OMIM:613826	>10	>10	>10	ORPHA:98973	4939	1
3967	STX_31623504_Case_16_en-prompt.txt	OMIM:612164	>10	>10	>10	OMIM:619814	4957	3
3968	PMID_8900230_Wang_et_al_1996_Patient_CS961588_en-prompt.txt	OMIM:121050	1	1	1	OMIM:121050	7113	
3969	PMID_15266616_136_en-prompt.txt	OMIM:147791	7	7	7	OMIM:304110	7526	
3970	PMID_23222957_Family_1_1_1_en-prompt.txt	OMIM:242840	>10	>10	>10	OMIM:618223	8081	1
3971	PMID_34722527_individual_IRD002_1_Isabella_Bernardis_Unravellingthe_en-prompt.txt	OMIM:613826	>10	1	>10	OMIM:618567	2973	
3972	PMID_30847200_patient_IV_8_en-prompt.txt	OMIM:614249	>10	>10	>10	ORPHA:324410	6172	
3973	PMID_25477417_F7_1_en-prompt.txt	OMIM:248250	1	1	1	OMIM:248250	7238	
3974	PMID_37962958_15_en-prompt.txt	OMIM:620535	>10	>10	>10	OMIM:617333	7960	
3975	STX_P_18_en-prompt.txt	OMIM:612164	3	3	3	ORPHA:31709	5850	
3976	PMID_35904126_Proband_1__en-prompt.txt	OMIM:620450	1	1	1	OMIM:620450	7812	
3977	PMID_18256394_A_en-prompt.txt	OMIM:151660	1	1	1	OMIM:151660	7729	
3978	PMID_35617047_Proband_3_en-prompt.txt	OMIM:620647	>10	>10	>10	OMIM:603041	7445	
3979	PMID_31021519_individual_SATB2_102_en-prompt.txt	OMIM:612313	1	1	1	ORPHA:576283	5735	
3980	PMID_21131976_EsM6227_en-prompt.txt	OMIM:613717	1	1	1	OMIM:613717	6512	
3981	PMID_31548836_Family_E_II1_en-prompt.txt	OMIM:119600	1	1	1	OMIM:119600	7168	
3982	PMID_26805781_Family_7_Subject_7_III_2_en-prompt.txt	OMIM:616878	1	1	1	OMIM:616878	6819	
3983	PMID_33731876_fam44_en-prompt.txt	OMIM:613721	>10	>10	>10	OMIM:617105	6823	
3984	PMID_38141607_Individuals_1_P1_DDD_304967_en-prompt.txt	OMIM:620712	>10	>10	>10	OMIM:259770	7891	
3985	PMID_34722527_individual_EYE149_1_Katsuhiro_Hosono_MolecularDiagn_en-prompt.txt	OMIM:613826	>10	>10	>10	ORPHA:98973	4809	1
3986	PMID_34521999_23_en-prompt.txt	OMIM:617140	>10	>10	>10	OMIM:619229	8212	
3987	PMID_15266616_118_en-prompt.txt	OMIM:147791	7	7	7	OMIM:304110	7526	
3988	PMID_27153400_Family_C_IV_13_en-prompt.txt	OMIM:616907	1	1	1	ORPHA:488594	7004	1
3989	STX_30654231_Patient_3_en-prompt.txt	OMIM:612164	>10	>10	>10	OMIM:619229	4689	
3990	PMID_30356099_Patient_13_en-prompt.txt	OMIM:616211	1	1	1	OMIM:616211	7661	
3991	PMID_36446582_Gnazzo_2020_P17_en-prompt.txt	OMIM:148050	1	1	1	ORPHA:2332	6847	
3992	PMID_33731876_fam179_en-prompt.txt	OMIM:607745	5	1	>10	ORPHA:404454	4017	
3993	PMID_37196654_Individual_16_en-prompt.txt	OMIM:618505	>10	>10	>10	OMIM:619475	8028	
3994	PMID_11175294_B35_en-prompt.txt	OMIM:154700	>10	>10	>10	OMIM:129600	6851	1
3995	PMID_36446582_KBG7_en-prompt.txt	OMIM:148050	4	4	4	OMIM:605130	8010	
3996	PMID_28007986_A_VI3__en-prompt.txt	OMIM:617527	1	1	1	OMIM:617527	7404	
3997	PMID_36446582_Goldenberg2016_P33_en-prompt.txt	OMIM:148050	4	4	4	OMIM:617883	6098	
3998	PMID_33731876_fam398_en-prompt.txt	OMIM:613721	>10	>10	>10	OMIM:600512	5336	
3999	PMID_37433783_P1_en-prompt.txt	OMIM:601674	>10	>10	>10	OMIM:616354	7719	
4000	PMID_28132690_Family_D_IV_1_en-prompt.txt	OMIM:617425	1	1	1	OMIM:617425	7834	
4001	PMID_7803799_proband_en-prompt.txt	OMIM:612690	4	4	4	OMIM:612653	6544	1
4002	PMID_34722527_individual_36_2_JENNIFER_A__GALVIN_EVALUATIONOFG_en-prompt.txt	OMIM:613826	>10	>10	>10	ORPHA:98973	4809	2
4003	PMID_35344616_A19_en-prompt.txt	OMIM:268310	1	1	1	OMIM:268310	7843	1
4004	STX_29896790_P9_en-prompt.txt	OMIM:612164	>10	>10	>10	OMIM:618205	4950	
4005	PMID_36189931_Individual_28_en-prompt.txt	OMIM:130050	1	1	1	OMIM:130050	6424	
4006	PMID_24736735_G082__en-prompt.txt	OMIM:146510	1	1	1	OMIM:146510	6676	1
4007	PMID_24736735_G097__en-prompt.txt	OMIM:146510	1	1	1	OMIM:146510	6508	1
4008	PMID_34722527_individual_JB285_1_Laura_Bryant_Prescreeningwh_en-prompt.txt	OMIM:613826	>10	1	>10	OMIM:618567	2973	
4009	PMID_33731876_fam325_en-prompt.txt	OMIM:613721	>10	>10	>10	OMIM:618437	2356	
4010	PMID_33731876_fam275_en-prompt.txt	OMIM:613721	>10	>10	>10	ORPHA:369837	5871	
4011	PMID_32154675_Family_5_Patient_12_en-prompt.txt	OMIM:613795	1	1	1	OMIM:613795	7209	1
4012	PMID_25835445_6_II_1__en-prompt.txt	OMIM:615582	>10	>10	>10	OMIM:610168	7289	1
4013	PMID_28051070_Brother_1_203_en-prompt.txt	OMIM:620675	>10	>10	>10	OMIM:312080	7889	
4014	PMID_33731876_fam262_en-prompt.txt	OMIM:613721	>10	>10	>10	ORPHA:500545	3609	
4015	PMID_28940506_Family_11_Individual_12_en-prompt.txt	OMIM:615471	2	2	2	OMIM:614052	8283	11
4016	PMID_32710489_Group_1_Patient_5_en-prompt.txt	OMIM:620155	10	10	10	ORPHA:363965	8048	
4017	PMID_24736735_G104_F___en-prompt.txt	OMIM:146510	1	1	1	OMIM:146510	6149	
4018	PMID_31021519_SATB2_86_from_Bengani_This_study_en-prompt.txt	OMIM:612313	>10	>10	>10	OMIM:615802	5937	
4019	STX_G3_P13_en-prompt.txt	OMIM:612164	>10	>10	>10	OMIM:616672	4378	
4020	PMID_37541189_Individual_13_en-prompt.txt	OMIM:620688	1	1	1	OMIM:620688	7711	
4021	PMID_36067010_Family_1_Patient_1_en-prompt.txt	OMIM:620504	1	1	1	OMIM:620504	7805	
4022	PMID_31021519_individual_SATB2_92_en-prompt.txt	OMIM:612313	5	5	5	ORPHA:513456	5999	
4023	PMID_11175294_B22_en-prompt.txt	OMIM:154700	>10	>10	>10	OMIM:604308	6961	1
4024	PMID_36446582_Goldenberg2016_P24_en-prompt.txt	OMIM:148050	4	4	4	OMIM:617883	6084	1
4025	PMID_23364397_23364397_P2_en-prompt.txt	OMIM:604377	>10	>10	>10	ORPHA:352530	5421	
4026	PMID_36074901_11_en-prompt.txt	OMIM:620465	>10	>10	>10	OMIM:618873	4213	
4027	PMID_28292286_index_patient_en-prompt.txt	OMIM:222470	>10	>10	>10	OMIM:618495	7717	
4028	PMID_33731876_fam53_en-prompt.txt	OMIM:613721	>10	>10	>10	OMIM:616973	4659	
4029	PMID_22541558_individual_E_1_en-prompt.txt	OMIM:154400	1	1	1	OMIM:154400	7165	1
4030	PMID_35150594_D_II_2_en-prompt.txt	OMIM:620538	1	1	1	OMIM:620538	6844	
4031	PMID_16900296_IV_5_en-prompt.txt	OMIM:608393	>10	>10	>10	OMIM:617983	5348	
4032	PMID_21217753_Fam_1_III_8_en-prompt.txt	OMIM:613795	2	2	2	OMIM:619656	6968	3
4033	STX_EG0898P_en-prompt.txt	OMIM:612164	>10	>10	>10	OMIM:302800	7517	
4034	PMID_34521999_34_en-prompt.txt	OMIM:617140	>10	>10	>10	OMIM:619229	8207	
4035	PMID_30315159_Patient_N__en-prompt.txt	OMIM:620475	1	1	1	OMIM:620475	7754	
4036	PMID_27275012_Patient_2_en-prompt.txt	OMIM:616900	>10	>10	>10	OMIM:617976	7227	
4037	PMID_25439728_IV_1_en-prompt.txt	OMIM:616354	2	2	2	OMIM:618109	7415	
4038	PMID_19768645_Patient_2_en-prompt.txt	OMIM:151100	1	1	1	OMIM:151100	7501	
4039	PMID_31021519_SATB2_69_from_Zarate_et_al__2018a_Scott_et_al_en-prompt.txt	OMIM:612313	>10	>10	>10	OMIM:615802	6096	
4040	PMID_18930476_individual_II1_en-prompt.txt	OMIM:614321	1	1	1	OMIM:614321	6380	
4041	PMID_31021519_SATB2_58_from_Zarate_et_al__2018a_en-prompt.txt	OMIM:612313	>10	>10	>10	OMIM:615802	6096	
4042	PMID_36446582_Kutkowska_Kazmierczak2021_P5_en-prompt.txt	OMIM:148050	2	2	2	OMIM:617883	6087	
4043	PMID_15781812_individual_137_3_en-prompt.txt	OMIM:620681	>10	>10	>10	ORPHA:168491	4606	1
4044	PMID_31282990_Case_2_en-prompt.txt	OMIM:147920	>10	>10	>10	OMIM:142945	6611	
4045	PMID_31021519_individual_SATB2_115_en-prompt.txt	OMIM:612313	1	1	1	ORPHA:576283	5735	
4046	PMID_37167966_F1_II_2_en-prompt.txt	OMIM:620375	2	2	2	OMIM:620235	5019	3
4047	PMID_15731757_Family_10_II_1_en-prompt.txt	OMIM:609192	1	1	1	OMIM:609192	7652	1
4048	PMID_11179005_1__F__en-prompt.txt	OMIM:311200	1	1	1	OMIM:311200	7099	
4049	PMID_18695062_18695062_P1_en-prompt.txt	OMIM:256810	>10	>10	>10	OMIM:617093	7294	
4050	PMID_11179005_10__S__en-prompt.txt	OMIM:311200	1	1	1	OMIM:311200	6486	
4051	STX_P_32_en-prompt.txt	OMIM:612164	2	2	2	OMIM:609056	6188	
4052	PMID_9312167_A_II_8_en-prompt.txt	OMIM:179800	1	1	1	OMIM:179800	5335	1
4053	PMID_24108658_Family_1_Patient_1_en-prompt.txt	OMIM:154500	1	1	1	OMIM:154500	6650	1
4054	PMID_37761890_3__en-prompt.txt	OMIM:616362	>10	>10	>10	OMIM:617751	5028	
4055	PMID_23273567_individual_BII_1_en-prompt.txt	OMIM:258480	1	1	1	OMIM:258480	6797	
4056	PMID_30580808_Machol_Ind_13_Fam_43_en-prompt.txt	OMIM:618362	>10	>10	>10	OMIM:614609	7975	2
4057	STX_EG1399P_en-prompt.txt	OMIM:612164	>10	>10	>10	OMIM:255120	4510	
4058	PMID_23993194_Family_5_case_IV5_en-prompt.txt	OMIM:615471	>10	>10	>10	OMIM:616457	5933	3
4059	PMID_31727177_patient_2_en-prompt.txt	OMIM:147920	2	2	2	OMIM:300867	8124	3
4060	PMID_31021519_Subject_1_from_Rosenfeld_et_al_en-prompt.txt	OMIM:612313	1	1	1	ORPHA:576283	5937	
4061	PMID_31021519_individual_SATB2_128_en-prompt.txt	OMIM:612313	>10	>10	>10	ORPHA:127	5462	
4062	PMID_35470444_P2_en-prompt.txt	OMIM:620568	2	2	2	OMIM:618665	6841	2
4063	PMID_23273567_individual_FII_2_en-prompt.txt	OMIM:258480	1	1	1	OMIM:258480	7671	
4064	PMID_30945334_Individual_4_en-prompt.txt	OMIM:618443	>10	>10	>10	OMIM:300260	7564	
4065	PMID_27081549_subject_en-prompt.txt	OMIM:604841	>10	>10	>10	ORPHA:485	6341	3
4066	STX_28944233_273873_en-prompt.txt	OMIM:612164	>10	>10	>10	OMIM:250620	6107	
4067	PMID_24736735_G004__en-prompt.txt	OMIM:175700	1	1	1	OMIM:175700	6890	
4068	PMID_19776401_Patient_4_1_en-prompt.txt	OMIM:243700	1	1	1	OMIM:243700	6901	1
4069	PMID_24769197_patient_en-prompt.txt	OMIM:256540	>10	>10	>10	OMIM:230000	8199	
4070	PMID_10939567_EMD4_III_6_en-prompt.txt	OMIM:181350	2	2	2	ORPHA:98855	6972	1
4071	PMID_36446582_Gnazzo_2020_P4_en-prompt.txt	OMIM:148050	2	2	2	OMIM:617694	7343	1
4072	PMID_22541558_individual_P_1_en-prompt.txt	OMIM:154400	1	1	1	ORPHA:245	7009	
4073	PMID_18000979_OX2877_III_3_en-prompt.txt	OMIM:174200	1	1	1	OMIM:174200	6975	
4074	PMID_36586412_12_en-prompt.txt	OMIM:301111	>10	1	>10	OMIM:615834	5116	
4075	PMID_28468610_8_year_old_boy_en-prompt.txt	OMIM:603553	>10	>10	>10	OMIM:613313	6782	1
4076	PMID_16505000_III_2_affected_boy_en-prompt.txt	OMIM:620707	>10	>10	>10	OMIM:620150	6288	
4077	PMID_33731876_fam153_en-prompt.txt	OMIM:613721	>10	>10	>10	OMIM:614558	6494	
4078	PMID_25808063_Patient_4_en-prompt.txt	OMIM:600373	1	1	1	OMIM:600373	8076	
4079	PMID_17646629_brother_II_1_en-prompt.txt	OMIM:607259	>10	>10	>10	OMIM:616907	7740	
4080	PMID_31509304_F6_II_5_en-prompt.txt	OMIM:617560	1	1	1	ORPHA:527497	7081	
4081	PMID_34722527_individual_family8_1_Yabin_Chen__ComprehensiveM_en-prompt.txt	OMIM:613826	>10	>10	>10	OMIM:613835	4939	1
4082	PMID_32666529_Family_4_II_1_en-prompt.txt	OMIM:620519	1	1	1	OMIM:620519	6829	
4083	PMID_33045405_Puisac_et_al___2018__patient_3_en-prompt.txt	OMIM:605911	1	1	1	OMIM:605911	5710	
4084	PMID_36446582_Kutkowska_Kazmierczak2021_P13_en-prompt.txt	OMIM:148050	1	1	1	ORPHA:2332	5907	1
4085	PMID_33633439_5485_II_1_en-prompt.txt	OMIM:620731	>10	>10	>10	OMIM:613703	6249	
4086	PMID_36446582_Sacharow_2012_P2_en-prompt.txt	OMIM:148050	2	2	2	OMIM:617883	3852	
4087	PMID_12446365_VW_en-prompt.txt	OMIM:129600	1	1	1	OMIM:129600	7092	3
4088	PMID_36446582_Goldenberg2016_P19_en-prompt.txt	OMIM:148050	2	2	2	OMIM:617883	5947	1
4089	STX_G3_P39_en-prompt.txt	OMIM:612164	>10	>10	>10	OMIM:618890	3728	
4090	PMID_33731876_fam144_en-prompt.txt	OMIM:613721	>10	>10	>10	OMIM:617873	2319	
4091	PMID_28132690_Family_D_III_2_en-prompt.txt	OMIM:617425	1	1	1	OMIM:617425	7332	
4092	PMID_20082460_case_9_en-prompt.txt	OMIM:305400	1	1	1	OMIM:305400	7877	1
4093	PMID_22258530_Patient_5_en-prompt.txt	OMIM:613477	>10	>10	>10	OMIM:618396	6230	
4094	PMID_32725632_patient_25_en-prompt.txt	OMIM:620537	1	1	1	OMIM:620537	5911	
4095	PMID_19864672_Patient_5F_en-prompt.txt	OMIM:212050	1	1	1	OMIM:212050	5985	
4096	PMID_33633439_9574_I_1_en-prompt.txt	OMIM:620731	>10	>10	>10	OMIM:613703	6249	
4097	PMID_27536553_27536553_P2_en-prompt.txt	OMIM:256810	8	8	8	OMIM:615160	7349	
4098	PMID_37054711_Family_5_Subject_7_en-prompt.txt	OMIM:620428	1	1	1	OMIM:620428	6765	
4099	PMID_36331550_Family_2_Patient_4_en-prompt.txt	OMIM:620538	1	1	1	OMIM:620538	6873	2
4100	PMID_34722527_individual_048_044_4_Thaddeus_P__Dryja_Null_RPGRIP1_Al_en-prompt.txt	OMIM:613826	>10	>10	>10	ORPHA:98973	4809	1
4101	PMID_12229880_Case_2_en-prompt.txt	OMIM:603553	4	4	4	OMIM:618398	6623	3
4102	PMID_11992252_Patient_3_en-prompt.txt	OMIM:620728	>10	>10	>10	OMIM:616471	6789	1
4103	PMID_34722527_individual_individual_5_Juliana_Maria_Ferraz_Sallum1_3_Clinicalandmo_en-prompt.txt	OMIM:613826	>10	>10	>10	ORPHA:98973	4809	1
4104	PMID_36189931_Individual_15_en-prompt.txt	OMIM:130050	1	1	1	OMIM:130050	6424	
4105	PMID_36446582_Mattei2021_en-prompt.txt	OMIM:148050	1	1	1	ORPHA:2332	7731	
4106	PMID_33731876_fam248_en-prompt.txt	OMIM:613721	>10	>10	>10	ORPHA:163727	2499	
4107	PMID_33731876_fam318_en-prompt.txt	OMIM:613721	>10	>10	>10	OMIM:613720	3868	
4108	PMID_36446582_Ockeloen2015_P8_en-prompt.txt	OMIM:148050	2	2	2	ORPHA:228402	5394	1
4109	PMID_18702659_proband_en-prompt.txt	OMIM:305100	>10	>10	>10	OMIM:224900	6078	1
4110	PMID_36528028_Individual_1_en-prompt.txt	OMIM:620455	1	1	1	OMIM:620455	6404	
4111	PMID_35470444_P13_en-prompt.txt	OMIM:620568	1	1	1	OMIM:620568	6604	5
4112	STX_P_25_en-prompt.txt	OMIM:612164	10	10	10	ORPHA:404454	5802	
4113	PMID_29706644_proband_III_1_en-prompt.txt	OMIM:609192	1	1	1	OMIM:609192	7475	1
4114	PMID_34722527_individual_individual_1_S_Gerber_Completeexon_i_en-prompt.txt	OMIM:613826	>10	1	>10	OMIM:618567	2973	
4115	PMID_37962958_28_en-prompt.txt	OMIM:620535	>10	>10	>10	ORPHA:2995	7315	
4116	PMID_18513678_individual_5003_en-prompt.txt	OMIM:260300	1	1	1	OMIM:260300	6511	
4117	PMID_24355708_IHG25357_individual_1_en-prompt.txt	OMIM:215470	8	8	8	OMIM:613728	7982	1
4118	PMID_26404457_subject_en-prompt.txt	OMIM:615471	>10	>10	>10	OMIM:245400	7842	5
4119	PMID_33731876_fam79_en-prompt.txt	OMIM:607745	>10	>10	>10	ORPHA:2524	2319	3
4120	PMID_37196654_Individual_63__MSSNG_2_1764_003__en-prompt.txt	OMIM:618505	>10	>10	>10	ORPHA:363686	5014	
4121	PMID_22219643_III_14_en-prompt.txt	OMIM:129600	1	1	1	OMIM:129600	7092	1
4122	PMID_18551513_1_en-prompt.txt	OMIM:613205	1	1	1	OMIM:613205	6861	1
4123	PMID_36996813_Individual_11_en-prompt.txt	OMIM:620371	3	3	3	OMIM:619725	6496	
4124	PMID_36446582_Bucerzan2020_en-prompt.txt	OMIM:148050	4	4	4	OMIM:309500	7804	1
4125	STX_30109124_Subject_11_en-prompt.txt	OMIM:612164	>10	>10	>10	ORPHA:1942	5651	
4126	STX_Str_Ca_SD_en-prompt.txt	OMIM:612164	6	6	6	OMIM:618141	5567	2
4127	PMID_19474805_affected_girl_en-prompt.txt	OMIM:620707	>10	>10	>10	OMIM:256500	4912	1
4128	PMID_34722527_individual_15_2_Nicole_Weisschuh_Molecularandc_en-prompt.txt	OMIM:613826	>10	>10	>10	ORPHA:98973	4809	1
4129	PMID_34722527_individual_F05_1_Maleeha_Maria_HomozygosityMa_en-prompt.txt	OMIM:613826	>10	1	>10	OMIM:618567	2973	
4130	PMID_15761194_II_2_en-prompt.txt	OMIM:609622	6	6	6	OMIM:616399	2238	1
4131	PMID_28148688_P2_en-prompt.txt	OMIM:617425	10	10	10	ORPHA:508533	8156	
4132	PMID_36446582_Kutkowska_Kazmierczak2021_P1_en-prompt.txt	OMIM:148050	>10	>10	>10	ORPHA:85329	5676	
4133	PMID_18930476_individual_II5_en-prompt.txt	OMIM:614321	>10	>10	>10	OMIM:606072	6380	2
4134	PMID_36745868_Patient_1__en-prompt.txt	OMIM:620603	1	1	1	OMIM:620603	7757	
4135	PMID_36446582_KBG58_en-prompt.txt	OMIM:148050	3	3	3	ORPHA:228402	7415	1
4136	PMID_31021519_individual_SATB2_111_en-prompt.txt	OMIM:612313	8	8	8	ORPHA:330050	5735	
4137	PMID_9621512_Patient_KM03_en-prompt.txt	OMIM:620699	>10	>10	>10	ORPHA:2177	4636	2
4138	PMID_16021330_LDJP2_1_en-prompt.txt	OMIM:620681	2	2	2	OMIM:254780	4419	1
4139	PMID_35150594_J_II_1_en-prompt.txt	OMIM:620538	1	1	1	OMIM:620538	6844	
4140	PMID_34490705_III_1_en-prompt.txt	OMIM:142900	1	1	1	OMIM:142900	6835	1
4141	PMID_22219643_II_4_en-prompt.txt	OMIM:129600	1	1	1	OMIM:129600	7092	1
4142	PMID_31239556_individual_4_en-prompt.txt	OMIM:615502	>10	>10	>10	OMIM:309580	8052	
4143	PMID_34521999_30_en-prompt.txt	OMIM:617140	>10	>10	>10	OMIM:619229	8198	
4144	PMID_24739679_patient_K8_en-prompt.txt	OMIM:147920	1	1	1	OMIM:147920	8170	1
4145	PMID_34722527_individual_individual_1_Juliana_Maria_Ferraz_Sallum1_2_Clinicalandmo_en-prompt.txt	OMIM:613826	>10	>10	>10	OMIM:616152	4809	
4146	PMID_36823193_Patient_5_Family_4_en-prompt.txt	OMIM:620451	1	1	1	OMIM:620451	7840	
4147	PMID_36303223_individual_34_PMID_33405344_en-prompt.txt	OMIM:272300	>10	>10	>10	OMIM:617951	4687	
4148	PMID_34722527_individual_fam22_1_Anna_Skorczyk_Werner_Novelgenevari_en-prompt.txt	OMIM:613826	>10	>10	>10	OMIM:204100	4939	1
4149	PMID_28575651_Individual_4_en-prompt.txt	OMIM:617560	1	1	1	OMIM:617560	7245	
4150	PMID_34722527_individual_14_3_Nicole_Weisschuh_Molecularandc_en-prompt.txt	OMIM:613826	>10	>10	>10	ORPHA:98973	4809	1
4151	PMID_27460976_proband_en-prompt.txt	OMIM:606324	>10	>10	>10	OMIM:205100	7343	
4152	STX_G3_P17_en-prompt.txt	OMIM:612164	>10	>10	>10	OMIM:615833	3728	
4153	PMID_36736301_P1_en-prompt.txt	OMIM:620668	>10	>10	>10	OMIM:300645	4062	
4154	PMID_36446582_Goldenberg2016_P20_en-prompt.txt	OMIM:148050	2	2	2	OMIM:617883	5557	1
4155	PMID_37071997_Individual_8_en-prompt.txt	OMIM:616211	>10	>10	>10	ORPHA:464311	7382	
4156	PMID_33045405_Pitt_et_al___2015_B4_1_en-prompt.txt	OMIM:605911	9	9	9	OMIM:229700	4356	
4157	PMID_31021519_individual_SATB2_96_en-prompt.txt	OMIM:612313	1	1	1	ORPHA:576283	6096	
4158	PMID_36074901_15_en-prompt.txt	OMIM:620465	>10	>10	>10	OMIM:615181	3937	
4159	PMID_25835445_7_II_1__en-prompt.txt	OMIM:615582	>10	>10	>10	ORPHA:91387	7015	1
4160	PMID_25142838_P4_en-prompt.txt	OMIM:147920	>10	>10	>10	OMIM:608978	7948	1
4161	PMID_34722527_individual_individual_1_Naeimeh_Tayebi_Targetednextg_en-prompt.txt	OMIM:608194	>10	>10	>10	OMIM:618567	2973	
4162	PMID_12203992_B65_en-prompt.txt	OMIM:154700	>10	>10	>10	OMIM:129600	6801	1
4163	STX_26633542_No_ID_2_en-prompt.txt	OMIM:612164	>10	>10	>10		0	
4164	PMID_34722527_individual_NIL_1_Gerber_S_Completeexon_i_en-prompt.txt	OMIM:613826	>10	1	>10	OMIM:618567	2973	
4165	PMID_23546041_Patient_2_en-prompt.txt	OMIM:101200	3	3	3	ORPHA:93260	7666	1
4166	PMID_32710489_Group_1_Patient_1_en-prompt.txt	OMIM:620155	>10	>10	>10	OMIM:617506	8311	
4167	PMID_26467218_individual_1_De_Filippi_et_al__20_en-prompt.txt	OMIM:613224	1	1	1	OMIM:613224	8035	3
4168	PMID_33731876_fam266_en-prompt.txt	OMIM:613721	>10	>10	>10	OMIM:300672	6510	
4169	PMID_33731876_fam336_en-prompt.txt	OMIM:613721	>10	>10	>10	ORPHA:649	4988	
4170	PMID_34101994_I_2_en-prompt.txt	OMIM:609322	>10	>10	>10	OMIM:613325	2610	
4171	PMID_25168959_Y4_en-prompt.txt	OMIM:614608	9	9	9	OMIM:614609	7713	1
4172	PMID_23063621_individual_V3_en-prompt.txt	OMIM:614931	3	3	3	OMIM:619816	5768	
4173	STX_30182498_Patient_091_en-prompt.txt	OMIM:612164	>10	>10	>10	OMIM:607745	3728	
4174	PMID_30580808_Ind_02_Fam_02_en-prompt.txt	OMIM:618362	>10	>10	>10	OMIM:618371	7975	
4175	PMID_33731876_fam271_en-prompt.txt	OMIM:613721	>10	>10	>10	OMIM:300672	6162	
4176	PMID_31021519_SATB2_38_from_Zarate_et_al__2018a_Scott_et_al_en-prompt.txt	OMIM:612313	1	1	1	ORPHA:576283	6096	
4177	PMID_12789647_K2_II_2_en-prompt.txt	OMIM:142900	1	1	1	OMIM:142900	5563	1
4178	PMID_23993194_Family_5_case_V4_en-prompt.txt	OMIM:615471	1	1	1	OMIM:615471	8224	
4179	PMID_30451291_IV_11_en-prompt.txt	OMIM:300088	4	4	4	ORPHA:177901	4393	
4180	PMID_33731876_fam408_en-prompt.txt	OMIM:613721	>10	>10	>10	ORPHA:599373	5632	
4181	PMID_30356099_Patient_17_en-prompt.txt	OMIM:616211	1	1	1	OMIM:616211	7580	
4182	PMID_37167966_F2_II_1_en-prompt.txt	OMIM:620375	1	1	1	OMIM:620375	5444	
4183	PMID_37196654_Individual_12_en-prompt.txt	OMIM:618505	>10	>10	>10	OMIM:619475	8132	
4184	PMID_36446582_Gnazzo_2020_P13_en-prompt.txt	OMIM:148050	1	1	1	ORPHA:2332	6987	1
4185	PMID_31021519_individual_SATB2_81_en-prompt.txt	OMIM:612313	2	2	2	ORPHA:513456	5937	
4186	PMID_24736735_G114_Sister_en-prompt.txt	OMIM:175700	2	2	2	OMIM:174200	6362	7
4187	PMID_36446582_KBG3_en-prompt.txt	OMIM:148050	1	1	1	ORPHA:2332	7665	1
4188	STX_28944233_261220_en-prompt.txt	OMIM:612164	>10	>10	>10	ORPHA:85278	6258	
4189	PMID_37433783_P5_en-prompt.txt	OMIM:601674	>10	>10	>10	OMIM:619475	7445	
4190	PMID_30580808_Ind_34_Fam_25_en-prompt.txt	OMIM:618362	>10	>10	>10	OMIM:601358	7978	
4191	PMID_37196654_Individual_56__ASP009__en-prompt.txt	OMIM:618505	>10	>10	>10	OMIM:619725	5237	
4192	PMID_33731876_fam40_en-prompt.txt	OMIM:613721	>10	>10	>10	ORPHA:725	4659	
4193	PMID_37196654_Individual_53__SSC_11329_p1__en-prompt.txt	OMIM:618505	>10	>10	>10	ORPHA:811	2977	
4194	PMID_21747628_16_year_old_male_en-prompt.txt	OMIM:151100	4	4	4	OMIM:611553	7740	1
4195	PMID_8188302_IV_2_en-prompt.txt	OMIM:129600	1	1	1	OMIM:129600	7083	2
4196	PMID_28285769_Individual_4_II_3_en-prompt.txt	OMIM:250410	1	1	1	ORPHA:166035	8081	
4197	PMID_37196654_Individual_55__SSC_13446_p1__en-prompt.txt	OMIM:618505	>10	>10	>10	ORPHA:811	2977	
4198	STX_21762454_Patient_1_en-prompt.txt	OMIM:612164	>10	>10	>10	OMIM:618718	5884	
4199	PMID_17534187_HH17_en-prompt.txt	OMIM:142900	1	1	1	OMIM:142900	5563	1
4200	PMID_34521999_27_en-prompt.txt	OMIM:617140	>10	>10	>10	OMIM:619229	8198	
4201	PMID_8282779_III_I_en-prompt.txt	OMIM:612653	1	1	2	OMIM:612653	6349	1
4202	PMID_28132690_Family_E_II_1_en-prompt.txt	OMIM:617425	1	1	1	OMIM:617425	7735	
4203	PMID_37962958_11_en-prompt.txt	OMIM:620535	>10	>10	>10	OMIM:618829	7611	
4204	PMID_9854053_II_2_en-prompt.txt	OMIM:611590	1	1	1	OMIM:611590	7298	
4205	PMID_28069640_Patient_Y_M__VI4__en-prompt.txt	OMIM:620519	1	1	1	OMIM:620519	7536	
4206	PMID_25477417_F13_1_en-prompt.txt	OMIM:248250	1	1	1	OMIM:248250	7238	
4207	PMID_34722527_individual_individual_1_Shiyuan_Wang1_Clinicalandge_en-prompt.txt	OMIM:613826	>10	>10	>10	ORPHA:98973	4939	1
4208	PMID_37710961_Patient_1_en-prompt.txt	OMIM:620748	>10	>10	>10	OMIM:613406	7879	
4209	PMID_31021519_individual_SATB2_106_en-prompt.txt	OMIM:612313	5	5	5	OMIM:618480	5863	
4210	PMID_37761890_10__en-prompt.txt	OMIM:616362	>10	>10	>10	OMIM:620145	6299	
4211	PMID_34722527_individual_JB124_2_Laura_Bryant_Prescreeningwh_en-prompt.txt	OMIM:613826	>10	1	>10	OMIM:618567	2973	
4212	STX_20876469_Patient_1_en-prompt.txt	OMIM:612164	9	9	9	ORPHA:3006	4456	
4213	STX_S014_en-prompt.txt	OMIM:612164	>10	>10	>10	OMIM:300672	6907	
4214	PMID_28258187_Patient_4_en-prompt.txt	OMIM:618343	1	1	1	OMIM:618343	7758	
4215	PMID_15266616_146_en-prompt.txt	OMIM:147791	7	7	7	OMIM:304110	7526	
4216	PMID_29707406_B_III_2_en-prompt.txt	OMIM:606854	>10	>10	>10	ORPHA:300573	5005	
4217	PMID_37303127_3_en-prompt.txt	OMIM:151660	>10	>10	>10	ORPHA:71212	6316	
4218	PMID_22541558_individual_M_2_en-prompt.txt	OMIM:154400	1	1	1	OMIM:154400	7218	3
4219	PMID_36446582_KBG15_en-prompt.txt	OMIM:148050	3	3	3	OMIM:605130	7991	1
4220	PMID_26590883_Patient_NCI_253_1_en-prompt.txt	OMIM:609053	1	1	1	OMIM:609053	8172	1
4221	PMID_29330883_Subject_3_en-prompt.txt	OMIM:616975	3	3	3	OMIM:245600	8106	
4222	PMID_36307226_Proband_17_en-prompt.txt	OMIM:620537	1	1	1	OMIM:620537	6264	
4223	PMID_36331550_Family_14_Patient_19_en-prompt.txt	OMIM:620540	1	1	1	OMIM:620540	7346	
4224	PMID_32376980_11_en-prompt.txt	OMIM:618164	10	10	10	ORPHA:398069	8034	
4225	PMID_12789647_K14_II_1_en-prompt.txt	OMIM:142900	1	1	1	OMIM:142900	5781	
4226	PMID_37196654_Individual_9_en-prompt.txt	OMIM:618505	>10	>10	>10	OMIM:619229	8009	
4227	PMID_36446582_Kim_2015_P2_en-prompt.txt	OMIM:148050	1	1	1	ORPHA:2332	7593	1
4228	PMID_23099195_Patient_4_en-prompt.txt	OMIM:215700	5	5	5	OMIM:207800	5063	
4229	PMID_35484142_F8_P9_en-prompt.txt	OMIM:620460	1	1	1	OMIM:620460	6586	
4230	PMID_36553465_P29_en-prompt.txt	OMIM:606574	>10	>10	>10	ORPHA:79432	6818	5
4231	PMID_25835445_1_II_10_en-prompt.txt	OMIM:615582	>10	>10	>10	OMIM:610168	6107	4
4232	PMID_21131976_EsM5850_en-prompt.txt	OMIM:613717	1	1	1	OMIM:613717	6444	1
4233	PMID_31021519_SATB2_07_from_Zarate_et_al__2018a_en-prompt.txt	OMIM:612313	2	2	2	ORPHA:513456	5937	
4234	STX_29314583_Case_235_en-prompt.txt	OMIM:612164	>10	>10	>10	OMIM:618890	3728	
4235	PMID_35534203_Family_R0036_II_1_en-prompt.txt	OMIM:620744	>10	>10	>10	OMIM:108420	4866	
4236	PMID_15911822_Patient_7_en-prompt.txt	OMIM:234200	1	1	1	OMIM:234200	7459	
4237	PMID_9714438_Park_p253_en-prompt.txt	OMIM:121050	1	1	1	OMIM:121050	7113	
4238	PMID_31239556_individual_33_en-prompt.txt	OMIM:615502	>10	>10	>10	OMIM:309580	8052	
4239	PMID_30847374_V_1_en-prompt.txt	OMIM:620542	1	1	1	OMIM:620542	7205	1
4240	PMID_25835445_1_II_4_en-prompt.txt	OMIM:615582	>10	>10	>10	OMIM:610168	6067	4
4241	PMID_33731876_fam127_en-prompt.txt	OMIM:613721	>10	>10	>10	OMIM:308350	3780	
4242	PMID_36267862_5_month_old_boy_en-prompt.txt	OMIM:150250	1	1	1	OMIM:150250	6495	1
4243	PMID_33731876_fam281_en-prompt.txt	OMIM:613721	>10	>10	>10	OMIM:617333	2319	1
4244	PMID_36355422_IV_8_en-prompt.txt	OMIM:620745	>10	>10	>10	OMIM:620416	5975	
4245	PMID_29469822_Family_3_II_4_en-prompt.txt	OMIM:605275	1	1	1	OMIM:605275	7881	1
4246	PMID_31021519_individual_from_Kaiser_et_al_en-prompt.txt	OMIM:612313	1	1	1	ORPHA:576283	5999	
4247	PMID_31239556_individual_24_en-prompt.txt	OMIM:615502	>10	>10	>10	OMIM:309580	8007	
4248	PMID_36006710_Patient_1_en-prompt.txt	OMIM:620430	1	1	1	OMIM:620430	7422	
4249	PMID_33731876_fam2_en-prompt.txt	OMIM:607745	10	10	10	OMIM:600512	4125	
4250	PMID_33731876_fam130_en-prompt.txt	OMIM:613721	>10	>10	>10	OMIM:615473	3715	
4251	PMID_36446582_Goldenberg2016_P9_en-prompt.txt	OMIM:148050	3	3	3	OMIM:617883	5968	
4252	PMID_35904126_Proband_8_en-prompt.txt	OMIM:620450	7	7	7	OMIM:613707	7024	
4253	PMID_22824774_22824774_P1_en-prompt.txt	OMIM:256810	>10	>10	>10	OMIM:301220	7501	
4254	PMID_36996813_Individual_8_en-prompt.txt	OMIM:620371	1	1	1	OMIM:620371	8137	
4255	STX_BCH_014_en-prompt.txt	OMIM:612164	3	3	3	OMIM:617904	5015	2
4256	PMID_36303223_individual_9_PMID_12112661_en-prompt.txt	OMIM:272300	>10	>10	>10	OMIM:617333	2319	
4257	PMID_35923690_50_1_en-prompt.txt	OMIM:105650	1	1	1	OMIM:105650	7192	1
4258	PMID_35924320_proband_en-prompt.txt	OMIM:620519	1	1	1	OMIM:620519	7539	
4259	PMID_10580070_A_III_11_en-prompt.txt	OMIM:115200	1	1	1	OMIM:115200	5874	
4260	STX_Syrbe_15_en-prompt.txt	OMIM:612164	>10	>10	>10	ORPHA:261537	4863	
4261	PMID_36695497_Individual_4_en-prompt.txt	OMIM:620731	>10	>10	>10	ORPHA:35737	6667	
4262	PMID_26467218_individual_7_Cirstea_et_al__14_en-prompt.txt	OMIM:613224	1	1	1	OMIM:613224	8044	4
4263	PMID_22158539_individual_9_en-prompt.txt	OMIM:139210	1	1	1	OMIM:139210	7810	
4264	PMID_36440963_IV_3_en-prompt.txt	OMIM:620459	1	1	1	OMIM:620459	4903	1
4265	PMID_25142838_P10_en-prompt.txt	OMIM:147920	>10	>10	>10	OMIM:608978	7940	1
4266	PMID_24721225_Patient_III_2_en-prompt.txt	OMIM:301111	1	1	1	OMIM:301111	6963	
4267	PMID_32376980_7_en-prompt.txt	OMIM:618164	>10	>10	>10	OMIM:608643	7010	
4268	PMID_10749987_10749987_P1_en-prompt.txt	OMIM:604377	>10	>10	>10	OMIM:619386	5862	
4269	PMID_29217778_P2_D154_en-prompt.txt	OMIM:159550	>10	>10	>10	OMIM:619041	4385	
4270	PMID_23335590_Subject_3269_en-prompt.txt	OMIM:304110	1	1	1	OMIM:304110	7787	
4271	STX_Syrbe_3_en-prompt.txt	OMIM:612164	8	8	8	OMIM:615859	5753	7
4272	PMID_15266616_151_en-prompt.txt	OMIM:147791	7	7	7	OMIM:304110	7526	
4273	STX_S003_en-prompt.txt	OMIM:612164	>10	>10	>10	OMIM:619229	7848	
4274	PMID_33766796_9_en-prompt.txt	OMIM:620157	>10	>10	>10	OMIM:618286	5498	
4275	PMID_34722527_individual_arRP_F056_8_Leen_Abu_Safieh_Autozygome_guid_en-prompt.txt	OMIM:613826	>10	1	>10	OMIM:618567	2973	
4276	PMID_37875108_Patient_7_en-prompt.txt	OMIM:301115	>10	>10	>10	OMIM:619423	6839	
4277	PMID_12789647_K16_IV_2_en-prompt.txt	OMIM:142900	1	1	1	OMIM:142900	5810	1
4278	PMID_36446582_Jin_Kim_2020_P2_en-prompt.txt	OMIM:148050	1	1	1	ORPHA:2332	6780	1
4279	PMID_33731876_fam1181_en-prompt.txt	OMIM:613721	>10	>10	>10	OMIM:300624	4287	
4280	PMID_29122497_29122497_P4_en-prompt.txt	OMIM:616370	>10	>10	>10	ORPHA:280219	6774	
4281	PMID_36446582_Khalifa_2013_P1B_en-prompt.txt	OMIM:148050	1	1	1	ORPHA:2332	7660	1
4282	PMID_35344616_A3_en-prompt.txt	OMIM:268310	1	1	1	OMIM:268310	7843	1
4283	STX_25818041_Patient_20_en-prompt.txt	OMIM:612164	10	10	10	ORPHA:1942	4832	
4284	PMID_32376980_28_en-prompt.txt	OMIM:618164	>10	>10	>10	OMIM:610443	7402	
4285	PMID_16965330_patient_1_en-prompt.txt	OMIM:240300	1	1	1	OMIM:240300	6710	
4286	PMID_19800048_IV_4_en-prompt.txt	OMIM:300804	1	1	1	OMIM:300804	7197	
4287	PMID_25142838_P5_1_en-prompt.txt	OMIM:147920	>10	>10	>10	OMIM:608978	7948	1
4288	PMID_30612693_5_en-prompt.txt	OMIM:618443	4	4	4	ORPHA:98754	6363	
4289	STX_32521962_P14_en-prompt.txt	OMIM:612164	>10	>10	>10	OMIM:616973	3728	
4290	PMID_29388673_Fam_5_III_1_en-prompt.txt	OMIM:617560	10	10	10	OMIM:619286	7763	
4291	PMID_34521999_44_en-prompt.txt	OMIM:617140	>10	>10	>10	OMIM:619229	8160	
4292	PMID_37433783_P11_en-prompt.txt	OMIM:601674	>10	>10	>10	OMIM:616354	7237	
4293	PMID_12058348_Patient_6_en-prompt.txt	OMIM:151100	1	1	1	ORPHA:500	7398	1
4294	STX_30283815_Patient_16_en-prompt.txt	OMIM:612164	>10	>10	>10	OMIM:614052	4781	
4295	PMID_33731876_fam23_en-prompt.txt	OMIM:613721	>10	>10	>10	ORPHA:599373	4668	
4296	PMID_15731757_Family_3_II_1_en-prompt.txt	OMIM:610168	1	1	1	OMIM:610168	7630	1
4297	PMID_19208399_Patient_II_3_en-prompt.txt	OMIM:167320	2	2	2	OMIM:615422	7355	
4298	PMID_21236492_Individual_P7_en-prompt.txt	OMIM:614199	>10	>10	>10	OMIM:609049	7811	
4299	PMID_37075751_Individual_1_en-prompt.txt	OMIM:616462	1	1	1	OMIM:616462	7498	
4300	STX_26865513_Patient_12_en-prompt.txt	OMIM:612164	>10	>10	>10	ORPHA:457351	5652	
4301	PMID_21683322_6_en-prompt.txt	OMIM:614185	1	1	1	OMIM:614185	6795	
4302	PMID_33633439_5485_I_1_en-prompt.txt	OMIM:620731	>10	>10	>10	OMIM:613703	6249	2
4303	PMID_29469822_Family_2_II_5_en-prompt.txt	OMIM:605275	1	1	1	OMIM:605275	8183	3
4304	PMID_35977029_family_3_en-prompt.txt	OMIM:620494	2	2	2	OMIM:619005	6147	
4305	PMID_37196654_Individual_71_en-prompt.txt	OMIM:618505	>10	>10	>10	OMIM:614756	8113	
4306	PMID_21217753_Fam_1_IV_7_en-prompt.txt	OMIM:613795	2	2	2	OMIM:619656	6982	
4307	PMID_24736735_G15198__en-prompt.txt	OMIM:175700	1	1	1	OMIM:175700	6803	2
4308	PMID_30580808_Machol_Ind_8_Fam_38_en-prompt.txt	OMIM:618362	>10	>10	>10	OMIM:135900	7980	
4309	PMID_36446582_Novara_2017_P8_en-prompt.txt	OMIM:148050	>10	>10	>10	OMIM:620305	7081	
4310	PMID_36307226_Proband_5_en-prompt.txt	OMIM:620537	1	1	1	OMIM:620537	4927	
4311	PMID_36553465_P10_en-prompt.txt	OMIM:606574	8	8	8	ORPHA:79432	6818	
4312	PMID_28331220_Patient_2_en-prompt.txt	OMIM:617425	7	7	7	ORPHA:15	7327	
4313	PMID_33731876_fam212_en-prompt.txt	OMIM:613721	>10	>10	>10	ORPHA:404448	6210	
4314	PMID_29050398_P15_en-prompt.txt	OMIM:620540	1	1	1	OMIM:620540	7071	
4315	PMID_33731876_fam342_en-prompt.txt	OMIM:613721	>10	>10	>10	OMIM:618437	2356	
4316	PMID_30057029_Individual_10_en-prompt.txt	OMIM:618089	>10	>10	>10	ORPHA:280633	8319	
4317	PMID_28413018_B_III_1_en-prompt.txt	OMIM:617527	1	1	1	OMIM:617527	8005	
4318	PMID_10580070_D_III_3_en-prompt.txt	OMIM:115200	1	1	1	OMIM:115200	5748	
4319	STX_EG0907P_en-prompt.txt	OMIM:612164	>10	>10	>10	OMIM:616973	6176	
4320	PMID_21696388_IV_6_en-prompt.txt	OMIM:606693	9	9	9	OMIM:254780	5480	
4321	PMID_31021519_SATB2_14_from_Zarate_et_al__2018a_en-prompt.txt	OMIM:612313	2	2	2	ORPHA:513456	5937	
4322	PMID_31527767_III_12_en-prompt.txt	OMIM:129600	1	1	1	OMIM:129600	5653	
4323	PMID_26805781_Family_2_Subject2_II_1_en-prompt.txt	OMIM:616878	1	1	1	OMIM:616878	7177	
4324	PMID_24736735_G085__en-prompt.txt	OMIM:146510	3	3	3	OMIM:174200	6205	
4325	PMID_10756346_D22_en-prompt.txt	OMIM:154700	>10	>10	>10	OMIM:617168	5927	1
4326	PMID_33731876_fam205_en-prompt.txt	OMIM:613721	>10	>10	>10	OMIM:259050	2524	
4327	PMID_33731876_fam355_en-prompt.txt	OMIM:613721	>10	>10	>10	ORPHA:649	4478	
4328	PMID_34421895_P2_en-prompt.txt	OMIM:619375	2	2	2	ORPHA:183675	7181	
4329	PMID_36446582_Ockeloen2015_P11_en-prompt.txt	OMIM:148050	2	2	2	ORPHA:228402	6614	1
4330	STX_G3_P5_en-prompt.txt	OMIM:612164	>10	>10	>10	OMIM:615833	3728	
4331	PMID_28513613_family_1_en-prompt.txt	OMIM:617297	>10	>10	>10	OMIM:245660	4315	
4332	PMID_21217753_Fam_3_II_4_en-prompt.txt	OMIM:613795	2	2	2	OMIM:619656	6929	
4333	PMID_36446582_Parenti2021_P22_en-prompt.txt	OMIM:148050	1	1	1	ORPHA:2332	7868	1
4334	STX_24781210_Patient_9_en-prompt.txt	OMIM:612164	1	1	1	ORPHA:599373	5166	
4335	PMID_22772371_TAA288_III_3_en-prompt.txt	OMIM:614816	5	5	5	OMIM:219100	5086	
4336	PMID_37962958_6_en-prompt.txt	OMIM:620535	>10	>10	>10	ORPHA:466950	7807	
4337	PMID_28007986_A_VI4__en-prompt.txt	OMIM:617527	1	1	1	OMIM:617527	7404	
4338	PMID_29483676_proband_en-prompt.txt	OMIM:616224	>10	>10	>10	OMIM:608930	7259	5
4339	PMID_34722527_individual_individual_5_Elena_Vallespin_Mutationscreen_en-prompt.txt	OMIM:608194	>10	>10	>10	OMIM:618567	2973	
4340	PMID_32730804_Individual_5_en-prompt.txt	OMIM:620511	1	1	1	OMIM:620511	7732	
4341	PMID_33731876_fam109_en-prompt.txt	OMIM:613721	>10	>10	>10	OMIM:619606	5792	
4342	PMID_29351582_29351582_P1_en-prompt.txt	OMIM:604377	>10	>10	>10	ORPHA:276241	6526	
4343	PMID_36718090_Patient_2_en-prompt.txt	OMIM:620416	1	1	1	OMIM:620416	7616	
4344	PMID_31949313_F6_II_1_en-prompt.txt	OMIM:147920	>10	>10	>10	ORPHA:163956	6121	
4345	PMID_21683322_14_en-prompt.txt	OMIM:614185	1	1	1	OMIM:614185	6844	
4346	PMID_33731876_fam34_en-prompt.txt	OMIM:613721	>10	>10	>10	OMIM:617105	6569	
4347	PMID_36446582_VanDongen2019_P9_en-prompt.txt	OMIM:148050	>10	>10	>10	OMIM:617333	4225	
4348	PMID_18669544_FO_08_en-prompt.txt	OMIM:209900	5	5	5	OMIM:610156	6763	2
4349	PMID_22940089_PT2_en-prompt.txt	OMIM:209900	7	7	7	ORPHA:90349	6940	2
4350	PMID_27672653_Individual_2_en-prompt.txt	OMIM:231670	1	1	1	ORPHA:25	7603	1
4351	PMID_18551513_14_en-prompt.txt	OMIM:613205	1	1	1	OMIM:613205	6721	3
4352	PMID_37880421_Family_5_II_1_en-prompt.txt	OMIM:620653	>10	>10	>10	ORPHA:468631	7728	
4353	STX_23409955_Patient_F_en-prompt.txt	OMIM:612164	2	2	2	ORPHA:31709	4375	
4354	PMID_31021519_SATB2_79_from_Zarate_et_al__2018a_Scott_et_al_en-prompt.txt	OMIM:612313	1	1	1	ORPHA:576283	6035	
4355	PMID_24369382_Family_1_II_2_en-prompt.txt	OMIM:614322	1	1	1	OMIM:614322	6756	
4356	PMID_36553465_P2_en-prompt.txt	OMIM:606574	>10	>10	>10	ORPHA:79432	6941	1
4357	PMID_22772371_TAA288_III_11_en-prompt.txt	OMIM:614816	2	2	2	OMIM:129600	6608	
4358	PMID_15945070_7_month_old_girl_en-prompt.txt	OMIM:608776	1	1	1	OMIM:608776	7297	
4359	PMID_24355708_IHG25190_individual_2_en-prompt.txt	OMIM:215470	8	8	8	OMIM:613728	7982	1
4360	PMID_14994243_14994243_P1_en-prompt.txt	OMIM:604377	>10	>10	>10	ORPHA:444013	6515	
4361	PMID_33731876_fam89_en-prompt.txt	OMIM:607745	>10	1	>10	ORPHA:101046	4048	1
4362	PMID_29469822_Family_1_II_2_en-prompt.txt	OMIM:605275	1	1	1	OMIM:605275	8006	1
4363	PMID_36446582_Scarano_2013_P1_en-prompt.txt	OMIM:148050	1	1	1	ORPHA:2332	7704	1
4364	STX_30842224_Patient_2_en-prompt.txt	OMIM:612164	>10	>10	>10	ORPHA:505652	4517	
4365	PMID_25216260_Family_2_Patient_3_en-prompt.txt	OMIM:142900	1	1	1	OMIM:142900	6305	1
4366	PMID_27040691_Individual_8_1_en-prompt.txt	OMIM:616900	1	1	1	ORPHA:488632	7693	
4367	PMID_36446582_Sirmaci2011_P2_F1__previously_published_Tekin_2004_en-prompt.txt	OMIM:148050	1	1	1	OMIM:148050	7668	
4368	STX_S007_en-prompt.txt	OMIM:612164	>10	>10	>10	ORPHA:64	7861	
4369	PMID_21683322_29_en-prompt.txt	OMIM:102370	>10	>10	>10	OMIM:614185	6919	
4370	PMID_28074573_ADL1_en-prompt.txt	OMIM:163950	7	7	7	ORPHA:247768	6764	1
4371	PMID_37875108_Patient_3_en-prompt.txt	OMIM:301115	>10	>10	>10	OMIM:618963	6935	
4372	PMID_36303223_individual_3_PMID_10519592_en-prompt.txt	OMIM:272300	>10	>10	>10	OMIM:252160	7119	1
4373	STX_26514728_Patient_23_en-prompt.txt	OMIM:612164	>10	>10	>10	OMIM:300672	5078	2
4374	PMID_34722527_individual_individual_6_Juliana_Maria_Ferraz_Sallum1_3_Clinicalandmo_en-prompt.txt	OMIM:613826	>10	>10	>10	ORPHA:98973	4809	1
4375	PMID_30580808_Ind_13_Fam_13_en-prompt.txt	OMIM:618362	>10	>10	>10	OMIM:135900	7960	
4376	PMID_22956686_18_IV_1_en-prompt.txt	OMIM:614923	>10	>10	>10	ORPHA:1942	6344	
4377	PMID_25477417_F8_1_en-prompt.txt	OMIM:248250	1	1	1	OMIM:248250	7238	
4378	PMID_35923690_50_5_en-prompt.txt	OMIM:105650	2	2	2	OMIM:610629	7017	1
4379	PMID_28132693_individual_3_GC17880_en-prompt.txt	OMIM:617433	1	1	1	OMIM:617433	5948	2
4380	PMID_10580070_A_III_15_en-prompt.txt	OMIM:115200	1	1	1	OMIM:115200	5287	
4381	PMID_28318500_1_II_1_en-prompt.txt	OMIM:617478	1	1	1	OMIM:617478	7986	
4382	PMID_24736735_G115__en-prompt.txt	OMIM:175700	1	1	1	OMIM:175700	6803	3
4383	PMID_33731876_fam1138_en-prompt.txt	OMIM:607745	>10	>10	>10	ORPHA:569	2499	1
4384	PMID_32376980_3_en-prompt.txt	OMIM:618164	>10	>10	>10	OMIM:619833	7531	
4385	PMID_31527767_III_7_en-prompt.txt	OMIM:129600	1	1	1	OMIM:129600	5653	
4386	PMID_36544606_male_infant_en-prompt.txt	OMIM:163950	>10	>10	>10	OMIM:620014	7643	1
4387	PMID_36446582_KBG10B_en-prompt.txt	OMIM:148050	1	1	1	ORPHA:2332	8192	
4388	PMID_29379197_CDL038_en-prompt.txt	OMIM:620568	3	3	3	OMIM:300887	6884	1
4389	PMID_33731876_fam368_en-prompt.txt	OMIM:613721	>10	>10	>10	ORPHA:1001	5116	
4390	PMID_34722527_individual_individual_1_Shiyuan_Wang4_Clinicalandge_en-prompt.txt	OMIM:613826	>10	>10	>10	OMIM:613835	4939	1
4391	PMID_33731876_fam238_en-prompt.txt	OMIM:613721	>10	>10	>10	ORPHA:91131	5501	
4392	PMID_23643385_23643385_P1_en-prompt.txt	OMIM:608910	>10	>10	>10	OMIM:608908	3078	
4393	STX_BCH_010_en-prompt.txt	OMIM:612164	>10	>10	>10	ORPHA:163721	4537	1
4394	PMID_4045952_IV_5_en-prompt.txt	OMIM:301310	1	1	1	OMIM:301310	7104	1
4395	PMID_33731876_fam189_en-prompt.txt	OMIM:613721	>10	>10	>10	OMIM:614558	5754	
4396	PMID_31021519_SATB2_48_from_Zarate_et_al__2018a_en-prompt.txt	OMIM:612313	3	3	3	OMIM:618480	5735	
4397	PMID_26453364_Patient_1_en-prompt.txt	OMIM:608776	1	1	1	OMIM:608776	7873	2
4398	PMID_24498630_ISR2_en-prompt.txt	OMIM:246200	1	1	1	ORPHA:508	8060	2
4399	STX_26865513_Patient_38_en-prompt.txt	OMIM:612164	>10	>10	>10	OMIM:610042	6678	
4400	PMID_25480986_individual_D_1_en-prompt.txt	OMIM:275400	9	9	9	OMIM:245800	8139	1
4401	PMID_24665001_Patient_2_en-prompt.txt	OMIM:616914	2	2	2	OMIM:129600	7451	
4402	PMID_33731876_fam134_en-prompt.txt	OMIM:613721	>10	>10	>10	OMIM:259050	2524	
4403	PMID_33731876_fam6_en-prompt.txt	OMIM:607745	>10	>10	>10	OMIM:301066	4125	
4404	PMID_12161596_Patient_3_en-prompt.txt	OMIM:151100	1	1	1	OMIM:151100	7362	
4405	PMID_33731876_fam292_en-prompt.txt	OMIM:607745	>10	1	>10	ORPHA:500545	2499	1
4406	PMID_12203992_D55_en-prompt.txt	OMIM:154700	>10	>10	>10	OMIM:236200	3653	1
4407	PMID_34722527_individual_individual_1_Juliana_Maria_Ferraz_Sallum1_7_Clinicalandmo_en-prompt.txt	OMIM:613826	>10	>10	>10	ORPHA:98973	4809	1
4408	PMID_29217778_P3_US1_en-prompt.txt	OMIM:159550	>10	>10	>10	OMIM:619041	4385	
4409	STX_31487502_Patient_56_en-prompt.txt	OMIM:612164	>10	>10	>10	ORPHA:163721	5369	
4410	PMID_31239556_individual_37_en-prompt.txt	OMIM:615502	>10	>10	>10	OMIM:309580	8046	
4411	PMID_15911822_Patient_3_en-prompt.txt	OMIM:234200	1	1	1	OMIM:234200	7459	
4412	PMID_33731876_fam123_en-prompt.txt	OMIM:613721	>10	>10	>10	OMIM:617333	3556	
4413	PMID_36074124_2_IV_1_en-prompt.txt	OMIM:620570	1	1	1	OMIM:620570	6892	
4414	PMID_23388215_Proband_2_en-prompt.txt	OMIM:616249	2	2	2	OMIM:616247	1642	
4415	PMID_9817917_Family_8_individual_13073_en-prompt.txt	OMIM:222300	1	1	1	OMIM:222300	7481	2
4416	PMID_28940506_Family_12_Individual_13_en-prompt.txt	OMIM:615471	7	7	7	OMIM:620371	8340	2
4417	PMID_12789647_K15_IV_1_en-prompt.txt	OMIM:142900	1	1	1	OMIM:142900	5810	1
4418	PMID_24736735_G003__en-prompt.txt	OMIM:175700	2	2	2	OMIM:174200	6362	4
4419	PMID_24736735_G016__en-prompt.txt	OMIM:175700	1	1	1	OMIM:175700	6801	7
4420	PMID_11179005_4__F__en-prompt.txt	OMIM:311200	1	1	1	OMIM:311200	7099	
4421	STX_BCH_007_en-prompt.txt	OMIM:612164	5	5	5	OMIM:616973	4348	3
4422	PMID_36307226_Proband_13_en-prompt.txt	OMIM:620537	1	1	1	OMIM:620537	6283	
4423	PMID_29330883_Subject_7_en-prompt.txt	OMIM:616975	1	1	1	OMIM:616975	7983	
4424	PMID_8188302_III_5_en-prompt.txt	OMIM:129600	1	1	1	OMIM:129600	7083	1
4425	PMID_36446582_KBG11_en-prompt.txt	OMIM:148050	3	3	3	OMIM:605130	8215	
4426	PMID_16429406_first_patient_en-prompt.txt	OMIM:227645	6	6	6	OMIM:605724	6164	1
4427	PMID_7607663_Patient_0542_en-prompt.txt	OMIM:162200	1	1	1	OMIM:162200	6208	1
4428	PMID_27087320_Subject_4_en-prompt.txt	OMIM:616975	1	1	1	OMIM:616975	8278	
4429	PMID_32376980_15_en-prompt.txt	OMIM:618164	>10	>10	>10	OMIM:616462	8122	
4430	PMID_37761890_4__en-prompt.txt	OMIM:616362	>10	>10	>10	OMIM:607721	6316	
4431	PMID_33633439_1267_II_1_en-prompt.txt	OMIM:620731	>10	>10	>10	OMIM:615179	5821	
4432	PMID_33045405_Pitt_et_al___2015_A1_2_en-prompt.txt	OMIM:605911	1	1	1	OMIM:605911	5369	
4433	PMID_10939567_Spo29_en-prompt.txt	OMIM:181350	1	1	1	ORPHA:98853	7000	1
4434	PMID_25835445_5_II_1__en-prompt.txt	OMIM:615582	10	10	10	OMIM:614557	7116	1
4435	PMID_15266616_142_en-prompt.txt	OMIM:147791	7	7	7	OMIM:304110	7526	
4436	STX_s010_en-prompt.txt	OMIM:612164	7	7	7	ORPHA:95232	7299	
4437	PMID_34722527_individual_048_079_2_Thaddeus_P__Dryja_Null_RPGRIP1_Al_en-prompt.txt	OMIM:613826	>10	>10	>10	ORPHA:319332	4809	4
4438	PMID_29196670_Patient_8_en-prompt.txt	OMIM:613254	1	1	1	OMIM:613254	7721	1
4439	PMID_34722527_individual_EYE55_2_Katsuhiro_Hosono_MolecularDiagn_en-prompt.txt	OMIM:613826	>10	>10	>10	ORPHA:98973	4809	1
4440	PMID_21217753_Fam_1_IV_17_en-prompt.txt	OMIM:613795	2	2	2	OMIM:619656	6982	2
4441	PMID_33578420_1_year_old_female_en-prompt.txt	OMIM:620528	2	2	2	OMIM:605726	7141	4
4442	PMID_36440963_III_2_en-prompt.txt	OMIM:620459	1	1	1	OMIM:620459	4108	1
4443	PMID_29707406_B_III_6_en-prompt.txt	OMIM:606854	>10	>10	>10	ORPHA:300573	5005	
4444	PMID_21131976_EsM10408_en-prompt.txt	OMIM:613717	1	1	1	OMIM:613717	6444	1
4445	PMID_37761890_17__en-prompt.txt	OMIM:616362	>10	>10	>10	OMIM:613443	5156	
4446	PMID_26467218_individual_9_M_Cirstea_et_al__14_en-prompt.txt	OMIM:613224	1	1	1	OMIM:613224	7758	2
4447	PMID_18551513_10_en-prompt.txt	OMIM:613205	1	1	1	OMIM:613205	6861	
4448	PMID_22772368_2_II_1_en-prompt.txt	OMIM:614816	1	1	1	OMIM:614816	7260	2
4449	STX_HSJD_Patient_7_en-prompt.txt	OMIM:612164	2	2	2	ORPHA:459070	5107	
4450	PMID_37352860_Individual_1A_en-prompt.txt	OMIM:620663	1	1	1	OMIM:620663	7902	
4451	PMID_36553465_P6_en-prompt.txt	OMIM:606574	8	8	8	ORPHA:79432	6818	1
4452	PMID_10939567_EMD3_IV_7_en-prompt.txt	OMIM:181350	3	3	3	ORPHA:267	6465	1
4453	PMID_22541558_individual_J_1_en-prompt.txt	OMIM:154400	1	1	1	ORPHA:245	7119	1
4454	PMID_36446582_Parenti2021_P8_en-prompt.txt	OMIM:148050	1	1	1	ORPHA:2332	8040	
4455	STX_23409955_Patient_B_en-prompt.txt	OMIM:612164	>10	>10	>10	OMIM:616973	7546	
4456	PMID_29388673_Fam_3_III_2_en-prompt.txt	OMIM:617560	7	7	7	OMIM:615281	6590	2
4457	PMID_15214011_5_year_old_girl_en-prompt.txt	OMIM:154500	2	2	2	OMIM:613717	6281	2
4458	PMID_32853638_Patient_2_en-prompt.txt	OMIM:619375	>10	>10	>10	OMIM:610798	6267	
4459	PMID_36446582_Scarano_2013_P5_en-prompt.txt	OMIM:148050	2	2	2	OMIM:617694	7456	
4460	PMID_23972372_family_2_V_1_en-prompt.txt	OMIM:174300	1	1	1	ORPHA:2919	7811	
4461	PMID_31859446_second_case_en-prompt.txt	OMIM:620719	>10	>10	>10	OMIM:615873	7625	
4462	PMID_36073542_individual_4_en-prompt.txt	OMIM:620774	>10	>10	>10	OMIM:619428	7703	
4463	STX_30185235_Case_151_en-prompt.txt	OMIM:612164	>10	>10	>10	ORPHA:79326	4086	
4464	PMID_34521999_4_en-prompt.txt	OMIM:617140	>10	>10	>10	OMIM:619229	8213	
4465	PMID_10942416_Patient_en-prompt.txt	OMIM:611590	2	2	2	OMIM:179800	6156	
4466	PMID_21683322_10_en-prompt.txt	OMIM:614185	1	1	1	OMIM:614185	6837	
4467	PMID_15781812_individual_146_en-prompt.txt	OMIM:620681	>10	>10	>10	ORPHA:168491	4606	
4468	PMID_10580070_D_II_4_en-prompt.txt	OMIM:115200	1	1	1	ORPHA:300751	5287	
4469	PMID_36517554_patient_1_en-prompt.txt	OMIM:620603	1	1	1	OMIM:620603	7347	
4470	PMID_33087723_A1_en-prompt.txt	OMIM:619375	1	1	1	OMIM:619375	6787	
4471	PMID_17661815_Patient_B_II_2_en-prompt.txt	OMIM:214800	1	1	1	ORPHA:138	8084	
4472	PMID_33731876_fam30_en-prompt.txt	OMIM:613721	>10	>10	>10	OMIM:614558	5687	
4473	PMID_10805329_10805329_P3_en-prompt.txt	OMIM:604377	3	3	3	OMIM:619424	7457	
4474	PMID_27672653_Individual_6_en-prompt.txt	OMIM:231670	1	1	1	ORPHA:25	7603	1
4475	PMID_26437932_26437932_P1_en-prompt.txt	OMIM:256810	>10	>10	>10	OMIM:620068	6492	
4476	PMID_20358596_Patient_C_en-prompt.txt	OMIM:123000	1	1	1	OMIM:123000	6193	1
4477	PMID_32730804_Individual_1_en-prompt.txt	OMIM:620511	1	1	1	OMIM:620511	7120	
4478	PMID_37962958_2_en-prompt.txt	OMIM:620535	>10	>10	>10	ORPHA:466950	7541	
4479	PMID_17534187_HH8_en-prompt.txt	OMIM:142900	1	1	1	OMIM:142900	5307	1
4480	PMID_31239556_individual_19_en-prompt.txt	OMIM:615502	>10	>10	>10	OMIM:309580	8048	
4481	PMID_9714438_Park_p279_en-prompt.txt	OMIM:121050	1	1	1	OMIM:121050	7113	
4482	PMID_34722527_individual_MEP50_12_Martin_McKibbin_Genotype_Phenot_en-prompt.txt	OMIM:613826	>10	>10	>10	ORPHA:98973	4809	1
4483	PMID_33731876_fam351_en-prompt.txt	OMIM:613721	>10	>10	>10	ORPHA:1713	2977	
4484	PMID_37660254_Patient_3_en-prompt.txt	OMIM:620669	>10	>10	>10	ORPHA:157846	7625	
4485	PMID_33731876_fam201_en-prompt.txt	OMIM:613721	>10	>10	>10	ORPHA:1935	4321	
4486	PMID_25411445_Patient_2_en-prompt.txt	OMIM:616211	1	1	1	OMIM:616211	7673	
4487	PMID_10939567_EMD2_II_3_en-prompt.txt	OMIM:181350	2	2	2	ORPHA:98855	6700	1
4488	PMID_36446582_Ockeloen2015_P15_en-prompt.txt	OMIM:148050	2	2	2	OMIM:617883	6303	1
4489	PMID_17661815_Patient_A_III_3_en-prompt.txt	OMIM:214800	1	1	1	ORPHA:138	8165	1
4490	PMID_10580070_C_III_4_en-prompt.txt	OMIM:115200	1	1	1	ORPHA:300751	5874	1
4491	PMID_36303223_individual_28_PMID_33335014_en-prompt.txt	OMIM:272300	>10	>10	>10	OMIM:615501	6797	1
4492	PMID_30057029_Individual_14_en-prompt.txt	OMIM:618089	>10	>10	>10	ORPHA:280633	8313	
4493	PMID_4045952_IV_12_en-prompt.txt	OMIM:301310	1	1	1	OMIM:301310	6925	1
4494	PMID_33731876_fam346_en-prompt.txt	OMIM:613721	>10	>10	>10	OMIM:619775	5330	
4495	PMID_33731876_fam216_en-prompt.txt	OMIM:613721	>10	>10	>10	OMIM:608097	6290	
4496	PMID_36553465_P14_en-prompt.txt	OMIM:606574	8	8	8	ORPHA:79432	6818	1
4497	PMID_36331550_Family_21_Patient_26_en-prompt.txt	OMIM:620540	1	1	1	OMIM:620540	7395	
4498	PMID_15266616_34_en-prompt.txt	OMIM:147791	7	7	7	OMIM:304110	7526	3
4499	PMID_36927955_proband_en-prompt.txt	OMIM:301114	>10	>10	>10	OMIM:620351	7743	
4500	PMID_35962790_Family_A_Individual_1__II_1__en-prompt.txt	OMIM:620545	1	1	1	OMIM:620545	7967	
4501	PMID_10580070_D_III_7_en-prompt.txt	OMIM:115200	1	1	1	ORPHA:300751	5748	
4502	PMID_16917909_667_3_en-prompt.txt	OMIM:142900	>10	>10	>10	OMIM:620203	5335	
4503	PMID_36747105_proband_en-prompt.txt	OMIM:620535	1	1	1	OMIM:620535	7734	
4504	PMID_28940506_Family_5_Individual_6_en-prompt.txt	OMIM:615471	1	1	1	OMIM:615471	8349	1
4505	PMID_21683322_2_en-prompt.txt	OMIM:614185	1	1	1	OMIM:614185	7329	
4506	STX_26865513_Patient_16_en-prompt.txt	OMIM:612164	6	6	6	OMIM:300243	5103	
4507	PMID_28969374_Family_1_1507278_Pt1_en-prompt.txt	OMIM:617560	>10	>10	>10	OMIM:617951	7420	
4508	PMID_33633439_18739_I_1_en-prompt.txt	OMIM:620731	>10	>10	>10	OMIM:613703	6249	2
4509	PMID_24369382_Family_2_II_1_en-prompt.txt	OMIM:614322	1	1	1	OMIM:614322	6578	
4510	PMID_36303223_individual_32_PMID_34025712_en-prompt.txt	OMIM:272300	1	1	1	OMIM:272300	7280	1
4511	PMID_34722527_individual_MEP3_14_Martin_McKibbin_Genotype_Phenot_en-prompt.txt	OMIM:613826	>10	>10	>10	ORPHA:98973	4809	1
4512	PMID_36446582_Sayed_2020_P2_en-prompt.txt	OMIM:148050	1	1	1	ORPHA:2332	6835	
4513	PMID_21217753_Fam_1_IV_3_en-prompt.txt	OMIM:613795	4	4	4	ORPHA:90348	5488	5
4514	PMID_21683322_27_a_en-prompt.txt	OMIM:102370	>10	>10	>10	OMIM:614185	6226	2
4515	PMID_19864201_Case_3_en-prompt.txt	OMIM:151100	2	2	2	OMIM:601154	7649	1
4516	PMID_37196654_Individual_75_en-prompt.txt	OMIM:618505	>10	>10	>10	OMIM:300967	6535	
4517	PMID_36307226_Proband_1_en-prompt.txt	OMIM:620537	1	1	1	OMIM:620537	6170	
4518	PMID_25868664_Family_15_Case_16_en-prompt.txt	OMIM:615471	>10	>10	>10	OMIM:270400	8232	4
4519	PMID_28413018_C_III_1_en-prompt.txt	OMIM:617527	1	1	1	OMIM:617527	7975	
4520	PMID_37433783_P15_en-prompt.txt	OMIM:601674	>10	>10	>10	OMIM:618090	6658	
4521	PMID_34521999_40_en-prompt.txt	OMIM:617140	>10	>10	>10	OMIM:619229	8192	
4522	PMID_32083401_Patient_3_en-prompt.txt	OMIM:147920	>10	>10	>10	ORPHA:648	8021	7
4523	PMID_10939567_Spo10_en-prompt.txt	OMIM:181350	4	4	4	ORPHA:267	6972	1
4524	PMID_12058348_Patient_2_en-prompt.txt	OMIM:151100	1	1	1	ORPHA:500	7398	
4525	PMID_18256394_9_en-prompt.txt	OMIM:176670	1	1	1	ORPHA:740	7762	3
4526	PMID_33731876_fam27_en-prompt.txt	OMIM:613721	>10	>10	>10	ORPHA:3006	5577	
4527	PMID_36446582_Isrie_2012_P1_en-prompt.txt	OMIM:148050	>10	>10	>10	OMIM:617976	7170	2
4528	PMID_37075751_Individual_5_en-prompt.txt	OMIM:616462	1	1	1	OMIM:616462	7497	
4529	PMID_21236492_Individual_P3_en-prompt.txt	OMIM:614199	>10	>10	>10	OMIM:609049	7811	
4530	PMID_34722527_individual_individual_6_Arif_O_Khan_TheRPGRIP1_rel_en-prompt.txt	OMIM:613826	>10	>10	>10	OMIM:613835	4939	
4531	PMID_35344616_A7_en-prompt.txt	OMIM:268310	1	1	1	OMIM:268310	7861	1
4532	PMID_28886341_Individual_F2_II_5_en-prompt.txt	OMIM:617694	1	1	1	OMIM:617694	7974	
4533	PMID_36446582_KBG28_en-prompt.txt	OMIM:148050	>10	>10	>10	OMIM:605130	8059	
4534	PMID_16965330_patient_5_en-prompt.txt	OMIM:240300	1	1	1	ORPHA:3453	6281	
4535	STX_EG0542P_en-prompt.txt	OMIM:612164	>10	>10	>10	ORPHA:79243	5223	
4536	PMID_31021519_DGAP211_from_Talkowski_et_al_en-prompt.txt	OMIM:612313	>10	>10	>10	OMIM:616809	4700	
4537	PMID_30612693_1_en-prompt.txt	OMIM:618443	1	1	1	OMIM:618443	6545	
4538	PMID_12818525_A_III_3_en-prompt.txt	OMIM:142900	1	1	1	OMIM:142900	6120	1
4539	PMID_31332438_B_II_2_en-prompt.txt	OMIM:620528	4	4	4	OMIM:606595	6762	
4540	PMID_29388673_Fam_4_III_1_en-prompt.txt	OMIM:617560	>10	>10	>10	OMIM:619286	7797	
4541	STX_32521962_P10_en-prompt.txt	OMIM:612164	1	1	1	OMIM:612164	5557	5
4542	PMID_31239556_individual_22_father_en-prompt.txt	OMIM:615502	>10	>10	>10	OMIM:309580	8027	
4543	PMID_15266616_152_en-prompt.txt	OMIM:147791	7	7	7	OMIM:304110	7526	
4544	PMID_25216260_Family_2_Patient_4_en-prompt.txt	OMIM:142900	3	3	3	OMIM:615272	6305	1
4545	STX_30842224_Patient_5_en-prompt.txt	OMIM:612164	>10	>10	>10	OMIM:614104	4078	
4546	PMID_32404357_II_3_en-prompt.txt	OMIM:129600	1	1	1	OMIM:129600	7095	
4547	PMID_34722527_individual_3EYE65_4_Daisuke_Miyamichi_Retinalstructu_en-prompt.txt	OMIM:613826	>10	>10	>10	OMIM:613835	4939	
4548	PMID_29122497_29122497_P7_en-prompt.txt	OMIM:616370	>10	>10	>10	ORPHA:280219	6870	
4549	STX_26514728_Patient_24_en-prompt.txt	OMIM:612164	>10	>10	>10	OMIM:617904	4798	
4550	PMID_12789647_K16_IV_1_en-prompt.txt	OMIM:142900	1	1	1	OMIM:142900	5810	1
4551	PMID_37875108_Patient_4_en-prompt.txt	OMIM:301115	>10	>10	>10	OMIM:618963	6936	
4552	PMID_36446582_Jin_Kim_2020_P1_en-prompt.txt	OMIM:148050	1	1	1	OMIM:148050	7333	1
4553	STX_Syrbe_16_en-prompt.txt	OMIM:612164	>10	>10	>10	OMIM:619950	6435	
4554	PMID_36932076_Patient_3_en-prompt.txt	OMIM:620376	1	1	1	OMIM:620376	8030	
4555	PMID_16962354_first_mutation_en-prompt.txt	OMIM:142946	2	2	2	OMIM:157170	6795	
4556	PMID_28540407_index_case_en-prompt.txt	OMIM:240300	7	7	7	ORPHA:94089	6968	
4557	STX_29929108_Patient_1_en-prompt.txt	OMIM:612164	>10	>10	>10	ORPHA:1942	6069	
4558	PMID_35923690_50_2_en-prompt.txt	OMIM:105650	2	2	2	OMIM:610629	7017	1
4559	PMID_32376980_4_en-prompt.txt	OMIM:618164	>10	>10	>10	OMIM:616977	7382	
4560	PMID_24721225_Patient_III_1_en-prompt.txt	OMIM:301111	1	1	1	OMIM:301111	6963	
4561	PMID_10749987_10749987_P2_en-prompt.txt	OMIM:604377	>10	>10	>10	OMIM:619386	5862	
4562	PMID_36695497_Individual_7_en-prompt.txt	OMIM:620731	>10	>10	>10	ORPHA:35737	6667	
4563	PMID_37761890_5__en-prompt.txt	OMIM:616362	>10	>10	>10	ORPHA:177907	6388	
4564	PMID_16917909_649_1_en-prompt.txt	OMIM:142900	3	3	3	OMIM:615272	5563	1
4565	PMID_25896430_Patient_8_en-prompt.txt	OMIM:147920	1	1	1	OMIM:147920	7778	1
4566	PMID_34722527_individual_individual_1_Juliana_Maria_Ferraz_Sallum1_8_Clinicalandmo_en-prompt.txt	OMIM:613826	>10	>10	>10	ORPHA:98973	4809	1
4567	PMID_36446582_Parenti2021_P18_en-prompt.txt	OMIM:148050	1	1	1	ORPHA:2332	7826	1
4568	PMID_36333996_Patient_of_family_C_en-prompt.txt	OMIM:620427	1	1	1	OMIM:620427	6858	
4569	PMID_34101994_II_1_en-prompt.txt	OMIM:609322	>10	>10	>10	OMIM:613325	2610	1
4570	PMID_24736735_G002__en-prompt.txt	OMIM:175700	1	1	1	OMIM:175700	6801	
4571	PMID_16912710_Individual_F1234__II_1__en-prompt.txt	OMIM:614199	3	3	3	OMIM:105120	6620	
4572	PMID_34722527_individual_Fi15_12_1_Marina_Riera_Wholeexomeseq_en-prompt.txt	OMIM:613826	>10	1	>10	OMIM:618567	2973	
4573	PMID_16917909_706_1_en-prompt.txt	OMIM:142900	2	2	2	OMIM:617247	5941	1
4574	PMID_25835445_9_II_2__en-prompt.txt	OMIM:615582	>10	>10	>10	OMIM:613780	6567	2
4575	PMID_31548836_Family_D_II1_____en-prompt.txt	OMIM:119600	1	1	1	OMIM:119600	7168	1
4576	PMID_27843126_C_II_3_en-prompt.txt	OMIM:617146	1	1	1	OMIM:617146	7098	
4577	PMID_22772371_MS239_IV_22_en-prompt.txt	OMIM:614816	1	1	1	OMIM:614816	7321	2
4578	PMID_33731876_fam282_en-prompt.txt	OMIM:613721	>10	>10	>10	OMIM:617333	2319	1
4579	PMID_22939636_Family_2_Individual_1_en-prompt.txt	OMIM:614833	>10	>10	>10	OMIM:619103	6464	
4580	PMID_33731876_fam133_en-prompt.txt	OMIM:607745	>10	>10	>10	ORPHA:91131	4956	
4581	PMID_33731876_fam1_en-prompt.txt	OMIM:607745	>10	>10	>10	OMIM:618559	4094	
4582	PMID_12789647_K17_II_5_en-prompt.txt	OMIM:142900	1	1	1	OMIM:142900	5810	1
4583	PMID_36006710_Patient_2_en-prompt.txt	OMIM:620430	1	1	1	OMIM:620430	7422	
4584	PMID_30580808_Ind_42_Fam_26_en-prompt.txt	OMIM:618362	>10	>10	>10	OMIM:135900	7954	
4585	STX_Seoul_Lee_Patient_1_en-prompt.txt	OMIM:612164	>10	>10	>10	ORPHA:2072	4213	
4586	PMID_31239556_individual_27_en-prompt.txt	OMIM:615502	>10	>10	>10	OMIM:309580	8052	
4587	STX_26865513_Patient_28_en-prompt.txt	OMIM:612164	2	2	2	OMIM:615763	6161	
4588	PMID_24736735_G099__en-prompt.txt	OMIM:175700	2	2	2	OMIM:174200	6362	3
4589	PMID_33731876_fam124_en-prompt.txt	OMIM:613721	>10	>10	>10	OMIM:259050	2524	
4590	PMID_25835445_1_II_7_en-prompt.txt	OMIM:615582	>10	>10	>10	OMIM:610168	6067	4
4591	STX_28856709_RTT69_1_en-prompt.txt	OMIM:612164	>10	>10	>10	ORPHA:778	4173	
4592	PMID_31239556_individual_30_en-prompt.txt	OMIM:615502	>10	>10	>10	OMIM:309580	8046	
4593	PMID_15911822_Patient_4_en-prompt.txt	OMIM:234200	1	1	1	OMIM:234200	7459	
4594	PMID_34722527_individual_individual_2_Arif_O_Khan_Geneticanalysi_en-prompt.txt	OMIM:613826	>10	>10	>10	ORPHA:98973	4939	1
4595	PMID_9312167_B_I_4_en-prompt.txt	OMIM:179800	1	1	1	OMIM:179800	5335	1
4596	PMID_33731876_fam228_en-prompt.txt	OMIM:613721	>10	>10	>10	OMIM:259050	3628	
4597	PMID_33731876_fam378_en-prompt.txt	OMIM:613721	>10	>10	>10	OMIM:617333	2319	
4598	PMID_26567009_male_child_en-prompt.txt	OMIM:245200	1	1	1	OMIM:245200	6757	1
4599	PMID_29379197_3049_en-prompt.txt	OMIM:620568	1	1	1	OMIM:620568	7295	1
4600	PMID_33731876_fam199_en-prompt.txt	OMIM:613721	>10	>10	>10	OMIM:259050	2334	
4601	PMID_21131976_Lei1_en-prompt.txt	OMIM:613717	1	1	1	OMIM:613717	6512	1
4602	PMID_29230214_proband_en-prompt.txt	OMIM:620449	>10	>10	>10	OMIM:619924	5213	
4603	PMID_24219130_boy_en-prompt.txt	OMIM:241850	1	1	1	OMIM:241850	7136	1
4604	PMID_30850397_II_1_en-prompt.txt	OMIM:615983	>10	>10	>10	OMIM:614500	7082	3
4605	PMID_32376980_12_en-prompt.txt	OMIM:618164	7	7	7	OMIM:612337	7602	
4606	PMID_27087320_Subject_3_en-prompt.txt	OMIM:616975	1	1	1	OMIM:616975	8283	
4607	PMID_38014483_Family_e_individual_e_1_en-prompt.txt	OMIM:620666	>10	>10	>10	OMIM:613728	6867	
4608	PMID_8188302_III_2_en-prompt.txt	OMIM:129600	1	1	1	OMIM:129600	7061	
4609	PMID_36307226_Proband_14_en-prompt.txt	OMIM:620537	1	1	1	OMIM:620537	6063	
4610	PMID_36446582_KBG16_en-prompt.txt	OMIM:148050	>10	>10	>10	OMIM:620568	8227	
4611	PMID_36446582_Kim_2015_P1_en-prompt.txt	OMIM:148050	>10	>10	>10	OMIM:620568	7799	
4612	STX_P_45_en-prompt.txt	OMIM:612164	5	5	5	ORPHA:86309	6218	2
4613	PMID_34722527_individual_90_2_Tobias_Eisenberger_Increasingthe_en-prompt.txt	OMIM:613826	>10	1	>10	OMIM:618567	2973	
4614	STX_31394400_P1_en-prompt.txt	OMIM:612164	>10	>10	>10	ORPHA:1942	5587	
4615	PMID_24736735_G114__en-prompt.txt	OMIM:175700	2	2	2	OMIM:174200	6365	
4616	STX_23020937_P4276_en-prompt.txt	OMIM:612164	>10	>10	>10	OMIM:618143	5308	
4617	PMID_24736735_G070_Mother_en-prompt.txt	OMIM:175700	2	2	2	OMIM:174200	6362	1
4618	PMID_30580808_Ind_29_Fam_21_en-prompt.txt	OMIM:618362	>10	>10	>10	OMIM:135900	7967	
4619	PMID_10580070_E_II_2_en-prompt.txt	OMIM:115200	1	1	1	OMIM:115200	6642	
4620	PMID_27753196_index_patient_en-prompt.txt	OMIM:616638	3	3	3	ORPHA:79076	7200	
4621	PMID_21669885_F3_1_en-prompt.txt	OMIM:248250	3	3	3	OMIM:248190	6019	
4622	PMID_16965330_Sibling_of_patient_7_en-prompt.txt	OMIM:240300	1	1	1	OMIM:240300	7224	
4623	STX_30945278_Patient_DD18003965_en-prompt.txt	OMIM:612164	>10	>10	>10	OMIM:618890	3728	
4624	PMID_22541558_individual_M_1_en-prompt.txt	OMIM:154400	8	8	8	OMIM:620494	6800	3
4625	PMID_33731876_fam19_en-prompt.txt	OMIM:613721	>10	>10	>10	ORPHA:163681	5711	
4626	PMID_28619360_probadn_en-prompt.txt	OMIM:611182	1	1	1	OMIM:611182	8137	
4627	PMID_21217753_Fam_1_IV_10_en-prompt.txt	OMIM:613795	2	2	2	OMIM:619656	6982	4
4628	PMID_31213928_patient_en-prompt.txt	OMIM:159950	2	2	2	OMIM:254300	6531	
4629	PMID_36553465_P1_en-prompt.txt	OMIM:606574	4	4	4	ORPHA:79432	6818	1
4630	PMID_24369382_Family_1_II_1_en-prompt.txt	OMIM:614322	1	1	1	OMIM:614322	6484	
4631	PMID_36446582_KBG38_en-prompt.txt	OMIM:148050	2	2	2	OMIM:605130	8040	
4632	PMID_10939567_EMD1_III_2_en-prompt.txt	OMIM:181350	7	7	7	OMIM:613205	6666	1
4633	PMID_34722527_individual_2EYE64_3_Daisuke_Miyamichi_Retinalstructu_en-prompt.txt	OMIM:613826	10	10	10	OMIM:613835	4939	7
4634	PMID_35420632_patient_1_V_1_en-prompt.txt	OMIM:620367	1	1	1	OMIM:620367	7301	
4635	PMID_29469822_Family_1_II_1_en-prompt.txt	OMIM:605275	1	1	1	OMIM:605275	8031	1
4636	PMID_36446582_Scarano_2013_P2_en-prompt.txt	OMIM:148050	1	1	1	ORPHA:2332	7694	2
4637	PMID_34722527_individual_individual_2_Saber_Imani_Identification_en-prompt.txt	OMIM:613826	>10	>10	>10	OMIM:617941	4379	
4638	PMID_36073542_individual_3_en-prompt.txt	OMIM:620774	>10	>10	>10	OMIM:619428	7703	
4639	PMID_22772371_TAA288_III_12_en-prompt.txt	OMIM:614816	1	1	1	OMIM:614816	6579	4
4640	PMID_24355708_IHG25190_individual_1_en-prompt.txt	OMIM:215470	7	7	7	OMIM:613728	7986	1
4641	PMID_26247899_P1_1_en-prompt.txt	OMIM:619656	1	1	1	OMIM:619656	7456	2
4642	PMID_34722527_individual_MOL0597_2_5_Beryozkin_Current_en-prompt.txt	OMIM:608194	>10	>10	>10	OMIM:616152	4809	4
4643	PMID_34521999_3_en-prompt.txt	OMIM:617140	>10	>10	>10	OMIM:619229	8176	
4644	PMID_21683322_17_en-prompt.txt	OMIM:614185	1	1	1	OMIM:614185	7160	
4645	PMID_34521999_50_en-prompt.txt	OMIM:617140	>10	>10	>10	OMIM:619229	8209	
4646	PMID_36446582_Low_2016_P20_14_en-prompt.txt	OMIM:148050	1	1	1	ORPHA:2332	7217	1
4647	PMID_34722527_individual_individual_1_Juliana_Maria_Ferraz_Sallum1_10_Clinicalandmo_en-prompt.txt	OMIM:613826	>10	>10	>10	ORPHA:98973	4809	1
4648	PMID_28984260_child_en-prompt.txt	OMIM:232700	>10	>10	>10	OMIM:278000	6926	
4649	PMID_25835445_1_III_8_en-prompt.txt	OMIM:615582	>10	>10	>10	OMIM:610168	6067	3
4650	PMID_32737437_ADN120143_en-prompt.txt	OMIM:620731	>10	>10	>10	OMIM:267750	6654	
4651	PMID_27672653_Individual_1_en-prompt.txt	OMIM:231670	1	1	1	OMIM:231670	7585	1
4652	PMID_33875846_patient_23_en-prompt.txt	OMIM:620655	1	1	1	OMIM:620655	6976	
4653	PMID_25168959_K2588_en-prompt.txt	OMIM:614608	10	10	10	OMIM:614609	7622	4
4654	PMID_22940089_PT1_en-prompt.txt	OMIM:209900	5	5	5	ORPHA:90349	7169	2
4655	PMID_33731876_fam37_en-prompt.txt	OMIM:613721	>10	>10	>10	OMIM:614558	5798	
4656	PMID_37962958_5_en-prompt.txt	OMIM:620535	>10	>10	>10	OMIM:618971	7656	
4657	PMID_36303223_individual_13_PMID_12112661_en-prompt.txt	OMIM:272300	>10	>10	>10	OMIM:617333	2319	
4658	PMID_31332438_A_II_2_en-prompt.txt	OMIM:620528	2	2	2	OMIM:618960	6487	
4659	PMID_32730804_Individual_6_en-prompt.txt	OMIM:620511	1	1	1	OMIM:620511	7230	
4660	PMID_36718090_Patient_1_en-prompt.txt	OMIM:620416	1	1	1	OMIM:620416	7604	
4661	PMID_29351582_29351582_P2_en-prompt.txt	OMIM:604377	>10	>10	>10	ORPHA:466768	6268	
4662	PMID_37196654_Individual_65_en-prompt.txt	OMIM:618505	>10	>10	>10	OMIM:619475	7970	
4663	PMID_21660509_PKDF335d_en-prompt.txt	OMIM:601869	2	1	2	OMIM:614614	5276	
4664	PMID_37196654_Individual_51__ASC_80001103038__en-prompt.txt	OMIM:618505	>10	>10	>10	OMIM:619522	5734	
4665	PMID_36446582_Parenti2021_P21_en-prompt.txt	OMIM:148050	1	1	1	ORPHA:2332	8039	1
4666	PMID_15266616_24_en-prompt.txt	OMIM:147791	7	7	7	OMIM:304110	7526	
4667	PMID_36446582_Ockeloen2015_P12_en-prompt.txt	OMIM:148050	3	3	3	ORPHA:228402	5558	1
4668	PMID_28513613_family_2_en-prompt.txt	OMIM:617297	>10	>10	>10	OMIM:245660	4315	1
4669	PMID_10939567_EMD2_II_4_en-prompt.txt	OMIM:181350	2	2	2	ORPHA:98855	6734	1
4670	STX_G3_P6_en-prompt.txt	OMIM:612164	>10	>10	>10	ORPHA:163721	3728	
4671	PMID_33731876_fam206_en-prompt.txt	OMIM:613721	>10	>10	>10	OMIM:259050	2524	
4672	PMID_34421895_P1_en-prompt.txt	OMIM:619375	8	8	8	ORPHA:183675	7188	
4673	PMID_33731876_fam356_en-prompt.txt	OMIM:613721	>10	>10	>10	ORPHA:168491	4962	
4674	PMID_37660254_Patient_4_en-prompt.txt	OMIM:620669	>10	>10	>10	ORPHA:157846	7625	
4675	PMID_37077559_Sibling_3_en-prompt.txt	OMIM:620402	1	1	1	OMIM:620402	5271	
4676	PMID_25411445_Patient_5_en-prompt.txt	OMIM:616211	1	1	1	OMIM:616211	7673	
4677	PMID_30050362_individual_II_3_en-prompt.txt	OMIM:228600	>10	>10	>10	ORPHA:3243	6526	
4678	PMID_22190901_proband_en-prompt.txt	OMIM:142900	1	1	1	OMIM:142900	6600	1
4679	PMID_34722527_individual_individual_1_Jana_Zernant_GenotypingMicr_en-prompt.txt	OMIM:613826	>10	1	>10	OMIM:618567	2973	
4680	PMID_31021519_SATB2_01_from_Zarate_et_al__2018a_en-prompt.txt	OMIM:612313	5	5	5	OMIM:618480	5863	
4681	PMID_38013626_Patient_1_II_1_in_Family_1_en-prompt.txt	OMIM:620666	>10	>10	>10	OMIM:615400	7364	
4682	PMID_30057029_Individual_13_en-prompt.txt	OMIM:618089	>10	>10	>10	ORPHA:280633	8313	
4683	PMID_37919452_Family_3__patient_5_en-prompt.txt	OMIM:620683	>10	>10	>10	OMIM:613327	8204	
4684	PMID_36553465_P13_en-prompt.txt	OMIM:606574	8	8	8	ORPHA:79432	6818	1
4685	PMID_25480986_individual_C_1_en-prompt.txt	OMIM:275400	>10	>10	>10	OMIM:245800	7990	1
4686	PMID_28331220_Patient_1_en-prompt.txt	OMIM:617425	10	10	10	ORPHA:508533	7523	
4687	PMID_33731876_fam341_en-prompt.txt	OMIM:613721	>10	>10	>10	OMIM:612164	6595	
4688	PMID_31527767_III_11_en-prompt.txt	OMIM:129600	1	1	1	OMIM:129600	5653	1
4689	PMID_17661815_Patient_A_II_2_en-prompt.txt	OMIM:214800	1	1	1	ORPHA:138	7797	3
4690	PMID_28940506_Family_20_Individual_26_en-prompt.txt	OMIM:615471	1	1	1	OMIM:615471	8283	4
4691	PMID_10580070_E_III_4_en-prompt.txt	OMIM:115200	1	1	1	OMIM:115200	5056	
4692	PMID_28782633_Family_1_20_year_old_son_P6_en-prompt.txt	OMIM:620670	>10	>10	>10	OMIM:615577	7148	1
4693	PMID_36136249_II_3_of_family_A_en-prompt.txt	OMIM:620636	>10	>10	>10	OMIM:615157	6204	
4694	PMID_36331550_Family_16_Patient_21_en-prompt.txt	OMIM:620540	1	1	1	OMIM:620540	7394	
4695	PMID_21683322_5_en-prompt.txt	OMIM:614185	1	1	1	OMIM:614185	6375	
4696	STX_26865513_Patient_11_en-prompt.txt	OMIM:612164	>10	>10	>10	OMIM:614558	6933	
4697	PMID_22772368_1_II_1_en-prompt.txt	OMIM:614816	1	1	1	OMIM:614816	7260	1
4698	PMID_29217778_P1_D084_en-prompt.txt	OMIM:159550	>10	>10	>10	OMIM:619041	4385	
4699	PMID_36307226_Proband_6_en-prompt.txt	OMIM:620537	1	1	1	OMIM:620537	6283	
4700	PMID_34722527_individual_individual_6_Saloni_Walia_VisualAcuityi_en-prompt.txt	OMIM:613826	>10	>10	>10	ORPHA:98973	4809	1
4701	PMID_37196654_Individual_72_en-prompt.txt	OMIM:618505	>10	>10	>10	ORPHA:398069	7717	
4702	PMID_19864201_Case_4_en-prompt.txt	OMIM:151100	2	2	2	OMIM:601154	7465	3
4703	PMID_21217753_Fam_1_IV_4_en-prompt.txt	OMIM:613795	2	2	2	OMIM:619656	6982	1
4704	PMID_32083401_Patient_4_en-prompt.txt	OMIM:147920	>10	>10	>10	ORPHA:648	7822	4
4705	PMID_12058348_Patient_5_en-prompt.txt	OMIM:151100	1	1	1	ORPHA:500	7398	1
4706	STX_18469812_Subject_7_en-prompt.txt	OMIM:612164	1	1	1	OMIM:612164	6449	4
4707	PMID_27974811_individual_en-prompt.txt	OMIM:617146	7	7	7	OMIM:254090	7266	
4708	PMID_34521999_47_en-prompt.txt	OMIM:617140	>10	>10	>10	OMIM:619229	8212	
4709	PMID_37433783_P12_en-prompt.txt	OMIM:601674	>10	>10	>10	OMIM:620455	7305	
4710	PMID_25835445_1_IV_1__en-prompt.txt	OMIM:615582	>10	>10	>10	OMIM:610168	6107	4
4711	PMID_29388673_Fam_5_III_2_en-prompt.txt	OMIM:617560	>10	>10	>10	OMIM:618006	7077	
4712	PMID_21236492_Individual_P4_en-prompt.txt	OMIM:614199	>10	>10	>10	OMIM:609049	7689	
4713	PMID_37075751_Individual_2_en-prompt.txt	OMIM:616462	1	1	1	OMIM:616462	7498	
4714	PMID_33731876_fam20_en-prompt.txt	OMIM:613721	>10	>10	>10	OMIM:600512	4668	
4715	PMID_21542062_his_siser_en-prompt.txt	OMIM:606693	1	1	1	ORPHA:306674	6678	1
4716	PMID_36074901_6_en-prompt.txt	OMIM:620465	>10	>10	>10	OMIM:619964	4363	
4717	PMID_25142838_P5_2_en-prompt.txt	OMIM:147920	>10	>10	>10	OMIM:608978	7948	1
4718	PMID_16965330_patient_2_en-prompt.txt	OMIM:240300	1	1	1	OMIM:240300	7503	
4719	PMID_36446582_Khalifa_2013_P1A_en-prompt.txt	OMIM:148050	1	1	1	ORPHA:2332	7962	1
4720	PMID_31548836_Family_G_III1_en-prompt.txt	OMIM:119600	1	1	1	OMIM:119600	7168	1
4721	PMID_8282779_III_2_en-prompt.txt	OMIM:612653	1	1	2	OMIM:612653	6349	1
4722	PMID_37761890_16__en-prompt.txt	OMIM:616362	>10	>10	>10	ORPHA:363965	5954	
4723	PMID_17220172_patient_en-prompt.txt	OMIM:611182	1	1	1	OMIM:611182	8155	1
4724	PMID_33875846_individual_row_22_en-prompt.txt	OMIM:620450	>10	>10	>10	ORPHA:1052	5765	
4725	PMID_30612693_6_en-prompt.txt	OMIM:618443	4	4	4	ORPHA:98754	5576	
4726	PMID_10580070_B_IV_8_en-prompt.txt	OMIM:115200	1	1	1	ORPHA:300751	6090	
4727	STX_S013_en-prompt.txt	OMIM:612164	>10	>10	>10	OMIM:619229	7481	
4728	PMID_24736735_G109_Sister_en-prompt.txt	OMIM:175700	2	2	2	OMIM:174200	6362	3
4729	PMID_37196654_Individual_17__published_as_Individual_1_in_Bramswig_et_al___2017__en-prompt.txt	OMIM:618505	>10	>10	>10	OMIM:619475	8132	
4730	PMID_15266616_141_en-prompt.txt	OMIM:147791	7	7	7	OMIM:304110	7526	
4731	PMID_28258187_Patient_3_en-prompt.txt	OMIM:618343	1	1	1	OMIM:618343	7692	
4732	PMID_36303223_individual_6_PMID_12112661_en-prompt.txt	OMIM:272300	>10	>10	>10	OMIM:617333	2319	
4733	STX_EG1368P_en-prompt.txt	OMIM:612164	>10	>10	>10	OMIM:618687	5121	
4734	PMID_10580070_E_II_6_en-prompt.txt	OMIM:115200	1	1	1	ORPHA:300751	5287	
4735	PMID_23211637_e_index_case_en-prompt.txt	OMIM:305400	2	2	2	OMIM:145420	7530	1
4736	PMID_23273567_individual_CII_1_en-prompt.txt	OMIM:258480	1	1	1	OMIM:258480	7355	
4737	PMID_30356099_Patient_9_en-prompt.txt	OMIM:616211	1	1	1	OMIM:616211	7476	
4738	PMID_12789647_K4_III_3_en-prompt.txt	OMIM:142900	3	3	3	ORPHA:931	5810	
4739	PMID_37303127_4_en-prompt.txt	OMIM:151660	10	10	10	OMIM:620300	5553	
4740	PMID_36446582_Alves_2019_en-prompt.txt	OMIM:148050	1	1	1	ORPHA:2332	7286	1
4741	PMID_7607663_Patient_0541_en-prompt.txt	OMIM:162200	1	1	1	OMIM:162200	6208	1
4742	PMID_32376980_16_en-prompt.txt	OMIM:618164	>10	>10	>10	ORPHA:1272	8039	
4743	PMID_27087320_Subject_7_en-prompt.txt	OMIM:616975	1	1	1	OMIM:616975	8279	
4744	PMID_34722527_individual_16_4_Nicole_Weisschuh_Molecularandc_en-prompt.txt	OMIM:613826	>10	>10	>10	ORPHA:98973	4809	1
4745	PMID_36446582_KBG12_en-prompt.txt	OMIM:148050	1	1	1	ORPHA:2332	7970	6
4746	PMID_32816001_III_1_en-prompt.txt	OMIM:301116	>10	>10	>10	ORPHA:101150	4115	
4747	STX_26514728_Patient_8_en-prompt.txt	OMIM:612164	>10	>10	>10	ORPHA:459070	4901	5
4748	PMID_36307226_Proband_10_en-prompt.txt	OMIM:620537	1	1	1	OMIM:620537	6264	
4749	PMID_29330883_Subject_4_en-prompt.txt	OMIM:616975	2	2	2	OMIM:619325	7914	
4750	PMID_33045405_Pitt_et_al___2015_A1_1_en-prompt.txt	OMIM:605911	1	1	1	OMIM:605911	5369	
4751	PMID_35962790_Family_C_Individual_4__II_1__en-prompt.txt	OMIM:620545	1	1	1	OMIM:620545	7976	
4752	PMID_12789647_K15_IV_2_en-prompt.txt	OMIM:142900	1	1	1	OMIM:142900	5810	1
4753	PMID_11410597_proband_en-prompt.txt	OMIM:601144	2	2	2	OMIM:614021	2238	1
4754	PMID_19800048_III_9_en-prompt.txt	OMIM:300804	1	1	1	OMIM:300804	7522	1
4755	PMID_21358634_Family_9_en-prompt.txt	OMIM:132800	1	1	1	OMIM:132800	6443	
4756	PMID_23099195_Patient_3_en-prompt.txt	OMIM:215700	2	2	2	OMIM:251100	6129	1
4757	PMID_34722527_individual_individual_1_Frauke_Coppieters_Identity_by_des_en-prompt.txt	OMIM:613826	>10	1	>10	OMIM:618567	2973	
4758	PMID_23726037_patient_en-prompt.txt	OMIM:604804	>10	>10	>10	ORPHA:411493	6428	1
4759	PMID_23388215_Proband_1_en-prompt.txt	OMIM:616247	1	1	1	OMIM:616247	1642	
4760	STX_BCH_004_en-prompt.txt	OMIM:612164	>10	>10	>10	ORPHA:1935	4537	
4761	STX_STXBP1adult_Pt8_en-prompt.txt	OMIM:612164	>10	>10	>10	OMIM:614558	5625	
4762	PMID_34722527_individual_115_10_Hui_Wang_ComprehensiveM_en-prompt.txt	OMIM:613826	>10	1	>10	OMIM:618567	2973	
4763	PMID_33731876_fam291_en-prompt.txt	OMIM:607745	>10	1	>10	ORPHA:500545	2499	
4764	PMID_31279336_31279336_P1_en-prompt.txt	OMIM:616370	>10	>10	>10	OMIM:277900	5168	
4765	PMID_23273567_individual_GII_2_en-prompt.txt	OMIM:258480	1	1	1	OMIM:258480	6583	
4766	PMID_33731876_fam120_en-prompt.txt	OMIM:613721	>10	>10	>10	ORPHA:2609	4939	
4767	PMID_24736735_G056_Father_en-prompt.txt	OMIM:175700	2	2	2	OMIM:174200	5672	2
4768	PMID_31239556_individual_34_en-prompt.txt	OMIM:615502	>10	>10	>10	OMIM:309580	8044	
4769	STX_31487502_Patient_55_en-prompt.txt	OMIM:612164	>10	>10	>10	ORPHA:284417	5481	
4770	PMID_29469822_Family_12_V_4_en-prompt.txt	OMIM:605275	1	1	1	OMIM:605275	7930	2
4771	PMID_27040691_Individual_1_1a_en-prompt.txt	OMIM:616900	1	1	1	ORPHA:488632	7693	
4772	PMID_24498630_ISR1_en-prompt.txt	OMIM:246200	1	1	1	ORPHA:508	8058	4
4773	PMID_26453364_Patient_2_en-prompt.txt	OMIM:608776	3	3	3	OMIM:608540	6721	
4774	PMID_33731876_fam286_en-prompt.txt	OMIM:613721	>10	>10	>10	OMIM:615369	3728	
4775	PMID_20082460_case_10_en-prompt.txt	OMIM:305400	1	1	1	OMIM:305400	7741	5
4776	PMID_33731876_fam5_en-prompt.txt	OMIM:607745	>10	>10	>10	OMIM:300699	4125	
4777	PMID_33731876_fam137_en-prompt.txt	OMIM:613721	>10	>10	>10	OMIM:617020	6072	
4778	PMID_31239556_individual_23_en-prompt.txt	OMIM:615502	>10	>10	>10	OMIM:309580	8074	
4779	PMID_30580808_Ind_04_Fam_04_en-prompt.txt	OMIM:618362	>10	>10	>10	OMIM:135900	7973	
4780	PMID_24665001_Patient_1_en-prompt.txt	OMIM:616914	2	2	2	OMIM:129600	7451	
4781	PMID_34722527_individual_HER_2_Gerber_S_Completeexon_i_en-prompt.txt	OMIM:613826	>10	1	>10	OMIM:618567	2973	
4782	PMID_15266616_19_en-prompt.txt	OMIM:147791	7	7	7	OMIM:304110	7526	
4783	PMID_29388673_Fam_6_II_3_en-prompt.txt	OMIM:617560	>10	>10	>10	OMIM:619286	7764	
4784	PMID_36446582_KBG10A_en-prompt.txt	OMIM:148050	2	2	2	OMIM:605130	8197	1
4785	PMID_30580808_Ind_32_Fam_23_en-prompt.txt	OMIM:618362	>10	>10	>10	OMIM:135900	7960	
4786	PMID_25168959_L5_en-prompt.txt	OMIM:614608	6	6	6	OMIM:614609	8170	
4787	PMID_23643385_23643385_P2_en-prompt.txt	OMIM:608911	>10	>10	>10	OMIM:608908	3078	
4788	PMID_33633439_12467_II_1_en-prompt.txt	OMIM:620731	>10	>10	>10	OMIM:613703	6249	
4789	PMID_25835445_9_III_1__en-prompt.txt	OMIM:615582	>10	>10	>10	OMIM:613780	6182	2
4790	PMID_36446582_Kleyner_2016_en-prompt.txt	OMIM:148050	1	1	1	OMIM:148050	7074	1
4791	STX_Syrbe_12_en-prompt.txt	OMIM:612164	>10	>10	>10	ORPHA:33069	6208	
4792	PMID_25835445_2_II_4_en-prompt.txt	OMIM:615582	7	7	7	OMIM:613795	7431	1
4793	PMID_35923690_50_6_en-prompt.txt	OMIM:105650	1	1	1	OMIM:105650	7165	1
4794	PMID_22956686_18_IV_2_en-prompt.txt	OMIM:614923	>10	>10	>10	ORPHA:1942	6344	
4795	STX_EG0317P_en-prompt.txt	OMIM:612164	1	1	1	ORPHA:599373	6454	
4796	PMID_23222957_Family_7_7_1_en-prompt.txt	OMIM:242840	>10	>10	>10	OMIM:618223	7965	
4797	STX_29544889_Patient_en-prompt.txt	OMIM:612164	>10	>10	>10	ORPHA:505652	5879	
4798	PMID_37913506_II_3_en-prompt.txt	OMIM:620734	1	1	1	OMIM:620734	3440	5
4799	PMID_36695497_Individual_3_en-prompt.txt	OMIM:620731	>10	>10	>10	ORPHA:35737	6667	
4800	PMID_37196654_Individual_41__DDD_274859__en-prompt.txt	OMIM:618505	>10	>10	>10	OMIM:619475	7799	
4801	PMID_28318500_1_II_2_en-prompt.txt	OMIM:617478	1	1	1	OMIM:617478	7967	
4802	PMID_36440963_IV_4_en-prompt.txt	OMIM:620459	1	1	1	OMIM:620459	4108	1
4803	STX_S004_en-prompt.txt	OMIM:612164	>10	>10	>10	OMIM:614438	7232	
4804	PMID_22772371_MS1758_II_8_en-prompt.txt	OMIM:614816	1	1	1	OMIM:614816	7321	4
4805	STX_Syrbe_4_en-prompt.txt	OMIM:612164	2	2	2	OMIM:615859	6371	
4806	PMID_9697705_proband_en-prompt.txt	OMIM:241850	1	1	1	OMIM:241850	7372	3
4807	PMID_28069640_Patient_M_A__VI10__en-prompt.txt	OMIM:620519	1	1	1	OMIM:620519	7541	
4808	PMID_23211637_index_case_en-prompt.txt	OMIM:305400	2	2	2	OMIM:145420	7530	1
4809	PMID_29122497_29122497_P3_en-prompt.txt	OMIM:616370	>10	>10	>10	ORPHA:280219	6774	
4810	PMID_21217753_Fam_1_II_5_en-prompt.txt	OMIM:613795	4	4	4	ORPHA:198	5628	
4811	PMID_25835445_9_I_1_en-prompt.txt	OMIM:615582	>10	>10	>10	OMIM:613780	5752	3
4812	PMID_32154675_Family_2_Patient_5_en-prompt.txt	OMIM:613795	1	1	1	OMIM:613795	7244	1
4813	PMID_16965330_patient_6_en-prompt.txt	OMIM:240300	1	1	1	OMIM:240300	7472	
4814	PMID_28327087_Patient_II_3_en-prompt.txt	OMIM:613162	>10	>10	>10	OMIM:618768	6883	
4815	PMID_19800048_IV_3_en-prompt.txt	OMIM:300804	1	1	1	OMIM:300804	7197	
4816	PMID_10939567_EMD6_III_5_en-prompt.txt	OMIM:181350	2	2	2	ORPHA:98855	7051	1
4817	PMID_35344616_A4_en-prompt.txt	OMIM:268310	1	1	1	OMIM:268310	7861	
4818	PMID_29388673_Fam_4_III_2_en-prompt.txt	OMIM:617560	>10	>10	>10	OMIM:612313	7557	
4819	PMID_33731876_fam99_en-prompt.txt	OMIM:613721	>10	>10	>10	OMIM:259050	2524	
4820	STX_32521962_P13_en-prompt.txt	OMIM:612164	2	2	2	ORPHA:505652	5147	
4821	PMID_35904126_Proband_7__en-prompt.txt	OMIM:620450	1	1	1	OMIM:620450	7830	
4822	STX_EG0810P_en-prompt.txt	OMIM:612164	>10	>10	>10	OMIM:619435	6268	
4823	PMID_30612693_2_en-prompt.txt	OMIM:618443	>10	>10	>10	OMIM:300672	6049	
4824	PMID_37919452_Family_1__patient_3_en-prompt.txt	OMIM:620683	>10	>10	>10	OMIM:613327	8272	
4825	STX_18469812_Subject_3_en-prompt.txt	OMIM:612164	8	8	8	ORPHA:98889	5530	2
4826	PMID_12058348_Patient_1_en-prompt.txt	OMIM:151100	1	1	1	ORPHA:500	7398	
4827	PMID_37433783_P16_en-prompt.txt	OMIM:601674	>10	>10	>10	OMIM:619648	6237	
4828	PMID_34521999_43_en-prompt.txt	OMIM:617140	>10	>10	>10	OMIM:619229	8200	
4829	PMID_37075751_Individual_6_en-prompt.txt	OMIM:616462	1	1	1	OMIM:616462	7753	
4830	PMID_30580808_Machol_Ind_15_Fam_45_en-prompt.txt	OMIM:618362	>10	>10	>10	OMIM:601358	7976	
4831	PMID_12789647_K13_I_1_en-prompt.txt	OMIM:142900	1	1	1	OMIM:142900	5810	
4832	PMID_36303223_individual_27_PMID_31870341_en-prompt.txt	OMIM:272300	>10	>10	>10	OMIM:617744	7002	
4833	PMID_36446582_Isrie_2012_P2_en-prompt.txt	OMIM:148050	>10	>10	>10	OMIM:619229	7011	1
4834	PMID_24736735_G109__en-prompt.txt	OMIM:175700	2	2	2	OMIM:174200	6362	
4835	PMID_34354969_P18_en-prompt.txt	OMIM:301310	1	1	1	OMIM:301310	7849	
4836	PMID_33731876_fam24_en-prompt.txt	OMIM:613721	>10	>10	>10	OMIM:619229	4662	
4837	PMID_23315542_case_8_en-prompt.txt	OMIM:620458	1	1	1	OMIM:620458	6965	1
4838	STX_27864847_2138P_en-prompt.txt	OMIM:612164	>10	>10	>10	OMIM:618437	2356	
4839	PMID_35977029_family_4_en-prompt.txt	OMIM:620494	1	1	1	OMIM:620494	7631	
4840	PMID_21594992_20_year_old_man_en-prompt.txt	OMIM:616914	1	1	1	OMIM:616914	7689	
4841	PMID_23222957_Family_10_10_1_en-prompt.txt	OMIM:242840	>10	>10	>10	OMIM:618223	7913	
4842	PMID_28007986_A_VI5__en-prompt.txt	OMIM:617527	1	1	1	OMIM:617527	7404	
4843	STX_26865513_Patient_15_en-prompt.txt	OMIM:612164	>10	>10	>10	OMIM:610185	5001	
4844	PMID_21683322_1_en-prompt.txt	OMIM:614185	1	1	1	OMIM:614185	6835	
4845	PMID_36307226_Proband_2_en-prompt.txt	OMIM:620537	1	1	1	OMIM:620537	4927	
4846	PMID_36446582_Sayed_2020_P1_en-prompt.txt	OMIM:148050	1	1	1	ORPHA:2332	7300	1
4847	PMID_21683322_27_b_en-prompt.txt	OMIM:102370	>10	>10	>10	OMIM:614185	6226	1
4848	PMID_37196654_Individual_76_en-prompt.txt	OMIM:618505	>10	>10	>10	ORPHA:480880	7632	
4849	PMID_33731876_fam119_en-prompt.txt	OMIM:613721	>10	>10	>10	OMIM:618437	2356	
4850	PMID_24369382_Family_2_II_2_en-prompt.txt	OMIM:614322	1	1	1	OMIM:614322	6578	
4851	PMID_18412284_Patient_II_6_en-prompt.txt	OMIM:601414	1	1	1	OMIM:601414	5445	2
4852	PMID_25085748_ANK_06_en-prompt.txt	OMIM:260300	>10	>10	>10	OMIM:168600	4884	
4853	PMID_25835445_2_IV_1_en-prompt.txt	OMIM:615582	8	8	8	OMIM:609192	7431	1
4854	PMID_26833330_F1_II3_en-prompt.txt	OMIM:616829	1	1	1	OMIM:616829	5890	
4855	PMID_31021519_265038_from_Bengani_et_al_en-prompt.txt	OMIM:612313	>10	>10	>10	OMIM:618603	5287	
4856	PMID_34722527_individual_MOL0358_3_11_Beryozkin_Current_en-prompt.txt	OMIM:608194	>10	>10	>10	ORPHA:319332	4809	5
4857	PMID_33731876_fam345_en-prompt.txt	OMIM:613721	4	4	4	OMIM:618497	5528	
4858	PMID_33731876_fam215_en-prompt.txt	OMIM:613721	>10	>10	>10	OMIM:612164	7222	
4859	PMID_36553465_P17_en-prompt.txt	OMIM:606574	>10	>10	>10	ORPHA:79432	6941	1
4860	PMID_30057029_Individual_17_en-prompt.txt	OMIM:618089	>10	>10	>10	ORPHA:280633	8313	
4861	PMID_31949313_F5_II_1_en-prompt.txt	OMIM:147920	9	9	9	OMIM:620186	7290	
4862	PMID_21696388_IV_1_en-prompt.txt	OMIM:606693	4	4	4	OMIM:204300	6207	
4863	STX_G3_P2_en-prompt.txt	OMIM:612164	4	4	4	ORPHA:356961	3728	5
4864	PMID_30580808_Ind_44_Fam_57_en-prompt.txt	OMIM:618362	>10	>10	>10	OMIM:135900	7953	1
4865	PMID_36446582_Ockeloen2015_P16_en-prompt.txt	OMIM:148050	1	1	1	ORPHA:2332	7012	1
4866	PMID_25411445_Patient_1_en-prompt.txt	OMIM:616211	1	1	1	OMIM:616211	7673	
4867	PMID_33731876_fam352_en-prompt.txt	OMIM:613721	>10	>10	>10	OMIM:225750	6339	
4868	PMID_36446582_Low_2016_P16_9_en-prompt.txt	OMIM:148050	1	1	1	ORPHA:2332	7308	1
4869	PMID_33731876_fam202_en-prompt.txt	OMIM:613721	>10	>10	>10	OMIM:259050	2524	
4870	PMID_22772371_TAA288_III_4_en-prompt.txt	OMIM:614816	>10	>10	>10	OMIM:173900	5317	3
4871	PMID_30580808_Machol_Ind_6_Fam_36_en-prompt.txt	OMIM:618362	>10	>10	>10	OMIM:618371	7980	
4872	STX_EG0906P_en-prompt.txt	OMIM:612164	>10	>10	>10	OMIM:180849	4499	
4873	PMID_34722527_individual_individual_3_Juliana_Maria_Ferraz_Sallum1_3_Clinicalandmo_en-prompt.txt	OMIM:613826	>10	>10	>10	ORPHA:98973	4809	1
4874	PMID_32730804_Individual_2_en-prompt.txt	OMIM:620511	1	1	1	OMIM:620511	7476	
4875	STX_102_en-prompt.txt	OMIM:612164	>10	>10	>10	ORPHA:908	3688	
4876	PMID_37962958_1_en-prompt.txt	OMIM:620535	>10	>10	>10	OMIM:619467	7730	
4877	PMID_10580070_B_III_3_en-prompt.txt	OMIM:115200	1	1	1	ORPHA:300751	5287	
4878	PMID_28886341_Individual_F1_II_1_en-prompt.txt	OMIM:617694	1	1	1	OMIM:617694	7974	
4879	PMID_34722527_individual_family9_2_Yabin_Chen__ComprehensiveM_en-prompt.txt	OMIM:613826	>10	>10	>10	ORPHA:98973	4809	
4880	PMID_33087723_A2_en-prompt.txt	OMIM:619375	1	1	1	OMIM:619375	6787	
4881	PMID_26805781_Family_9_Subject_12_II_3_en-prompt.txt	OMIM:616878	1	1	1	OMIM:616878	6819	
4882	PMID_36517554_patient_2_en-prompt.txt	OMIM:620603	1	1	1	OMIM:620603	7380	
4883	PMID_19800048_III_10_en-prompt.txt	OMIM:300804	1	1	1	OMIM:300804	7197	
4884	PMID_21683322_13_en-prompt.txt	OMIM:614185	1	1	1	OMIM:614185	6650	
4885	PMID_34521999_7_en-prompt.txt	OMIM:617140	>10	>10	>10	OMIM:619229	8212	
4886	STX_20887364_Subject_1989_en-prompt.txt	OMIM:612164	2	2	2	OMIM:618663	5486	2
4887	PMID_27672653_Individual_5_en-prompt.txt	OMIM:231670	1	1	1	ORPHA:25	7603	1
4888	PMID_26437932_26437932_P2_en-prompt.txt	OMIM:256810	>10	>10	>10	OMIM:617017	6478	
4889	PMID_29217778_P7_SC054_en-prompt.txt	OMIM:159550	>10	>10	>10	OMIM:619041	4385	
4890	PMID_33731876_fam33_en-prompt.txt	OMIM:613721	>10	>10	>10	OMIM:614558	6045	
4891	STX_26514728_Patient_19_en-prompt.txt	OMIM:612164	>10	>10	>10	OMIM:300672	4888	5
4892	PMID_22541558_individual_J_2_en-prompt.txt	OMIM:154400	1	1	1	ORPHA:245	6841	2
4893	STX_23409955_Patient_A_en-prompt.txt	OMIM:612164	7	7	7	ORPHA:3006	5721	2
4894	PMID_36553465_P5_en-prompt.txt	OMIM:606574	8	8	8	OMIM:619172	6818	1
4895	PMID_37352860_Individual_1B_en-prompt.txt	OMIM:620663	1	1	1	OMIM:620663	7909	
4896	PMID_28074573_58760_en-prompt.txt	OMIM:163950	>10	>10	>10	OMIM:193520	4385	1
4897	PMID_18513678_individual_5049_en-prompt.txt	OMIM:260300	1	1	1	OMIM:260300	6575	
4898	PMID_32376980_38_en-prompt.txt	OMIM:618164	>10	>10	>10	OMIM:619522	8073	
4899	PMID_18551513_13_en-prompt.txt	OMIM:613205	1	1	1	OMIM:613205	6721	3
4900	PMID_36446582_Scarano_2013_P6_en-prompt.txt	OMIM:148050	1	1	1	ORPHA:2332	7861	1
4901	PMID_31949313_F6_I_2_en-prompt.txt	OMIM:147920	>10	>10	>10	ORPHA:163956	6121	
4902	PMID_23972372_family_2_V_2_en-prompt.txt	OMIM:174300	1	1	1	ORPHA:2919	7811	
4903	PMID_32853638_Patient_1_en-prompt.txt	OMIM:619375	>10	>10	>10	ORPHA:572	7163	
4904	PMID_25516138_IV_3_en-prompt.txt	OMIM:273900	1	1	1	OMIM:273900	5540	
4905	PMID_29388673_Fam_3_III_1_en-prompt.txt	OMIM:617560	7	7	7	OMIM:615281	6590	
4906	PMID_37196654_Individual_46__DDD_118000039__en-prompt.txt	OMIM:618505	>10	>10	>10	ORPHA:364028	7488	
4907	PMID_37761890_60__en-prompt.txt	OMIM:616362	>10	>10	>10	OMIM:617695	5393	
4908	STX_28944233_270001_en-prompt.txt	OMIM:612164	>10	>10	>10	OMIM:182290	7249	
4909	PMID_25477417_F14_1_en-prompt.txt	OMIM:248250	1	1	1	OMIM:248250	7238	
4910	PMID_36446582_Sirmaci2011_P1_F1__previously_published_Tekin_2004_en-prompt.txt	OMIM:148050	1	1	1	OMIM:148050	7619	1
4911	PMID_30580808_Li_Ind_1_Fam_46_en-prompt.txt	OMIM:618362	>10	>10	>10	OMIM:619005	7655	
4912	PMID_25477417_F7_2_en-prompt.txt	OMIM:248250	1	1	1	OMIM:248250	7238	
4913	PMID_23714749_23714749_P9_en-prompt.txt	OMIM:256810	5	5	5	OMIM:612291	7219	5
4914	PMID_26242992_III_17_en-prompt.txt	OMIM:301310	2	2	2	ORPHA:94122	6679	
4915	PMID_31021519_Case_2_from_Rainger_et_al_en-prompt.txt	OMIM:612313	>10	>10	>10	OMIM:615802	5751	
4916	PMID_23222957_Family_1_1_2_en-prompt.txt	OMIM:242840	>10	>10	>10	OMIM:618223	7913	
4917	PMID_31239556_individual_20_twin_1_en-prompt.txt	OMIM:615502	>10	>10	>10	OMIM:309580	8046	
4918	PMID_37962958_38_en-prompt.txt	OMIM:620535	>10	>10	>10	ORPHA:79240	7473	
4919	STX_P_35_en-prompt.txt	OMIM:612164	9	9	9	OMIM:182290	4921	
4920	PMID_30580808_Ind_23_Fam_18_en-prompt.txt	OMIM:618362	>10	>10	>10	OMIM:135900	7978	
4921	PMID_37133451_Individual_P3_en-prompt.txt	OMIM:620646	1	1	1	OMIM:620646	7833	
4922	PMID_21533187_family_I_en-prompt.txt	OMIM:156250	1	1	1	OMIM:156250	6797	1
4923	STX_32139178_Patient_Neonatal23_en-prompt.txt	OMIM:612164	>10	>10	>10	OMIM:620194	3630	4
4924	PMID_36446582_KBG66_en-prompt.txt	OMIM:148050	>10	>10	>10	OMIM:605130	7697	
4925	PMID_31727177_patient_5_en-prompt.txt	OMIM:147920	2	2	2	OMIM:300867	8124	1
4926	PMID_35420632_patient21_IV_2_en-prompt.txt	OMIM:620367	1	1	1	OMIM:620367	5791	
4927	PMID_30945334_Individual_3_en-prompt.txt	OMIM:618443	>10	>10	>10	OMIM:300260	7393	
4928	PMID_31239556_individual_2_Chen_et_al_en-prompt.txt	OMIM:615502	>10	>10	>10	OMIM:309580	8048	
4929	PMID_35470444_P5_en-prompt.txt	OMIM:620568	1	1	1	OMIM:620568	7635	1
4930	PMID_25105228_Individual_2_en-prompt.txt	OMIM:603671	1	1	1	OMIM:603671	7985	2
4931	PMID_36586412_15_en-prompt.txt	OMIM:301111	2	2	2	OMIM:617982	5339	
4932	PMID_33731876_fam258_en-prompt.txt	OMIM:613721	>10	>10	>10	ORPHA:2382	3817	
4933	PMID_36446582_Gnazzo_2020_P3_en-prompt.txt	OMIM:148050	2	2	2	OMIM:617694	7249	
4934	PMID_31021519_Patient_2_from_Kikuiri_et_al_en-prompt.txt	OMIM:612313	>10	>10	>10	OMIM:615350	5236	
4935	PMID_37054711_Family_3_Subject_5_en-prompt.txt	OMIM:620428	>10	>10	>10	OMIM:617560	5832	
4936	PMID_15523648_A_four_year_old_female_en-prompt.txt	OMIM:252650	1	1	1	OMIM:252650	7459	
4937	PMID_10939567_EMD5_III_5_en-prompt.txt	OMIM:181350	>10	>10	>10	ORPHA:267	6810	2
4938	PMID_33731876_fam421_en-prompt.txt	OMIM:613721	>10	1	>10	OMIM:618567	2319	
4939	PMID_36331550_Family_4_Patient_6_en-prompt.txt	OMIM:620538	1	1	1	OMIM:620538	7308	
4940	PMID_25808063_Patient_3_en-prompt.txt	OMIM:600373	1	1	1	OMIM:600373	8094	
4941	PMID_23714749_23714749_P11_en-prompt.txt	OMIM:256810	>10	>10	>10	ORPHA:199296	6349	5
4942	PMID_33731876_fam154_en-prompt.txt	OMIM:613721	>10	>10	>10	OMIM:615473	5015	
4943	STX_G3_P29_en-prompt.txt	OMIM:612164	>10	>10	>10	OMIM:614498	3728	
4944	PMID_36446582_Kutkowska_Kazmierczak2021_P14_en-prompt.txt	OMIM:148050	1	1	1	ORPHA:2332	5535	1
4945	PMID_22258530_Patient_2_en-prompt.txt	OMIM:613477	>10	>10	>10	OMIM:617493	5636	
4946	PMID_10939567_EMD2_III_6_en-prompt.txt	OMIM:181350	6	6	6	OMIM:613205	6833	
4947	PMID_33731876_fam143_en-prompt.txt	OMIM:613721	>10	>10	>10	OMIM:259050	2334	
4948	PMID_11992252_Patient_4_en-prompt.txt	OMIM:620728	>10	>10	>10	OMIM:616471	6789	1
4949	PMID_22219643_IV_6_en-prompt.txt	OMIM:129600	1	1	1	OMIM:129600	7092	
4950	PMID_37656279_Pedigree_C_II_4_en-prompt.txt	OMIM:620510	1	1	1	OMIM:620510	8105	
4951	PMID_37196654_Individual_45__DDD_111002863__en-prompt.txt	OMIM:618505	>10	>10	>10	OMIM:619475	8144	
4952	PMID_36331550_Family_2_Patient_3_en-prompt.txt	OMIM:620538	1	1	1	OMIM:620538	6873	
4953	STX_24189369_Patient_7_en-prompt.txt	OMIM:612164	>10	>10	>10	OMIM:618437	5906	
4954	PMID_37541189_Individual_8_en-prompt.txt	OMIM:620688	1	1	1	OMIM:620688	7711	
4955	PMID_33045405_Pitt_et_al___2015_B3_1_en-prompt.txt	OMIM:605911	9	9	9	OMIM:229700	4356	
4956	PMID_36189931_Individual_12_en-prompt.txt	OMIM:130050	1	1	1	OMIM:130050	6424	
4957	PMID_12189163_Sib_3_en-prompt.txt	OMIM:219100	1	1	1	OMIM:219100	6345	2
4958	PMID_38572164_nan_en-prompt.txt	OMIM:130000	>10	>10	>10	OMIM:620080	5814	
4959	PMID_36528028_Individual_6_en-prompt.txt	OMIM:620455	2	2	2	OMIM:619091	4639	
4960	PMID_33766796_14_en-prompt.txt	OMIM:620157	>10	>10	>10	OMIM:619575	4392	
4961	PMID_36299998_affected_individual_en-prompt.txt	OMIM:620601	1	1	1	OMIM:620601	7571	
4962	PMID_23993194_Family_3_Case_5_en-prompt.txt	OMIM:615471	1	1	1	OMIM:615471	8278	1
4963	PMID_28940506_Family_25_Individual_31_en-prompt.txt	OMIM:615471	>10	>10	>10	OMIM:620371	8273	
4964	STX_32521962_P7_en-prompt.txt	OMIM:612164	>10	>10	>10	ORPHA:505652	3728	
4965	PMID_37761890_2__en-prompt.txt	OMIM:616362	>10	>10	>10	ORPHA:449291	6075	
4966	STX_P_22_en-prompt.txt	OMIM:612164	>10	>10	>10	OMIM:619150	4109	
4967	PMID_35470444_P14_en-prompt.txt	OMIM:620568	1	1	1	OMIM:620568	6630	
4968	PMID_36074901_27h_en-prompt.txt	OMIM:620465	>10	>10	>10	OMIM:615006	3609	
4969	PMID_27900365_patient_en-prompt.txt	OMIM:257220	2	2	2	OMIM:607625	7354	1
4970	PMID_30057029_Individual_7_en-prompt.txt	OMIM:618089	>10	>10	>10	ORPHA:280633	8319	
4971	PMID_31021519_individual_SATB2_138_en-prompt.txt	OMIM:612313	5	5	5	ORPHA:513456	5999	
4972	PMID_32431071_Family_1_IV_10_en-prompt.txt	OMIM:620655	1	1	1	OMIM:620655	7239	
4973	STX_20887364_Subject_1979_en-prompt.txt	OMIM:612164	2	2	2	OMIM:617929	5828	1
4974	PMID_18513678_individual_5004_en-prompt.txt	OMIM:260300	1	1	1	OMIM:260300	6575	
4975	PMID_38252374_46_year_old_Chinese_woman_en-prompt.txt	OMIM:617225	2	2	2	ORPHA:289560	6480	
4976	PMID_18551513_6_en-prompt.txt	OMIM:613205	1	1	1	OMIM:613205	6861	2
4977	PMID_28065471_PIV_1_en-prompt.txt	OMIM:617403	1	1	1	OMIM:617403	8047	
4978	PMID_32006683_patients_IV_1_en-prompt.txt	OMIM:620780	>10	>10	>10	OMIM:613177	8109	
4979	STX_23708187_T1266_en-prompt.txt	OMIM:612164	>10	>10	>10	OMIM:618437	2356	7
4980	PMID_11754102_patient_GD911_en-prompt.txt	OMIM:121050	1	1	1	OMIM:121050	7113	
4981	PMID_34521999_19_en-prompt.txt	OMIM:617140	>10	>10	>10	OMIM:619229	8209	
4982	STX_21204804_Patient_2_en-prompt.txt	OMIM:612164	7	7	7	OMIM:300699	5253	
4983	PMID_26242992_IV_26_en-prompt.txt	OMIM:301310	2	2	2	ORPHA:94122	6679	
4984	PMID_15266616_122_en-prompt.txt	OMIM:147791	7	7	7	OMIM:304110	7526	
4985	PMID_36446582_Kutkowska_Kazmierczak2021_P6_en-prompt.txt	OMIM:148050	2	2	2	OMIM:617883	6087	
4986	PMID_18930476_individual_II2_en-prompt.txt	OMIM:614321	2	2	2	OMIM:606072	6380	
4987	PMID_19768645_Patient_1_en-prompt.txt	OMIM:151100	1	1	1	OMIM:151100	7899	3
4988	PMID_36446582_VanDongen2019_P12_en-prompt.txt	OMIM:148050	>10	>10	>10	OMIM:619418	4677	
4989	PMID_27275012_Patient_1_en-prompt.txt	OMIM:616900	>10	>10	>10	OMIM:617976	7372	
4990	PMID_25439728_IV_2_en-prompt.txt	OMIM:616354	3	3	3	OMIM:618109	7414	
4991	PMID_36446582_Sirmaci2011_P3_en-prompt.txt	OMIM:148050	1	1	1	ORPHA:2332	7396	1
4992	PMID_15731757_Family_10_II_2_en-prompt.txt	OMIM:609192	1	1	1	OMIM:609192	7668	2
4993	PMID_37761890_11__en-prompt.txt	OMIM:616362	>10	>10	>10	OMIM:607721	5747	
4994	PMID_37167966_F1_II_1_en-prompt.txt	OMIM:620375	1	1	1	OMIM:620375	6458	2
4995	PMID_9817917_Family_7_individual_13076_en-prompt.txt	OMIM:222300	1	1	1	OMIM:222300	7481	1
4996	PMID_31282990_Case_1_en-prompt.txt	OMIM:147920	>10	>10	>10	OMIM:142945	6433	
4997	PMID_31021519_individual_SATB2_116_en-prompt.txt	OMIM:612313	1	1	1	ORPHA:576283	6096	
4998	PMID_36303223_individual_35_PMID_36303223_en-prompt.txt	OMIM:272300	1	1	1	OMIM:272300	7280	1
4999	STX_25418441_case_report_en-prompt.txt	OMIM:612164	9	9	9	ORPHA:33069	6400	
5000	PMID_33731876_fam50_en-prompt.txt	OMIM:613721	>10	>10	>10	ORPHA:1949	5017	
5001	PMID_12789647_K1_II_2_en-prompt.txt	OMIM:142900	1	1	1	OMIM:142900	5810	1
5002	PMID_37154409_C_II_2_en-prompt.txt	OMIM:606658	>10	>10	>10	ORPHA:363710	6392	
5003	PMID_34521999_37_en-prompt.txt	OMIM:617140	>10	>10	>10	OMIM:619229	8202	
5004	PMID_24736735_G003_Mother_en-prompt.txt	OMIM:175700	2	2	2	OMIM:174200	5672	5
5005	PMID_31239556_individual_3_en-prompt.txt	OMIM:615502	>10	>10	>10	OMIM:309580	8052	
5006	STX_G3_P10_en-prompt.txt	OMIM:612164	5	5	5	OMIM:618916	4936	
5007	PMID_37541189_Individual_10_en-prompt.txt	OMIM:620688	1	1	1	OMIM:620688	7711	
5008	PMID_36067010_Family_1_Patient_2_en-prompt.txt	OMIM:620504	1	1	1	OMIM:620504	5890	
5009	PMID_12789647_K2_I_1_en-prompt.txt	OMIM:142900	1	1	1	OMIM:142900	5810	
5010	PMID_28575651_Individual_3_en-prompt.txt	OMIM:617560	1	1	1	OMIM:617560	7051	
5011	PMID_21683322_22_c_en-prompt.txt	OMIM:102370	>10	>10	>10	OMIM:614185	6226	1
5012	PMID_33731876_fam418_en-prompt.txt	OMIM:613721	>10	>10	>10	OMIM:615369	5786	
5013	PMID_34722527_individual_501_336_4_Farzad_Jamshidi_Contributionof_en-prompt.txt	OMIM:613826	>10	1	>10	OMIM:618567	2973	
5014	PMID_8704215_proband_18y_en-prompt.txt	OMIM:612653	5	5	5	ORPHA:71275	7202	1
5015	PMID_24949580_X4015_en-prompt.txt	OMIM:606693	2	2	2	ORPHA:171695	6723	
5016	PMID_34722527_individual_individual_2_Moon_Woo_Seong_Diagnosticappl_en-prompt.txt	OMIM:613826	>10	1	>10	OMIM:618567	2973	
5017	PMID_23364397_23364397_P1_en-prompt.txt	OMIM:604377	>10	>10	>10	ORPHA:1810	2117	
5018	PMID_25142838_P3_en-prompt.txt	OMIM:147920	>10	>10	>10	OMIM:608978	7948	1
5019	PMID_18000979_OX2877_I_1_en-prompt.txt	OMIM:174200	1	1	1	OMIM:174200	6975	
5020	PMID_36446582_Goldenberg2016_P27_en-prompt.txt	OMIM:148050	2	2	2	OMIM:617883	6646	1
5021	PMID_31021519_individual_SATB2_91_en-prompt.txt	OMIM:612313	2	2	2	ORPHA:513456	5937	
5022	PMID_12203992_B62_en-prompt.txt	OMIM:154700	10	10	10	OMIM:604308	6854	1
5023	PMID_15452312_III_5_en-prompt.txt	OMIM:604187	2	2	2	ORPHA:99013	7746	
5024	PMID_36303223_individual_18_PMID_23414711_en-prompt.txt	OMIM:272300	1	1	1	OMIM:272300	7111	1
5025	PMID_32710489_Group_1_Patient_6_en-prompt.txt	OMIM:620155	9	9	9	OMIM:248340	8108	
5026	PMID_33731876_fam261_en-prompt.txt	OMIM:613721	3	3	3	OMIM:615859	3817	
5027	PMID_10756346_D46_en-prompt.txt	OMIM:154700	>10	>10	>10	OMIM:236200	6154	1
5028	PMID_26706854_Subject_3_en-prompt.txt	OMIM:603671	1	1	1	OMIM:603671	6792	2
5029	PMID_15266616_43_en-prompt.txt	OMIM:147791	7	7	7	OMIM:304110	7526	
5030	PMID_33731876_fam326_en-prompt.txt	OMIM:613721	>10	>10	>10	OMIM:618437	2356	
5031	PMID_33731876_fam276_en-prompt.txt	OMIM:613721	>10	>10	>10	ORPHA:98889	5717	
5032	PMID_31021519_individual_from_Lv_et_al_en-prompt.txt	OMIM:612313	1	1	1	ORPHA:576283	5735	
5033	PMID_31548836_Family_A_II1_en-prompt.txt	OMIM:119600	1	1	1	OMIM:119600	7168	1
5034	PMID_35150594_I_II_1_en-prompt.txt	OMIM:620538	1	1	1	OMIM:620538	6844	
5035	PMID_31239556_individual_2_Gregor_et_al_en-prompt.txt	OMIM:615502	>10	>10	>10	OMIM:309580	8042	
5036	PMID_36446582_Gnazzo_2020_P14_en-prompt.txt	OMIM:148050	2	2	2	OMIM:617694	7343	
5037	PMID_28239884_Family_2_proband_en-prompt.txt	OMIM:148600	7	7	7	OMIM:615522	4654	
5038	PMID_37196654_Individual_15_en-prompt.txt	OMIM:618505	>10	>10	>10	OMIM:619475	8220	
5039	PMID_36446582_Low_2016_P5_6_en-prompt.txt	OMIM:148050	1	1	1	ORPHA:2332	7150	1
5040	PMID_31021519_SATB2_24_from_Zarate_et_al__2018a_en-prompt.txt	OMIM:612313	1	1	1	ORPHA:576283	6096	
5041	PMID_31509304_F7_II_3_en-prompt.txt	OMIM:617560	1	1	1	ORPHA:527497	7081	
5042	PMID_23993194_Family_5_case_V3_en-prompt.txt	OMIM:615471	6	6	6	ORPHA:255182	8100	3
5043	PMID_20149460_girl_en-prompt.txt	OMIM:147060	1	1	1	OMIM:147060	7084	
5044	PMID_36446582_Miyatake_2013_en-prompt.txt	OMIM:148050	1	1	1	ORPHA:2332	7578	1
5045	PMID_30356099_Patient_10_en-prompt.txt	OMIM:616211	1	1	1	OMIM:616211	7512	
5046	PMID_22388936_II_9_en-prompt.txt	OMIM:606693	>10	>10	>10	OMIM:168605	4625	6
5047	PMID_19776401_Patient_3_1_en-prompt.txt	OMIM:243700	1	1	1	ORPHA:217390	7586	1
5048	PMID_26219450_4_month_old_female_infant_en-prompt.txt	OMIM:142900	1	1	1	OMIM:142900	6438	2
5049	PMID_37433783_P2_en-prompt.txt	OMIM:601674	>10	>10	>10	OMIM:616354	5447	
5050	PMID_30157302_Patient_4_en-prompt.txt	OMIM:619656	1	1	1	OMIM:619656	6569	2
5051	PMID_36446582_KBG4_en-prompt.txt	OMIM:148050	2	2	2	OMIM:605130	8048	
5052	PMID_36446582_Goldenberg2016_P30_en-prompt.txt	OMIM:148050	>10	>10	>10	OMIM:301111	5877	
5053	PMID_33731876_fam47_en-prompt.txt	OMIM:613721	>10	>10	>10	ORPHA:86309	5408	
5054	PMID_24073597_III_1_en-prompt.txt	OMIM:309300	1	1	1	OMIM:309300	4864	
5055	PMID_23222957_Family_12_12_1_en-prompt.txt	OMIM:242840	>10	>10	>10	OMIM:618223	7963	
5056	PMID_34722527_individual_111_3_Tobias_Eisenberger_Increasingthe_en-prompt.txt	OMIM:613826	>10	1	>10	OMIM:618567	2973	
5057	PMID_10580070_B_III_13_en-prompt.txt	OMIM:115200	1	1	1	ORPHA:300751	5287	
5058	PMID_34521999_20_en-prompt.txt	OMIM:617140	>10	>10	>10	OMIM:619229	7259	
5059	PMID_28285769_Individual_4_II_4_en-prompt.txt	OMIM:250410	1	1	1	ORPHA:166035	8081	
5060	PMID_10939567_Spo70_en-prompt.txt	OMIM:181350	10	10	10	ORPHA:399096	7119	2
5061	PMID_18256394_B_en-prompt.txt	OMIM:151660	1	1	1	OMIM:151660	7729	
5062	PMID_26467218_individual_4_Denayer_et_al__22_en-prompt.txt	OMIM:613224	1	1	1	OMIM:613224	7384	4
5063	PMID_21131976_EsM6195_en-prompt.txt	OMIM:613717	1	1	1	OMIM:613717	6092	1
5064	PMID_37962958_16_en-prompt.txt	OMIM:620535	>10	>10	>10	OMIM:180849	7940	
5065	PMID_37196654_Individual_52__SSC_12683_p1__en-prompt.txt	OMIM:618505	>10	>10	>10	ORPHA:811	2977	
5066	STX_20876469_Patient_6_en-prompt.txt	OMIM:612164	3	3	3	OMIM:300672	6989	
5067	PMID_36446582_Murray_2017_P5_3_1_en-prompt.txt	OMIM:148050	1	1	1	ORPHA:2332	7597	1
5068	PMID_25168959_Y29_en-prompt.txt	OMIM:614608	6	6	6	OMIM:614609	8042	3
5069	PMID_31021519_individual_SATB2_101_en-prompt.txt	OMIM:612313	5	5	5	OMIM:618480	5863	
5070	PMID_36446582_KBG48_en-prompt.txt	OMIM:148050	>10	>10	>10	OMIM:605130	8132	1
5071	PMID_36996813_Individual_12_en-prompt.txt	OMIM:620371	1	1	1	OMIM:620371	6868	
5072	PMID_32737437_SG170145_en-prompt.txt	OMIM:620731	>10	>10	>10	OMIM:267750	6654	
5073	PMID_18551513_2_en-prompt.txt	OMIM:613205	1	1	1	OMIM:613205	6861	2
5074	PMID_15266616_126_en-prompt.txt	OMIM:147791	7	7	7	OMIM:304110	7524	
5075	PMID_28742248_Patient_2_en-prompt.txt	OMIM:618343	1	1	1	OMIM:618343	7262	
5076	STX_32521962_P3_en-prompt.txt	OMIM:612164	>10	>10	>10	ORPHA:263410	3757	
5077	PMID_35470444_P10_en-prompt.txt	OMIM:620568	1	1	1	OMIM:620568	6443	1
5078	STX_P_26_en-prompt.txt	OMIM:612164	6	6	6	ORPHA:725	4499	
5079	PMID_22541558_individual_B_1_en-prompt.txt	OMIM:154400	3	3	3	OMIM:620494	7328	
5080	PMID_34722527_individual_Fam7_1_2_Anna_Skorczyk_Werner_Novelgenevari_en-prompt.txt	OMIM:613826	>10	>10	>10	ORPHA:98973	4809	10
5081	PMID_30057029_Individual_3_en-prompt.txt	OMIM:618089	>10	>10	>10	ORPHA:280633	8322	
5082	PMID_27220909_proband_en-prompt.txt	OMIM:104530	5	5	5	OMIM:613211	4677	1
5083	PMID_31509304_F5_II_1_en-prompt.txt	OMIM:617560	1	1	1	ORPHA:527497	7081	
5084	PMID_36446582_Reuter2020_en-prompt.txt	OMIM:148050	>10	>10	>10	OMIM:614429	5416	
5085	PMID_27330822_proband_II_1_en-prompt.txt	OMIM:177170	2	2	2	OMIM:617974	6174	1
5086	PMID_36189931_Individual_16_en-prompt.txt	OMIM:130050	1	1	1	OMIM:130050	6932	1
5087	PMID_28782633_Family_1_11_year_old_son_P9_en-prompt.txt	OMIM:620670	>10	>10	>10	OMIM:615577	7148	3
5088	PMID_36528028_Individual_2_en-prompt.txt	OMIM:620455	>10	>10	>10	OMIM:620141	5836	
5089	PMID_12203992_B9_en-prompt.txt	OMIM:154700	>10	>10	>10	OMIM:604308	6408	1
5090	STX_25497044_Patient_4_en-prompt.txt	OMIM:612164	>10	>10	>10	ORPHA:725	6030	
5091	PMID_33766796_10_en-prompt.txt	OMIM:616831	2	2	2	OMIM:617788	6330	
5092	PMID_28413018_A_IV_6_en-prompt.txt	OMIM:617527	1	1	1	ORPHA:521426	7863	
5093	PMID_22258530_Patient_6_en-prompt.txt	OMIM:613477	>10	>10	>10	OMIM:619428	6305	
5094	PMID_37196654_Individual_28_en-prompt.txt	OMIM:618505	>10	>10	>10	OMIM:619475	8072	
5095	PMID_33731876_fam147_en-prompt.txt	OMIM:607745	>10	>10	>10	ORPHA:447896	2319	
5096	PMID_36446582_Gnazzo_2020_P29_en-prompt.txt	OMIM:148050	2	2	2	OMIM:617694	7340	1
5097	PMID_28132690_Family_D_III_1_en-prompt.txt	OMIM:617425	1	1	1	OMIM:617425	7332	
5098	PMID_12203992_D31_en-prompt.txt	OMIM:154700	>10	>10	>10	OMIM:604308	6336	1
5099	PMID_12229880_Case_1_en-prompt.txt	OMIM:603553	1	1	1	OMIM:603553	7653	1
5100	PMID_27536553_27536553_P1_en-prompt.txt	OMIM:256810	2	2	2	OMIM:615160	6694	3
5101	PMID_31090908_II_3_en-prompt.txt	OMIM:620542	1	1	1	OMIM:620542	7151	
5102	PMID_31509304_F6_II_6_en-prompt.txt	OMIM:617560	1	1	1	ORPHA:527497	7081	
5103	PMID_31021519_SATB2_78_from_Zarate_et_al__2018a_en-prompt.txt	OMIM:612313	5	5	5	ORPHA:513456	5999	
5104	PMID_33731876_fam150_en-prompt.txt	OMIM:613721	>10	>10	>10	OMIM:617166	5555	
5105	PMID_25808063_Patient_7_en-prompt.txt	OMIM:600373	1	1	1	OMIM:600373	8076	
5106	PMID_12203992_D26_en-prompt.txt	OMIM:154700	>10	>10	>10	OMIM:617168	6558	3
5107	PMID_33633439_5485_II_2_en-prompt.txt	OMIM:620731	>10	>10	>10	OMIM:613703	6249	
5108	PMID_36446582_Kutkowska_Kazmierczak2021_P10_en-prompt.txt	OMIM:148050	2	2	2	OMIM:617883	6093	1
5109	PMID_36446582_Sacharow_2012_P1_en-prompt.txt	OMIM:148050	1	1	1	ORPHA:2332	8015	2
5110	PMID_14585638_F3_3_en-prompt.txt	OMIM:188400	>10	>10	>10	OMIM:265380	7876	1
5111	STX_26993267_Case_63_en-prompt.txt	OMIM:612164	>10	>10	>10	ORPHA:192	3609	
5112	PMID_31509304_F8_II_1_en-prompt.txt	OMIM:617560	1	1	1	ORPHA:527497	7081	
5113	PMID_19776401_Patient_4_2_en-prompt.txt	OMIM:243700	1	1	1	OMIM:243700	6901	1
5114	PMID_37196654_Individual_82_en-prompt.txt	OMIM:618505	>10	>10	>10	OMIM:619475	7922	
5115	PMID_23273567_individual_FII_1_en-prompt.txt	OMIM:258480	1	1	1	OMIM:258480	7646	
5116	PMID_22986007_Family_C_father_II_2_en-prompt.txt	OMIM:117360	6	6	6	OMIM:254900	5226	
5117	PMID_30713959_A_man_aged_32_years_en-prompt.txt	OMIM:606693	1	1	1	ORPHA:306674	7202	
5118	PMID_35470444_P1_en-prompt.txt	OMIM:620568	1	1	1	OMIM:620568	7398	2
5119	STX_SP_B_en-prompt.txt	OMIM:612164	7	7	7	OMIM:614558	4404	1
5120	PMID_24321194_II_3_en-prompt.txt	OMIM:248250	2	2	2	OMIM:620374	4603	
5121	STX_CHCO_09_en-prompt.txt	OMIM:612164	>10	>10	>10	ORPHA:1935	4547	3
5122	PMID_36446582_Gnazzo_2020_P7_en-prompt.txt	OMIM:148050	1	1	1	ORPHA:2332	6987	1
5123	PMID_34722527_individual_individual_2_Saloni_Walia_VisualAcuityi_en-prompt.txt	OMIM:613826	>10	>10	>10	ORPHA:98973	4809	1
5124	PMID_36586412_11_en-prompt.txt	OMIM:301111	1	1	1	OMIM:301111	6045	
5125	PMID_37054711_Family_10_Subject_13_en-prompt.txt	OMIM:620428	1	1	1	OMIM:620428	6355	
5126	PMID_24108658_Family_1_Patient_2_en-prompt.txt	OMIM:154500	1	1	1	OMIM:154500	6650	1
5127	PMID_28782633_Family_1_24_year_old_son_P4_en-prompt.txt	OMIM:620670	>10	>10	>10	OMIM:615577	7148	1
5128	STX_P_31_en-prompt.txt	OMIM:612164	>10	>10	>10	ORPHA:725	5052	
5129	PMID_31727177_patient_1_en-prompt.txt	OMIM:147920	2	2	2	OMIM:300867	8124	1
5130	PMID_36446582_KBG62_en-prompt.txt	OMIM:148050	2	2	2	OMIM:605130	8220	
5131	PMID_26467218_individual_12_Present_study_en-prompt.txt	OMIM:613224	1	1	1	OMIM:613224	7792	1
5132	PMID_27743463_S8_en-prompt.txt	OMIM:615471	>10	>10	>10	ORPHA:137675	7103	
5133	PMID_34722527_individual_MEP3_15_Martin_McKibbin_Genotype_Phenot_en-prompt.txt	OMIM:613826	>10	>10	>10	OMIM:616152	4809	
5134	PMID_37761890_19__en-prompt.txt	OMIM:616362	>10	>10	>10	OMIM:620113	6975	
5135	PMID_28285769_Individual_5_II_1_en-prompt.txt	OMIM:250410	1	1	1	ORPHA:166035	8081	
5136	PMID_34722527_individual_individual_3_Naeimeh_Tayebi_Targetednextg_en-prompt.txt	OMIM:613826	>10	1	>10	OMIM:618567	2973	
5137	PMID_18695062_18695062_P2_en-prompt.txt	OMIM:256810	>10	>10	>10	OMIM:124000	6248	
5138	PMID_15266616_131_en-prompt.txt	OMIM:147791	7	7	7	OMIM:304110	7526	
5139	PMID_9312167_D_II_2_en-prompt.txt	OMIM:179800	1	1	1	OMIM:179800	5335	1
5140	PMID_35617047_Proband_4_en-prompt.txt	OMIM:620647	>10	>10	>10	OMIM:603041	7455	
5141	PMID_10939567_EMD1_IV_24_en-prompt.txt	OMIM:181350	4	4	4	OMIM:613205	7020	1
5142	STX_23934111_ej_en-prompt.txt	OMIM:612164	5	5	5	ORPHA:505652	3728	
5143	PMID_37962958_12_en-prompt.txt	OMIM:620535	>10	>10	>10	OMIM:617157	7428	
5144	PMID_18513678_individual_5039_en-prompt.txt	OMIM:260300	1	1	1	OMIM:260300	6575	
5145	STX_20876469_Patient_2_en-prompt.txt	OMIM:612164	1	1	1	ORPHA:599373	4606	1
5146	PMID_31021519_individual_SATB2_105_en-prompt.txt	OMIM:612313	1	1	1	ORPHA:576283	6096	
5147	PMID_37710961_Patient_2_en-prompt.txt	OMIM:620748	>10	>10	>10	OMIM:613406	7368	
5148	PMID_33731876_fam43_en-prompt.txt	OMIM:613721	>10	>10	>10	OMIM:619229	6112	
5149	PMID_8188302_IV_1_en-prompt.txt	OMIM:129600	1	1	1	OMIM:129600	7083	
5150	PMID_30580808_Ind_15_Fam_15_en-prompt.txt	OMIM:618362	>10	>10	>10	OMIM:135900	7956	
5151	PMID_25835445_3_III_1__en-prompt.txt	OMIM:615582	>10	>10	>10	OMIM:610168	6643	1
5152	PMID_34521999_24_en-prompt.txt	OMIM:617140	>10	>10	>10	OMIM:619575	8190	
5153	PMID_28132690_Family_E_II_2_en-prompt.txt	OMIM:617425	1	1	1	OMIM:617425	7730	
5154	PMID_21236492_Individual_P10_en-prompt.txt	OMIM:614199	>10	>10	>10	OMIM:606574	6935	
5155	PMID_12165566_IV_5_en-prompt.txt	OMIM:241850	1	1	1	OMIM:241850	7791	2
5156	PMID_30580808_Ind_31_Fam_22_en-prompt.txt	OMIM:618362	>10	>10	>10	OMIM:135900	7974	
5157	PMID_37196654_Individual_11_en-prompt.txt	OMIM:618505	>10	>10	>10	OMIM:619475	7744	
5158	PMID_36446582_Gnazzo_2020_P10_en-prompt.txt	OMIM:148050	2	2	2	OMIM:617694	7410	1
5159	PMID_36446582_Low_2016_31_29_en-prompt.txt	OMIM:148050	6	6	6	OMIM:620423	7189	1
5160	PMID_37167966_F2_II_2_en-prompt.txt	OMIM:620375	1	1	1	OMIM:620375	6089	
5161	PMID_30356099_Patient_14_en-prompt.txt	OMIM:616211	1	1	1	OMIM:616211	7470	
5162	PMID_37433783_P6_en-prompt.txt	OMIM:601674	>10	>10	>10	OMIM:618891	7704	
5163	PMID_36446582_Goldenberg2016_P34_en-prompt.txt	OMIM:148050	1	1	1	ORPHA:2332	7209	
5164	PMID_31021519_individual_SATB2_82_en-prompt.txt	OMIM:612313	>10	>10	>10	OMIM:615802	5967	
5165	PMID_34722527_individual_individual_1_Samuel_G_Jacobson_Lebercongenita_en-prompt.txt	OMIM:613826	>10	1	>10	OMIM:618567	2973	
5166	PMID_36331550_Family_18_Patient_23_en-prompt.txt	OMIM:620540	1	1	1	OMIM:620540	7394	
5167	PMID_36965478_Individual_8_en-prompt.txt	OMIM:620515	1	1	1	OMIM:620515	7021	
5168	PMID_35484142_F5_P6_en-prompt.txt	OMIM:620460	1	1	1	OMIM:620460	6586	
5169	PMID_12789647_K2_II_1_en-prompt.txt	OMIM:142900	1	1	1	OMIM:142900	6157	1
5170	PMID_36446582_Low_2016_33_31_en-prompt.txt	OMIM:148050	5	5	5	OMIM:614429	7137	1
5171	PMID_33731876_fam272_en-prompt.txt	OMIM:613721	>10	>10	>10	OMIM:617105	6751	
5172	PMID_30451291_V_1_en-prompt.txt	OMIM:300088	4	4	4	ORPHA:177901	4393	
5173	PMID_21367767_F48_III_1_en-prompt.txt	OMIM:606658	>10	>10	>10	OMIM:609270	6967	
5174	PMID_26915616_case_report_en-prompt.txt	OMIM:105120	>10	>10	>10	OMIM:613640	5707	
5175	PMID_33731876_fam265_en-prompt.txt	OMIM:613721	>10	>10	>10	ORPHA:927	6406	
5176	PMID_24736735_G083__en-prompt.txt	OMIM:146510	3	3	3	OMIM:174200	6205	
5177	PMID_32710489_Group_1_Patient_2_en-prompt.txt	OMIM:620155	2	2	2	OMIM:615485	8159	
5178	PMID_23546041_Patient_1_en-prompt.txt	OMIM:101200	2	2	2	ORPHA:93260	7672	1
5179	PMID_36736301_P2_en-prompt.txt	OMIM:620668	>10	>10	>10	OMIM:300645	4062	
5180	PMID_33731876_fam169_en-prompt.txt	OMIM:607745	>10	1	>10	OMIM:618567	4017	2
5181	PMID_34722527_individual_individual_1_Sylvain_Hanein_Lebercongenita_en-prompt.txt	OMIM:613826	>10	1	>10	OMIM:618567	2973	
5182	STX_G3_P14_en-prompt.txt	OMIM:612164	3	3	3	ORPHA:1935	4815	
5183	PMID_18816383_sister_en-prompt.txt	OMIM:248250	5	5	5	OMIM:613095	5699	
5184	PMID_28575651_Individual_7_en-prompt.txt	OMIM:617560	1	1	1	ORPHA:527497	6987	
5185	PMID_35484142_F1_P1_en-prompt.txt	OMIM:620460	1	1	1	OMIM:620460	6594	
5186	PMID_25142838_P7_en-prompt.txt	OMIM:147920	>10	>10	>10	OMIM:608978	7948	1
5187	PMID_36074901_16_en-prompt.txt	OMIM:620465	2	2	2	OMIM:615006	4363	
5188	PMID_37656279_Pedigree_B_II_1_en-prompt.txt	OMIM:620510	1	1	1	OMIM:620510	8083	
5189	PMID_31021519_individual_SATB2_95_en-prompt.txt	OMIM:612313	3	3	3	OMIM:618480	5735	
5190	PMID_33731876_fam873_en-prompt.txt	OMIM:613721	>10	>10	>10	ORPHA:163681	6610	
5191	PMID_33731876_fam388_en-prompt.txt	OMIM:613721	>10	>10	>10	OMIM:301076	4390	
5192	PMID_36303223_individual_22_PMID_27289259_en-prompt.txt	OMIM:272300	1	1	1	OMIM:272300	7119	1
5193	PMID_36446582_Goldenberg2016_P23_en-prompt.txt	OMIM:148050	2	2	2	OMIM:617883	6430	
5194	PMID_32154675_Family_8_Patient_22_en-prompt.txt	OMIM:613795	1	1	1	OMIM:613795	7412	2
5195	PMID_34490705_III_2_en-prompt.txt	OMIM:142900	1	1	1	OMIM:142900	6833	1
5196	PMID_33731876_fam54_en-prompt.txt	OMIM:613721	>10	>10	>10	OMIM:616973	4662	
5197	PMID_32154675_Family_7_Patient_17_en-prompt.txt	OMIM:613795	1	1	1	OMIM:613795	7299	4
5198	PMID_15266616_108_en-prompt.txt	OMIM:147791	7	7	7	OMIM:304110	7526	
5199	PMID_34521999_33_en-prompt.txt	OMIM:617140	>10	>10	>10	OMIM:619229	8022	
5200	PMID_35977029_82847_en-prompt.txt	OMIM:620494	1	1	1	OMIM:620494	7578	
5201	PMID_31239556_individual_7_en-prompt.txt	OMIM:615502	>10	>10	>10	OMIM:309580	8046	
5202	STX_P_08_en-prompt.txt	OMIM:612164	>10	>10	>10	OMIM:619000	5191	
5203	PMID_15781812_individual_137_4_en-prompt.txt	OMIM:620681	>10	>10	>10	ORPHA:168491	4606	1
5204	PMID_36446582_Kutkowska_Kazmierczak2021_P2_en-prompt.txt	OMIM:148050	3	3	3	OMIM:617883	6070	1
5205	PMID_28148688_P1_en-prompt.txt	OMIM:617425	5	5	5	ORPHA:508533	8156	
5206	PMID_25439728_IV_6_en-prompt.txt	OMIM:616354	3	3	3	OMIM:618109	7420	
5207	PMID_12789647_K12_I_2_en-prompt.txt	OMIM:142900	1	1	1	OMIM:142900	5810	
5208	PMID_9817917_Family_4_individual_13070_en-prompt.txt	OMIM:222300	1	1	1	OMIM:222300	7481	1
5209	PMID_1907800_TS_en-prompt.txt	OMIM:230650	2	2	2	ORPHA:79255	7201	
5210	PMID_28673863_28673863_P1_en-prompt.txt	OMIM:256810	9	9	9	ORPHA:14	7472	4
5211	PMID_31021519_individual_SATB2_112_en-prompt.txt	OMIM:612313	1	1	1	ORPHA:576283	6035	
5212	PMID_33045405_Liu_et_al___2019__patient_1_en-prompt.txt	OMIM:605911	1	1	1	OMIM:605911	5450	
